019C6C02-7A92-71B5-B2EA-01172E119F16,019C6C01-BE01-77C4-B626-D5B3E4D8B68B,019C6BEE-0304-7465-AA30-482B78FE3AE2,RJO-MAN-AYU-6,8000.00,0,0,09:00:00.0000000,18:00:00.0000000,09:00:00.0000000,18:00:00.0000000,09:00:00.0000000,18:00:00.0000000,09:00:00.0000000,18:00:00.0000000,09:00:00.0000000,18:00:00.0000000,09:00:00.0000000,13:00:00.0000000,NULL,NULL,NULL,019C6C02-7859-76B0-8A7C-94B5F25C8CD6,NULL,282a339d-c6d7-49da-887b-54aec4b3eeac,"Prestaciones de Ley.
Seguro social
Prima Vacacional
Vacaciones
Aguinaldo
Vales de despensa."
019C6C02-7A92-7CEF-8907-04A79491209B,019FCE49-CE48-7F25-B487-388952E54C01,019C6BEE-0305-7FBD-80E9-91CA348F903C,CRA-MAN-AYU-2,10000.00,1,0,11:00:00.0000000,20:00:00.0000000,11:00:00.0000000,20:00:00.0000000,11:00:00.0000000,20:00:00.0000000,11:00:00.0000000,20:00:00.0000000,11:00:00.0000000,20:00:00.0000000,08:00:00.0000000,17:00:00.0000000,08:00:00.0000000,17:00:00.0000000,"Se tiene un convenio de guardias en fines de semana, trabajando un sábado o domingo de una semana y descansando el fin completo de la semana siguiente.",019E27E9-86A5-762C-B14E-EEF4D017B80E,NULL,282a339d-c6d7-49da-887b-54aec4b3eeac,"Se otorgan $2,000.00 MXN de vales de despensa al cumplir el 1er mes."
019C6C02-7A92-746C-8F4D-050E4E02C349,019C6C01-BE02-73AE-B157-82982527CCF2,019C6BEE-0304-7465-AA30-482B78FE3AE2,RJO-MAN-AYU-3,9500.00,0,0,07:00:00.0000000,16:00:00.0000000,07:00:00.0000000,16:00:00.0000000,07:00:00.0000000,16:00:00.0000000,07:00:00.0000000,16:00:00.0000000,07:00:00.0000000,16:00:00.0000000,09:00:00.0000000,13:00:00.0000000,NULL,NULL,NULL,019C6C02-7859-767C-9D98-D65E12244556,NULL,282a339d-c6d7-49da-887b-54aec4b3eeac,"Prestaciones de Ley.
Aguinaldo
Vacaciones
"
019C6C02-7A92-7963-B380-07FD106D42B3,019C6C01-BE01-7963-85B5-5D68C6F97A5E,019C6BEE-0305-7FBD-80E9-91CA348F903C,CRA-CON-9,10000.00,0,0,08:00:00.0000000,08:00:00.0000000,08:00:00.0000000,08:00:00.0000000,08:00:00.0000000,08:00:00.0000000,08:00:00.0000000,08:00:00.0000000,08:00:00.0000000,08:00:00.0000000,09:00:00.0000000,09:00:00.0000000,09:00:00.0000000,09:00:00.0000000,"24x24, entrada y salida a las 09:00 am los sábados y domingos.",019C6C02-7859-7C91-8335-10B0C7A4A539,NULL,c24d1733-14d5-44ab-a798-0f031b767c44,"Vales de despensa de 2000 mensuales, condicionados a puntualidad y asistencia."
019EB3CC-78C1-72F9-BFB6-0A7296916FD2,NULL,019C6BEE-0305-7FBD-80E9-91CA348F903C,CRA-30-1,5000.00,1,0,NULL,NULL,NULL,NULL,NULL,NULL,NULL,NULL,NULL,NULL,09:00:00.0000000,19:00:00.0000000,09:00:00.0000000,19:00:00.0000000,"Sin vales de despensa por ser eventual, (época de verano).",019EB3CC-78C1-7FBF-BDEC-BA494CFB7747,NULL,804a70b1-d142-4e7d-8dcb-1d7ef3d91080,
019C6C02-7A92-754B-9608-0E04B5465888,019C6C01-BE01-7F18-BA62-0E2E15F2C4AE,019C6BEE-0304-7465-AA30-482B78FE3AE2,RJO-MAN-AYU-5,8500.00,0,0,07:00:00.0000000,16:00:00.0000000,07:00:00.0000000,16:00:00.0000000,07:00:00.0000000,16:00:00.0000000,07:00:00.0000000,16:00:00.0000000,07:00:00.0000000,16:00:00.0000000,09:00:00.0000000,13:00:00.0000000,NULL,NULL,NULL,019C6C02-7859-72C2-887B-FAA6B9925CB4,NULL,282a339d-c6d7-49da-887b-54aec4b3eeac,"Prestaciones de Ley.
Seguro social
Prima Vacacional
Vacaciones
Aguinaldo
Vales de despensa."
019C6C02-7A94-7620-9712-10463B604B3B,019C6C01-BE05-785A-B6A6-272E3054BEAA,66A50304-9D0C-0456-863B-59D2E1551DF7,000-OPE-CON-10,8872.20,0,0,NULL,NULL,NULL,NULL,NULL,NULL,NULL,NULL,NULL,NULL,NULL,NULL,NULL,NULL,,019C6C02-7859-7EBC-9091-516B1CB9780B,NULL,NULL,NULL
019C6C02-7A92-7A65-9A64-117EE34DAA3A,019C6C01-BE05-7DF8-B125-DADEEB6E1A4E,019C6BEE-0305-7FBD-80E9-91CA348F903C,CRA-ADM-2,20000.00,1,0,NULL,NULL,14:00:00.0000000,22:00:00.0000000,14:00:00.0000000,22:00:00.0000000,14:00:00.0000000,22:00:00.0000000,14:00:00.0000000,22:00:00.0000000,12:00:00.0000000,20:00:00.0000000,09:00:00.0000000,13:00:00.0000000,,019E8446-31CD-7E34-A6BA-112A827FE0B3,NULL,7be101ec-c8eb-49a0-a62c-835113adaa6d,"Vales de despensa de 2000 mensuales, condicionados a puntualidad y asistencia."
019C6C02-7A93-7E9E-B41A-12ADF80C376C,019FBA57-8FE8-7074-9440-1D2674F154F0,019C6BEE-0305-7FBD-80E9-91CA348F903C,CRA-OPE-LUD-5,11000.00,1,0,09:00:00.0000000,19:00:00.0000000,09:00:00.0000000,19:00:00.0000000,09:00:00.0000000,19:00:00.0000000,09:00:00.0000000,19:00:00.0000000,09:00:00.0000000,19:00:00.0000000,NULL,NULL,NULL,NULL,,019E6252-EBEA-7F44-9795-9482C51A2D11,NULL,7ce1e9a2-c45e-4ec6-9516-60a4648ed381,"Vales de despensa de 2000 mensuales, condicionados a puntualidad y asistencia."
019C6C02-7A93-7E68-B9DA-12BD8E3462F9,019C6C01-BE02-7906-A0E5-061E39AA5E35,045DFCA2-6AF7-905A-AFC4-C265C225175D,RRR-OPE-REC-SPA-2,6972.00,0,0,07:00:00.0000000,21:00:00.0000000,07:00:00.0000000,21:00:00.0000000,07:00:00.0000000,21:00:00.0000000,07:00:00.0000000,21:00:00.0000000,07:00:00.0000000,21:00:00.0000000,08:00:00.0000000,18:00:00.0000000,09:00:00.0000000,17:00:00.0000000,El horario es de 24*,019C6C02-7859-7363-B60A-F135F3DBAA99,NULL,c24d1733-14d5-44ab-a798-0f031b767c44,"Aguinaldo
Vacaciones
Prima Vacacional
Seguridad Social (IMSS)
Fondo de Vivienda (INFONAVIT)
Días de Descanso Obligatorio
Prima Dominical
Licencia por Maternidad/ Paternidad
Prima de Antigüedad
Vales de despensa a final de año.
"
019C6C02-7A92-7967-A017-135513E35B1B,019C6C01-BE01-7034-83F2-03F57B4A5E64,019C6BEE-0305-7FBD-80E9-91CA348F903C,CRA-ADM-3,23000.00,0,0,09:00:00.0000000,18:00:00.0000000,09:00:00.0000000,18:00:00.0000000,09:00:00.0000000,18:00:00.0000000,09:00:00.0000000,18:00:00.0000000,09:00:00.0000000,18:00:00.0000000,09:00:00.0000000,13:00:00.0000000,NULL,NULL,,019C6C02-7859-7CE5-AD65-A522ED6B1D6F,NULL,05ef69b9-b570-4ea0-8785-9fd2b8861f9e,"Vales de despensa de 2000 mensuales, condicionados a puntualidad y asistencia."
019C6C02-7A93-7AC6-BC4C-137F8C081FAF,019C6C01-BE02-72D0-8E04-EF8618A37ECF,045DFCA2-6AF7-905A-AFC4-C265C225175D,RRR-OPE-BEL-BOY-3,7778.00,0,0,07:00:00.0000000,21:00:00.0000000,07:00:00.0000000,21:00:00.0000000,07:00:00.0000000,21:00:00.0000000,07:00:00.0000000,21:00:00.0000000,07:00:00.0000000,21:00:00.0000000,NULL,NULL,NULL,NULL,"El horario es de 7 a 21 hrs cada tercer día, fin de semana lo laboran conforme les toque por rol.",019C6C02-7859-7295-861D-EDD9032DD2AD,NULL,fe95912a-037c-4fe8-9a9d-d119cbbfec8c,"Aguinaldo
Vacaciones
Prima Vacacional
Seguridad Social (IMSS)
Fondo de Vivienda (INFONAVIT)
Días de Descanso Obligatorio
Prima Dominical
Licencia por Maternidad/ Paternidad
Prima de Antigüedad
Vales de despensa a final de año.
"
019C6C02-7A8F-780B-8B1C-13D46F9FBB83,NULL,019C6BEE-0306-7897-A537-EDC147073C44,MBO-ADM-2,23000.00,0,0,09:00:00.0000000,18:00:00.0000000,09:00:00.0000000,18:00:00.0000000,09:00:00.0000000,18:00:00.0000000,09:00:00.0000000,18:00:00.0000000,09:00:00.0000000,18:00:00.0000000,09:00:00.0000000,13:00:00.0000000,NULL,NULL,NULL,NULL,NULL,NULL,NULL
019C6C02-7A93-7766-84DB-14153D0EB878,019C6C01-BE01-7DFF-A0A6-CA94FD9B1AF8,4C5CD4AE-D859-A85F-8FF6-8FAC21901457,TMR-MAN-ELE,10000.00,2,0,18:00:00.0000000,09:00:00.0000000,18:00:00.0000000,09:00:00.0000000,18:00:00.0000000,09:00:00.0000000,18:00:00.0000000,09:00:00.0000000,18:00:00.0000000,09:00:00.0000000,18:00:00.0000000,09:00:00.0000000,18:00:00.0000000,09:00:00.0000000,"Entra un turno a las 18:00 h, se van al día siguiente a las 9:00 am y hasta el día siguiente vuelven a ingresar a las 16:00 h y así sucesivamente. ",NULL,NULL,282a339d-c6d7-49da-887b-54aec4b3eeac,NULL
019C6C02-7A92-7BA3-9A67-1563130F7B54,019C6C01-BE01-7C0D-8F5B-05B4B91F9012,019C6BEE-0304-7465-AA30-482B78FE3AE2,RJO-REC,7850.00,0,0,08:00:00.0000000,NULL,NULL,NULL,08:00:00.0000000,NULL,NULL,08:00:00.0000000,08:00:00.0000000,NULL,NULL,08:00:00.0000000,08:00:00.0000000,NULL,NULL,019C6C02-7859-7A20-87F0-7B6F3969A885,NULL,c24d1733-14d5-44ab-a798-0f031b767c44,"Prestaciones de Ley.
Seguro social
Prima Vacacional
Vacaciones
Aguinaldo
Vales de despensa."
019C6C02-7A93-7A47-9BC6-1AFE8D8A8830,019C6C01-BE05-7B5A-8B88-E9E758DF1214,66A50304-9D0C-0456-863B-59D2E1551DF7,000-OPE-CON-1,8400.00,0,0,08:00:00.0000000,19:00:00.0000000,08:00:00.0000000,19:00:00.0000000,08:00:00.0000000,19:00:00.0000000,08:00:00.0000000,19:00:00.0000000,08:00:00.0000000,19:00:00.0000000,08:00:00.0000000,19:00:00.0000000,08:00:00.0000000,19:00:00.0000000,"
",019C6C02-785A-7436-BB2A-15F98EAD9299,NULL,NULL,NULL
019C6C02-7A94-7EEC-A07E-1B5CB5320FF2,NULL,019C6BEE-0305-7467-947E-E6E777FB8747,RAH-MAN-MTO-003-7,10000.00,1,0,11:00:00.0000000,20:00:00.0000000,11:00:00.0000000,20:00:00.0000000,11:00:00.0000000,20:00:00.0000000,11:00:00.0000000,20:00:00.0000000,11:00:00.0000000,20:00:00.0000000,09:00:00.0000000,18:00:00.0000000,NULL,NULL,Fin de semana es rolado,019C6C02-7859-7497-A049-C2B0E115B521,NULL,NULL,NULL
019C6C02-7A93-7A9D-A7C7-1D4E5BA88BB8,019C6C01-BE02-7E0A-A9DD-1F4652C8F9E1,045DFCA2-6AF7-905A-AFC4-C265C225175D,RRR-OPE-BEL-BOY-4,8454.00,0,0,07:00:00.0000000,21:00:00.0000000,07:00:00.0000000,21:00:00.0000000,07:00:00.0000000,21:00:00.0000000,07:00:00.0000000,21:00:00.0000000,07:00:00.0000000,21:00:00.0000000,NULL,NULL,NULL,NULL,"El horario es de 7 a 21 hrs cada tercer día, fin de semana lo laboran conforme les toque por rol.",019C6C02-7859-7078-B4D9-23F8B643CDB5,NULL,fe95912a-037c-4fe8-9a9d-d119cbbfec8c,"Aguinaldo
Vacaciones
Prima Vacacional
Seguridad Social (IMSS)
Fondo de Vivienda (INFONAVIT)
Días de Descanso Obligatorio
Prima Dominical
Licencia por Maternidad/ Paternidad
Prima de Antigüedad
Vales de despensa a final de año.
"
019C6C02-7A94-7790-943B-1E5BC9C4FCFF,019C6C01-BE05-7A06-9E62-D99EA214EBDB,045DFCA2-6AF7-905A-AFC4-C265C225175D,RRR--1,3456.00,0,0,NULL,NULL,NULL,NULL,NULL,NULL,NULL,NULL,NULL,NULL,NULL,NULL,NULL,NULL,,019C9B0F-823E-7FD2-8250-A9A754A3A12E,NULL,c24d1733-14d5-44ab-a798-0f031b767c44,"Aguinaldo
Vacaciones
Prima Vacacional
Seguridad Social (IMSS)
Fondo de Vivienda (INFONAVIT)
Días de Descanso Obligatorio
Prima Dominical
Licencia por Maternidad/ Paternidad
Prima de Antigüedad
Vales de despensa a final de año.
"
019C6C02-7A94-73D9-BC04-1EE5A2177479,019C6C01-BE05-7643-9558-2C221DBFEA60,019C6BEE-0305-7FBD-80E9-91CA348F903C,CRA--1,22000.00,0,0,09:00:00.0000000,18:00:00.0000000,09:00:00.0000000,18:00:00.0000000,09:00:00.0000000,18:00:00.0000000,09:00:00.0000000,18:00:00.0000000,09:00:00.0000000,18:00:00.0000000,NULL,NULL,NULL,NULL,.,019E85A2-AFC7-766B-8317-4033F3CC769E,NULL,d5a031e4-a8ff-48ba-b20f-9d50251d4355,"Vales de despensa de 2000 mensuales, condicionados a puntualidad y asistencia."
019C6C02-7A93-71ED-AE56-1EF8C48CB89B,019C6C01-BE01-748D-B3E8-CA025AC6A2B9,4C5CD4AE-D859-A85F-8FF6-8FAC21901457,TMR-MAN-ELE-3,10000.00,0,0,09:00:00.0000000,18:00:00.0000000,09:00:00.0000000,18:00:00.0000000,09:00:00.0000000,18:00:00.0000000,09:00:00.0000000,18:00:00.0000000,09:00:00.0000000,18:00:00.0000000,08:00:00.0000000,17:00:00.0000000,08:00:00.0000000,17:00:00.0000000,NULL,NULL,NULL,282a339d-c6d7-49da-887b-54aec4b3eeac,NULL
019C6C02-7A93-7503-A647-1FF217A24C91,019C6C01-BE02-7F60-B14E-A341B778FF57,045DFCA2-6AF7-905A-AFC4-C265C225175D,RRR-OPE-MAN-HER-1,8254.00,0,0,08:00:00.0000000,17:00:00.0000000,08:00:00.0000000,17:00:00.0000000,08:00:00.0000000,17:00:00.0000000,08:00:00.0000000,17:00:00.0000000,08:00:00.0000000,17:00:00.0000000,06:00:00.0000000,06:00:00.0000000,NULL,NULL,,019C6C02-7859-73DD-B927-D6EA11E140D8,NULL,282a339d-c6d7-49da-887b-54aec4b3eeac,"Aguinaldo
Vacaciones
Prima Vacacional
Seguridad Social (IMSS)
Fondo de Vivienda (INFONAVIT)
Días de Descanso Obligatorio
Prima Dominical
Licencia por Maternidad/ Paternidad
Prima de Antigüedad
Vales de despensa a final de año.
"
019C6C02-7A92-7BDD-A928-21AE96EE4FD0,019C6C01-BE01-79DB-85F3-925C539EE91F,019C6BEE-0305-7FBD-80E9-91CA348F903C,CRA-CON-10,10000.00,0,0,08:00:00.0000000,08:00:00.0000000,08:00:00.0000000,08:00:00.0000000,08:00:00.0000000,08:00:00.0000000,08:00:00.0000000,08:00:00.0000000,08:00:00.0000000,08:00:00.0000000,09:00:00.0000000,09:00:00.0000000,09:00:00.0000000,09:00:00.0000000,"24x24, entrada y salida a las 09:00 am los sábados y domingos.",019C6C02-7859-75BE-8FCB-7FBA177096EE,NULL,c24d1733-14d5-44ab-a798-0f031b767c44,"Vales de despensa de 2000 mensuales, condicionados a puntualidad y asistencia."
019C6C02-7A91-7983-86B2-21D1BFF36AE7,019C6C01-BE05-7B27-8C61-F32EC0FBED7E,019C6BEE-0305-7467-947E-E6E777FB8747,RAH-MAN-AYU-5,9000.00,1,0,11:00:00.0000000,20:00:00.0000000,11:00:00.0000000,20:00:00.0000000,11:00:00.0000000,20:00:00.0000000,11:00:00.0000000,20:00:00.0000000,11:00:00.0000000,20:00:00.0000000,NULL,NULL,09:00:00.0000000,18:00:00.0000000,Horarios de fin de semana son rolados,019EADBD-350D-7D82-BF1A-8D6C96392AA7,NULL,282a339d-c6d7-49da-887b-54aec4b3eeac,NULL
019C6C02-7A92-70B0-B37F-221D331965A6,NULL,019C6BEE-0308-7E03-8C9E-95D72BA29068,CSS-ADM,22000.00,0,0,09:00:00.0000000,18:00:00.0000000,09:00:00.0000000,18:00:00.0000000,09:00:00.0000000,18:00:00.0000000,09:00:00.0000000,18:00:00.0000000,09:00:00.0000000,18:00:00.0000000,09:00:00.0000000,13:00:00.0000000,NULL,NULL,NULL,NULL,NULL,NULL,NULL
019C6C02-7A93-749C-9668-249C794702A7,019C6C01-BE05-7CFF-B146-EA8220EE976B,045DFCA2-6AF7-905A-AFC4-C265C225175D,RRR-OPE-LUD-2,10000.00,0,0,10:00:00.0000000,19:00:00.0000000,10:00:00.0000000,19:00:00.0000000,10:00:00.0000000,19:00:00.0000000,10:00:00.0000000,19:00:00.0000000,10:00:00.0000000,19:00:00.0000000,10:00:00.0000000,18:00:00.0000000,10:00:00.0000000,18:00:00.0000000,"Fin de semana rolado.
Disponibilidad para cubrir el área de toallero.
Iniciativa para realizar actividades.
Experiencia en Ludoteca y actividades didacticas.",019C6C02-7859-7737-82DA-D5DD9698E7C6,NULL,7ce1e9a2-c45e-4ec6-9516-60a4648ed381,"Aguinaldo
Vacaciones
Prima Vacacional
Seguridad Social (IMSS)
Fondo de Vivienda (INFONAVIT)
Días de Descanso Obligatorio
Prima Dominical
Licencia por Maternidad/ Paternidad
Prima de Antigüedad
Vales de despensa a final de año.
"
019C6C02-7A93-737C-B5C1-2545C946A4B0,019C6C01-BE05-764D-B292-A1DBE1370B4B,66A50304-9D0C-0456-863B-59D2E1551DF7,000-OPE-CON-4,8872.20,0,0,NULL,NULL,NULL,NULL,NULL,NULL,NULL,NULL,NULL,NULL,NULL,NULL,NULL,NULL,,019C6C02-785A-779A-84F1-DAC7E7279365,NULL,NULL,NULL
019C6C02-7A93-75EF-AE5F-257D271AF665,019C6C01-BE02-7CC8-AFA5-795239D459C8,045DFCA2-6AF7-905A-AFC4-C265C225175D,RRR-OPE-BEL-BOY-6,8874.00,0,0,07:00:00.0000000,21:00:00.0000000,07:00:00.0000000,21:00:00.0000000,07:00:00.0000000,21:00:00.0000000,07:00:00.0000000,21:00:00.0000000,07:00:00.0000000,21:00:00.0000000,NULL,NULL,NULL,NULL,"El horario es de 7 a 21 hrs cada tercer día, fin de semana lo laboran conforme les toque por rol.",019C6C02-7859-7E1F-B28F-B7E4B330BC19,NULL,fe95912a-037c-4fe8-9a9d-d119cbbfec8c,"Aguinaldo
Vacaciones
Prima Vacacional
Seguridad Social (IMSS)
Fondo de Vivienda (INFONAVIT)
Días de Descanso Obligatorio
Prima Dominical
Licencia por Maternidad/ Paternidad
Prima de Antigüedad
Vales de despensa a final de año.
"
019C6C02-7A92-7E77-9B3B-2647DEC23D9B,NULL,4C5CD4AE-D859-A85F-8FF6-8FAC21901457,TMR-CON-2,10000.00,0,1,08:00:00.0000000,17:00:00.0000000,08:00:00.0000000,17:00:00.0000000,08:00:00.0000000,17:00:00.0000000,08:00:00.0000000,17:00:00.0000000,08:00:00.0000000,17:00:00.0000000,08:00:00.0000000,17:00:00.0000000,08:00:00.0000000,17:00:00.0000000,NULL,NULL,NULL,NULL,NULL
019C6C02-7A93-725E-B768-270950D0EEB8,019C6C01-BE02-73B9-A490-38CD54FBE5BA,045DFCA2-6AF7-905A-AFC4-C265C225175D,RRR-OPE-BEL-BOY-5,9432.00,0,0,07:00:00.0000000,21:00:00.0000000,07:00:00.0000000,21:00:00.0000000,07:00:00.0000000,21:00:00.0000000,07:00:00.0000000,21:00:00.0000000,07:00:00.0000000,21:00:00.0000000,NULL,NULL,NULL,NULL,"El horario es de 7 a 21 hrs cada tercer día, fin de semana lo laboran conforme les toque por rol.",019C6C02-7859-771E-850C-9D6AA0669FE0,NULL,fe95912a-037c-4fe8-9a9d-d119cbbfec8c,"Aguinaldo
Vacaciones
Prima Vacacional
Seguridad Social (IMSS)
Fondo de Vivienda (INFONAVIT)
Días de Descanso Obligatorio
Prima Dominical
Licencia por Maternidad/ Paternidad
Prima de Antigüedad
Vales de despensa a final de año.
"
019C6C02-7A94-7517-9AD4-2799AFA393B5,019F6C2F-7746-786D-915B-F795EABBD5E1,019C6BEE-030F-71EB-BBE5-02588A822CF1,CCT-OPE-OPE-001-1,25000.00,0,0,09:00:00.0000000,18:00:00.0000000,09:00:00.0000000,18:00:00.0000000,09:00:00.0000000,18:00:00.0000000,09:00:00.0000000,18:00:00.0000000,09:00:00.0000000,18:00:00.0000000,09:00:00.0000000,13:00:00.0000000,NULL,NULL,,019C6C02-7859-79B4-BD89-501A8EE3385E,NULL,05ef69b9-b570-4ea0-8785-9fd2b8861f9e,"Prestaciones básicas de ley: seguro social, vacaciones, prima vacacional, prima dominical y aguinaldo"
019C6C02-7A94-7F15-B589-2898772E9702,019C6C01-BE02-79B2-9E93-F1FD842FCC07,66A50304-9D0C-0456-863B-59D2E1551DF7,000-OPE-CON-17,8872.20,0,0,NULL,NULL,NULL,NULL,NULL,NULL,NULL,NULL,NULL,NULL,NULL,NULL,NULL,NULL,,019C6C02-7859-7B6F-9410-5B3FF5DA5D9F,NULL,NULL,NULL
019C6C02-7A92-73DF-9734-2944360874E1,019F38C9-F79E-7659-A330-2BE05EB32B9E,019C6BEE-0305-7FBD-80E9-91CA348F903C,CRA-CON-11,9582.00,1,0,08:00:00.0000000,20:00:00.0000000,08:00:00.0000000,20:00:00.0000000,08:00:00.0000000,20:00:00.0000000,08:00:00.0000000,20:00:00.0000000,08:00:00.0000000,20:00:00.0000000,09:00:00.0000000,18:00:00.0000000,NULL,NULL,"24x24, entrada y salida a las 09:00 am los sábados y domingos.",019C6C02-7859-735E-8309-39EECF1A5437,NULL,c24d1733-14d5-44ab-a798-0f031b767c44,"Vales de despensa de 2000 mensuales, condicionados a puntualidad y asistencia."
019C6C02-7A92-7B31-A400-2B3D540463D3,019C6C01-BE05-72A2-9DBC-BDC72AB5C3D4,019C6BEE-0304-7465-AA30-482B78FE3AE2,RJO-REC-4,7850.00,0,0,08:00:00.0000000,NULL,NULL,08:00:00.0000000,08:00:00.0000000,NULL,NULL,08:00:00.0000000,08:00:00.0000000,NULL,NULL,08:00:00.0000000,08:00:00.0000000,NULL,NULL,NULL,NULL,991ceb07-2689-4cb7-a510-3054f9c63164,"Prestaciones de Ley.
Seguro social
Prima Vacacional
Vacaciones
Aguinaldo
Vales de despensa."
019C6C02-7A92-7C93-BF7B-2C195DEA09CB,NULL,019C6BEE-0306-7897-A537-EDC147073C44,MBO-MAN-AYU-6,8400.00,1,1,11:00:00.0000000,20:00:00.0000000,11:00:00.0000000,20:00:00.0000000,11:00:00.0000000,20:00:00.0000000,11:00:00.0000000,20:00:00.0000000,11:00:00.0000000,20:00:00.0000000,09:00:00.0000000,17:00:00.0000000,09:00:00.0000000,17:00:00.0000000,NULL,NULL,NULL,NULL,NULL
019C6C02-7A92-7FC4-8B9D-2D43CF6CC2B5,019C6C01-BE06-77C7-AFAD-221850ECEC20,019C6BEE-0305-7FBD-80E9-91CA348F903C,CRA-LUD-3,8000.00,0,0,NULL,NULL,NULL,NULL,NULL,NULL,NULL,NULL,NULL,NULL,10:00:00.0000000,19:00:00.0000000,10:00:00.0000000,18:00:00.0000000,"FInes de semana.
",019E6254-BD6D-7E46-810B-1B3FD0F74A94,NULL,7ce1e9a2-c45e-4ec6-9516-60a4648ed381,"Vales de despensa de 500 mensuales, condicionados a puntualidad y asistencia."
019C6C02-7A92-7B04-865B-2F49CB4971F8,019C6C01-BE02-7857-B250-7774BC995B0D,019C6BEE-0305-7FBD-80E9-91CA348F903C,CRA-ASI-ADM-2,11000.00,0,0,09:00:00.0000000,18:00:00.0000000,09:00:00.0000000,18:00:00.0000000,09:00:00.0000000,18:00:00.0000000,09:00:00.0000000,18:00:00.0000000,09:00:00.0000000,18:00:00.0000000,09:00:00.0000000,13:00:00.0000000,NULL,NULL,NULL,019C6C02-7859-78A7-AB63-830B802AB392,NULL,3cd4991d-f21d-4340-868a-bc3a0362f5c3,"Vales de despensa de 2000 mensuales, condicionados a puntualidad y asistencia."
019C6C02-7A92-7EA5-BD8C-3001EA24CE00,019C6C01-BE01-7EE7-9F38-2AD929D5AC13,019C6BEE-0305-7FBD-80E9-91CA348F903C,CRA-CON-6,10000.00,0,0,08:00:00.0000000,08:00:00.0000000,08:00:00.0000000,08:00:00.0000000,08:00:00.0000000,08:00:00.0000000,08:00:00.0000000,08:00:00.0000000,08:00:00.0000000,08:00:00.0000000,09:00:00.0000000,09:00:00.0000000,09:00:00.0000000,09:00:00.0000000,"24x24, entrada y salida a las 09:00 am los sábados y domingos.",019C6C02-7859-7596-BD85-6DA68985BF4E,NULL,c24d1733-14d5-44ab-a798-0f031b767c44,"Vales de despensa de 2000 mensuales, condicionados a puntualidad y asistencia."
019C6C02-7A94-7E11-8FC3-327B8098C406,019C6C01-BE05-77A9-AE3D-68F6001915C9,045DFCA2-6AF7-905A-AFC4-C265C225175D,RRR-OPE-OPE-001-2,24000.00,0,0,07:00:00.0000000,14:00:00.0000000,07:00:00.0000000,14:00:00.0000000,07:00:00.0000000,14:00:00.0000000,07:00:00.0000000,14:00:00.0000000,07:00:00.0000000,14:00:00.0000000,09:00:00.0000000,13:00:00.0000000,NULL,NULL,,019C6C02-7859-7AD2-9289-D298F4B83463,NULL,c3c04639-932b-4693-b8a8-1b20f7a7b35b,"Aguinaldo
Vacaciones
Prima Vacacional
Seguridad Social (IMSS)
Fondo de Vivienda (INFONAVIT)
Días de Descanso Obligatorio
Prima Dominical
Licencia por Maternidad/ Paternidad
Prima de Antigüedad
Vales de despensa a final de año.
"
019C6C02-7A93-7D57-B22D-34A6966F316A,NULL,66A50304-9D0C-0456-863B-59D2E1551DF7,000-OPE-ADM-1,25000.00,0,1,09:00:00.0000000,18:00:00.0000000,09:00:00.0000000,18:00:00.0000000,09:00:00.0000000,18:00:00.0000000,09:00:00.0000000,18:00:00.0000000,09:00:00.0000000,18:00:00.0000000,09:00:00.0000000,13:00:00.0000000,NULL,NULL,,NULL,NULL,NULL,NULL
019C6C02-7A93-7811-B22A-35EB4D49ADFF,019C6C01-BE02-7FCE-9831-80048C8981B7,045DFCA2-6AF7-905A-AFC4-C265C225175D,RRR-OPE-BEL-BOY-1,9400.00,0,0,07:00:00.0000000,21:00:00.0000000,NULL,NULL,07:00:00.0000000,21:00:00.0000000,NULL,NULL,07:00:00.0000000,21:00:00.0000000,NULL,NULL,NULL,NULL,"El horario de los Maleteros (Bell boy) es de 7 a 21 hrs, cada tercer día.",019C6C02-7859-7181-A71D-E3803AF553C1,NULL,fe95912a-037c-4fe8-9a9d-d119cbbfec8c,"Aguinaldo
Vacaciones
Prima Vacacional
Seguridad Social (IMSS)
Fondo de Vivienda (INFONAVIT)
Días de Descanso Obligatorio
Prima Dominical
Licencia por Maternidad/ Paternidad
Prima de Antigüedad
Vales de despensa a final de año.
"
019C6C02-7A91-7446-BE7E-37683896A260,019C6C01-BE01-7D92-ADC6-A97F744688DB,019C6BEE-0305-7467-947E-E6E777FB8747,RAH-COB,10000.00,0,0,08:00:00.0000000,17:00:00.0000000,08:00:00.0000000,17:00:00.0000000,08:00:00.0000000,17:00:00.0000000,08:00:00.0000000,17:00:00.0000000,08:00:00.0000000,17:00:00.0000000,08:00:00.0000000,12:00:00.0000000,NULL,NULL,NULL,019C6C02-785A-765E-8126-EAECAA995D1A,NULL,d61c5030-2c0e-47e9-962b-581692e2a637,NULL
019C6C02-7A93-7193-BE1F-383E973F0B05,019C6C01-BE02-73FE-9EE8-FB199298A644,045DFCA2-6AF7-905A-AFC4-C265C225175D,RRR-Mes-1,3654.00,0,0,NULL,NULL,NULL,NULL,NULL,NULL,NULL,NULL,NULL,NULL,10:00:00.0000000,17:00:00.0000000,10:00:00.0000000,17:00:00.0000000,Solo se presentan los fines de semana o días festivos para el servicio de palapa.,019C9B12-2C47-7008-9FAF-1D6015266E7F,NULL,c24d1733-14d5-44ab-a798-0f031b767c44,"Aguinaldo
Vacaciones
Prima Vacacional
Seguridad Social (IMSS)
Fondo de Vivienda (INFONAVIT)
Días de Descanso Obligatorio
Prima Dominical
Licencia por Maternidad/ Paternidad
Prima de Antigüedad
Vales de despensa a final de año.
"
019C6C02-7A94-7B4A-A7F7-3A5C1C3FB223,NULL,66A50304-9D0C-0456-863B-59D2E1551DF7,CCR-MAN-MTO-003-7,10000.00,0,0,09:00:00.0000000,18:00:00.0000000,09:00:00.0000000,18:00:00.0000000,09:00:00.0000000,18:00:00.0000000,09:00:00.0000000,18:00:00.0000000,09:00:00.0000000,18:00:00.0000000,NULL,NULL,NULL,NULL,,NULL,NULL,NULL,NULL
019C6C02-7A92-73D8-8264-3EA77B55EE45,019C6C01-BE01-7639-903A-28980DC4A854,4C5CD4AE-D859-A85F-8FF6-8FAC21901457,TMR-GER-SIS,14000.00,0,0,09:00:00.0000000,18:00:00.0000000,09:00:00.0000000,18:00:00.0000000,09:00:00.0000000,18:00:00.0000000,09:00:00.0000000,18:00:00.0000000,09:00:00.0000000,18:00:00.0000000,09:00:00.0000000,13:00:00.0000000,NULL,NULL,NULL,019C6C02-7859-7D4B-861C-62CC8842AAC1,NULL,cdff5f05-295c-40a2-9fbc-590eadf3debf,NULL
019C6C02-7A93-7AF7-849D-3ECF9E46EAF1,019C6C01-BE01-7B3E-B099-D6D25ED3526B,4C5CD4AE-D859-A85F-8FF6-8FAC21901457,TMR-MAN-ALB-2,10000.00,2,0,18:00:00.0000000,09:00:00.0000000,18:00:00.0000000,09:00:00.0000000,18:00:00.0000000,09:00:00.0000000,18:00:00.0000000,09:00:00.0000000,18:00:00.0000000,09:00:00.0000000,18:00:00.0000000,09:00:00.0000000,18:00:00.0000000,09:00:00.0000000,"Entra un turno a las 18:00 h, se van al día siguiente a las 9:00 am y hasta el día siguiente vuelven a ingresar a las 16:00 h y así sucesivamente. ",NULL,NULL,282a339d-c6d7-49da-887b-54aec4b3eeac,NULL
019C6C02-7A92-7326-ACD3-41F8F7FA670E,019F4E2C-A4C7-7273-A3BE-57527C59442E,019C6BEE-0305-7FBD-80E9-91CA348F903C,CRA-CON-5,9582.00,1,0,08:00:00.0000000,20:00:00.0000000,08:00:00.0000000,20:00:00.0000000,08:00:00.0000000,20:00:00.0000000,08:00:00.0000000,20:00:00.0000000,08:00:00.0000000,20:00:00.0000000,09:00:00.0000000,18:00:00.0000000,NULL,NULL,NULL,019C6C02-7859-7B92-8014-D591F2C8D155,NULL,c24d1733-14d5-44ab-a798-0f031b767c44,"Vales de despensa de 2000 mensuales, condicionados a puntualidad y asistencia."
019C6C02-7A94-71E1-995D-422AFD022568,019C6C01-BE01-71E9-9D05-94033A73372C,66A50304-9D0C-0456-863B-59D2E1551DF7,CCR-CON-CON-001-1,20000.00,0,0,09:00:00.0000000,18:00:00.0000000,09:00:00.0000000,18:00:00.0000000,09:00:00.0000000,18:00:00.0000000,09:00:00.0000000,18:00:00.0000000,09:00:00.0000000,18:00:00.0000000,09:00:00.0000000,01:00:00.0000000,NULL,NULL,,019C6C02-7859-78E2-A919-DB02210139B3,NULL,NULL,NULL
019C6C02-7A91-76D1-91EE-4260DF03C849,019C6C01-BE02-72A6-9A95-CD175EC68E6E,019C6BEE-0305-7467-947E-E6E777FB8747,RAH-LUD,9366.00,0,0,10:00:00.0000000,19:00:00.0000000,NULL,NULL,10:00:00.0000000,19:00:00.0000000,10:00:00.0000000,19:00:00.0000000,10:00:00.0000000,19:00:00.0000000,10:00:00.0000000,19:00:00.0000000,NULL,NULL,Descanso rolado en fin de semana,019EADB1-0EEF-7FEB-9BE1-BFDF1AA59F71,NULL,7ce1e9a2-c45e-4ec6-9516-60a4648ed381,NULL
019C6C02-7A91-7D14-BB80-44AB723A691D,019C6C01-BE01-76B3-ACD7-ED81FB029020,019C6BEE-0305-7467-947E-E6E777FB8747,RAH-MAN-AYU-3,8000.00,0,0,07:00:00.0000000,16:00:00.0000000,07:00:00.0000000,16:00:00.0000000,07:00:00.0000000,16:00:00.0000000,07:00:00.0000000,16:00:00.0000000,07:00:00.0000000,16:00:00.0000000,09:00:00.0000000,18:00:00.0000000,NULL,NULL,Horarios de fin de semana son rolados,019EADBE-D050-7A94-A6CB-990810D8E6F8,NULL,282a339d-c6d7-49da-887b-54aec4b3eeac,NULL
019C6C02-7A94-7C1E-9F8C-451A058A726B,019C6C01-BE05-7837-BE9F-E071D48FEBAB,045DFCA2-6AF7-905A-AFC4-C265C225175D,RRR-MAN-MTO-012-1,20000.00,0,0,09:00:00.0000000,18:00:00.0000000,09:00:00.0000000,18:00:00.0000000,09:00:00.0000000,18:00:00.0000000,09:00:00.0000000,18:00:00.0000000,09:00:00.0000000,18:00:00.0000000,09:00:00.0000000,13:00:00.0000000,NULL,NULL,"Aguinaldo
Vacaciones
Prima Vacacional
Seguridad Social (IMSS)
Fondo de Vivienda (INFONAVIT)
Días de Descanso Obligatorio
Prima Dominical
Licencia por Maternidad/ Paternidad
Prima de Antigüedad
Vales de despensa a final de año.
",019E6C8C-D822-7718-A6DC-B5E8092572E2,NULL,468aa6c0-f21c-4045-9665-d410d7b2ba16,NULL
019C6C02-7A92-787F-8A46-45D28BAD1A4E,NULL,019C6BEE-0308-7E03-8C9E-95D72BA29068,CSS-ASI-ADM,11000.00,0,0,09:00:00.0000000,18:00:00.0000000,09:00:00.0000000,18:00:00.0000000,09:00:00.0000000,18:00:00.0000000,09:00:00.0000000,18:00:00.0000000,09:00:00.0000000,18:00:00.0000000,09:00:00.0000000,13:00:00.0000000,NULL,NULL,NULL,NULL,NULL,NULL,NULL
019C6C02-7A92-7042-B67C-46879FBAC741,019C6C01-BE01-7453-8CA3-0EA84CE10F4B,019C6BEE-0305-7FBD-80E9-91CA348F903C,CRA-JEF-MAN,14000.00,0,0,09:00:00.0000000,18:00:00.0000000,09:00:00.0000000,18:00:00.0000000,09:00:00.0000000,18:00:00.0000000,09:00:00.0000000,18:00:00.0000000,09:00:00.0000000,18:00:00.0000000,09:00:00.0000000,13:00:00.0000000,NULL,NULL,,019C6C02-785A-753B-A03C-321187864B49,NULL,8f762c81-db47-443d-870c-e4dee04315f2,"Se otorgan $2,000.00 MXN de vales de despensa al cumplir el 1er mes."
019C6C02-7A93-7ADD-8EE0-4726CDC6A853,019C6C01-BE02-79C1-A01B-B69624163E73,66A50304-9D0C-0456-863B-59D2E1551DF7,000-OPE-CON-2,8872.20,0,0,08:00:00.0000000,19:00:00.0000000,08:00:00.0000000,19:00:00.0000000,08:00:00.0000000,19:00:00.0000000,08:00:00.0000000,19:00:00.0000000,08:00:00.0000000,19:00:00.0000000,08:00:00.0000000,19:00:00.0000000,08:00:00.0000000,19:00:00.0000000,"Turnos de 12 horas por 24 de descanso 

Sueldo $ 8872.20
Vales    $   887.00 (10%)
Trasporte $ 532.00 (6%)",019C6C02-7859-7EE0-83EE-0FDF525568C1,NULL,NULL,NULL
019C6C02-7A93-79A5-B752-4A181720B355,019C6C01-BE02-719C-BE8D-C0503B3BB5FA,045DFCA2-6AF7-905A-AFC4-C265C225175D,RRR-OPE-SAL-1,19150.00,0,0,NULL,NULL,NULL,NULL,NULL,NULL,NULL,NULL,NULL,NULL,NULL,NULL,NULL,NULL,"Horario abierto: 07 a 12 hrs
                            17 a 21 hrs ",019C9B8D-E19F-7577-B03A-4F4D791E5A12,NULL,c24d1733-14d5-44ab-a798-0f031b767c44,"Aguinaldo
Vacaciones
Prima Vacacional
Seguridad Social (IMSS)
Fondo de Vivienda (INFONAVIT)
Días de Descanso Obligatorio
Prima Dominical
Licencia por Maternidad/ Paternidad
Prima de Antigüedad
Vales de despensa a final de año.
"
019C6C02-7A94-716C-87BF-4A732EA78EDF,019FD356-80A0-7B6A-89FA-8C851A853D2B,019C6BEE-0305-7FBD-80E9-91CA348F903C,CRA-OPE-CON-1,10000.00,0,0,10:00:00.0000000,19:00:00.0000000,10:00:00.0000000,19:00:00.0000000,10:00:00.0000000,19:00:00.0000000,10:00:00.0000000,19:00:00.0000000,10:00:00.0000000,19:00:00.0000000,09:00:00.0000000,18:00:00.0000000,09:00:00.0000000,18:00:00.0000000,"Los fines de semana se rolan, descansan dos fines de semana completo y otro lo trabajan sábado y domingo.",019C6C02-7859-7CCF-9DD0-F2C50E9D0833,NULL,fe95912a-037c-4fe8-9a9d-d119cbbfec8c,"Vales de despensa de 2000 mensuales, condicionados a puntualidad y asistencia."
019C6C02-7A93-71CB-B6E6-4FA6E9BF273F,019C6C01-BE02-7E1E-BF85-72E2B436ADED,045DFCA2-6AF7-905A-AFC4-C265C225175D,RRR-OPE-MAN-ELE-1,11790.00,0,0,08:00:00.0000000,17:00:00.0000000,08:00:00.0000000,17:00:00.0000000,08:00:00.0000000,17:00:00.0000000,08:00:00.0000000,17:00:00.0000000,08:00:00.0000000,17:00:00.0000000,08:00:00.0000000,17:00:00.0000000,NULL,NULL,,019C6C02-7859-7C43-B8C8-E02409F07966,NULL,282a339d-c6d7-49da-887b-54aec4b3eeac,"Aguinaldo
Vacaciones
Prima Vacacional
Seguridad Social (IMSS)
Fondo de Vivienda (INFONAVIT)
Días de Descanso Obligatorio
Prima Dominical
Licencia por Maternidad/ Paternidad
Prima de Antigüedad
Vales de despensa a final de año.
"
019C6C02-7A93-7416-8775-4FB207EBC7A9,019C6C01-BE02-79FA-AE25-5D9E8C1CA30F,045DFCA2-6AF7-905A-AFC4-C265C225175D,RRR-OPE-MAN-CAR-1,10718.00,0,0,08:00:00.0000000,17:00:00.0000000,08:00:00.0000000,17:00:00.0000000,08:00:00.0000000,17:00:00.0000000,08:00:00.0000000,17:00:00.0000000,08:00:00.0000000,17:00:00.0000000,NULL,NULL,06:00:00.0000000,06:00:00.0000000,"Aguinaldo
Vacaciones
Prima Vacacional
Seguridad Social (IMSS)
Fondo de Vivienda (INFONAVIT)
Días de Descanso Obligatorio
Prima Dominical
Licencia por Maternidad/ Paternidad
Prima de Antigüedad
Vales de despensa a final de año.
",019C6C02-7859-74C7-B51E-9F50B410D8C7,NULL,282a339d-c6d7-49da-887b-54aec4b3eeac,NULL
019C6C02-7A91-7E5C-A131-51743F844F32,019C6C01-BE01-7864-8504-D5E7C92AD807,019C6BEE-0305-7467-947E-E6E777FB8747,RAH-REC,10326.00,0,0,08:00:00.0000000,20:00:00.0000000,08:00:00.0000000,20:00:00.0000000,08:00:00.0000000,20:00:00.0000000,08:00:00.0000000,20:00:00.0000000,08:00:00.0000000,20:00:00.0000000,08:00:00.0000000,13:00:00.0000000,NULL,NULL,NULL,019EADAC-A69C-71C3-92D0-C0A906375A34,NULL,aebb12b0-b96c-45d7-9f49-6319772c67e9,NULL
019C6C02-7A93-7332-A418-520EA25DCBF8,019C6C01-BE06-7932-A2B6-AF1BD211981A,045DFCA2-6AF7-905A-AFC4-C265C225175D,RRR-OPE-JEF-MAN-1,20000.00,0,0,09:00:00.0000000,18:00:00.0000000,09:00:00.0000000,18:00:00.0000000,09:00:00.0000000,18:00:00.0000000,09:00:00.0000000,18:00:00.0000000,09:00:00.0000000,18:00:00.0000000,09:00:00.0000000,13:00:00.0000000,NULL,NULL,,019C6C02-7859-7486-8F18-A720AA9C988C,NULL,8f762c81-db47-443d-870c-e4dee04315f2,"Aguinaldo
Vacaciones
Prima Vacacional
Seguridad Social (IMSS)
Fondo de Vivienda (INFONAVIT)
Días de Descanso Obligatorio
Prima Dominical
Licencia por Maternidad/ Paternidad
Prima de Antigüedad
Vales de despensa a final de año.
"
019C6C02-7A93-7CCC-9EBC-521CD336FE9F,NULL,66A50304-9D0C-0456-863B-59D2E1551DF7,000-ADM-AU-1,18000.00,0,1,09:00:00.0000000,18:00:00.0000000,09:00:00.0000000,18:00:00.0000000,09:00:00.0000000,18:00:00.0000000,09:00:00.0000000,18:00:00.0000000,09:00:00.0000000,18:00:00.0000000,09:00:00.0000000,13:00:00.0000000,NULL,NULL,"SUELDO:
+ 10% vales de despensa.
+ 6% pasajes.",NULL,NULL,NULL,NULL
019C6C02-7A93-7777-887A-52E9BB9D2241,NULL,019C6BEE-0306-7897-A537-EDC147073C44,MBO-OPE-MAN-AYU-10,12000.00,1,0,08:00:00.0000000,17:00:00.0000000,08:00:00.0000000,17:00:00.0000000,08:00:00.0000000,17:00:00.0000000,08:00:00.0000000,17:00:00.0000000,08:00:00.0000000,17:00:00.0000000,08:00:00.0000000,17:00:00.0000000,08:00:00.0000000,17:00:00.0000000,,NULL,NULL,NULL,NULL
019C6C02-7A94-7458-AB8F-535F38257B84,019C6C01-BE05-7456-AA32-04806D03BB71,019C6BEE-030F-71EB-BBE5-02588A822CF1,CCT-MAN-MTO-001-1,13000.00,0,0,09:00:00.0000000,18:00:00.0000000,09:00:00.0000000,18:00:00.0000000,09:00:00.0000000,18:00:00.0000000,09:00:00.0000000,18:00:00.0000000,09:00:00.0000000,18:00:00.0000000,09:00:00.0000000,13:00:00.0000000,09:00:00.0000000,13:00:00.0000000,"Día de descanso rolado, sábado o domingo",019E6A7B-7EE4-73D7-AAEB-45EE9F581B81,NULL,8f762c81-db47-443d-870c-e4dee04315f2,"Prestaciones básicas de ley: seguro social, vacaciones, prima vacacional, prima dominical y aguinaldo"
019C6C02-7A93-7873-8AEE-538C0BE53363,019C6C01-BE01-7D96-8AE5-5F3DC12C5230,045DFCA2-6AF7-905A-AFC4-C265C225175D,RRR-OPE-ADM-1,28000.00,0,0,09:00:00.0000000,18:00:00.0000000,09:00:00.0000000,18:00:00.0000000,09:00:00.0000000,18:00:00.0000000,09:00:00.0000000,18:00:00.0000000,09:00:00.0000000,18:00:00.0000000,09:00:00.0000000,13:00:00.0000000,NULL,NULL,,019C9BF2-0212-74C7-A960-C40348D7E798,NULL,05ef69b9-b570-4ea0-8785-9fd2b8861f9e,"Aguinaldo
Vacaciones
Prima Vacacional
Seguridad Social (IMSS)
Fondo de Vivienda (INFONAVIT)
Días de Descanso Obligatorio
Prima Dominical
Licencia por Maternidad/ Paternidad
Prima de Antigüedad
Vales de despensa a final de año.
"
019C6C02-7A92-7CFB-9615-5482C55D860C,019E188D-21E8-7454-B935-3EE9162FC8F8,019C6BEE-0304-7465-AA30-482B78FE3AE2,RJO-MAN-AYU-8,9500.00,0,0,09:00:00.0000000,13:00:00.0000000,NULL,NULL,09:00:00.0000000,17:00:00.0000000,09:00:00.0000000,17:00:00.0000000,09:00:00.0000000,17:00:00.0000000,09:00:00.0000000,17:00:00.0000000,09:00:00.0000000,17:00:00.0000000,NULL,019C6C02-7859-76A7-977E-16763EF87ABB,NULL,282a339d-c6d7-49da-887b-54aec4b3eeac,"Prestaciones de Ley.
Seguro social
Prima Vacacional
Vacaciones
Aguinaldo
Vales de despensa."
019C6C02-7A92-7610-925B-5657756AC340,NULL,4C5CD4AE-D859-A85F-8FF6-8FAC21901457,TMR-MAN-PIN,9000.00,0,1,09:00:00.0000000,18:00:00.0000000,09:00:00.0000000,18:00:00.0000000,09:00:00.0000000,18:00:00.0000000,09:00:00.0000000,18:00:00.0000000,09:00:00.0000000,18:00:00.0000000,09:00:00.0000000,18:00:00.0000000,09:00:00.0000000,18:00:00.0000000,NULL,NULL,NULL,NULL,NULL
019C6C02-7A93-71BB-BA03-5737785B2EAA,019E235D-AAA4-78F0-9861-ADC71F2BC294,4C5CD4AE-D859-A85F-8FF6-8FAC21901457,TMR-MAN-AYU,10000.00,0,0,10:00:00.0000000,19:00:00.0000000,10:00:00.0000000,19:00:00.0000000,10:00:00.0000000,19:00:00.0000000,10:00:00.0000000,19:00:00.0000000,10:00:00.0000000,19:00:00.0000000,09:00:00.0000000,18:00:00.0000000,21:00:00.0000000,06:00:00.0000000,"Labora de lunes a viernes 2 semanas (descansa sábado y domingo) y la tercera labora de lunes a domingo ",NULL,NULL,282a339d-c6d7-49da-887b-54aec4b3eeac,NULL
019C6C02-7A93-7008-8506-578862331E8B,019C6C01-BE02-7F1D-B98C-A7DF5041945A,045DFCA2-6AF7-905A-AFC4-C265C225175D,RRR-OPE-SUP-OPE-1,16800.00,0,0,09:00:00.0000000,18:00:00.0000000,09:00:00.0000000,18:00:00.0000000,09:00:00.0000000,18:00:00.0000000,09:00:00.0000000,18:00:00.0000000,09:00:00.0000000,18:00:00.0000000,12:00:00.0000000,17:00:00.0000000,NULL,NULL,,019E6C6B-D63D-746A-9089-50D69AB16DDE,NULL,7be101ec-c8eb-49a0-a62c-835113adaa6d,"Aguinaldo
Vacaciones
Prima Vacacional
Seguridad Social (IMSS)
Fondo de Vivienda (INFONAVIT)
Días de Descanso Obligatorio
Prima Dominical
Licencia por Maternidad/ Paternidad
Prima de Antigüedad
Vales de despensa a final de año.
"
019C6C02-7A91-7E50-A601-57F33EF61807,019C6C01-BE05-7C8C-BBF7-F9A28147B216,019C6BEE-0306-7897-A537-EDC147073C44,MBO-JEF-MAN,21000.00,0,0,09:00:00.0000000,18:00:00.0000000,09:00:00.0000000,18:00:00.0000000,09:00:00.0000000,18:00:00.0000000,09:00:00.0000000,18:00:00.0000000,09:00:00.0000000,18:00:00.0000000,09:00:00.0000000,13:00:00.0000000,NULL,NULL,NULL,NULL,NULL,NULL,NULL
019C6C02-7A94-7DD6-A314-58C3CFE789E8,019C6C01-BE05-70DB-95A5-5DF0FC9676CB,66A50304-9D0C-0456-863B-59D2E1551DF7,000-OPE-CON-8,8872.20,0,0,NULL,NULL,NULL,NULL,NULL,NULL,NULL,NULL,NULL,NULL,NULL,NULL,NULL,NULL,,019C6C02-7859-758C-B634-454AF26D968C,NULL,NULL,NULL
019C6C02-7A93-78D9-91CC-5A634621AF8F,019C6C01-BE05-791F-8931-44AF8BF89E1F,019C6BEE-028A-70E4-98EA-557B645A3AE0,GSA-ADM-REC-1,0.00,0,0,NULL,NULL,NULL,NULL,NULL,NULL,NULL,NULL,NULL,NULL,NULL,NULL,NULL,NULL,,019C6C02-7859-77C9-A9C4-18BEC01B2387,NULL,17e3a6e8-775e-46bc-91fb-00d3ac2ab89b,NULL
019C6C02-7A94-70D0-84A0-5A9EFB94B9B1,019C6C01-BE05-7552-9EB1-40A806F3A75F,66A50304-9D0C-0456-863B-59D2E1551DF7,000-OPE-JAR-AYU-1,8200.00,0,0,07:00:00.0000000,16:00:00.0000000,07:00:00.0000000,16:00:00.0000000,07:00:00.0000000,16:00:00.0000000,07:00:00.0000000,16:00:00.0000000,07:00:00.0000000,16:00:00.0000000,07:00:00.0000000,11:00:00.0000000,NULL,NULL,"Fin de semana rol de trabajo (sábado) ",019C6C02-7859-7F9D-8E37-99F3092CF744,NULL,NULL,NULL
019C6C02-7A92-733F-8C55-5CC4E464BB29,019D9C75-7567-750F-972E-709B965AF4C5,019C6BEE-0309-7269-9571-2980E06B823A,ACP-MAN-AYU-2,12000.00,1,0,14:00:00.0000000,22:00:00.0000000,14:00:00.0000000,22:00:00.0000000,14:00:00.0000000,22:00:00.0000000,14:00:00.0000000,22:00:00.0000000,14:00:00.0000000,22:00:00.0000000,NULL,NULL,09:00:00.0000000,13:00:00.0000000,NULL,019C6C02-7859-7B5E-9CA9-7C1191364B5C,NULL,282a339d-c6d7-49da-887b-54aec4b3eeac,"Seguro Médico, Vacaciones y prima vacacional, Aguinaldo, Días de descanso, Prima Dominical. "
019C6C02-7A93-73AB-8ED4-5E5B23DA0D0C,019C6C01-BE02-78C6-9748-3A377B6F954D,045DFCA2-6AF7-905A-AFC4-C265C225175D,RRR-OPE-MAN-PLO-1,12628.00,0,0,14:00:00.0000000,22:00:00.0000000,14:00:00.0000000,22:00:00.0000000,14:00:00.0000000,22:00:00.0000000,14:00:00.0000000,22:00:00.0000000,14:00:00.0000000,22:00:00.0000000,06:00:00.0000000,06:00:00.0000000,NULL,NULL,,019C6C02-7859-7421-886E-F7F2D547081F,NULL,282a339d-c6d7-49da-887b-54aec4b3eeac,"Aguinaldo
Vacaciones
Prima Vacacional
Seguridad Social (IMSS)
Fondo de Vivienda (INFONAVIT)
Días de Descanso Obligatorio
Prima Dominical
Licencia por Maternidad/ Paternidad
Prima de Antigüedad
Vales de despensa a final de año.
"
019C6C02-7A94-71DA-8059-5F618983E74E,019C6C01-BE05-7FEC-B9B6-A5319B57CA37,66A50304-9D0C-0456-863B-59D2E1551DF7,000-OPE-CON-16,9400.00,0,0,NULL,NULL,NULL,NULL,NULL,NULL,NULL,NULL,NULL,NULL,NULL,NULL,NULL,NULL,,019C6C02-7859-7DA7-9F9F-6921B3710742,NULL,NULL,NULL
019C6C02-7A94-78FA-AC1D-5F90B050BAC1,NULL,66A50304-9D0C-0456-863B-59D2E1551DF7,000--4,10000.00,0,1,09:00:00.0000000,18:00:00.0000000,09:00:00.0000000,18:00:00.0000000,NULL,18:00:00.0000000,09:00:00.0000000,18:00:00.0000000,09:00:00.0000000,18:00:00.0000000,09:00:00.0000000,13:00:00.0000000,09:00:00.0000000,13:00:00.0000000,"Rotativo fines de semana ",NULL,NULL,NULL,NULL
019C6C02-7A94-7623-AB21-60A72F991A55,NULL,019C6BEE-0306-7897-A537-EDC147073C44,MBO--3,15000.00,0,0,NULL,NULL,NULL,NULL,NULL,NULL,NULL,NULL,NULL,NULL,NULL,NULL,NULL,NULL,,NULL,NULL,NULL,NULL
019C6C02-7A93-7D3A-8E99-60D7D2FF2331,019C6C01-BE01-7687-AB68-B5F5242BA73F,019C6BEE-030B-7D13-995D-859BC89A2D97,CBR-OPE-ADM-1,18000.00,0,0,09:00:00.0000000,18:00:00.0000000,09:00:00.0000000,18:00:00.0000000,09:00:00.0000000,18:00:00.0000000,09:00:00.0000000,18:00:00.0000000,09:00:00.0000000,18:00:00.0000000,09:00:00.0000000,18:00:00.0000000,NULL,NULL,,NULL,NULL,NULL,NULL
019C6C02-7A94-7F48-BB28-615C0A418807,019C6C01-BE05-79C6-ACD9-75312139CAA7,66A50304-9D0C-0456-863B-59D2E1551DF7,000-OPE-CON-20,10000.00,0,0,NULL,NULL,NULL,NULL,NULL,NULL,NULL,NULL,NULL,NULL,NULL,NULL,NULL,NULL,"Ingresa de 12 x 24 ",019C6C02-7859-7FF6-8D50-99EDBDCAEF30,NULL,NULL,NULL
019C6C02-7A94-70ED-92EE-628164B2868B,019C6C01-BE01-7C5E-B5B0-69A5E77E801E,66A50304-9D0C-0456-863B-59D2E1551DF7,000-OPE-CON-18,9400.00,0,0,NULL,NULL,NULL,NULL,NULL,NULL,NULL,NULL,NULL,NULL,NULL,NULL,NULL,NULL,"HORARIOS ROLADOS 12X24
+ AYUDA TRASPORTE
+ VALES",019C6C02-7859-7A8E-AFF2-610EA3CAD1AC,NULL,NULL,NULL
019C6C02-7A93-75FF-A8B2-628323AD09B7,019C6C01-BE06-7BD0-B82D-408D1D7BFAF4,4C5CD4AE-D859-A85F-8FF6-8FAC21901457,TMR-MAN-ELE-2,10000.00,0,0,10:00:00.0000000,19:00:00.0000000,10:00:00.0000000,19:00:00.0000000,10:00:00.0000000,19:00:00.0000000,10:00:00.0000000,19:00:00.0000000,10:00:00.0000000,19:00:00.0000000,09:00:00.0000000,18:00:00.0000000,09:00:00.0000000,18:00:00.0000000,"Cada 20 días se rolan turnos. 
Descansa dos fines de semana y trabaja el tercer fin de semana. ",NULL,NULL,282a339d-c6d7-49da-887b-54aec4b3eeac,NULL
019D4B41-C4AC-726F-BC6F-644A19718871,019C6C01-BE01-77FD-8903-2058E95784D2,019C6BEE-0304-7465-AA30-482B78FE3AE2,RJO-16-1,21000.00,0,0,09:00:00.0000000,18:00:00.0000000,09:00:00.0000000,18:00:00.0000000,09:00:00.0000000,18:00:00.0000000,09:00:00.0000000,18:00:00.0000000,09:00:00.0000000,18:00:00.0000000,09:00:00.0000000,13:00:00.0000000,NULL,NULL,,019D4B41-C4AD-7F96-8995-1E39914D72C4,NULL,d5a031e4-a8ff-48ba-b20f-9d50251d4355,"Prestaciones de Ley.
Seguro social
Prima Vacacional
Vacaciones
Aguinaldo
Vales de despensa."
019C6C02-7A93-7DC2-88CB-657D05F3F823,019C6C01-BE02-7F62-98DC-465A720A685A,66A50304-9D0C-0456-863B-59D2E1551DF7,000-OPE-MAN-AYU-3,10000.00,0,0,13:00:00.0000000,20:00:00.0000000,13:00:00.0000000,20:00:00.0000000,13:00:00.0000000,20:00:00.0000000,13:00:00.0000000,20:00:00.0000000,13:00:00.0000000,20:00:00.0000000,09:00:00.0000000,14:00:00.0000000,NULL,NULL,,019C6C02-785A-7F95-A478-BCE0B226E716,NULL,NULL,NULL
019C6C02-7A92-7A21-9062-65E1E96EFECE,019C6C01-BE01-7749-A26E-6B1B9BBA12D6,019C6BEE-0305-7FBD-80E9-91CA348F903C,CRA-LUD,11000.00,0,0,09:00:00.0000000,19:00:00.0000000,09:00:00.0000000,19:00:00.0000000,09:00:00.0000000,19:00:00.0000000,09:00:00.0000000,19:00:00.0000000,09:00:00.0000000,19:00:00.0000000,NULL,NULL,NULL,NULL,,019E6250-F6FD-7D9E-9FC7-B2206F51F726,NULL,7ce1e9a2-c45e-4ec6-9516-60a4648ed381,"Vales de despensa de 2000 mensuales, condicionados a puntualidad y asistencia."
019C6C02-7A92-776E-BC60-67047AF210C6,NULL,019C6BEE-0305-7FBD-80E9-91CA348F903C,CRA-MAN-AYU-6,10000.00,2,0,16:00:00.0000000,08:00:00.0000000,16:00:00.0000000,08:00:00.0000000,16:00:00.0000000,08:00:00.0000000,16:00:00.0000000,08:00:00.0000000,16:00:00.0000000,08:00:00.0000000,16:00:00.0000000,08:00:00.0000000,16:00:00.0000000,08:00:00.0000000,La entrada es a las 16:00 hrs y la salida es el día siguiente a las 08:00 hrs.,019C6C02-7859-7BE4-B906-9096F5619381,NULL,282a339d-c6d7-49da-887b-54aec4b3eeac,"Se otorgan $2,000.00 MXN de vales de despensa al cumplir el 1er mes."
019C6C02-7A93-7554-9C00-671EAC2EB120,019C6C01-BE01-74FA-AB97-ABC308554162,045DFCA2-6AF7-905A-AFC4-C265C225175D,RRR-ADM-COB-1,18000.00,0,0,09:00:00.0000000,18:00:00.0000000,09:00:00.0000000,18:00:00.0000000,09:00:00.0000000,18:00:00.0000000,09:00:00.0000000,18:00:00.0000000,09:00:00.0000000,18:00:00.0000000,09:00:00.0000000,13:00:00.0000000,NULL,NULL,,019C6C02-7859-7187-B877-226F014E84B5,NULL,d61c5030-2c0e-47e9-962b-581692e2a637,"Aguinaldo
Vacaciones
Prima Vacacional
Seguridad Social (IMSS)
Fondo de Vivienda (INFONAVIT)
Días de Descanso Obligatorio
Prima Dominical
Licencia por Maternidad/ Paternidad
Prima de Antigüedad
Vales de despensa a final de año.
"
019C6C02-7A91-7EFB-A351-6736FA9980AC,019C6C01-BE01-76DB-A7E7-D60331D4F9DD,019C6BEE-0305-7467-947E-E6E777FB8747,RAH-MAN-AYU-4,8000.00,2,0,18:00:00.0000000,NULL,NULL,07:00:00.0000000,18:00:00.0000000,NULL,NULL,07:00:00.0000000,18:00:00.0000000,NULL,NULL,07:00:00.0000000,18:00:00.0000000,NULL,NULL,019EADBE-13B8-7311-9BC6-B4B336759F4C,NULL,282a339d-c6d7-49da-887b-54aec4b3eeac,NULL
019C6C02-7A94-7080-93F0-67A64CE201A3,019C6C01-BE05-722C-B6BC-1E79ADDF8A39,66A50304-9D0C-0456-863B-59D2E1551DF7,000--2,8000.00,0,0,07:00:00.0000000,16:00:00.0000000,07:00:00.0000000,16:00:00.0000000,07:00:00.0000000,16:00:00.0000000,07:00:00.0000000,16:00:00.0000000,07:00:00.0000000,16:00:00.0000000,07:00:00.0000000,11:00:00.0000000,NULL,NULL,Turno rotativo sabado,NULL,NULL,NULL,NULL
019C6C02-7A93-74E4-99F6-6B9DE4433F56,019C6C01-BE01-7D36-A3F0-186449EC1B18,019C6BEE-0305-7FBD-80E9-91CA348F903C,CRA-JEF-MAN-2,17500.00,0,0,07:00:00.0000000,16:00:00.0000000,07:00:00.0000000,16:00:00.0000000,07:00:00.0000000,16:00:00.0000000,07:00:00.0000000,16:00:00.0000000,07:00:00.0000000,16:00:00.0000000,07:00:00.0000000,14:00:00.0000000,NULL,NULL,NULL,019E628F-CA22-70C0-A898-684C528D24E1,NULL,8f762c81-db47-443d-870c-e4dee04315f2,"Se otorgan $2,000.00 MXN de vales de despensa al cumplir el 1er mes."
019C6C02-7A94-7E37-B296-6BAB213959AB,019C6C01-BE05-70E7-82E7-823FED73878F,019C6BEE-0305-7FBD-80E9-91CA348F903C,CRA-MAN-MTO-011-2,10000.00,0,0,07:00:00.0000000,16:00:00.0000000,07:00:00.0000000,16:00:00.0000000,07:00:00.0000000,16:00:00.0000000,07:00:00.0000000,16:00:00.0000000,07:00:00.0000000,16:00:00.0000000,08:00:00.0000000,17:00:00.0000000,08:00:00.0000000,17:00:00.0000000,"Se tiene un convenio de guardias en fines de semana, trabajando un sábado o domingo de una semana y descansando el fin completo de la semana siguiente.",019E5130-EBE1-7DB5-9C21-3A325960DA2D,NULL,282a339d-c6d7-49da-887b-54aec4b3eeac,"Se otorgan $2,000.00 MXN de vales de despensa al cumplir el 1er mes."
019C6C02-7A92-75E8-B4CB-6C5BA066574E,019C6C01-BE01-734A-88DB-876E7507386D,019C6BEE-0304-7465-AA30-482B78FE3AE2,RJO-MAN-AYU-7,9500.00,0,0,NULL,08:00:00.0000000,08:00:00.0000000,NULL,NULL,08:00:00.0000000,08:00:00.0000000,NULL,NULL,08:00:00.0000000,08:00:00.0000000,NULL,NULL,08:00:00.0000000,NULL,019C6C02-7859-7AF9-BB30-8951247958AF,NULL,282a339d-c6d7-49da-887b-54aec4b3eeac,"Prestaciones de Ley.
Seguro social
Prima Vacacional
Vacaciones
Aguinaldo
Vales de despensa."
019C6C02-7A93-71FD-A6BA-6D1377C5F12D,019C6C01-BE02-73E6-8BFF-174627490AE8,045DFCA2-6AF7-905A-AFC4-C265C225175D,RRR-OPE-MAN-AYU-1,11738.00,0,0,22:00:00.0000000,06:00:00.0000000,22:00:00.0000000,06:00:00.0000000,22:00:00.0000000,06:00:00.0000000,22:00:00.0000000,06:00:00.0000000,22:00:00.0000000,06:00:00.0000000,22:00:00.0000000,06:00:00.0000000,NULL,NULL,,019C6C02-7859-7D9C-B794-7C497A3EA5D5,NULL,282a339d-c6d7-49da-887b-54aec4b3eeac,"Aguinaldo
Vacaciones
Prima Vacacional
Seguridad Social (IMSS)
Fondo de Vivienda (INFONAVIT)
Días de Descanso Obligatorio
Prima Dominical
Licencia por Maternidad/ Paternidad
Prima de Antigüedad
Vales de despensa a final de año.
"
019C6C02-7A92-7654-8818-6D48517D44B4,019C6C01-BE06-77D0-AD26-FB011E47515E,019C6BEE-0305-7FBD-80E9-91CA348F903C,CRA-MAN-HER,10000.00,1,0,11:00:00.0000000,20:00:00.0000000,11:00:00.0000000,20:00:00.0000000,11:00:00.0000000,20:00:00.0000000,11:00:00.0000000,20:00:00.0000000,11:00:00.0000000,20:00:00.0000000,08:00:00.0000000,17:00:00.0000000,08:00:00.0000000,17:00:00.0000000,"Se tiene un convenio de guardias en fines de semana, trabajando un sábado o domingo de una semana y descansando el fin completo de la semana siguiente.",019E5133-BC63-718B-9218-2B1E4810D0EC,NULL,282a339d-c6d7-49da-887b-54aec4b3eeac,"Se otorgan $2,000.00 MXN de vales de despensa al cumplir el 1er mes."
019C6C02-7A94-7CD9-A7AE-6E3A747E3C45,019D79CA-3E6A-79B7-A642-C2959CAACD97,019C6BEE-0305-7467-947E-E6E777FB8747,RAH-SEG-SEG-007-3,10600.00,0,0,09:00:00.0000000,18:00:00.0000000,09:00:00.0000000,18:00:00.0000000,09:00:00.0000000,18:00:00.0000000,09:00:00.0000000,18:00:00.0000000,09:00:00.0000000,18:00:00.0000000,09:00:00.0000000,13:00:00.0000000,NULL,NULL,,019EAEA3-F7CB-7EB6-93CE-9623B550CD47,NULL,56a5094b-e2f4-4517-8474-30920afd814a,NULL
019C6C02-7A93-7CE4-B097-6E4673538E68,019C6C01-BE02-710C-B641-78943855E0E0,019C6BEE-0304-7465-AA30-482B78FE3AE2,RJO-REC-10,7850.00,2,0,08:00:00.0000000,08:00:00.0000000,NULL,NULL,08:00:00.0000000,08:00:00.0000000,NULL,NULL,08:00:00.0000000,08:00:00.0000000,NULL,NULL,08:01:00.0000000,08:00:00.0000000,Turno 24 X 24,019C6C02-7859-7857-8A5E-26F8BCC7DBA0,NULL,c24d1733-14d5-44ab-a798-0f031b767c44,"Prestaciones de Ley.
Seguro social
Prima Vacacional
Vacaciones
Aguinaldo
Vales de despensa."
019C6C02-7A93-71F0-9690-6E5338CF677E,019C6C01-BE02-7096-986E-1C43FF243877,66A50304-9D0C-0456-863B-59D2E1551DF7,000-OPE-JEF-SEG-1,18200.70,0,0,08:00:00.0000000,18:00:00.0000000,NULL,NULL,NULL,NULL,NULL,NULL,NULL,NULL,NULL,NULL,NULL,NULL,,019C6C02-7859-7395-AF68-D4662A900D34,NULL,NULL,NULL
019C6C02-7A92-7971-AFEB-6EBF76EF505B,NULL,019C6BEE-0305-7FBD-80E9-91CA348F903C,CRA-MAN-ELE,10000.00,1,1,11:00:00.0000000,20:00:00.0000000,11:00:00.0000000,20:00:00.0000000,11:00:00.0000000,20:00:00.0000000,11:00:00.0000000,20:00:00.0000000,11:00:00.0000000,20:00:00.0000000,08:00:00.0000000,17:00:00.0000000,08:00:00.0000000,17:00:00.0000000,"Se tiene un convenio de guardias en fines de semana, trabajando un sábado o domingo de una semana y descansando el fin completo de la semana siguiente.",019C6C02-7859-762A-86A3-4524F2A0C499,NULL,282a339d-c6d7-49da-887b-54aec4b3eeac,"Se otorgan $2,000.00 MXN de vales de despensa al cumplir el 1er mes."
019C6C02-7A94-71ED-ABA7-717BCEB0D89A,019E4CDF-6C79-7F69-BDC1-58A375DD11C5,4C5CD4AE-D859-A85F-8FF6-8FAC21901457,TMR-OPE-ASI-ADM-1,20000.00,0,0,09:00:00.0000000,18:00:00.0000000,09:00:00.0000000,18:00:00.0000000,09:00:00.0000000,18:00:00.0000000,09:00:00.0000000,18:00:00.0000000,09:00:00.0000000,18:00:00.0000000,09:00:00.0000000,13:00:00.0000000,NULL,NULL,,019C6C02-7859-7E43-90C9-C38A43E48775,NULL,d61c5030-2c0e-47e9-962b-581692e2a637,NULL
019C6C02-7A92-775C-B40D-71B9F54FD548,019C6C01-BE01-73AF-9D9C-06BDF052E410,019C6BEE-0304-7465-AA30-482B78FE3AE2,RJO-REC-2,7850.00,0,0,08:00:00.0000000,NULL,NULL,08:00:00.0000000,08:00:00.0000000,NULL,NULL,08:00:00.0000000,08:00:00.0000000,NULL,NULL,08:00:00.0000000,08:00:00.0000000,NULL,NULL,019C6C02-7859-7D47-9940-6C987760F8A6,NULL,c24d1733-14d5-44ab-a798-0f031b767c44,"Prestaciones de Ley.
Seguro social
Prima Vacacional
Vacaciones
Aguinaldo
Vales de despensa."
019C6C02-7A93-7369-978D-7856102B9FA9,019C6C01-BE01-7EBF-AC7C-C19FC810CAB5,019C6BEE-028A-70E4-98EA-557B645A3AE0,GSA-ADM-NOM-1,0.00,0,0,NULL,NULL,NULL,NULL,NULL,NULL,NULL,NULL,NULL,NULL,NULL,NULL,NULL,NULL,,019C6C02-7859-7A09-8211-EB36E974B8E5,NULL,6691ba46-ce4c-42e1-a198-429018f50e9e,NULL
019C6C02-7A93-70AB-A076-7861F50F0F45,019C6C01-BE01-71FC-ABEF-85134C7D0027,019C6BEE-0305-7FBD-80E9-91CA348F903C,CRA-OPE-BEL-BOY-1,10000.00,0,0,10:00:00.0000000,20:00:00.0000000,11:00:00.0000000,20:00:00.0000000,11:00:00.0000000,20:00:00.0000000,11:00:00.0000000,20:00:00.0000000,11:00:00.0000000,20:00:00.0000000,09:00:00.0000000,18:00:00.0000000,09:00:00.0000000,18:00:00.0000000,"Los fines de semana se rolan, descansan dos fines de semana completo y otro lo trabajan sábado y domingo.",019C6C02-7859-7BC1-8D28-4C0945D80F0D,NULL,fe95912a-037c-4fe8-9a9d-d119cbbfec8c,"Vales de despensa de 2000 mensuales, condicionados a puntualidad y asistencia."
019C6C02-7A91-7E25-80A3-79880473877B,019C6C01-BE01-7820-A0D0-B1B608098405,019C6BEE-0305-7467-947E-E6E777FB8747,RAH-JEF-MAN,12000.00,0,0,09:00:00.0000000,18:00:00.0000000,09:00:00.0000000,18:00:00.0000000,09:00:00.0000000,18:00:00.0000000,09:00:00.0000000,18:00:00.0000000,09:00:00.0000000,18:00:00.0000000,09:00:00.0000000,13:00:00.0000000,NULL,NULL,NULL,019EADA3-B426-77E7-AAC1-92ADAA0B59E7,NULL,8f762c81-db47-443d-870c-e4dee04315f2,NULL
019C6C02-7A94-7EB9-B0F9-7999CCCBC717,019C6C01-BE05-748D-B09F-B6AE5B827326,019C6BEE-030A-7BC9-A330-70CB7C40FEEA,RIB-MAN-MTO-001-1,12000.00,1,0,08:00:00.0000000,17:00:00.0000000,08:00:00.0000000,17:00:00.0000000,08:00:00.0000000,17:00:00.0000000,08:00:00.0000000,17:00:00.0000000,08:00:00.0000000,17:00:00.0000000,09:00:00.0000000,15:00:00.0000000,09:00:00.0000000,15:00:00.0000000,"Los findes de semana son rolados. ",019C6C02-7859-75DE-B0FA-F50F6ECE2658,NULL,8f762c81-db47-443d-870c-e4dee04315f2,Seguro y vacaciones
019C6C02-7A93-79ED-BCBA-79CDCC8EEEE6,019C6C01-BE05-7E69-80C2-42FF8676E47C,66A50304-9D0C-0456-863B-59D2E1551DF7,000-OPE-CON-3,8872.20,0,0,08:00:00.0000000,19:00:00.0000000,08:00:00.0000000,19:00:00.0000000,08:00:00.0000000,19:00:00.0000000,08:00:00.0000000,19:00:00.0000000,08:00:00.0000000,19:00:00.0000000,08:00:00.0000000,19:00:00.0000000,08:00:00.0000000,19:00:00.0000000,"Turnos de 12 horas por 24 de descanso 

Sueldo $ 8872.20
Vales    $   887.00 (10%)
Trasporte $ 532.00 (6%)",019C6C02-7859-7C08-93C3-C6B12430DA29,NULL,NULL,NULL
019C6C02-7A92-7303-A404-7B830E6C332A,NULL,019C6BEE-0305-7FBD-80E9-91CA348F903C,CRA-LUD-4,8000.00,0,1,10:00:00.0000000,19:00:00.0000000,10:00:00.0000000,19:00:00.0000000,10:00:00.0000000,19:00:00.0000000,10:00:00.0000000,19:00:00.0000000,10:00:00.0000000,19:00:00.0000000,10:00:00.0000000,19:00:00.0000000,10:00:00.0000000,19:00:00.0000000,Fines de semana rolados.,NULL,NULL,NULL,NULL
019C6C02-7A93-7667-BF5C-7D2B4ABE833B,NULL,045DFCA2-6AF7-905A-AFC4-C265C225175D,RRR-OPE-JEF-SEG-1,30000.00,0,1,06:00:00.0000000,15:00:00.0000000,06:00:00.0000000,15:00:00.0000000,06:00:00.0000000,15:00:00.0000000,06:00:00.0000000,15:00:00.0000000,06:00:00.0000000,15:00:00.0000000,09:00:00.0000000,13:00:00.0000000,NULL,NULL,,NULL,NULL,NULL,NULL
019C6C02-7A92-770E-A512-7D9C100CB0C6,019C6C01-BE01-70A4-B9B0-73FA92A72408,019C6BEE-0305-7FBD-80E9-91CA348F903C,CRA-ADM,22000.00,0,0,07:00:00.0000000,16:00:00.0000000,07:00:00.0000000,16:00:00.0000000,07:00:00.0000000,16:00:00.0000000,07:00:00.0000000,16:00:00.0000000,07:00:00.0000000,16:00:00.0000000,07:00:00.0000000,11:00:00.0000000,NULL,NULL,,019C6C02-785A-78BE-B371-3936827F2952,NULL,c3c04639-932b-4693-b8a8-1b20f7a7b35b,"Vales de despensa de 2000 mensuales, condicionados a puntualidad y asistencia."
019C6C02-7A93-72EC-9D56-80605F672375,019F1A0D-1D9F-7DFE-B6B3-C439CBA96873,019C6BEE-0305-7FBD-80E9-91CA348F903C,CRA-MAN-AYU-10,10000.00,0,0,07:00:00.0000000,16:00:00.0000000,07:00:00.0000000,16:00:00.0000000,07:00:00.0000000,16:00:00.0000000,07:00:00.0000000,16:00:00.0000000,07:00:00.0000000,16:00:00.0000000,08:00:00.0000000,17:00:00.0000000,08:00:00.0000000,17:00:00.0000000,"Se tiene un convenio de guardias en fines de semana, trabajando un sábado o domingo de una semana y descansando el fin completo de la semana siguiente.",019C6C02-7859-7F5B-A8FB-D29813FEA2BF,NULL,282a339d-c6d7-49da-887b-54aec4b3eeac,"Se otorgan $2,000.00 MXN de vales de despensa al cumplir el 1er mes."
019C6C02-7A94-7975-B3F8-808902A14A58,019C6C01-BE02-7837-BBA7-A18D1F19D05B,66A50304-9D0C-0456-863B-59D2E1551DF7,000-OPE-CON-13,8872.20,0,0,NULL,NULL,NULL,NULL,NULL,NULL,NULL,NULL,NULL,NULL,NULL,NULL,NULL,NULL,,019C6C02-785A-76F4-B472-841A1F385242,NULL,NULL,NULL
019C6C02-7A92-76E7-92BE-81A5897407B2,019C6C01-BE01-781A-A97D-870D39819C8B,019C6BEE-0305-7FBD-80E9-91CA348F903C,CRA-ASI-ADM,11000.00,0,0,09:00:00.0000000,18:00:00.0000000,09:00:00.0000000,18:00:00.0000000,09:00:00.0000000,18:00:00.0000000,09:00:00.0000000,18:00:00.0000000,09:00:00.0000000,18:00:00.0000000,09:00:00.0000000,13:00:00.0000000,NULL,NULL,NULL,019C6C02-7859-74DC-B4EF-F353D1C91BDC,NULL,3cd4991d-f21d-4340-868a-bc3a0362f5c3,"Vales de despensa de 2000 mensuales, condicionados a puntualidad y asistencia."
019C6C02-7A93-73CD-9C0B-82252CA827B6,NULL,019C6BEE-0305-7FBD-80E9-91CA348F903C,CRA-MAN-AYU-9,10000.00,2,1,16:00:00.0000000,NULL,NULL,08:00:00.0000000,16:00:00.0000000,NULL,NULL,08:00:00.0000000,16:00:00.0000000,NULL,NULL,08:00:00.0000000,16:00:00.0000000,NULL,La entrada es a las 16:00 hrs y la salida es el día siguiente a las 08:00 hrs.,019C6C02-7859-7FE8-9EF1-03E08E165C21,NULL,NULL,NULL
019C6C02-7A94-7C26-8CFE-824CB99ABF7E,019C6C01-BE05-78C0-9C64-005CCAC60690,019C6BEE-030F-71EB-BBE5-02588A822CF1,CCT-MAN-MTO-003-1,11000.00,1,0,10:00:00.0000000,19:00:00.0000000,10:00:00.0000000,19:00:00.0000000,10:00:00.0000000,19:00:00.0000000,10:00:00.0000000,19:00:00.0000000,10:00:00.0000000,19:00:00.0000000,09:00:00.0000000,13:00:00.0000000,09:00:00.0000000,13:00:00.0000000,"Descanso rolado sábado o domingo,",019C6C02-7859-71F7-84BF-7BCFCA3E56A0,NULL,282a339d-c6d7-49da-887b-54aec4b3eeac,"Prestaciones básicas de ley: seguro social, vacaciones, prima vacacional, prima dominical y aguinaldo"
019C6C02-7A92-781A-B187-840AE77F70A6,019C6C01-BE06-7A7F-9BBA-C2680A168245,4C5CD4AE-D859-A85F-8FF6-8FAC21901457,TMR-LUD,10000.00,0,0,10:00:00.0000000,19:00:00.0000000,10:00:00.0000000,19:00:00.0000000,10:00:00.0000000,19:00:00.0000000,10:00:00.0000000,19:00:00.0000000,10:00:00.0000000,19:00:00.0000000,10:00:00.0000000,14:00:00.0000000,NULL,NULL,NULL,NULL,NULL,7ce1e9a2-c45e-4ec6-9516-60a4648ed381,NULL
019C6C02-7A93-7E3F-9E91-842DED604B48,019C6C01-BE02-7FFB-888F-FE0A1AA5CA0C,045DFCA2-6AF7-905A-AFC4-C265C225175D,RRR-OPE-MAN-AYU-2,9865.00,0,0,08:00:00.0000000,17:00:00.0000000,08:00:00.0000000,17:00:00.0000000,08:00:00.0000000,17:00:00.0000000,08:00:00.0000000,17:00:00.0000000,08:00:00.0000000,17:00:00.0000000,06:00:00.0000000,06:00:00.0000000,NULL,NULL,,019C6C02-7859-74E3-A650-D4FD11EDF880,NULL,282a339d-c6d7-49da-887b-54aec4b3eeac,"Aguinaldo
Vacaciones
Prima Vacacional
Seguridad Social (IMSS)
Fondo de Vivienda (INFONAVIT)
Días de Descanso Obligatorio
Prima Dominical
Licencia por Maternidad/ Paternidad
Prima de Antigüedad
Vales de despensa a final de año.
"
019C6C02-7A8F-7E9D-8334-852735D638C7,019C6C01-BE01-7C51-A09A-36D617E33667,019C6BEE-0305-7467-947E-E6E777FB8747,RAH-ADM,32306.00,0,0,09:00:00.0000000,18:00:00.0000000,09:00:00.0000000,18:00:00.0000000,09:00:00.0000000,18:00:00.0000000,09:00:00.0000000,18:00:00.0000000,09:00:00.0000000,18:00:00.0000000,09:00:00.0000000,13:00:00.0000000,NULL,NULL,NULL,019C6C02-7859-7105-AEA4-61A7217BA7CB,NULL,05ef69b9-b570-4ea0-8785-9fd2b8861f9e,NULL
019C6C02-7A92-793D-BEB6-857EA9C8DA15,019C6C01-BE02-7278-AA95-D9563698E481,019C6BEE-0305-7FBD-80E9-91CA348F903C,CRA-MAN-CAR,10000.00,0,0,07:00:00.0000000,16:00:00.0000000,07:00:00.0000000,16:00:00.0000000,07:00:00.0000000,16:00:00.0000000,07:00:00.0000000,16:00:00.0000000,07:00:00.0000000,16:00:00.0000000,08:00:00.0000000,17:00:00.0000000,08:00:00.0000000,17:00:00.0000000,"Se tiene un convenio de guardias en fines de semana, trabajando un sábado o domingo de una semana y descansando el fin completo de la semana siguiente.",019C6C02-7859-7B2E-9EFC-635342DF7CA6,NULL,282a339d-c6d7-49da-887b-54aec4b3eeac,"Se otorgan $2,000.00 MXN de vales de despensa al cumplir el 1er mes."
019C6C02-7A91-7DF6-B6E5-8580B53EB342,019C6C01-BE01-7677-81E1-2F243BA16D54,019C6BEE-0305-7467-947E-E6E777FB8747,RAH-ASI-ADM,12000.00,0,0,09:00:00.0000000,18:00:00.0000000,09:00:00.0000000,18:00:00.0000000,09:00:00.0000000,18:00:00.0000000,09:00:00.0000000,18:00:00.0000000,09:00:00.0000000,18:00:00.0000000,09:00:00.0000000,13:00:00.0000000,NULL,NULL,NULL,019EAD99-B2A7-77CA-8AFD-771F777D12BF,NULL,3cd4991d-f21d-4340-868a-bc3a0362f5c3,NULL
019C6C02-7A93-7AE0-96C1-85BEF3131737,019C6C01-BE02-7CFE-AF95-831E5516BD6F,66A50304-9D0C-0456-863B-59D2E1551DF7,000-OPE-REC-2,12000.00,0,0,08:00:00.0000000,16:00:00.0000000,08:00:00.0000000,16:00:00.0000000,08:00:00.0000000,16:00:00.0000000,08:00:00.0000000,16:00:00.0000000,08:00:00.0000000,16:00:00.0000000,08:00:00.0000000,13:00:00.0000000,NULL,NULL,,019C6C02-7859-7A6F-8990-F09F3FD83961,NULL,NULL,NULL
019C6C02-7A91-71BC-AA7E-8614C6D1DA9D,019C6C01-BE05-7ACC-9D20-AC3126B5300F,019C6BEE-0305-7467-947E-E6E777FB8747,RAH-LUD-2,9366.00,0,0,10:00:00.0000000,19:00:00.0000000,10:00:00.0000000,19:00:00.0000000,NULL,NULL,10:00:00.0000000,19:00:00.0000000,10:00:00.0000000,19:00:00.0000000,10:00:00.0000000,19:00:00.0000000,10:00:00.0000000,19:00:00.0000000,descanso rolado en fin de semana,019EADB2-DC02-759D-AD81-9C86B5F44556,NULL,7ce1e9a2-c45e-4ec6-9516-60a4648ed381,NULL
019C6C02-7A93-7757-8D8E-8714786B9FAE,019C6C01-BE02-7F2F-B4A8-CF6EE4297D1B,019C6BEE-0305-7FBD-80E9-91CA348F903C,CRA-JEF-ALM,10000.00,0,0,08:00:00.0000000,17:00:00.0000000,08:00:00.0000000,17:00:00.0000000,08:00:00.0000000,17:00:00.0000000,08:00:00.0000000,17:00:00.0000000,08:00:00.0000000,17:00:00.0000000,09:00:00.0000000,13:00:00.0000000,NULL,NULL,NULL,019E6295-DDD6-7246-89B4-D7AABEB806A7,NULL,d2a15459-fd9f-4b68-961c-a21637134219,"Vales de despensa de 2000 mensuales, condicionados a puntualidad y asistencia."
019C6C02-7A94-7481-95A9-873785B6DE48,019C6C01-BE05-7248-A7E0-39F80075B5DA,66A50304-9D0C-0456-863B-59D2E1551DF7,000-OPE-JEF-JAR-1,9000.00,0,0,07:00:00.0000000,16:00:00.0000000,07:00:00.0000000,16:00:00.0000000,07:00:00.0000000,04:00:00.0000000,07:00:00.0000000,04:00:00.0000000,07:00:00.0000000,04:00:00.0000000,07:00:00.0000000,11:00:00.0000000,NULL,NULL,,019C6C02-7859-768A-8506-0793598A74B2,NULL,NULL,NULL
019C6C02-7A94-7FCB-8663-88999BB11C93,019C6C01-BE05-7960-B523-C4E2845B0DBA,66A50304-9D0C-0456-863B-59D2E1551DF7,000-OPE-CON-15,9375.90,0,0,NULL,NULL,NULL,NULL,NULL,NULL,NULL,NULL,NULL,NULL,NULL,NULL,NULL,NULL,,019C6C02-7859-7DF4-ACE6-9A5F1ABEC0BE,NULL,NULL,NULL
019C6C02-7A94-7C68-B558-8980B3473A19,NULL,019C6BEE-028A-70E4-98EA-557B645A3AE0,LBG--2,16000.00,0,1,09:00:00.0000000,18:00:00.0000000,09:00:00.0000000,18:00:00.0000000,09:00:00.0000000,18:00:00.0000000,09:00:00.0000000,18:00:00.0000000,09:00:00.0000000,18:00:00.0000000,NULL,NULL,NULL,NULL,,NULL,NULL,NULL,NULL
019C6C02-7A92-7B63-A370-8A3A72EFABAA,019C6C01-BE01-7528-8206-05BB47C44D6C,019C6BEE-0304-7465-AA30-482B78FE3AE2,RJO-REC-3,7850.00,0,0,08:00:00.0000000,NULL,NULL,08:00:00.0000000,08:00:00.0000000,NULL,NULL,08:00:00.0000000,08:00:00.0000000,NULL,NULL,08:00:00.0000000,08:00:00.0000000,NULL,NULL,019C6C02-7859-71FB-B898-5F458AA83BD3,NULL,c24d1733-14d5-44ab-a798-0f031b767c44,"Prestaciones de Ley.
Seguro social
Prima Vacacional
Vacaciones
Aguinaldo
Vales de despensa."
019C6C02-7A92-7D34-9379-8BF7B5C69D0F,019C6C01-BE02-77A0-8CF9-97E106FDFA05,019C6BEE-0304-7465-AA30-482B78FE3AE2,RJO-REC-7,8000.00,0,0,08:00:00.0000000,NULL,NULL,08:00:00.0000000,08:00:00.0000000,NULL,NULL,08:00:00.0000000,08:01:00.0000000,NULL,NULL,08:00:00.0000000,08:00:00.0000000,NULL,NULL,019C6C02-7859-714C-AF4D-2914CFBB8A93,NULL,c24d1733-14d5-44ab-a798-0f031b767c44,"Prestaciones de Ley.
Seguro social
Prima Vacacional
Vacaciones
Aguinaldo
Vales de despensa."
019C6C02-7A93-74E8-B216-8CD0B20272D3,019C6C01-BE02-7E56-AEA6-7216A9C1D61E,045DFCA2-6AF7-905A-AFC4-C265C225175D,RRR-OPE-REC-SPA-1,8814.00,0,0,07:00:00.0000000,21:00:00.0000000,07:00:00.0000000,21:00:00.0000000,07:00:00.0000000,21:00:00.0000000,07:00:00.0000000,21:00:00.0000000,07:00:00.0000000,21:00:00.0000000,08:00:00.0000000,18:00:00.0000000,09:00:00.0000000,17:00:00.0000000,El horario es de 24*,019C6C02-7859-7C37-A0E9-73973D502F09,NULL,c24d1733-14d5-44ab-a798-0f031b767c44,"Aguinaldo
Vacaciones
Prima Vacacional
Seguridad Social (IMSS)
Fondo de Vivienda (INFONAVIT)
Días de Descanso Obligatorio
Prima Dominical
Licencia por Maternidad/ Paternidad
Prima de Antigüedad
Vales de despensa a final de año.
"
019C6C02-7A92-70F7-BA4C-8E4788781AA5,NULL,019C6BEE-0305-7FBD-80E9-91CA348F903C,CRA-CON-4,8000.00,0,1,08:00:00.0000000,NULL,NULL,08:00:00.0000000,08:00:00.0000000,NULL,NULL,08:00:00.0000000,08:00:00.0000000,NULL,NULL,09:00:00.0000000,09:00:00.0000000,NULL,NULL,NULL,NULL,NULL,NULL
019C6C02-7A94-7C98-B95E-8F20190D9096,NULL,019C6BEE-028A-70E4-98EA-557B645A3AE0,LBG-00-1,18000.00,0,1,09:00:00.0000000,18:00:00.0000000,09:00:00.0000000,18:00:00.0000000,09:00:00.0000000,18:00:00.0000000,09:00:00.0000000,18:00:00.0000000,09:00:00.0000000,18:00:00.0000000,09:00:00.0000000,13:00:00.0000000,NULL,NULL,,NULL,NULL,NULL,NULL
019C6C02-7A93-71C4-B55E-9046C229AE33,019F5D6F-88BB-754D-A7E0-A3203EF98CB2,4C5CD4AE-D859-A85F-8FF6-8FAC21901457,TMR-LUD-2,4680.00,0,0,NULL,NULL,NULL,NULL,NULL,NULL,NULL,NULL,NULL,NULL,10:00:00.0000000,19:00:00.0000000,10:00:00.0000000,19:00:00.0000000,SOLO TRABAJA LOS FINES DE SEMANA (SÁBADO Y DOMINGO),019F2426-4F01-7214-8B0D-4C4E54602E16,NULL,7ce1e9a2-c45e-4ec6-9516-60a4648ed381,NULL
019C6C02-7A94-7D1B-A810-9054DA3E9AC2,NULL,019C6BEE-0305-7FBD-80E9-91CA348F903C,CRA--1,11000.00,0,1,09:00:00.0000000,18:00:00.0000000,09:00:00.0000000,18:00:00.0000000,09:00:00.0000000,18:00:00.0000000,09:00:00.0000000,18:00:00.0000000,09:00:00.0000000,18:00:00.0000000,09:00:00.0000000,13:00:00.0000000,NULL,NULL,,NULL,NULL,NULL,NULL
019C6C02-7A8F-7D04-AEDE-91543DE89D87,NULL,019C6BEE-0306-7897-A537-EDC147073C44,MBO-ASI-ADM,15000.00,0,1,09:00:00.0000000,18:00:00.0000000,09:00:00.0000000,18:00:00.0000000,09:00:00.0000000,18:00:00.0000000,09:00:00.0000000,18:00:00.0000000,09:00:00.0000000,18:00:00.0000000,09:00:00.0000000,13:00:00.0000000,NULL,NULL,NULL,NULL,NULL,NULL,NULL
019C6C02-7A93-7FDC-AD71-919D4388F0D5,019C6C01-BE01-7BB2-AEBB-761BD34255BA,019C6BEE-028A-70E4-98EA-557B645A3AE0,GSA-OPE-DIR-GEN-1,0.00,0,0,NULL,NULL,NULL,NULL,NULL,NULL,NULL,NULL,NULL,NULL,NULL,NULL,NULL,NULL,,NULL,NULL,79553dcb-3e87-40a5-b885-0b6f34d6b7bd,NULL
019C6C02-7A92-7DC9-AFAA-91BF86EDE61B,019C6C01-BE05-7EE4-9F31-4B50C54A0864,019C6BEE-0305-7FBD-80E9-91CA348F903C,CRA-CON-12,10000.00,0,0,08:00:00.0000000,08:00:00.0000000,08:00:00.0000000,08:00:00.0000000,08:00:00.0000000,08:00:00.0000000,08:00:00.0000000,08:00:00.0000000,08:00:00.0000000,08:00:00.0000000,09:00:00.0000000,09:00:00.0000000,09:00:00.0000000,09:00:00.0000000,"24x24, entrada y salida a las 09:00 am los sábados y domingos.",019C6C02-785A-7713-A008-FA2199A4A401,NULL,c24d1733-14d5-44ab-a798-0f031b767c44,"Vales de despensa de 2000 mensuales, condicionados a puntualidad y asistencia."
019C6C02-7A93-7665-AB78-92F9F543CBCE,019C6C01-BE05-7946-911F-2BECC469D53F,019C6BEE-0305-7FBD-80E9-91CA348F903C,CRA-DIR-SEG-1,60000.00,0,0,09:00:00.0000000,18:00:00.0000000,09:00:00.0000000,18:00:00.0000000,09:00:00.0000000,18:00:00.0000000,09:00:00.0000000,18:00:00.0000000,09:00:00.0000000,18:00:00.0000000,09:00:00.0000000,13:00:00.0000000,NULL,NULL,,NULL,NULL,d0a4522d-90b8-4d96-9a5c-629cf21d9dc5,NULL
019C6C02-7A93-7ADF-91F8-946A49EF575C,019C6C01-BE05-7ABE-A459-363BB314FA54,4C5CD4AE-D859-A85F-8FF6-8FAC21901457,TMR-MAN-PLO,10000.00,0,0,09:00:00.0000000,18:00:00.0000000,09:00:00.0000000,18:00:00.0000000,09:00:00.0000000,18:00:00.0000000,09:00:00.0000000,18:00:00.0000000,09:00:00.0000000,18:00:00.0000000,09:00:00.0000000,18:00:00.0000000,09:00:00.0000000,18:00:00.0000000,NULL,NULL,NULL,282a339d-c6d7-49da-887b-54aec4b3eeac,NULL
019C6C02-7A93-7D53-8E97-94EB664EEB2A,NULL,4C5CD4AE-D859-A85F-8FF6-8FAC21901457,TMR-MAN-AYU-2,10000.00,0,0,09:00:00.0000000,18:00:00.0000000,09:00:00.0000000,18:00:00.0000000,09:00:00.0000000,18:00:00.0000000,09:00:00.0000000,18:00:00.0000000,09:00:00.0000000,18:00:00.0000000,09:00:00.0000000,18:00:00.0000000,09:00:00.0000000,18:00:00.0000000,NULL,NULL,NULL,282a339d-c6d7-49da-887b-54aec4b3eeac,NULL
019C6C02-7A94-74EB-83B6-95402FFB2181,019C6C01-BE05-7F01-80D2-07C66DE3B79C,66A50304-9D0C-0456-863B-59D2E1551DF7,000-OPE-CON-7,8872.20,0,0,NULL,NULL,NULL,NULL,NULL,NULL,NULL,NULL,NULL,NULL,NULL,NULL,NULL,NULL,,019C6C02-7859-7C32-8B2C-20490E303FD5,NULL,NULL,NULL
019C6C02-7A94-777D-901D-989DEC6A81E1,NULL,019C6BEE-030A-7BC9-A330-70CB7C40FEEA,RIB-OPE-MAN-AYU-1,12000.00,0,1,07:00:00.0000000,15:00:00.0000000,07:00:00.0000000,15:00:00.0000000,07:00:00.0000000,15:00:00.0000000,07:00:00.0000000,15:00:00.0000000,07:00:00.0000000,15:00:00.0000000,NULL,15:00:00.0000000,NULL,NULL,"Descanso rolado sábado o domingo ",NULL,NULL,NULL,NULL
019C6C02-7A93-7F28-AB79-9944F2737C3D,019C6C01-BE06-74F2-8945-634455B03572,4C5CD4AE-D859-A85F-8FF6-8FAC21901457,TMR-MAN-ALB,10000.00,0,0,09:00:00.0000000,18:00:00.0000000,09:00:00.0000000,06:00:00.0000000,09:00:00.0000000,18:00:00.0000000,09:00:00.0000000,18:00:00.0000000,09:00:00.0000000,18:00:00.0000000,NULL,NULL,NULL,NULL,"En fines de semana tienen descansos rolados, 1 fin de semana trabajan sábado y domingo y descansan 2 fines de semana completos.
Es decir, 2 semanas solo laboran de lunes a viernes y descansan sábado y domingo.",NULL,NULL,282a339d-c6d7-49da-887b-54aec4b3eeac,NULL
019C6C02-7A93-70FF-94EC-9A0C22F29A36,019C6C01-BE01-7DEE-8CA3-9833857D4241,019C6BEE-028A-70E4-98EA-557B645A3AE0,GSA-LEG-AB-JR-1,0.00,0,0,NULL,NULL,NULL,NULL,NULL,NULL,NULL,NULL,NULL,NULL,NULL,NULL,NULL,NULL,,019C6C02-7859-74FE-A387-93ED0783D747,NULL,4beb24f1-fcae-477d-9fb8-654939337e5d,NULL
019C6C02-7A8F-7F18-817A-9C4C0936F614,NULL,019C6BEE-0306-7897-A537-EDC147073C44,MBO-ADM,24000.00,0,0,09:00:00.0000000,18:00:00.0000000,09:00:00.0000000,18:00:00.0000000,09:00:00.0000000,18:00:00.0000000,09:00:00.0000000,18:00:00.0000000,09:00:00.0000000,18:00:00.0000000,09:00:00.0000000,13:00:00.0000000,NULL,NULL,NULL,NULL,NULL,NULL,NULL
019C6C02-7A92-7AAE-903B-9C5DD0F70C30,019C6C01-BE06-79FA-A988-351EE939B6C8,019C6BEE-0305-7467-947E-E6E777FB8747,RAH-MAN-AYU-6,11000.00,1,0,11:00:00.0000000,20:00:00.0000000,11:00:00.0000000,20:00:00.0000000,11:00:00.0000000,20:00:00.0000000,11:00:00.0000000,20:00:00.0000000,11:00:00.0000000,20:00:00.0000000,09:00:00.0000000,18:00:00.0000000,NULL,NULL,Horarios de fin de semana son rolados,NULL,NULL,282a339d-c6d7-49da-887b-54aec4b3eeac,NULL
019C6C02-7A94-7ACA-9725-9D821F67ED9E,019C6C01-BE01-74FB-A27E-C8841D6B170A,66A50304-9D0C-0456-863B-59D2E1551DF7,000-OPE-OPE-001-2,35000.00,0,0,09:00:00.0000000,18:00:00.0000000,09:00:00.0000000,18:00:00.0000000,09:00:00.0000000,18:00:00.0000000,09:00:00.0000000,18:00:00.0000000,09:00:00.0000000,18:00:00.0000000,09:00:00.0000000,13:00:00.0000000,NULL,NULL,,019C6C02-7859-780F-BE51-6A5993250371,NULL,NULL,NULL
019C6C02-7A93-73F6-939C-9D9EBE1EC11D,NULL,019C6BEE-030A-7C51-BD43-A701E15B4C56,RAB-JEF-MAN,16000.00,0,0,07:00:00.0000000,16:00:00.0000000,07:00:00.0000000,16:00:00.0000000,07:00:00.0000000,16:00:00.0000000,07:00:00.0000000,16:00:00.0000000,07:00:00.0000000,16:00:00.0000000,07:00:00.0000000,13:00:00.0000000,NULL,NULL,NULL,NULL,NULL,NULL,NULL
019C6C02-7A92-7691-9F0B-9E6F31F5FC13,019C6C01-BE01-7E1E-A8EB-8E816C2047B8,019C6BEE-0305-7FBD-80E9-91CA348F903C,CRA-MAN-ALB,10000.00,0,0,07:00:00.0000000,16:00:00.0000000,07:00:00.0000000,16:00:00.0000000,07:00:00.0000000,16:00:00.0000000,07:00:00.0000000,16:00:00.0000000,07:00:00.0000000,16:00:00.0000000,08:00:00.0000000,17:00:00.0000000,08:00:00.0000000,17:00:00.0000000,"Se tiene un convenio de guardias en fines de semana, trabajando un sábado o domingo de una semana y descansando el fin completo de la semana siguiente.",019C6C02-784A-7629-91A4-67558A622680,NULL,282a339d-c6d7-49da-887b-54aec4b3eeac,"Se otorgan $2,000.00 MXN de vales de despensa al cumplir el 1er mes."
019C6C02-7A93-7F32-A6D6-9E8735AF77EA,NULL,019C6BEE-0308-7E03-8C9E-95D72BA29068,CSS-LUD,8800.00,0,0,10:00:00.0000000,19:00:00.0000000,10:00:00.0000000,19:00:00.0000000,10:00:00.0000000,19:00:00.0000000,10:00:00.0000000,19:00:00.0000000,10:00:00.0000000,19:00:00.0000000,10:00:00.0000000,15:00:00.0000000,NULL,NULL,NULL,NULL,NULL,NULL,NULL
019C6C02-7A94-761C-92DE-A15EB4DDC0BA,019C6C01-BDD6-7F81-BCDE-E96C68B4E1BC,019C6BEE-030A-7BC9-A330-70CB7C40FEEA,RIB-MAN-MTO-003-4,22000.00,0,0,09:00:00.0000000,18:00:00.0000000,09:00:00.0000000,18:00:00.0000000,09:00:00.0000000,18:00:00.0000000,09:00:00.0000000,18:00:00.0000000,09:00:00.0000000,18:00:00.0000000,09:00:00.0000000,13:00:00.0000000,NULL,NULL,"Descanso domingo. ",019C6C02-7859-7AF1-AC0E-9F6757CC24F5,NULL,05ef69b9-b570-4ea0-8785-9fd2b8861f9e,"Seguro, Vacaciones. "
019C6C02-7A91-7BF3-B687-A3154EC5DB74,019E6A3A-45BF-7DD6-9526-4A6B250A95B6,019C6BEE-0305-7467-947E-E6E777FB8747,RAH-MAN-AYU,12300.00,0,0,07:00:00.0000000,16:00:00.0000000,07:00:00.0000000,16:00:00.0000000,07:00:00.0000000,16:00:00.0000000,07:00:00.0000000,16:00:00.0000000,07:00:00.0000000,16:00:00.0000000,NULL,NULL,09:00:00.0000000,18:00:00.0000000,Los horarios de fin de semana son rolados,019EADC1-11A7-7BF8-B250-ABFD739C7C89,NULL,282a339d-c6d7-49da-887b-54aec4b3eeac,NULL
019C6C02-7A92-7B44-86F1-A335002E7AC2,019C6C01-BE01-7028-BF94-48B1BB36A1A4,019C6BEE-0304-7465-AA30-482B78FE3AE2,RJO-MAN-AYU,8000.00,0,0,09:00:00.0000000,18:00:00.0000000,09:00:00.0000000,18:00:00.0000000,09:00:00.0000000,18:00:00.0000000,09:00:00.0000000,18:00:00.0000000,09:00:00.0000000,18:00:00.0000000,09:00:00.0000000,13:00:00.0000000,NULL,NULL,NULL,019C6C02-7859-709B-9F10-724DB7A41FE6,NULL,c24d1733-14d5-44ab-a798-0f031b767c44,"Prestaciones de Ley.
Seguro social
Prima Vacacional
Vacaciones
Aguinaldo
Vales de despensa."
019C6C02-7A93-71AC-A79D-A3D9B5643298,019C6C01-BE05-7080-A121-80F6099E49A6,019C6BEE-028A-70E4-98EA-557B645A3AE0,GSA-OPE-MEN-1,12000.00,0,0,NULL,NULL,NULL,NULL,NULL,NULL,NULL,NULL,NULL,NULL,NULL,NULL,NULL,NULL,,019C6C02-7859-7AA6-AE44-E97FA0981789,NULL,bac08b99-2e84-4408-a4bf-c808c7229a22,NULL
019C6C02-7A92-7A18-A395-A5184FCE7A3F,019C6C01-BE02-7DB5-9833-6CD910CB5E21,019C6BEE-0305-7FBD-80E9-91CA348F903C,CRA-MAN-AYU-8,10000.00,0,0,07:00:00.0000000,16:00:00.0000000,07:00:00.0000000,16:00:00.0000000,07:00:00.0000000,16:00:00.0000000,07:00:00.0000000,16:00:00.0000000,07:00:00.0000000,16:00:00.0000000,08:00:00.0000000,17:00:00.0000000,08:00:00.0000000,17:00:00.0000000,"Se tiene un convenio de guardias en fines de semana, trabajando un sábado o domingo de una semana y descansando el fin completo de la semana siguiente.",019C6C02-7859-7605-88B0-942EAB7C23A5,NULL,282a339d-c6d7-49da-887b-54aec4b3eeac,"Se otorgan $2,000.00 MXN de vales de despensa al cumplir el 1er mes."
019C6C02-7A92-76A3-9DFB-A578D95E6150,019C6C01-BE01-7DB1-8F65-615DD7CA5479,019C6BEE-0304-7465-AA30-482B78FE3AE2,RJO-REC-5,7850.00,0,0,NULL,08:00:00.0000000,08:00:00.0000000,NULL,NULL,08:00:00.0000000,08:00:00.0000000,NULL,NULL,08:00:00.0000000,08:00:00.0000000,NULL,NULL,08:00:00.0000000,NULL,019C6C02-7859-7718-8B7F-71D792F8B4B6,NULL,c24d1733-14d5-44ab-a798-0f031b767c44,"Prestaciones de Ley.
Seguro social
Prima Vacacional
Vacaciones
Aguinaldo
Vales de despensa."
019C6C02-7A93-7DF0-A531-A6090E5597F3,NULL,019C6BEE-0306-7897-A537-EDC147073C44,MBO-OPE-ASI-ADM-2,14000.00,0,1,09:00:00.0000000,18:00:00.0000000,09:00:00.0000000,18:00:00.0000000,09:00:00.0000000,18:00:00.0000000,09:00:00.0000000,18:00:00.0000000,09:00:00.0000000,18:00:00.0000000,09:00:00.0000000,13:00:00.0000000,NULL,NULL,,NULL,NULL,NULL,NULL
019C6C02-7A94-7860-B463-A675BA62602E,019C6C01-BE05-7FBF-80A8-632D2D9B9597,66A50304-9D0C-0456-863B-59D2E1551DF7,CCR-MAN-MTO-012-1,35000.00,0,0,09:00:00.0000000,18:00:00.0000000,09:00:00.0000000,18:00:00.0000000,09:00:00.0000000,18:00:00.0000000,09:00:00.0000000,18:00:00.0000000,09:00:00.0000000,18:00:00.0000000,09:00:00.0000000,13:00:00.0000000,NULL,NULL,,019C6C02-7859-72CA-80C5-EE70E35ED5EC,NULL,NULL,NULL
019C6C02-7A92-7CA0-9792-A9E233F3C300,019C6C01-BE06-794E-A9EE-FCD848A12684,019C6BEE-0305-7FBD-80E9-91CA348F903C,CRA-LUD-2,8000.00,0,0,NULL,NULL,NULL,NULL,NULL,NULL,NULL,NULL,NULL,NULL,10:00:00.0000000,19:00:00.0000000,10:00:00.0000000,18:00:00.0000000,"FInes de semana.
",019E6253-87E2-78F8-A71F-53FDA52631BC,NULL,7ce1e9a2-c45e-4ec6-9516-60a4648ed381,"Vales de despensa de 500 mensuales, condicionados a puntualidad y asistencia."
019C6C02-7A92-70CB-B2C6-AA3EC5DB8745,019C6C01-BE06-7978-AC57-C6D43261E02E,4C5CD4AE-D859-A85F-8FF6-8FAC21901457,TMR-JEF-MAN,10000.00,2,0,09:00:00.0000000,18:00:00.0000000,09:00:00.0000000,18:00:00.0000000,09:00:00.0000000,18:00:00.0000000,09:00:00.0000000,18:00:00.0000000,09:00:00.0000000,18:00:00.0000000,NULL,NULL,NULL,NULL,"Entra un turno a las 18:00 h, se van al día siguiente a las 9:00 am y hasta el día siguiente vuelven a ingresar a las 16:00 h y así sucesivamente. ",NULL,NULL,282a339d-c6d7-49da-887b-54aec4b3eeac,NULL
019C6C02-7A92-71D0-A413-AB8F9848F660,019C6C01-BE06-786D-917B-F9A6A0255574,019C6BEE-0305-7FBD-80E9-91CA348F903C,CRA-CON-2,10000.00,0,0,08:00:00.0000000,08:00:00.0000000,08:00:00.0000000,08:00:00.0000000,08:00:00.0000000,08:00:00.0000000,08:00:00.0000000,08:00:00.0000000,08:00:00.0000000,08:00:00.0000000,09:00:00.0000000,09:00:00.0000000,09:00:00.0000000,09:00:00.0000000,"24x24, entrada y salida a las 09:00 am los sábados y domingos.",019C6C02-785A-7F0A-B00D-1C01DBC60EB8,NULL,c24d1733-14d5-44ab-a798-0f031b767c44,"Vales de despensa de 2000 mensuales, condicionados a puntualidad y asistencia."
019C6C02-7A93-7EA8-A87E-ABC8C38481F1,019C6C01-BE05-7E33-8F71-700C62142F95,66A50304-9D0C-0456-863B-59D2E1551DF7,000-OPE-MAN-AYU-2,10000.00,0,0,07:00:00.0000000,16:00:00.0000000,07:00:00.0000000,16:00:00.0000000,17:00:00.0000000,16:00:00.0000000,17:00:00.0000000,16:00:00.0000000,12:00:00.0000000,12:00:00.0000000,08:00:00.0000000,13:00:00.0000000,NULL,13:00:00.0000000,Rol de trabajo en fin de semana,019C6C02-7859-79E1-ABD0-DDBB84C8A85E,NULL,NULL,NULL
019C6C02-7A92-7194-BDE2-AC7A61D26DC6,019C6C01-BE01-7A50-8119-B503870531C4,4C5CD4AE-D859-A85F-8FF6-8FAC21901457,TMR-ADM,22000.00,0,0,09:00:00.0000000,18:00:00.0000000,09:00:00.0000000,18:00:00.0000000,09:00:00.0000000,18:00:00.0000000,09:00:00.0000000,18:00:00.0000000,09:00:00.0000000,18:00:00.0000000,09:00:00.0000000,13:00:00.0000000,NULL,NULL,NULL,019E7614-0827-7B39-8548-A2C2FE732B42,NULL,c3c04639-932b-4693-b8a8-1b20f7a7b35b,NULL
019C6C02-7A92-7697-80D1-AD9C663ACA30,019C6C01-BE02-7EFB-B791-08560A705B8B,019C6BEE-0304-7465-AA30-482B78FE3AE2,RJO-REC-8,7850.00,2,0,08:00:00.0000000,NULL,NULL,08:00:00.0000000,08:00:00.0000000,NULL,NULL,08:00:00.0000000,08:00:00.0000000,NULL,NULL,08:00:00.0000000,08:00:00.0000000,NULL,Turno de 24 X 24,019C6C02-7859-7E0F-B4E3-2B9858F27508,NULL,c24d1733-14d5-44ab-a798-0f031b767c44,"Prestaciones de Ley.
Seguro social
Prima Vacacional
Vacaciones
Aguinaldo
Vales de despensa."
019C6C02-7A91-7F24-A1D8-AE3B3A1D59BD,019C6C01-BE05-7A97-89A6-B3A2DCD3FA2A,019C6BEE-0305-7467-947E-E6E777FB8747,RAH-MON-2,10000.00,0,0,09:00:00.0000000,NULL,NULL,09:00:00.0000000,09:00:00.0000000,NULL,NULL,09:00:00.0000000,09:00:00.0000000,NULL,NULL,09:00:00.0000000,09:00:00.0000000,NULL,NULL,NULL,NULL,679cead3-68b8-4c81-b51d-52f4f1ec5b49,NULL
019C6C02-7A93-7ED3-8903-AE6B9E54BCA0,019C6C01-BE05-7BB7-AF88-5E79C14F5CD3,4C5CD4AE-D859-A85F-8FF6-8FAC21901457,TMR-OPE-CON-5,10000.00,0,0,08:00:00.0000000,17:00:00.0000000,08:00:00.0000000,17:00:00.0000000,08:00:00.0000000,17:00:00.0000000,08:00:00.0000000,17:00:00.0000000,08:00:00.0000000,17:00:00.0000000,08:00:00.0000000,17:00:00.0000000,08:00:00.0000000,17:00:00.0000000,"Se trabaja de lunes a domingo y es un día de descanso entre semana. ",NULL,NULL,aebb12b0-b96c-45d7-9f49-6319772c67e9,NULL
019C6C02-7A93-7DE3-9385-AE9FD551659A,019C6C01-BE02-74A5-BA96-68D1CB43706A,66A50304-9D0C-0456-863B-59D2E1551DF7,000-ADM-COB-1,11250.00,0,0,08:00:00.0000000,17:00:00.0000000,NULL,NULL,NULL,NULL,NULL,NULL,NULL,NULL,NULL,NULL,NULL,NULL,"SUELDO:
+ 10% vales de despensa.
+ 6% pasajes.",019C6C02-7859-7621-B37C-F8108BD70BEF,NULL,NULL,NULL
019C6C02-7A91-757F-8568-AED7F8384239,019C6C01-BE01-7290-B00B-C5A7DF84BE3E,019C6BEE-0304-7465-AA30-482B78FE3AE2,RJO-ADM,22000.00,0,0,09:00:00.0000000,18:00:00.0000000,09:00:00.0000000,18:00:00.0000000,09:00:00.0000000,18:00:00.0000000,09:00:00.0000000,18:00:00.0000000,09:00:00.0000000,18:00:00.0000000,09:00:00.0000000,13:00:00.0000000,NULL,NULL,NULL,019C6C02-785A-7C3E-B9A0-F3ACBF869B1A,NULL,05ef69b9-b570-4ea0-8785-9fd2b8861f9e,"Prestaciones de Ley.
Seguro social
Prima Vacacional
Vacaciones
Aguinaldo
Vales de despensa."
019C6C02-7A93-7933-B940-AF31454D3CF4,019C6C01-BE06-76D1-A550-E709AD95733B,4C5CD4AE-D859-A85F-8FF6-8FAC21901457,TMR-CON-3,10000.00,1,0,12:00:00.0000000,21:00:00.0000000,12:00:00.0000000,21:00:00.0000000,12:00:00.0000000,21:00:00.0000000,12:00:00.0000000,21:00:00.0000000,12:00:00.0000000,21:00:00.0000000,12:00:00.0000000,21:00:00.0000000,12:00:00.0000000,21:00:00.0000000,NULL,019EDBAC-68C4-71A2-A1EA-95B3BED59D44,NULL,aebb12b0-b96c-45d7-9f49-6319772c67e9,NULL
019C6C02-7A94-7ED9-AE7A-AF496433D1A6,019C6C01-BE05-7AFB-9634-B9793850BE38,019C6BEE-0305-7FBD-80E9-91CA348F903C,CRA-CH-1,10000.00,0,0,06:00:00.0000000,16:30:00.0000000,06:00:00.0000000,16:30:00.0000000,06:00:00.0000000,16:30:00.0000000,06:00:00.0000000,16:30:00.0000000,06:00:00.0000000,16:30:00.0000000,NULL,NULL,NULL,NULL,"Indispensable contar con licencia vigente, además del puesto como chofer en tiempos muertos, será responsable de la supervisión de paquetería para lobbys",019E6266-1471-7137-B47E-163A064E90ED,NULL,c5a8d643-337f-4c04-9c2a-5fb22fe1532f,"Vales de despensa de 2000 mensuales, condicionados a puntualidad y asistencia."
019C6C02-7A94-76A7-A73A-B0C134EEA605,NULL,66A50304-9D0C-0456-863B-59D2E1551DF7,000--6,10000.00,0,1,21:00:00.0000000,18:00:00.0000000,NULL,NULL,NULL,NULL,NULL,NULL,NULL,NULL,NULL,NULL,NULL,NULL,,NULL,NULL,NULL,NULL
019C6C02-7A91-7FFB-A98D-B2423B04B443,019C6C01-BE01-7783-AC12-84681B7997C0,019C6BEE-0305-7467-947E-E6E777FB8747,RAH-INS-GYM,12000.00,0,0,06:00:00.0000000,22:00:00.0000000,06:00:00.0000000,22:00:00.0000000,06:00:00.0000000,22:00:00.0000000,06:00:00.0000000,22:00:00.0000000,06:00:00.0000000,11:00:00.0000000,NULL,NULL,NULL,NULL,"Turno matutino    6:00-11:00
Turno vespertino  17:00-21:00
",019EADE4-6535-732A-B520-AF786F0ACAB0,NULL,1f546497-814f-409d-86c4-98aa3aa4e99e,NULL
019C6C02-7A92-701F-A63F-B4911F6744A1,019F5C29-8EED-79C4-BB92-141502AA1DDE,019C6BEE-0305-7FBD-80E9-91CA348F903C,CRA-CON-8,10000.00,0,0,08:00:00.0000000,08:00:00.0000000,08:00:00.0000000,08:00:00.0000000,08:00:00.0000000,08:00:00.0000000,08:00:00.0000000,08:00:00.0000000,08:00:00.0000000,08:00:00.0000000,09:00:00.0000000,09:00:00.0000000,09:00:00.0000000,09:00:00.0000000,"24x24, entrada y salida a las 09:00 am los sábados y domingos.",019C6C02-7859-7527-836D-4A91E2588932,NULL,c24d1733-14d5-44ab-a798-0f031b767c44,"Vales de despensa de 2000 mensuales, condicionados a puntualidad y asistencia."
019C6C02-7A94-78F8-BC47-B5B10B8CC8C6,NULL,66A50304-9D0C-0456-863B-59D2E1551DF7,000-OPE-CON-11,9400.00,0,0,NULL,NULL,NULL,NULL,NULL,NULL,NULL,NULL,NULL,NULL,NULL,NULL,NULL,NULL,,019C6C02-7859-7590-A63A-04FF8FB271D3,NULL,NULL,NULL
019C6C02-7A92-7F92-89A4-B7E3C15B5198,019C6C01-BE01-7147-BB6C-41649AB9209A,019C6BEE-0304-7465-AA30-482B78FE3AE2,RJO-MAN-AYU-2,8000.00,0,0,07:00:00.0000000,16:00:00.0000000,07:00:00.0000000,16:00:00.0000000,07:00:00.0000000,16:00:00.0000000,07:00:00.0000000,16:00:00.0000000,07:00:00.0000000,16:00:00.0000000,09:00:00.0000000,13:00:00.0000000,NULL,NULL,NULL,019C6C02-785A-7F69-92A9-ABF604BC7C22,NULL,282a339d-c6d7-49da-887b-54aec4b3eeac,"Prestaciones de Ley.
Seguro social
Prima Vacacional
Vacaciones
Aguinaldo
Vales de despensa."
019C6C02-7A93-7BC3-9B23-B8301DB5D857,NULL,019C6BEE-028A-70E4-98EA-557B645A3AE0,GSA-SUP-OPE,20000.00,0,1,09:00:00.0000000,18:00:00.0000000,09:00:00.0000000,18:00:00.0000000,09:00:00.0000000,18:00:00.0000000,09:00:00.0000000,18:00:00.0000000,09:00:00.0000000,18:00:00.0000000,09:00:00.0000000,13:00:00.0000000,NULL,NULL,NULL,NULL,NULL,NULL,NULL
019C6C02-7A53-746A-9A30-BE91108863FB,019C6C01-BE05-7B85-B9F0-AB75CC8102E6,019C6BEE-0309-7269-9571-2980E06B823A,ACP-ASI-ADM,13000.00,0,0,09:00:00.0000000,18:00:00.0000000,09:00:00.0000000,18:00:00.0000000,09:00:00.0000000,18:00:00.0000000,09:00:00.0000000,18:00:00.0000000,09:00:00.0000000,18:00:00.0000000,09:00:00.0000000,13:00:00.0000000,NULL,NULL,,019E193A-36BB-7922-B248-1C2A417F5957,NULL,3cd4991d-f21d-4340-868a-bc3a0362f5c3,"Seguro Médico, Vacaciones y prima vacacional, Aguinaldo, Días de descanso.   "
019C6C02-7A93-7C53-921F-C04AD41AE554,019C6C01-BE05-7FB3-8356-9DDA84987149,019C6BEE-028A-70E4-98EA-557B645A3AE0,GSA-ADM-CON-4,0.00,0,0,NULL,NULL,NULL,NULL,NULL,NULL,NULL,NULL,NULL,NULL,NULL,NULL,NULL,NULL,,019C6C02-7859-7232-AD8B-3D8259B7DC78,NULL,d5a031e4-a8ff-48ba-b20f-9d50251d4355,NULL
019C6C02-7A93-750F-8D5F-C0B8DB8C9B7E,NULL,019C6BEE-030A-7C51-BD43-A701E15B4C56,RAB-ADM,22000.00,0,0,09:00:00.0000000,18:00:00.0000000,09:00:00.0000000,18:00:00.0000000,09:00:00.0000000,18:00:00.0000000,09:00:00.0000000,18:00:00.0000000,09:00:00.0000000,18:00:00.0000000,09:00:00.0000000,13:00:00.0000000,NULL,NULL,NULL,NULL,NULL,NULL,NULL
019C6C02-7A92-7CDB-9262-C295A75DD477,019C6C01-BE01-74F2-A38E-CDB79D1F329D,019C6BEE-0304-7465-AA30-482B78FE3AE2,RJO-MAN-AYU-4,8500.00,0,0,07:00:00.0000000,16:00:00.0000000,07:00:00.0000000,16:00:00.0000000,07:00:00.0000000,16:00:00.0000000,07:00:00.0000000,16:00:00.0000000,07:00:00.0000000,16:00:00.0000000,09:00:00.0000000,13:00:00.0000000,NULL,NULL,NULL,019C6C02-7859-796B-AEB1-7D377D935444,NULL,282a339d-c6d7-49da-887b-54aec4b3eeac,NULL
019C6C02-7A93-7590-A98C-C413340A9FD1,019C6C01-BE05-742B-9FD3-1B8EB0296C8B,019C6BEE-0304-7465-AA30-482B78FE3AE2,RJO-REC-11,9577.00,2,0,08:00:00.0000000,NULL,NULL,08:00:00.0000000,08:00:00.0000000,NULL,NULL,08:00:00.0000000,08:00:00.0000000,NULL,NULL,08:00:00.0000000,08:00:00.0000000,NULL,200 bono de puntualidad  + 400 en vales de despensa,019C6C02-7859-7685-907E-A6EC85CB6235,NULL,c24d1733-14d5-44ab-a798-0f031b767c44,NULL
019C6C02-7A92-70EE-8332-C48ED2DA2C3A,019C6C01-BE06-712A-B695-BCC76CE3F24E,019C6BEE-0305-7FBD-80E9-91CA348F903C,CRA-MAN-AYU,10000.00,2,0,16:00:00.0000000,08:00:00.0000000,16:00:00.0000000,08:00:00.0000000,16:00:00.0000000,08:00:00.0000000,16:00:00.0000000,08:00:00.0000000,16:00:00.0000000,08:00:00.0000000,16:00:00.0000000,08:00:00.0000000,16:00:00.0000000,08:00:00.0000000,La entrada es a las 16:00 hrs y la salida es el día siguiente a las 08:00 hrs.,019C6C02-7859-785F-9710-2575DB79F72B,NULL,282a339d-c6d7-49da-887b-54aec4b3eeac,"Se otorgan $2,000.00 MXN de vales de despensa al cumplir el 1er mes."
019C6C02-7A92-79DE-B420-C49B58A462F4,019C6C01-BE05-719C-B21F-AA60E4C26703,019C6BEE-0305-7FBD-80E9-91CA348F903C,CRA-MAN-AYU-7,10000.00,1,0,11:00:00.0000000,20:00:00.0000000,11:00:00.0000000,20:00:00.0000000,11:00:00.0000000,20:00:00.0000000,11:00:00.0000000,20:00:00.0000000,11:00:00.0000000,20:00:00.0000000,08:00:00.0000000,17:00:00.0000000,08:00:00.0000000,17:00:00.0000000,"Se tiene un convenio de guardias en fines de semana, trabajando un sábado o domingo de una semana y descansando el fin completo de la semana siguiente.",019C6C02-7859-745B-A3C8-6F20876EFC9D,NULL,7ce1e9a2-c45e-4ec6-9516-60a4648ed381,"Se otorgan $2,000.00 MXN de vales de despensa al cumplir el 1er mes."
019C6C02-7A92-73FF-B35D-C67F582175D3,019C6C01-BE01-7876-AFB4-751A5520B806,019C6BEE-0305-7FBD-80E9-91CA348F903C,CRA-CON,13669.00,0,0,06:30:00.0000000,16:30:00.0000000,06:30:00.0000000,16:30:00.0000000,06:30:00.0000000,16:30:00.0000000,06:30:00.0000000,16:30:00.0000000,06:30:00.0000000,16:30:00.0000000,09:00:00.0000000,13:00:00.0000000,NULL,NULL,NULL,019C6C02-7859-7D15-90BB-990686657ED1,NULL,991ceb07-2689-4cb7-a510-3054f9c63164,"Vales de despensa de 2000 mensuales, condicionados a puntualidad y asistencia."
019C6C02-7A94-7AEB-9C39-C7778F45FAF6,019D3590-D6C4-745F-BD53-3DC2F1B6325A,045DFCA2-6AF7-905A-AFC4-C265C225175D,RRR-MAN-MTO-003-5,10000.00,0,0,09:00:00.0000000,18:00:00.0000000,09:00:00.0000000,18:00:00.0000000,09:00:00.0000000,18:00:00.0000000,09:00:00.0000000,18:00:00.0000000,09:00:00.0000000,18:00:00.0000000,NULL,NULL,NULL,NULL,ROLADOS MTTO  22 12 22 21,019C6C02-7859-77F4-B110-43C8FBCEC956,NULL,282a339d-c6d7-49da-887b-54aec4b3eeac,"Aguinaldo
Vacaciones
Prima Vacacional
Seguridad Social (IMSS)
Fondo de Vivienda (INFONAVIT)
Días de Descanso Obligatorio
Prima Dominical
Licencia por Maternidad/ Paternidad
Prima de Antigüedad
Vales de despensa a final de año.
"
019C6C02-7A92-70A0-A7CF-C873D497D951,019C6C01-BE01-76A1-B161-B11615444BC1,019C6BEE-0305-7FBD-80E9-91CA348F903C,CRA-CON-3,10000.00,0,0,08:00:00.0000000,08:00:00.0000000,08:00:00.0000000,08:00:00.0000000,08:00:00.0000000,08:00:00.0000000,08:00:00.0000000,08:00:00.0000000,08:00:00.0000000,08:00:00.0000000,09:00:00.0000000,09:00:00.0000000,09:00:00.0000000,09:00:00.0000000,"24x24, entrada y salida a las 09:00 am los sábados y domingos.",019C6C02-7859-7E1B-9414-E3688B5BB793,NULL,c24d1733-14d5-44ab-a798-0f031b767c44,"Vales de despensa de 2000 mensuales, condicionados a puntualidad y asistencia."
019C6C02-7A91-7165-953B-CBFCEDF666DE,019C6C01-BE01-789F-9D0D-5559107456BB,019C6BEE-0305-7467-947E-E6E777FB8747,RAH-MAN-AYU-2,8000.00,2,0,18:00:00.0000000,NULL,NULL,07:00:00.0000000,18:00:00.0000000,NULL,NULL,07:00:00.0000000,18:00:00.0000000,NULL,NULL,19:00:00.0000000,18:00:00.0000000,NULL,NULL,019EADC1-8B1D-7736-83BB-8D84F36E302C,NULL,282a339d-c6d7-49da-887b-54aec4b3eeac,NULL
019C6C02-7A92-7D32-9B54-CD1F8D9A5AEE,01A000CA-BDA5-7F07-8B85-FC9874A44220,019C6BEE-0305-7FBD-80E9-91CA348F903C,CRA-MAN-PLO,10000.00,0,0,09:00:00.0000000,18:00:00.0000000,09:00:00.0000000,18:00:00.0000000,09:00:00.0000000,18:00:00.0000000,09:00:00.0000000,18:00:00.0000000,09:00:00.0000000,18:00:00.0000000,08:00:00.0000000,17:00:00.0000000,08:00:00.0000000,17:00:00.0000000,"Se tiene un convenio de guardias en fines de semana, trabajando un sábado o domingo de una semana y descansando el fin completo de la semana siguiente.",019E27E8-AD69-71D1-BFCA-D51F38CD87E1,NULL,282a339d-c6d7-49da-887b-54aec4b3eeac,"Se otorgan $2,000.00 MXN de vales de despensa al cumplir el 1er mes."
019C6C02-7A94-791B-9BA2-CD612D2193BE,019C6C01-BE06-7896-95D1-CFF400B8517A,019C6BEE-0305-7467-947E-E6E777FB8747,RAH-SEG-SEG-006-1,18000.00,0,0,08:00:00.0000000,19:00:00.0000000,08:00:00.0000000,19:00:00.0000000,08:00:00.0000000,19:00:00.0000000,08:00:00.0000000,19:00:00.0000000,08:00:00.0000000,19:00:00.0000000,08:00:00.0000000,14:00:00.0000000,NULL,NULL,,019C6C02-7859-75A9-8D22-7CA027018307,NULL,d0a4522d-90b8-4d96-9a5c-629cf21d9dc5,NULL
019C6C02-7A93-7FC0-9DA6-CE103C976E68,019C6C01-BE02-70DE-A74B-086FA94EEE0A,045DFCA2-6AF7-905A-AFC4-C265C225175D,RRR-OPE-BEL-BOY-2,9266.00,0,0,07:00:00.0000000,21:00:00.0000000,07:00:00.0000000,21:00:00.0000000,07:00:00.0000000,21:00:00.0000000,07:00:00.0000000,21:00:00.0000000,07:00:00.0000000,21:00:00.0000000,NULL,NULL,NULL,NULL,"El horario es de 7 a 21 hrs cada tercer día, fin de semana lo laboran conforme les toque por rol.",019C6C02-7859-7EF9-BA85-7662FC84DC87,NULL,fe95912a-037c-4fe8-9a9d-d119cbbfec8c,"Aguinaldo
Vacaciones
Prima Vacacional
Seguridad Social (IMSS)
Fondo de Vivienda (INFONAVIT)
Días de Descanso Obligatorio
Prima Dominical
Licencia por Maternidad/ Paternidad
Prima de Antigüedad
Vales de despensa a final de año.
"
019C6C02-7A93-70AD-9F75-CE6B0433BE01,019C6C01-BE05-7E6F-B0B3-93272D0CDF37,66A50304-9D0C-0456-863B-59D2E1551DF7,000-OPE-CON-6,8872.20,0,0,NULL,NULL,NULL,NULL,NULL,NULL,NULL,NULL,NULL,NULL,NULL,NULL,NULL,NULL,,019C6C02-7859-7E7F-BEB7-80968FDBA79B,NULL,NULL,NULL
019C6C02-7A92-7C7B-ACE4-D061D19149B8,NULL,019C6BEE-0305-7FBD-80E9-91CA348F903C,CRA-CON-7,10000.00,0,1,08:00:00.0000000,08:00:00.0000000,08:00:00.0000000,08:00:00.0000000,08:00:00.0000000,08:00:00.0000000,08:00:00.0000000,08:00:00.0000000,08:00:00.0000000,08:00:00.0000000,09:00:00.0000000,09:00:00.0000000,09:00:00.0000000,09:00:00.0000000,"24x24, entrada y salida a las 09:00 am los sábados y domingos.",019C6C02-7859-72E7-80F5-06053B42FB90,NULL,c24d1733-14d5-44ab-a798-0f031b767c44,"Vales de despensa de 2000 mensuales, condicionados a puntualidad y asistencia."
019FEC99-E343-78A2-933E-D07DCEE5F38C,019FD834-530D-78ED-9F9D-E8CC16777FE1,019C6BEE-0305-7FBD-80E9-91CA348F903C,CRA-19-15,10000.00,1,0,11:00:00.0000000,20:00:00.0000000,11:00:00.0000000,20:00:00.0000000,11:00:00.0000000,20:00:00.0000000,11:00:00.0000000,20:00:00.0000000,11:00:00.0000000,20:00:00.0000000,NULL,NULL,NULL,NULL,Fines de semana rolados,019FEC99-E343-746C-AE97-ED3689F67A85,NULL,282a339d-c6d7-49da-887b-54aec4b3eeac,
019C6C02-7A92-7B67-86B3-D26A74C90CEA,NULL,019C6BEE-0305-7FBD-80E9-91CA348F903C,CRA-MAN-AYU-3,10000.00,0,1,10:00:00.0000000,19:00:00.0000000,10:00:00.0000000,19:00:00.0000000,10:00:00.0000000,19:00:00.0000000,10:00:00.0000000,19:00:00.0000000,10:00:00.0000000,19:00:00.0000000,08:00:00.0000000,18:00:00.0000000,08:00:00.0000000,18:00:00.0000000,Guardias de fin de semana roladas.,019C6C02-7859-7A0A-B757-B83D69FAD642,NULL,NULL,NULL
019C6C02-7A94-7A89-B5CA-D2E65AF98908,019C6C01-BE02-71B2-BBAC-12268AE3DAFF,66A50304-9D0C-0456-863B-59D2E1551DF7,000-OPE-JEF-MAN-1,18000.00,0,0,09:00:00.0000000,18:00:00.0000000,09:00:00.0000000,18:00:00.0000000,09:00:00.0000000,18:00:00.0000000,09:00:00.0000000,18:00:00.0000000,09:00:00.0000000,18:00:00.0000000,09:00:00.0000000,13:00:00.0000000,NULL,NULL,"SUELDO:
10% Vales de despensa 
6%  Pasajes ",019C6C02-7859-740A-8BB1-74524DC9EBC1,NULL,NULL,NULL
019C6C02-7A93-77B0-A8AF-D303FE413988,019C6C01-BE02-7C31-BCC8-8BE3DE863309,045DFCA2-6AF7-905A-AFC4-C265C225175D,RRR-OPE-ASI-ADM-1,18362.00,0,0,09:00:00.0000000,18:00:00.0000000,09:00:00.0000000,18:00:00.0000000,09:00:00.0000000,18:00:00.0000000,09:00:00.0000000,18:00:00.0000000,09:00:00.0000000,18:00:00.0000000,09:00:00.0000000,18:00:00.0000000,NULL,NULL,,019C6C02-7859-7A93-B835-DEF5E4A62CE2,NULL,3cd4991d-f21d-4340-868a-bc3a0362f5c3,"Aguinaldo
Vacaciones
Prima Vacacional
Seguridad Social (IMSS)
Fondo de Vivienda (INFONAVIT)
Días de Descanso Obligatorio
Prima Dominical
Licencia por Maternidad/ Paternidad
Prima de Antigüedad
Vales de despensa a final de año.
"
019C6C02-7A94-746A-840D-D322A1929DF6,019C6C01-BE05-7719-BA13-7D64A2422D0D,66A50304-9D0C-0456-863B-59D2E1551DF7,000-OPE-CON-14,10157.40,0,0,NULL,NULL,NULL,NULL,NULL,NULL,NULL,NULL,NULL,NULL,NULL,NULL,NULL,NULL,,NULL,NULL,NULL,NULL
019C6C02-7A94-72BD-8F6D-D6A39C053E6D,NULL,019C6BEE-0306-7897-A537-EDC147073C44,MBO-OPE-JEF-MAN-2,17000.00,0,1,09:00:00.0000000,NULL,09:00:00.0000000,NULL,09:00:00.0000000,NULL,09:00:00.0000000,NULL,09:00:00.0000000,NULL,09:00:00.0000000,NULL,NULL,NULL,,NULL,NULL,NULL,NULL
019C6C02-7A94-748D-9F70-D796B09C303C,019C6C01-BE05-79B5-8E9F-B485EA0D2EDC,66A50304-9D0C-0456-863B-59D2E1551DF7,000-OPE-CON-12,8872.20,0,0,NULL,NULL,NULL,NULL,NULL,NULL,NULL,NULL,NULL,NULL,NULL,NULL,NULL,NULL,,019C6C02-7859-7EA1-8781-BE9D8B260C88,NULL,NULL,NULL
019C6C02-7A93-773C-9E1C-D9297F34806D,019C6C01-BE06-70D0-89AC-205819A2B75D,045DFCA2-6AF7-905A-AFC4-C265C225175D,RRR-01-1,10000.00,0,0,08:00:00.0000000,17:00:00.0000000,08:00:00.0000000,17:00:00.0000000,08:00:00.0000000,17:00:00.0000000,08:00:00.0000000,17:00:00.0000000,08:00:00.0000000,17:00:00.0000000,07:00:00.0000000,16:00:00.0000000,NULL,NULL,Fin de semana Rolado.,019C6C02-7859-7E66-ADFC-C3156CB08D1A,NULL,282a339d-c6d7-49da-887b-54aec4b3eeac,"Aguinaldo
Vacaciones
Prima Vacacional
Seguridad Social (IMSS)
Fondo de Vivienda (INFONAVIT)
Días de Descanso Obligatorio
Prima Dominical
Licencia por Maternidad/ Paternidad
Prima de Antigüedad
Vales de despensa a final de año.
"
019C6C02-7A93-78C1-B638-D9B9E78E6D4C,019C6C01-BE02-7B34-83B8-F0EEFDE49B29,66A50304-9D0C-0456-863B-59D2E1551DF7,000-OPE-REC-1,12000.00,0,0,14:00:00.0000000,22:00:00.0000000,14:00:00.0000000,22:00:00.0000000,14:00:00.0000000,22:00:00.0000000,14:00:00.0000000,22:00:00.0000000,14:00:00.0000000,22:00:00.0000000,NULL,14:00:00.0000000,NULL,NULL,"SUELDO:
+ 10% vales de despensa.
+ 6% pasajes.
Rol de fin de semana.",019C6C02-7859-735F-89D4-775591711DE3,NULL,NULL,NULL
019C6C02-7A93-73CD-AB72-DB281A096F5F,019F7186-2276-7F86-8F46-2DDEA66E2F99,4C5CD4AE-D859-A85F-8FF6-8FAC21901457,TMR-CON-4,10000.00,0,0,08:00:00.0000000,17:00:00.0000000,08:00:00.0000000,17:00:00.0000000,08:00:00.0000000,17:00:00.0000000,08:00:00.0000000,17:00:00.0000000,08:00:00.0000000,17:00:00.0000000,08:00:00.0000000,14:00:00.0000000,08:00:00.0000000,21:00:00.0000000,1 día de descanso rolado entre semana y medio día sábado,019EDBAB-B62F-7B8F-B1B2-83C6C0F3AF39,NULL,aebb12b0-b96c-45d7-9f49-6319772c67e9,NULL
019C6C02-7A92-7482-BED3-DC3F37C4D5A4,019C6C01-BE01-7D49-B4B4-A3DF5AE83F83,019C6BEE-0309-7269-9571-2980E06B823A,ACP-ADM,20000.00,0,0,09:00:00.0000000,18:00:00.0000000,09:00:00.0000000,18:00:00.0000000,09:00:00.0000000,18:00:00.0000000,09:00:00.0000000,18:00:00.0000000,09:00:00.0000000,18:00:00.0000000,09:00:00.0000000,13:00:00.0000000,NULL,NULL,NULL,019E1974-9840-765A-8C50-397FF6774DA2,NULL,05ef69b9-b570-4ea0-8785-9fd2b8861f9e,"Seguro Médico, Vacaciones y prima vacacional, Aguinaldo, Días de descanso.   "
019C6C02-7A92-770B-AEE3-DE36B9483FF7,01A000F6-1BF5-7F3A-B4E9-4B448947D82A,019C6BEE-0305-7FBD-80E9-91CA348F903C,CRA-MAN-CAR-2,10000.00,0,0,07:00:00.0000000,16:00:00.0000000,07:00:00.0000000,16:00:00.0000000,07:00:00.0000000,16:00:00.0000000,07:00:00.0000000,16:00:00.0000000,07:00:00.0000000,16:00:00.0000000,08:00:00.0000000,17:00:00.0000000,08:00:00.0000000,17:00:00.0000000,"Se tiene un convenio de guardias en fines de semana, trabajando un sábado o domingo de una semana y descansando el fin completo de la semana siguiente.",019E5156-1C96-7B9E-9D47-1D2712936846,NULL,282a339d-c6d7-49da-887b-54aec4b3eeac,"Se otorgan $2,000.00 MXN de vales de despensa al cumplir el 1er mes."
019C6C02-7A92-789B-B2CB-DE377CAD6BDA,019DF384-4FDB-7BE3-AA6D-9C1E565815BA,4C5CD4AE-D859-A85F-8FF6-8FAC21901457,TMR-JEF-ALM,12000.00,0,0,09:00:00.0000000,18:00:00.0000000,09:00:00.0000000,18:00:00.0000000,09:00:00.0000000,18:00:00.0000000,09:00:00.0000000,18:00:00.0000000,09:00:00.0000000,18:00:00.0000000,09:00:00.0000000,13:00:00.0000000,NULL,NULL,,019D6DE6-4B0A-7AEE-ACBA-D425906A28B4,NULL,d2a15459-fd9f-4b68-961c-a21637134219,NULL
019C6C02-7A91-753F-91C5-E01DCCF723DE,019C6C01-BE05-72E6-B526-1E345968AC73,019C6BEE-0304-7465-AA30-482B78FE3AE2,RJO-ASI-ADM,11000.00,0,0,09:00:00.0000000,18:00:00.0000000,09:00:00.0000000,18:00:00.0000000,09:00:00.0000000,18:00:00.0000000,09:00:00.0000000,18:00:00.0000000,09:00:00.0000000,18:00:00.0000000,09:00:00.0000000,13:00:00.0000000,NULL,NULL,NULL,019C6C02-7859-7315-A7AB-3FD9CC1DCE2D,NULL,3cd4991d-f21d-4340-868a-bc3a0362f5c3,"Prestaciones de Ley.
Seguro social
Prima Vacacional
Vacaciones
Aguinaldo
Vales de despensa."
019C6C02-7A92-7BE8-B674-E0962000E885,019C6C01-BE01-72E6-99B8-D3909173F4A8,019C6BEE-0305-7FBD-80E9-91CA348F903C,CRA-COB,18819.00,0,0,09:00:00.0000000,18:00:00.0000000,09:00:00.0000000,18:00:00.0000000,09:00:00.0000000,18:00:00.0000000,09:00:00.0000000,18:00:00.0000000,09:00:00.0000000,18:00:00.0000000,09:00:00.0000000,13:00:00.0000000,NULL,NULL,NULL,019C6C02-7859-7B5F-89D5-10BD9EFC45EE,NULL,d61c5030-2c0e-47e9-962b-581692e2a637,"Vales de despensa de 2000 mensuales, condicionados a puntualidad y asistencia."
019C6C02-7A94-7B9C-893F-E1078394D28D,NULL,019C6BEE-0306-7897-A537-EDC147073C44,MBO--2,0.00,0,1,09:00:00.0000000,18:00:00.0000000,09:00:00.0000000,18:00:00.0000000,09:00:00.0000000,18:00:00.0000000,09:00:00.0000000,18:00:00.0000000,09:00:00.0000000,18:00:00.0000000,09:00:00.0000000,13:00:00.0000000,NULL,NULL,,NULL,NULL,NULL,NULL
019C6C02-7A93-77E6-88CA-E1612CE229BC,019FF791-BD9E-71B7-A84B-1ABA02CDF790,4C5CD4AE-D859-A85F-8FF6-8FAC21901457,TMR-OPE-MAN-NOC-1,10000.00,0,0,09:00:00.0000000,18:00:00.0000000,09:00:00.0000000,18:00:00.0000000,09:00:00.0000000,18:00:00.0000000,09:00:00.0000000,18:00:00.0000000,09:00:00.0000000,18:00:00.0000000,09:00:00.0000000,18:00:00.0000000,09:00:00.0000000,18:00:00.0000000,"Cada 20 días se rolan turnos. 
Descansa dos fines de semana y trabaja el tercer fin de semana. ",NULL,NULL,282a339d-c6d7-49da-887b-54aec4b3eeac,NULL
019C6C02-7A92-74E6-B8DE-E35793C11A05,019C6C01-BE05-73E8-B594-532E81D0ACA8,019C6BEE-0309-7269-9571-2980E06B823A,ACP-MAN-AYU,14000.00,0,0,07:00:00.0000000,15:00:00.0000000,07:00:00.0000000,15:00:00.0000000,07:00:00.0000000,15:00:00.0000000,07:00:00.0000000,15:00:00.0000000,07:00:00.0000000,15:00:00.0000000,09:00:00.0000000,13:00:00.0000000,NULL,NULL,"Se modifico horario en diciembre 2024 entra a las 6:00 a.m. y su salida es a las 2:00 p.m. ",019C6C02-7859-7B87-AAB7-991C78FAB8C9,NULL,282a339d-c6d7-49da-887b-54aec4b3eeac,"Seguro Médico, Vacaciones y prima vacacional, Aguinaldo, Días de descanso.   "
019C6C02-7A94-70C9-8DB1-E36D115A4798,019C6C01-BE05-7388-8561-FB354A5CF991,019C6BEE-0304-7465-AA30-482B78FE3AE2,RJO-OPE-REC-12,9000.00,0,0,08:02:00.0000000,NULL,NULL,08:01:00.0000000,08:01:00.0000000,NULL,NULL,08:01:00.0000000,08:01:00.0000000,NULL,NULL,08:01:00.0000000,08:01:00.0000000,NULL,"Turno de 24X24
Sueldo neto $8600 bono de puntualidad y productividad incluidos + 400 en vales de despensa",019C6C02-785A-7933-9FC5-9509B28684F6,NULL,991ceb07-2689-4cb7-a510-3054f9c63164,"Prestaciones de Ley.
Seguro social
Prima Vacacional
Vacaciones
Aguinaldo
Vales de despensa."
019C6C02-7A92-7C6D-9217-E3A5A29D4652,019FB8C0-FA1C-75CB-8675-8C47B3BFA232,019C6BEE-0305-7FBD-80E9-91CA348F903C,CRA-MAN-AYU-4,10000.00,2,0,16:00:00.0000000,08:00:00.0000000,16:00:00.0000000,08:00:00.0000000,16:00:00.0000000,08:00:00.0000000,16:00:00.0000000,08:00:00.0000000,16:00:00.0000000,08:00:00.0000000,16:00:00.0000000,08:00:00.0000000,16:00:00.0000000,08:00:00.0000000,La entrada es a las 16:00 hrs y la salida es el día siguiente a las 08:00 hrs.,019E2E08-07E7-7982-BE1A-3852AA26E04C,NULL,282a339d-c6d7-49da-887b-54aec4b3eeac,"Se otorgan $2,000.00 MXN de vales de despensa al cumplir el 1er mes."
019C6C02-7A92-7F66-8CD0-E4040BBD352A,019C6C01-BE02-7717-B2CE-BD98FA4B8BB6,4C5CD4AE-D859-A85F-8FF6-8FAC21901457,TMR-MAS-CON,15000.00,0,0,09:00:00.0000000,18:00:00.0000000,09:00:00.0000000,18:00:00.0000000,09:00:00.0000000,18:00:00.0000000,09:00:00.0000000,18:00:00.0000000,09:00:00.0000000,18:00:00.0000000,09:00:00.0000000,13:00:00.0000000,NULL,NULL,,019EA8A7-9094-774E-94BC-9A9F8FDFC241,NULL,2fd5977f-4f33-4b38-8deb-a801481e4442,NULL
019C6C02-7A92-7A11-A8F6-E4BADACE9030,019C6C01-BE01-7A2B-BBF3-6A0B08BA8DAC,019C6BEE-0304-7465-AA30-482B78FE3AE2,RJO-REC-6,7850.00,0,0,08:00:00.0000000,NULL,NULL,08:00:00.0000000,08:00:00.0000000,NULL,NULL,08:00:00.0000000,08:00:00.0000000,NULL,NULL,08:00:00.0000000,08:00:00.0000000,NULL,NULL,019C6C02-7859-7DB0-A320-F3CE3C105FA4,NULL,c24d1733-14d5-44ab-a798-0f031b767c44,"Prestaciones de Ley.
Seguro social
Prima Vacacional
Vacaciones
Aguinaldo
Vales de despensa."
019C6C02-7A93-7945-B03E-E53CC1084477,019C6C01-BE01-78B5-B864-DF9510F832E2,019C6BEE-028A-70E4-98EA-557B645A3AE0,GSA-GER-MAN,18000.00,0,0,07:00:00.0000000,16:00:00.0000000,07:00:00.0000000,16:00:00.0000000,07:00:00.0000000,16:00:00.0000000,07:00:00.0000000,16:00:00.0000000,07:00:00.0000000,16:00:00.0000000,07:00:00.0000000,16:00:00.0000000,07:00:00.0000000,16:00:00.0000000,NULL,NULL,NULL,a878cb49-10f5-4c5f-9545-ec874fac7e02,NULL
019C6C02-7A94-705D-A165-E56B36C9C142,NULL,045DFCA2-6AF7-905A-AFC4-C265C225175D,RRR-PRO-PIL-1,10000.00,0,1,NULL,NULL,NULL,NULL,NULL,NULL,NULL,NULL,NULL,NULL,NULL,NULL,NULL,NULL,"Es servicio por evento, por hora se paga 650.00
a la semana aproximadamente 5-6 horas, horarios entre 7 y 10 am",NULL,NULL,NULL,NULL
019C6C02-7A94-776D-90A2-E65915EEE94B,NULL,66A50304-9D0C-0456-863B-59D2E1551DF7,000--5,10000.00,0,1,NULL,NULL,NULL,NULL,NULL,NULL,NULL,NULL,NULL,NULL,NULL,NULL,NULL,NULL,Horario rotativo,NULL,NULL,NULL,NULL
019C6C02-7A94-7607-97E4-E6DF4EC92D3C,019C6C01-BE02-754D-ACD5-2B172FC665B4,019C6BEE-0305-7FBD-80E9-91CA348F903C,CRA-OPE-OPE-002-3,10000.00,1,0,08:00:00.0000000,17:00:00.0000000,08:00:00.0000000,17:00:00.0000000,08:00:00.0000000,17:00:00.0000000,08:00:00.0000000,17:00:00.0000000,08:00:00.0000000,17:00:00.0000000,09:00:00.0000000,18:00:00.0000000,09:00:00.0000000,18:00:00.0000000,"Los fines de semana se rolan, descansan dos fines de semana completo y otro lo trabajan sábado y domingo.",019C6C02-7859-71C9-8F90-F43B29F235BD,NULL,fe95912a-037c-4fe8-9a9d-d119cbbfec8c,"Vales de despensa de 2000 mensuales, condicionados a puntualidad y asistencia."
019C6C02-7A92-7AFC-88FD-E9FAD98A7750,019F5D72-8BEA-7523-BBCA-CF80AF4D15B5,4C5CD4AE-D859-A85F-8FF6-8FAC21901457,TMR-CON,10000.00,1,0,11:00:00.0000000,20:00:00.0000000,11:00:00.0000000,20:00:00.0000000,11:00:00.0000000,20:00:00.0000000,11:00:00.0000000,20:00:00.0000000,11:00:00.0000000,20:00:00.0000000,11:00:00.0000000,20:00:00.0000000,11:00:00.0000000,20:00:00.0000000,NULL,019ED2E3-55DC-7603-8762-096E24D7CE7D,NULL,aebb12b0-b96c-45d7-9f49-6319772c67e9,NULL
019C6C02-7A94-720A-B353-EA04C88D536F,019C6C01-BE01-7B9B-AE29-A30B39039306,045DFCA2-6AF7-905A-AFC4-C265C225175D,RRR-MAN-MTO-003-4,10000.00,0,0,08:00:00.0000000,17:00:00.0000000,08:00:00.0000000,17:00:00.0000000,08:00:00.0000000,17:00:00.0000000,08:00:00.0000000,17:00:00.0000000,08:00:00.0000000,17:00:00.0000000,08:00:00.0000000,17:00:00.0000000,NULL,NULL,"Fin de semana  rolado y se cambia el horario de acuerdo operación.


Los horarios se pueden modificar en cualquier momento por administración y se les notifica con anticipación.",019C6C02-7859-7636-BC9E-44D851672893,NULL,282a339d-c6d7-49da-887b-54aec4b3eeac,"Aguinaldo
Vacaciones
Prima Vacacional
Seguridad Social (IMSS)
Fondo de Vivienda (INFONAVIT)
Días de Descanso Obligatorio
Prima Dominical
Licencia por Maternidad/ Paternidad
Prima de Antigüedad
Vales de despensa a final de año.
"
019C6C02-7A93-7DBA-A7B2-EA4FD31D2785,NULL,019C6BEE-028A-70E4-98EA-557B645A3AE0,GSA-SUP-OPE-2,25000.00,0,1,09:00:00.0000000,18:00:00.0000000,09:00:00.0000000,18:00:00.0000000,09:00:00.0000000,18:00:00.0000000,09:00:00.0000000,18:00:00.0000000,09:00:00.0000000,18:00:00.0000000,09:00:00.0000000,13:00:00.0000000,NULL,NULL,NULL,NULL,NULL,NULL,NULL
019C6C02-7A94-7F73-8AF9-EAB3C90045CB,019C6C01-BE05-7456-A5A1-FC82E4141D91,019C6BEE-0304-7465-AA30-482B78FE3AE2,RJO-OPE-JEF-SEG-1,18000.00,0,0,09:00:00.0000000,18:00:00.0000000,09:00:00.0000000,18:00:00.0000000,09:00:00.0000000,18:00:00.0000000,09:00:00.0000000,18:00:00.0000000,09:00:00.0000000,18:00:00.0000000,09:00:00.0000000,13:00:00.0000000,NULL,NULL,,019C6C02-7859-776D-9A8C-445ACF5865B0,NULL,d0a4522d-90b8-4d96-9a5c-629cf21d9dc5,"Prestaciones de Ley.
Seguro social
Prima Vacacional
Vacaciones
Aguinaldo
Vales de despensa."
019C6C02-7A94-7EBD-B26D-EDE07BDFB415,019C6C01-BE05-7E8D-A02D-836EACDBE991,019C6BEE-030A-7BC9-A330-70CB7C40FEEA,RIB-OPE-MAN-AYU-2,10000.00,1,0,10:00:00.0000000,18:45:00.0000000,10:00:00.0000000,18:45:00.0000000,10:00:00.0000000,18:45:00.0000000,10:00:00.0000000,18:45:00.0000000,10:00:00.0000000,18:45:00.0000000,09:00:00.0000000,15:00:00.0000000,09:00:00.0000000,15:00:00.0000000,"Descanso rolado sábado o domingo ",019E6A50-E6D3-73FF-A125-7D82A456DF7A,NULL,282a339d-c6d7-49da-887b-54aec4b3eeac,Seguro y vacaciones
019C6C02-7A92-77DA-A6FF-EDFD6013059F,019CA0F6-A659-7357-B609-E6C4B3E1B1A3,019C6BEE-0305-7FBD-80E9-91CA348F903C,CRA-MAN-AYU-5,10000.00,2,0,16:00:00.0000000,08:00:00.0000000,16:00:00.0000000,08:00:00.0000000,16:00:00.0000000,08:00:00.0000000,16:00:00.0000000,08:00:00.0000000,16:00:00.0000000,08:00:00.0000000,16:00:00.0000000,08:00:00.0000000,16:00:00.0000000,08:00:00.0000000,La entrada es a las 16:00 hrs y la salida es el día siguiente a las 08:00 hrs.,019C6C02-7859-76D1-A125-C394C66141AC,NULL,282a339d-c6d7-49da-887b-54aec4b3eeac,"Se otorgan $2,000.00 MXN de vales de despensa al cumplir el 1er mes."
019C6C02-7A92-7A0F-9FB8-EF0D80502C21,019C6C01-BE05-7D83-AC02-3B6309C218E6,4C5CD4AE-D859-A85F-8FF6-8FAC21901457,TMR-ASI-ADM,17000.00,0,0,09:00:00.0000000,18:00:00.0000000,09:00:00.0000000,18:00:00.0000000,09:00:00.0000000,18:00:00.0000000,09:00:00.0000000,18:00:00.0000000,09:00:00.0000000,18:00:00.0000000,09:00:00.0000000,13:00:00.0000000,NULL,NULL,NULL,019EAED2-0165-7259-BE15-29CF6F83646B,NULL,3cd4991d-f21d-4340-868a-bc3a0362f5c3,NULL
019C6C02-7A93-74A3-A6D3-EF1BD177435E,019C6C01-BE05-7F12-8762-46EE57EDE416,019C6BEE-028A-70E4-98EA-557B645A3AE0,GSA-ADM-CON-1,0.00,0,0,09:00:00.0000000,18:00:00.0000000,09:00:00.0000000,18:00:00.0000000,09:00:00.0000000,18:00:00.0000000,09:00:00.0000000,18:00:00.0000000,09:00:00.0000000,18:00:00.0000000,NULL,NULL,NULL,NULL,,019C6C02-785A-7A3D-931B-0FFEF74788EF,NULL,d5a031e4-a8ff-48ba-b20f-9d50251d4355,NULL
019C6C02-7A93-760E-AF77-EF48E7696579,019C6C01-BE02-7F05-8C2F-A39729EB4679,019C6BEE-028A-70E4-98EA-557B645A3AE0,GSA-OPE-SUP-OPE-3,0.00,0,0,NULL,NULL,NULL,NULL,NULL,NULL,NULL,NULL,NULL,NULL,NULL,NULL,NULL,NULL,,NULL,NULL,05ef69b9-b570-4ea0-8785-9fd2b8861f9e,NULL
019C6C02-7A92-7F68-B158-EF93BAA2FFBA,NULL,019C6BEE-0308-7E03-8C9E-95D72BA29068,CSS-COB,13200.00,0,0,09:00:00.0000000,18:00:00.0000000,09:00:00.0000000,18:00:00.0000000,09:00:00.0000000,18:00:00.0000000,09:00:00.0000000,18:00:00.0000000,09:00:00.0000000,18:00:00.0000000,09:00:00.0000000,13:00:00.0000000,NULL,NULL,NULL,NULL,NULL,NULL,NULL
019C6C02-7A93-7B0A-824A-F15066997ABF,019C6C01-BE05-7F4B-A414-A8B112146A67,66A50304-9D0C-0456-863B-59D2E1551DF7,000-OPE-CON-5,9375.90,0,0,NULL,NULL,NULL,NULL,NULL,NULL,NULL,NULL,NULL,NULL,NULL,NULL,NULL,NULL,,019C6C02-7859-791F-B8D4-864C6BC92AAB,NULL,NULL,NULL
019C6C02-7A94-7758-BD9D-F33A59335C65,NULL,019C6BEE-0305-7FBD-80E9-91CA348F903C,CRA-OPE-CON-13,10000.00,0,1,08:00:00.0000000,08:00:00.0000000,08:00:00.0000000,08:00:00.0000000,08:00:00.0000000,08:00:00.0000000,08:00:00.0000000,08:00:00.0000000,08:00:00.0000000,08:00:00.0000000,09:00:00.0000000,09:00:00.0000000,09:00:00.0000000,09:00:00.0000000,"24x24, entrada y salida a las 09:00 am los sábados y domingos.",019C6C02-7859-7EB1-8186-B146285A0824,NULL,c24d1733-14d5-44ab-a798-0f031b767c44,"Vales de despensa de 2000 mensuales, condicionados a puntualidad y asistencia."
019C6C02-7A94-7F19-8C34-F42C21B86138,NULL,019C6BEE-0306-7897-A537-EDC147073C44,MBO-ADM-ADM-002-4,14000.00,0,0,09:00:00.0000000,18:00:00.0000000,09:00:00.0000000,18:00:00.0000000,09:00:00.0000000,18:00:00.0000000,09:00:00.0000000,18:00:00.0000000,09:00:00.0000000,18:00:00.0000000,09:00:00.0000000,13:00:00.0000000,NULL,NULL,,NULL,NULL,NULL,NULL
019C6C02-7A92-7419-971C-F526FCD6DF52,019C6C01-BE01-7DF5-BA48-F5BC1D554650,019C6BEE-0304-7465-AA30-482B78FE3AE2,RJO-JEF-MAN,12000.00,0,0,07:00:00.0000000,16:00:00.0000000,07:00:00.0000000,16:00:00.0000000,07:00:00.0000000,16:00:00.0000000,07:00:00.0000000,16:00:00.0000000,07:00:00.0000000,16:00:00.0000000,09:00:00.0000000,13:00:00.0000000,NULL,NULL,NULL,019C6C02-785A-765D-89E0-E6CBE0998496,NULL,8f762c81-db47-443d-870c-e4dee04315f2,"Prestaciones de Ley.
Seguro social
Prima Vacacional
Vacaciones
Aguinaldo
Vales de despensa."
019C6C02-7A92-7E8A-BBDC-F80C1E989185,019C6C01-BE02-718C-BCE4-C013FC91DAB7,4C5CD4AE-D859-A85F-8FF6-8FAC21901457,TMR-GER-MAN,22000.00,0,0,09:00:00.0000000,18:00:00.0000000,09:00:00.0000000,18:00:00.0000000,09:00:00.0000000,18:00:00.0000000,09:00:00.0000000,18:00:00.0000000,09:00:00.0000000,18:00:00.0000000,09:00:00.0000000,13:00:00.0000000,NULL,NULL,NULL,NULL,NULL,8f762c81-db47-443d-870c-e4dee04315f2,NULL
019C6C02-7A92-787B-89C7-F84BA376139A,019C6C01-BE01-73AE-AFC7-383E1575ABE8,4C5CD4AE-D859-A85F-8FF6-8FAC21901457,TMR-ADM-2,25000.00,0,0,09:00:00.0000000,18:00:00.0000000,09:00:00.0000000,18:00:00.0000000,09:00:00.0000000,18:00:00.0000000,09:00:00.0000000,18:00:00.0000000,09:00:00.0000000,18:00:00.0000000,09:00:00.0000000,13:00:00.0000000,NULL,NULL,NULL,019EAECD-AF56-71E4-BDF1-5B49A272B91E,NULL,7be101ec-c8eb-49a0-a62c-835113adaa6d,NULL
019C6C02-7A92-7BE0-8A69-F864C47455A9,019C6C01-BE01-7C17-8E60-90BE8B538F2D,019C6BEE-0304-7465-AA30-482B78FE3AE2,RJO-REC-9,7850.00,0,0,NULL,08:00:00.0000000,08:00:00.0000000,NULL,NULL,08:00:00.0000000,08:00:00.0000000,NULL,NULL,08:00:00.0000000,08:00:00.0000000,NULL,NULL,08:00:00.0000000,NULL,019C6C02-7859-70EA-A1AA-7C3738AA9BB5,NULL,c24d1733-14d5-44ab-a798-0f031b767c44,"Prestaciones de Ley.
Seguro social
Prima Vacacional
Vacaciones
Aguinaldo
Vales de despensa."
019C6C02-7A93-7C5C-9BEF-FAAB6179912D,019C6C01-BE02-7ABB-B47B-31BD5C28CAE4,045DFCA2-6AF7-905A-AFC4-C265C225175D,RRR-OPE-MAN-ELE-2,18990.00,0,0,08:00:00.0000000,17:00:00.0000000,08:00:00.0000000,17:00:00.0000000,08:00:00.0000000,17:00:00.0000000,08:00:00.0000000,17:00:00.0000000,08:00:00.0000000,17:00:00.0000000,09:00:00.0000000,13:00:00.0000000,NULL,NULL,,019C6C02-7859-70A7-9AE7-4DAD25E3D1FE,NULL,282a339d-c6d7-49da-887b-54aec4b3eeac,"Aguinaldo
Vacaciones
Prima Vacacional
Seguridad Social (IMSS)
Fondo de Vivienda (INFONAVIT)
Días de Descanso Obligatorio
Prima Dominical
Licencia por Maternidad/ Paternidad
Prima de Antigüedad
Vales de despensa a final de año.
"
019C6C02-7A93-71F1-BB34-FAF82901ACD7,019C6C01-BE05-707B-BAAA-9B1B17AFAEAB,045DFCA2-6AF7-905A-AFC4-C265C225175D,RRR-OPE-MAN-AYU-3,10000.00,0,0,06:00:00.0000000,14:00:00.0000000,06:00:00.0000000,14:00:00.0000000,06:00:00.0000000,14:00:00.0000000,06:00:00.0000000,14:00:00.0000000,06:00:00.0000000,14:00:00.0000000,NULL,NULL,06:00:00.0000000,06:00:00.0000000,,019C6C02-7859-70C2-AE59-5DBC57DCA976,NULL,282a339d-c6d7-49da-887b-54aec4b3eeac,"Aguinaldo
Vacaciones
Prima Vacacional
Seguridad Social (IMSS)
Fondo de Vivienda (INFONAVIT)
Días de Descanso Obligatorio
Prima Dominical
Licencia por Maternidad/ Paternidad
Prima de Antigüedad
Vales de despensa a final de año.
"
019C6C02-7A93-7B06-A42A-FB31456D5646,019C6C01-BE06-7D43-A490-AE261897F1FA,019C6BEE-0305-7FBD-80E9-91CA348F903C,CRA-MAN/TEC/SIS-1,0.00,0,0,09:00:00.0000000,18:00:00.0000000,09:00:00.0000000,18:00:00.0000000,09:00:00.0000000,18:00:00.0000000,09:00:00.0000000,18:00:00.0000000,09:00:00.0000000,18:00:00.0000000,09:00:00.0000000,13:00:00.0000000,NULL,NULL,,019E8956-1AA0-740C-A1D9-7B55CBD135D4,NULL,cdff5f05-295c-40a2-9fbc-590eadf3debf,"Vales de despensa de 2000 mensuales, condicionados a puntualidad y asistencia."
019C6C02-7A93-7467-9217-FC6EB3F75625,019C6C01-BE01-7D9A-92BD-41B224625181,019C6BEE-030A-7BC9-A330-70CB7C40FEEA,RIB-OPE-ASI-ADM-1,14000.00,0,0,09:00:00.0000000,18:00:00.0000000,09:00:00.0000000,18:00:00.0000000,09:00:00.0000000,18:00:00.0000000,09:00:00.0000000,18:00:00.0000000,09:00:00.0000000,18:00:00.0000000,09:00:00.0000000,13:00:00.0000000,NULL,NULL,,019C6C02-7859-7A35-ABC8-9EECC8BDC7ED,NULL,3cd4991d-f21d-4340-868a-bc3a0362f5c3,Seguro y vacaciones.
019C6C02-7A94-7180-8DDE-FCFADD165074,019C6C01-BE02-7DEA-B78C-4626F0AACFE9,66A50304-9D0C-0456-863B-59D2E1551DF7,000-OPE-CON-9,8872.20,0,0,NULL,NULL,NULL,NULL,NULL,NULL,NULL,NULL,NULL,NULL,NULL,NULL,NULL,NULL,,019C6C02-7859-7CA8-AD2F-B8E40783B2CA,NULL,NULL,NULL
019C6C02-7A92-79F5-9214-FD4DA5307B78,019C6C01-BE02-7B88-B8AC-6F230DC39D70,019C6BEE-0304-7465-AA30-482B78FE3AE2,RJO-MAN-AYU-9,10000.00,2,0,00:00:00.0000000,23:59:00.0000000,NULL,NULL,00:00:00.0000000,23:59:00.0000000,NULL,NULL,00:00:00.0000000,23:59:00.0000000,NULL,NULL,00:00:00.0000000,23:59:00.0000000,NULL,019C6C02-7859-7B8E-A574-C2C21F1C0A4C,NULL,282a339d-c6d7-49da-887b-54aec4b3eeac,"Prestaciones de Ley.
Seguro social
Prima Vacacional
Vacaciones
Aguinaldo
Vales de despensa."
019C6C02-7A93-784C-B446-FDAD3DB99FF8,019C6C01-BE02-784E-A51B-AC0A5109D4C1,045DFCA2-6AF7-905A-AFC4-C265C225175D,RRR-OPE-ADM-OP-1,9840.00,0,0,11:00:00.0000000,19:00:00.0000000,11:00:00.0000000,19:00:00.0000000,11:00:00.0000000,19:00:00.0000000,11:00:00.0000000,19:00:00.0000000,11:00:00.0000000,19:00:00.0000000,11:00:00.0000000,19:00:00.0000000,NULL,NULL,Fin de semana rolado 10 a 18 hrs,019C6C02-7859-7703-BDD0-5EAE83450F11,NULL,7ce1e9a2-c45e-4ec6-9516-60a4648ed381,NULL
019C6C02-7A93-7ACA-AC0F-FFD745FA5202,019C6C01-BE05-7136-A8E2-13F19668FCE2,66A50304-9D0C-0456-863B-59D2E1551DF7,000-OPE-MAN-AYU-1,10000.00,0,0,11:00:00.0000000,19:00:00.0000000,11:00:00.0000000,19:00:00.0000000,11:00:00.0000000,19:00:00.0000000,11:00:00.0000000,19:00:00.0000000,11:00:00.0000000,19:00:00.0000000,11:00:00.0000000,14:00:00.0000000,NULL,NULL,Sueldo por antigüedad,NULL,NULL,NULL,NULL
