"TypeName","TypeKind","CurrentNamespace","Module","TargetNamespace","FilePath"
"BankAddOrEditDTO","record","LuxuryApp.Application.DTOs","AdminLuxuryApp","LuxuryApp.Application.Modules.AdminLuxuryApp.CatalogosGenerales.Banks.DTOs","CatalogosGenerales\Banks\DTOs\BankAddOrEditDTO.cs"
"BankDTO","record","LuxuryApp.Application.DTOs","AdminLuxuryApp","LuxuryApp.Application.Modules.AdminLuxuryApp.CatalogosGenerales.Banks.DTOs","CatalogosGenerales\Banks\DTOs\BankDTO.cs"
"BankEndPoints","class","LuxuryApp.Application.EndPoints","AdminLuxuryApp","LuxuryApp.Application.Modules.AdminLuxuryApp.CatalogosGenerales.Banks.EndPoints","CatalogosGenerales\Banks\EndPoints\BanksEndpoints.cs"
"IBankAppService","interface","LuxuryApp.Application.Interfaces","AdminLuxuryApp","LuxuryApp.Application.Modules.AdminLuxuryApp.CatalogosGenerales.Banks.Interfaces","CatalogosGenerales\Banks\Interfaces\IBankAppService.cs"
"BankMapper","class","LuxuryApp.Application.Mappings","AdminLuxuryApp","LuxuryApp.Application.Modules.AdminLuxuryApp.CatalogosGenerales.Banks.Mapping","CatalogosGenerales\Banks\Mapping\BankMapper.cs"
"BankAppService","class","LuxuryApp.Application.Interfaces","AdminLuxuryApp","LuxuryApp.Application.Modules.AdminLuxuryApp.CatalogosGenerales.Banks.Services","CatalogosGenerales\Banks\Services\BankAppService.cs"
"DocumentCatalogListItemDto","record","LuxuryApp.Application.DTOs","AdminLuxuryApp","LuxuryApp.Application.Modules.AdminLuxuryApp.CatalogosGenerales.DocumentCatalog.DTOs","CatalogosGenerales\DocumentCatalog\DTOs\DocumentCatalogDtos.cs"
"DocumentCatalogEndpoints","class","LuxuryApp.Application.EndPoints","AdminLuxuryApp","LuxuryApp.Application.Modules.AdminLuxuryApp.CatalogosGenerales.DocumentCatalog.EndPoints","CatalogosGenerales\DocumentCatalog\EndPoints\DocumentCatalogEndpoints.cs"
"IDocumentCatalogAppService","interface","LuxuryApp.Application.Interfaces","AdminLuxuryApp","LuxuryApp.Application.Modules.AdminLuxuryApp.CatalogosGenerales.DocumentCatalog.Interfaces","CatalogosGenerales\DocumentCatalog\Interfaces\IDocumentCatalogAppService.cs"
"DocumentCatalogAppService","class","LuxuryApp.Application.Services","AdminLuxuryApp","LuxuryApp.Application.Modules.AdminLuxuryApp.CatalogosGenerales.DocumentCatalog.Services","CatalogosGenerales\DocumentCatalog\Services\DocumentCatalogAppService.cs"
"EmailDataAddOrEditDTO","record","LuxuryApp.Application.DTOs","AdminLuxuryApp","LuxuryApp.Application.Modules.AdminLuxuryApp.CatalogosGenerales.EmailData.DTOs","CatalogosGenerales\EmailData\DTOs\EmailDataAddOrEditDTO.cs"
"EmailDataDTO","record","LuxuryApp.Application.DTOs","AdminLuxuryApp","LuxuryApp.Application.Modules.AdminLuxuryApp.CatalogosGenerales.EmailData.DTOs","CatalogosGenerales\EmailData\DTOs\EmailDataDTO.cs"
"EmailDataEndPoints","class","LuxuryApp.Application.EndPoints","AdminLuxuryApp","LuxuryApp.Application.Modules.AdminLuxuryApp.CatalogosGenerales.EmailData.EndPoints","CatalogosGenerales\EmailData\EndPoints\EmailDataEndpoints.cs"
"IEmailDataAppService","interface","LuxuryApp.Application.Interfaces","AdminLuxuryApp","LuxuryApp.Application.Modules.AdminLuxuryApp.CatalogosGenerales.EmailData.Interfaces","CatalogosGenerales\EmailData\Interfaces\IEmailDataAppService.cs"
"EmailDataMapper","class","LuxuryApp.Application.Mappings","AdminLuxuryApp","LuxuryApp.Application.Modules.AdminLuxuryApp.CatalogosGenerales.EmailData.Mapping","CatalogosGenerales\EmailData\Mapping\EmailDataMapper.cs"
"EmailDataAppService","class","LuxuryApp.Application.Interfaces","AdminLuxuryApp","LuxuryApp.Application.Modules.AdminLuxuryApp.CatalogosGenerales.EmailData.Services","CatalogosGenerales\EmailData\Services\EmailDataAppService.cs"
"AddressAddOrEditDTO","record","LuxuryApp.Application.DTOs","AdminLuxuryApp","LuxuryApp.Application.Modules.AdminLuxuryApp.CatalogosGenerales.GeneralCatalogs.DTOs","CatalogosGenerales\GeneralCatalogs\DTOs\AddressAddOrEditDTO.cs"
"CategoryAddOrEditDTO","record","LuxuryApp.Application.DTOs","AdminLuxuryApp","LuxuryApp.Application.Modules.AdminLuxuryApp.CatalogosGenerales.GeneralCatalogs.DTOs","CatalogosGenerales\GeneralCatalogs\DTOs\CategoryAddOrEditDTO.cs"
"CategoryDTO","record","LuxuryApp.Application.DTOs","AdminLuxuryApp","LuxuryApp.Application.Modules.AdminLuxuryApp.CatalogosGenerales.GeneralCatalogs.DTOs","CatalogosGenerales\GeneralCatalogs\DTOs\CategoryDTO.cs"
"MeasurementUnitsAddOrEditDTO","record","LuxuryApp.Application.DTOs","AdminLuxuryApp","LuxuryApp.Application.Modules.AdminLuxuryApp.CatalogosGenerales.GeneralCatalogs.DTOs","CatalogosGenerales\GeneralCatalogs\DTOs\MeasurementUnitsAddOrEditDTO.cs"
"MeasurementUnitsDTO","record","LuxuryApp.Application.DTOs","AdminLuxuryApp","LuxuryApp.Application.Modules.AdminLuxuryApp.CatalogosGenerales.GeneralCatalogs.DTOs","CatalogosGenerales\GeneralCatalogs\DTOs\MeasurementUnitsDTO.cs"
"ToolAddOrEditDTO","record","LuxuryApp.Application.DTOs","AdminLuxuryApp","LuxuryApp.Application.Modules.AdminLuxuryApp.CatalogosGenerales.GeneralCatalogs.DTOs","CatalogosGenerales\GeneralCatalogs\DTOs\ToolAddOrEditDTO.cs"
"ToolDTO","record","LuxuryApp.Application.DTOs","AdminLuxuryApp","LuxuryApp.Application.Modules.AdminLuxuryApp.CatalogosGenerales.GeneralCatalogs.DTOs","CatalogosGenerales\GeneralCatalogs\DTOs\ToolDTO.cs"
"AddressEndPoints","class","LuxuryApp.Application.EndPoints","AdminLuxuryApp","LuxuryApp.Application.Modules.AdminLuxuryApp.CatalogosGenerales.GeneralCatalogs.EndPoints","CatalogosGenerales\GeneralCatalogs\EndPoints\AddressEndPoints.cs"
"CatalogAssetEndPoints","class","LuxuryApp.Application.EndPoints","AdminLuxuryApp","LuxuryApp.Application.Modules.AdminLuxuryApp.CatalogosGenerales.GeneralCatalogs.EndPoints","CatalogosGenerales\GeneralCatalogs\EndPoints\CatalogAssetEndPoints.cs"
"CategoriesEndPoints","class","LuxuryApp.Application.EndPoints","AdminLuxuryApp","LuxuryApp.Application.Modules.AdminLuxuryApp.CatalogosGenerales.GeneralCatalogs.EndPoints","CatalogosGenerales\GeneralCatalogs\EndPoints\CategoriesEndPoints.cs"
"ConfiguracionEndPoints","class","LuxuryApp.Application.EndPoints","AdminLuxuryApp","LuxuryApp.Application.Modules.AdminLuxuryApp.CatalogosGenerales.GeneralCatalogs.EndPoints","CatalogosGenerales\GeneralCatalogs\EndPoints\ConfiguracionEndPoints.cs"
"IAddressAppService","interface","LuxuryApp.Application.Interfaces","AdminLuxuryApp","LuxuryApp.Application.Modules.AdminLuxuryApp.CatalogosGenerales.GeneralCatalogs.Interfaces","CatalogosGenerales\GeneralCatalogs\Interfaces\IAddressAppService.cs"
"ICatalogAssetAppService","interface","LuxuryApp.Application.Interfaces","AdminLuxuryApp","LuxuryApp.Application.Modules.AdminLuxuryApp.CatalogosGenerales.GeneralCatalogs.Interfaces","CatalogosGenerales\GeneralCatalogs\Interfaces\ICatalogAssetAppService.cs"
"ICategoryAppService","interface","LuxuryApp.Application.Interfaces","AdminLuxuryApp","LuxuryApp.Application.Modules.AdminLuxuryApp.CatalogosGenerales.GeneralCatalogs.Interfaces","CatalogosGenerales\GeneralCatalogs\Interfaces\ICategoryAppService.cs"
"IToolAppService","interface","LuxuryApp.Application.Interfaces","AdminLuxuryApp","LuxuryApp.Application.Modules.AdminLuxuryApp.CatalogosGenerales.GeneralCatalogs.Interfaces","CatalogosGenerales\GeneralCatalogs\Interfaces\IToolAppService.cs"
"AddressMapper","class","LuxuryApp.Application.Mappings","AdminLuxuryApp","LuxuryApp.Application.Modules.AdminLuxuryApp.CatalogosGenerales.GeneralCatalogs.Mapping","CatalogosGenerales\GeneralCatalogs\Mapping\AddressMapper.cs"
"CategoryMapper","class","LuxuryApp.Application.Mappings","AdminLuxuryApp","LuxuryApp.Application.Modules.AdminLuxuryApp.CatalogosGenerales.GeneralCatalogs.Mapping","CatalogosGenerales\GeneralCatalogs\Mapping\CategoryMapper.cs"
"ToolMapper","class","LuxuryApp.Application.Mappings","AdminLuxuryApp","LuxuryApp.Application.Modules.AdminLuxuryApp.CatalogosGenerales.GeneralCatalogs.Mapping","CatalogosGenerales\GeneralCatalogs\Mapping\ToolMapper.cs"
"AddressAppService","class","LuxuryApp.Application.Interfaces","AdminLuxuryApp","LuxuryApp.Application.Modules.AdminLuxuryApp.CatalogosGenerales.GeneralCatalogs.Services","CatalogosGenerales\GeneralCatalogs\Services\AddressAppService.cs"
"CatalogAssetAppService","class","LuxuryApp.Application.Interfaces","AdminLuxuryApp","LuxuryApp.Application.Modules.AdminLuxuryApp.CatalogosGenerales.GeneralCatalogs.Services","CatalogosGenerales\GeneralCatalogs\Services\CatalogAssetAppService.cs"
"CategoryAppService","class","LuxuryApp.Application.Interfaces","AdminLuxuryApp","LuxuryApp.Application.Modules.AdminLuxuryApp.CatalogosGenerales.GeneralCatalogs.Services","CatalogosGenerales\GeneralCatalogs\Services\CategoryAppService.cs"
"ToolAppService","class","LuxuryApp.Application.Services","AdminLuxuryApp","LuxuryApp.Application.Modules.AdminLuxuryApp.CatalogosGenerales.GeneralCatalogs.Services","CatalogosGenerales\GeneralCatalogs\Services\ToolAppService.cs"
"UnidadMedidaEndPoints","class","LuxuryApp.Application.EndPoints","AdminLuxuryApp","LuxuryApp.Application.Modules.AdminLuxuryApp.CatalogosGenerales.MeasurementUnit.EndPoints","CatalogosGenerales\MeasurementUnit\EndPoints\UnidadMedidaEndPoints.cs"
"IMeasurementUnitAppService","interface","LuxuryApp.Application.Interfaces","AdminLuxuryApp","LuxuryApp.Application.Modules.AdminLuxuryApp.CatalogosGenerales.MeasurementUnit.Interfaces","CatalogosGenerales\MeasurementUnit\Interfaces\IMeasurementUnitAppService.cs"
"UnidadMedidaMapper","class","LuxuryApp.Application.Mappings","AdminLuxuryApp","LuxuryApp.Application.Modules.AdminLuxuryApp.CatalogosGenerales.MeasurementUnit.Mapping","CatalogosGenerales\MeasurementUnit\Mapping\UnidadMedidaMapper.cs"
"MeasurementUnitAppService","class","LuxuryApp.Application.Services","AdminLuxuryApp","LuxuryApp.Application.Modules.AdminLuxuryApp.CatalogosGenerales.MeasurementUnit.Services","CatalogosGenerales\MeasurementUnit\Services\MeasurementUnitAppService.cs"
"MetodoPagoAddOrEditDTO","record","LuxuryApp.Application.DTOs","AdminLuxuryApp","LuxuryApp.Application.Modules.AdminLuxuryApp.CatalogosGenerales.MetodoPago.DTOs","CatalogosGenerales\MetodoPago\DTOs\MetodoPagoAddOrEditDTO.cs"
"MetodoPagoDTO","record","LuxuryApp.Application.DTOs","AdminLuxuryApp","LuxuryApp.Application.Modules.AdminLuxuryApp.CatalogosGenerales.MetodoPago.DTOs","CatalogosGenerales\MetodoPago\DTOs\MetodoPagoDTO.cs"
"MetodoPagoEndPoints","class","LuxuryApp.Application.EndPoints","AdminLuxuryApp","LuxuryApp.Application.Modules.AdminLuxuryApp.CatalogosGenerales.MetodoPago.EndPoints","CatalogosGenerales\MetodoPago\EndPoints\MetodoPagoEndPoints.cs"
"IMetodoDePagoAppService","interface","LuxuryApp.Application.Interfaces","AdminLuxuryApp","LuxuryApp.Application.Modules.AdminLuxuryApp.CatalogosGenerales.MetodoPago.Interfaces","CatalogosGenerales\MetodoPago\Interfaces\IMetodoDePagoAppService.cs"
"MetodoDePagoMapper","class","LuxuryApp.Application.Mappings","AdminLuxuryApp","LuxuryApp.Application.Modules.AdminLuxuryApp.CatalogosGenerales.MetodoPago.Mapping","CatalogosGenerales\MetodoPago\Mapping\MetodoDePagoMapper.cs"
"MetodoDePagoAppService","class","LuxuryApp.Application.Interfaces","AdminLuxuryApp","LuxuryApp.Application.Modules.AdminLuxuryApp.CatalogosGenerales.MetodoPago.Services","CatalogosGenerales\MetodoPago\Services\MetodoDePagoAppService.cs"
"PaymentMethodAddOrEditDTO","record","LuxuryApp.Application.DTOs","AdminLuxuryApp","LuxuryApp.Application.Modules.AdminLuxuryApp.CatalogosGenerales.PaymentMethod.DTOs","CatalogosGenerales\PaymentMethod\DTOs\PaymentMethodAddOrEditDTO.cs"
"PaymentMethodDTO","record","LuxuryApp.Application.DTOs","AdminLuxuryApp","LuxuryApp.Application.Modules.AdminLuxuryApp.CatalogosGenerales.PaymentMethod.DTOs","CatalogosGenerales\PaymentMethod\DTOs\PaymentMethodDTO.cs"
"PaymentMethodEndPoints","class","LuxuryApp.Application.EndPoints","AdminLuxuryApp","LuxuryApp.Application.Modules.AdminLuxuryApp.CatalogosGenerales.PaymentMethod.EndPoints","CatalogosGenerales\PaymentMethod\EndPoints\PaymentMethodsEndPoints.cs"
"IPaymentMethodAppService","interface","LuxuryApp.Application.Interfaces","AdminLuxuryApp","LuxuryApp.Application.Modules.AdminLuxuryApp.CatalogosGenerales.PaymentMethod.Interfaces","CatalogosGenerales\PaymentMethod\Interfaces\IPaymentMethodAppService.cs"
"PaymentMethodMapper","class","LuxuryApp.Application.Mappings","AdminLuxuryApp","LuxuryApp.Application.Modules.AdminLuxuryApp.CatalogosGenerales.PaymentMethod.Mapping","CatalogosGenerales\PaymentMethod\Mapping\PaymentMethodMapper.cs"
"PaymentMethodAppService","class","LuxuryApp.Application.Interfaces","AdminLuxuryApp","LuxuryApp.Application.Modules.AdminLuxuryApp.CatalogosGenerales.PaymentMethod.Services","CatalogosGenerales\PaymentMethod\Services\PaymentMethodAppService.cs"
"TelefonosEmergenciaAddOrEditDTO","record","LuxuryApp.Application.DTOs","AdminLuxuryApp","LuxuryApp.Application.Modules.AdminLuxuryApp.CatalogosGenerales.TelefonosEmergencia.DTOs","CatalogosGenerales\TelefonosEmergencia\DTOs\TelefonosEmergenciaAddOrEditDTO.cs"
"TelefonosEmergenciaDTO","record","LuxuryApp.Application.DTOs","AdminLuxuryApp","LuxuryApp.Application.Modules.AdminLuxuryApp.CatalogosGenerales.TelefonosEmergencia.DTOs","CatalogosGenerales\TelefonosEmergencia\DTOs\TelefonosEmergenciaDTO.cs"
"TelefonosEmergenciaEndPoints","class","LuxuryApp.Application.EndPoints","AdminLuxuryApp","LuxuryApp.Application.Modules.AdminLuxuryApp.CatalogosGenerales.TelefonosEmergencia.EndPoints","CatalogosGenerales\TelefonosEmergencia\EndPoints\TelefonosEmergenciaEndpoints.cs"
"ITelefonosEmergenciaAppService","interface","LuxuryApp.Application.Interfaces","AdminLuxuryApp","LuxuryApp.Application.Modules.AdminLuxuryApp.CatalogosGenerales.TelefonosEmergencia.Interfaces","CatalogosGenerales\TelefonosEmergencia\Interfaces\ITelefonosEmergenciaAppService.cs"
"TelefonosEmergenciaAppService","class","LuxuryApp.Application.Services","AdminLuxuryApp","LuxuryApp.Application.Modules.AdminLuxuryApp.CatalogosGenerales.TelefonosEmergencia.Services","CatalogosGenerales\TelefonosEmergencia\Services\TelefonosEmergenciaAppService.cs"
"UseCfdiAddOrEditDTO","record","LuxuryApp.Application.DTOs","AdminLuxuryApp","LuxuryApp.Application.Modules.AdminLuxuryApp.CatalogosGenerales.UsoCfdi.DTOs","CatalogosGenerales\UsoCfdi\DTOs\UseCfdiAddOrEditDTO.cs"
"UseCfdiDTO","record","LuxuryApp.Application.DTOs","AdminLuxuryApp","LuxuryApp.Application.Modules.AdminLuxuryApp.CatalogosGenerales.UsoCfdi.DTOs","CatalogosGenerales\UsoCfdi\DTOs\UseCfdiDTO.cs"
"UsoCfdiEndPoints","class","LuxuryApp.Application.EndPoints","AdminLuxuryApp","LuxuryApp.Application.Modules.AdminLuxuryApp.CatalogosGenerales.UsoCfdi.EndPoints","CatalogosGenerales\UsoCfdi\EndPoints\UsoCfdiEndPoints.cs"
"IUsoCFDIAppService","interface","LuxuryApp.Application.Interfaces","AdminLuxuryApp","LuxuryApp.Application.Modules.AdminLuxuryApp.CatalogosGenerales.UsoCfdi.Interfaces","CatalogosGenerales\UsoCfdi\Interfaces\IUsoCFDIAppService.cs"
"UsoCFDIAppService","class","LuxuryApp.Application.Interfaces","AdminLuxuryApp","LuxuryApp.Application.Modules.AdminLuxuryApp.CatalogosGenerales.UsoCfdi.Services","CatalogosGenerales\UsoCfdi\Services\UsoCFDIAppService.cs"
"WorkPositionScheduleListItemDto","record","LuxuryApp.Application.DTOs","AdminLuxuryApp","LuxuryApp.Application.Modules.AdminLuxuryApp.CatalogosGenerales.WorkPositionSchedule.DTOs","CatalogosGenerales\WorkPositionSchedule\DTOs\WorkPositionScheduleDtos.cs"
"WorkPositionScheduleEndpoints","class","LuxuryApp.Application.EndPoints","AdminLuxuryApp","LuxuryApp.Application.Modules.AdminLuxuryApp.CatalogosGenerales.WorkPositionSchedule.EndPoints","CatalogosGenerales\WorkPositionSchedule\EndPoints\WorkPositionScheduleEndpoints.cs"
"IWorkPositionScheduleAppService","interface","LuxuryApp.Application.Interfaces","AdminLuxuryApp","LuxuryApp.Application.Modules.AdminLuxuryApp.CatalogosGenerales.WorkPositionSchedule.Interfaces","CatalogosGenerales\WorkPositionSchedule\Interfaces\IWorkPositionScheduleAppService.cs"
"WorkPositionScheduleAppService","class","LuxuryApp.Application.Services","AdminLuxuryApp","LuxuryApp.Application.Modules.AdminLuxuryApp.CatalogosGenerales.WorkPositionSchedule.Services","CatalogosGenerales\WorkPositionSchedule\Services\WorkPositionScheduleAppService.cs"
"AsambleaChecklistTemplateAddOrEditDTO","record","LuxuryApp.Application.DTOs","AdminLuxuryApp","LuxuryApp.Application.Modules.AdminLuxuryApp.ConfiguracionSistema.AsambleaChecklistTemplate.DTOs","ConfiguracionSistema\AsambleaChecklistTemplate\DTOs\AsambleaChecklistTemplateAddOrEditDTO.cs"
"AsambleaChecklistTemplateDTO","record","LuxuryApp.Application.DTOs","AdminLuxuryApp","LuxuryApp.Application.Modules.AdminLuxuryApp.ConfiguracionSistema.AsambleaChecklistTemplate.DTOs","ConfiguracionSistema\AsambleaChecklistTemplate\DTOs\AsambleaChecklistTemplateDTO.cs"
"AsambleaChecklistTemplateEndPoints","class","LuxuryApp.Application.EndPoints","AdminLuxuryApp","LuxuryApp.Application.Modules.AdminLuxuryApp.ConfiguracionSistema.AsambleaChecklistTemplate.EndPoints","ConfiguracionSistema\AsambleaChecklistTemplate\EndPoints\AsambleaChecklistTemplateEndpoints.cs"
"IAsambleaChecklistTemplateAppService","interface","LuxuryApp.Application.Services","AdminLuxuryApp","LuxuryApp.Application.Modules.AdminLuxuryApp.ConfiguracionSistema.AsambleaChecklistTemplate.Interfaces","ConfiguracionSistema\AsambleaChecklistTemplate\Interfaces\IAsambleaChecklistTemplateAppService.cs"
"AsambleaChecklistTemplateAppService","class","LuxuryApp.Application.Services","AdminLuxuryApp","LuxuryApp.Application.Modules.AdminLuxuryApp.ConfiguracionSistema.AsambleaChecklistTemplate.Services","ConfiguracionSistema\AsambleaChecklistTemplate\Services\AsambleaChecklistTemplateAppService.cs"
"CustomerAddressEndPoints","class","LuxuryApp.Application.EndPoints","AdminLuxuryApp","LuxuryApp.Application.Modules.AdminLuxuryApp.GestionDeCliente.CustomerAddress.EndPoints","GestionDeCliente\CustomerAddress\EndPoints\CustomerAddressesEndPoints.cs"
"ICustomerAddressAppService","interface","LuxuryApp.Application.Interfaces","AdminLuxuryApp","LuxuryApp.Application.Modules.AdminLuxuryApp.GestionDeCliente.CustomerAddress.Interfaces","GestionDeCliente\CustomerAddress\Interfaces\ICustomerAddressAppService.cs"
"CustomerAddressAppService","class","LuxuryApp.Application.Services","AdminLuxuryApp","LuxuryApp.Application.Modules.AdminLuxuryApp.GestionDeCliente.CustomerAddress.Services","GestionDeCliente\CustomerAddress\Services\CustomerAddressAppService.cs"
"CustomerDataCompanyEndPoints","class","LuxuryApp.Application.EndPoints","AdminLuxuryApp","LuxuryApp.Application.Modules.AdminLuxuryApp.GestionDeCliente.CustomerDataCompany.EndPoints","GestionDeCliente\CustomerDataCompany\EndPoints\CustomerDataCompanyEndPoints.cs"
"ICustomerDataCompanyAppService","interface","LuxuryApp.Application.Interfaces","AdminLuxuryApp","LuxuryApp.Application.Modules.AdminLuxuryApp.GestionDeCliente.CustomerDataCompany.Interfaces","GestionDeCliente\CustomerDataCompany\Interfaces\ICustomerDataCompanyAppService.cs"
"CustomerDataCompanyAppService","class","LuxuryApp.Application.Services","AdminLuxuryApp","LuxuryApp.Application.Modules.AdminLuxuryApp.GestionDeCliente.CustomerDataCompany.Services","GestionDeCliente\CustomerDataCompany\Services\CustomerDataCompanyAppService.cs"
"ICustomerImageAppService","interface","LuxuryApp.Application.Interfaces","AdminLuxuryApp","LuxuryApp.Application.Modules.AdminLuxuryApp.GestionDeCliente.CustomerImage.Interfaces","GestionDeCliente\CustomerImage\Interfaces\ICustomerImageAppService.cs"
"CustomerImageAppService","class","LuxuryApp.Application.Services","AdminLuxuryApp","LuxuryApp.Application.Modules.AdminLuxuryApp.GestionDeCliente.CustomerImage.Services","GestionDeCliente\CustomerImage\Services\CustomerImageAppService.cs"
"CustomerLocationsEndPoints","class","LuxuryApp.Application.EndPoints","AdminLuxuryApp","LuxuryApp.Application.Modules.AdminLuxuryApp.GestionDeCliente.CustomerLocations.EndPoints","GestionDeCliente\CustomerLocations\EndPoints\CustomerLocationsEndpoints.cs"
"ICustomerLocationAppService","interface","LuxuryApp.Application.Interfaces","AdminLuxuryApp","LuxuryApp.Application.Modules.AdminLuxuryApp.GestionDeCliente.CustomerLocations.Interfaces","GestionDeCliente\CustomerLocations\Interfaces\ICustomerLocationAppService.cs"
"CustomerLocationMapper","class","LuxuryApp.Application.Mapping","AdminLuxuryApp","LuxuryApp.Application.Modules.AdminLuxuryApp.GestionDeCliente.CustomerLocations.Mapping","GestionDeCliente\CustomerLocations\Mapping\CustomerLocationMapper.cs"
"CustomerLocationAppService","class","LuxuryApp.Application.Services","AdminLuxuryApp","LuxuryApp.Application.Modules.AdminLuxuryApp.GestionDeCliente.CustomerLocations.Services","GestionDeCliente\CustomerLocations\Services\CustomerLocationAppService.cs"
"ActiveModulesForCustomerDTO","record","LuxuryApp.Application.DTOs","AdminLuxuryApp","LuxuryApp.Application.Modules.AdminLuxuryApp.GestionDeCliente.CustomerModul.DTOs","GestionDeCliente\CustomerModul\DTOs\ActiveModulesForCustomerDTO.cs"
"CustomerModulListDTO","record","LuxuryApp.Application.DTOs","AdminLuxuryApp","LuxuryApp.Application.Modules.AdminLuxuryApp.GestionDeCliente.CustomerModul.DTOs","GestionDeCliente\CustomerModul\DTOs\CustomerModulListDTO.cs"
"CustomerModulListForCustomerDTO","record","LuxuryApp.Application.DTOs","AdminLuxuryApp","LuxuryApp.Application.Modules.AdminLuxuryApp.GestionDeCliente.CustomerModul.DTOs","GestionDeCliente\CustomerModul\DTOs\CustomerModulListForCustomerDTO.cs"
"ModuleGroupDTO","record","LuxuryApp.Application.DTOs","AdminLuxuryApp","LuxuryApp.Application.Modules.AdminLuxuryApp.GestionDeCliente.CustomerModul.DTOs","GestionDeCliente\CustomerModul\DTOs\ModuleGroupDTO.cs"
"ModulePermissionDTO","record","LuxuryApp.Application.DTOs","AdminLuxuryApp","LuxuryApp.Application.Modules.AdminLuxuryApp.GestionDeCliente.CustomerModul.DTOs","GestionDeCliente\CustomerModul\DTOs\ModulePermissionDTO.cs"
"UpdateModuleStatusDTO","record","LuxuryApp.Application.DTOs","AdminLuxuryApp","LuxuryApp.Application.Modules.AdminLuxuryApp.GestionDeCliente.CustomerModul.DTOs","GestionDeCliente\CustomerModul\DTOs\UpdateModuleStatusDTO.cs"
"CustomerModulEndPoints","class","LuxuryApp.Application.EndPoints","AdminLuxuryApp","LuxuryApp.Application.Modules.AdminLuxuryApp.GestionDeCliente.CustomerModul.EndPoints","GestionDeCliente\CustomerModul\EndPoints\CustomerModulEndPoints.cs"
"ICustomerModulAppService","interface","LuxuryApp.Application.Interfaces","AdminLuxuryApp","LuxuryApp.Application.Modules.AdminLuxuryApp.GestionDeCliente.CustomerModul.Interfaces","GestionDeCliente\CustomerModul\Interfaces\ICustomerModulAppService.cs"
"CustomerModulAppService","class","LuxuryApp.Application.Services","AdminLuxuryApp","LuxuryApp.Application.Modules.AdminLuxuryApp.GestionDeCliente.CustomerModul.Services","GestionDeCliente\CustomerModul\Services\CustomerModulAppService.cs"
"CustomerAddOrEditDTO","record","LuxuryApp.Application.DTOs","AdminLuxuryApp","LuxuryApp.Application.Modules.AdminLuxuryApp.GestionDeCliente.Customers.DTOs","GestionDeCliente\Customers\DTOs\CustomerAddOrEditDTO.cs"
"CustomerDTO","record","LuxuryApp.Application.DTOs","AdminLuxuryApp","LuxuryApp.Application.Modules.AdminLuxuryApp.GestionDeCliente.Customers.DTOs","GestionDeCliente\Customers\DTOs\CustomerDTO.cs"
"CustomerImageAddDTO","record","LuxuryApp.Application.DTOs","AdminLuxuryApp","LuxuryApp.Application.Modules.AdminLuxuryApp.GestionDeCliente.Customers.DTOs","GestionDeCliente\Customers\DTOs\CustomerImageAddDTO.cs"
"CustomerImageDTO","record","LuxuryApp.Application.DTOs","AdminLuxuryApp","LuxuryApp.Application.Modules.AdminLuxuryApp.GestionDeCliente.Customers.DTOs","GestionDeCliente\Customers\DTOs\CustomerImageDTO.cs"
"CustomerImagesBulkAddDTO","record","LuxuryApp.Application.DTOs","AdminLuxuryApp","LuxuryApp.Application.Modules.AdminLuxuryApp.GestionDeCliente.Customers.DTOs","GestionDeCliente\Customers\DTOs\CustomerImagesBulkAddDTO.cs"
"ListServiceHistoryDTO","record","LuxuryApp.Application.DTOs","AdminLuxuryApp","LuxuryApp.Application.Modules.AdminLuxuryApp.GestionDeCliente.Customers.DTOs","GestionDeCliente\Customers\DTOs\ListServiceHistoryDTO.cs"
"ListSolicitudesClienteDTO","record","LuxuryApp.Application.DTOs","AdminLuxuryApp","LuxuryApp.Application.Modules.AdminLuxuryApp.GestionDeCliente.Customers.DTOs","GestionDeCliente\Customers\DTOs\ListSolicitudesClienteDTO.cs"
"ResidentesEdificioDTO","record","LuxuryApp.Application.DTOs","AdminLuxuryApp","LuxuryApp.Application.Modules.AdminLuxuryApp.GestionDeCliente.Customers.DTOs","GestionDeCliente\Customers\DTOs\ResidentesEdificioDTO.cs"
"UserCustomerDTO","record","LuxuryApp.Application.DTOs","AdminLuxuryApp","LuxuryApp.Application.Modules.AdminLuxuryApp.GestionDeCliente.Customers.DTOs","GestionDeCliente\Customers\DTOs\UserCustomerDTO.cs"
"CustomerImagesEndPoints","class","LuxuryApp.Application.EndPoints","AdminLuxuryApp","LuxuryApp.Application.Modules.AdminLuxuryApp.GestionDeCliente.Customers.EndPoints","GestionDeCliente\Customers\EndPoints\CustomerImagesEndpoints.cs"
"CustomersEndPoints","class","LuxuryApp.Application.EndPoints","AdminLuxuryApp","LuxuryApp.Application.Modules.AdminLuxuryApp.GestionDeCliente.Customers.EndPoints","GestionDeCliente\Customers\EndPoints\CustomersEndpoints.cs"
"ICustomerAppService","interface","LuxuryApp.Application.Interfaces","AdminLuxuryApp","LuxuryApp.Application.Modules.AdminLuxuryApp.GestionDeCliente.Customers.Interfaces","GestionDeCliente\Customers\Interfaces\ICustomerAppService.cs"
"IDataCustomerAppService","interface","LuxuryApp.Application.Interfaces","AdminLuxuryApp","LuxuryApp.Application.Modules.AdminLuxuryApp.GestionDeCliente.Customers.Interfaces","GestionDeCliente\Customers\Interfaces\IDataCustomerAppService.cs"
"CustomerMapper","class","LuxuryApp.Application.Mapping","AdminLuxuryApp","LuxuryApp.Application.Modules.AdminLuxuryApp.GestionDeCliente.Customers.Mapping","GestionDeCliente\Customers\Mapping\CustomerMapper.cs"
"DataCustomerRepository","class","LuxuryApp.Application.Services","AdminLuxuryApp","LuxuryApp.Application.Modules.AdminLuxuryApp.GestionDeCliente.Customers.Repositories","GestionDeCliente\Customers\Repositories\DataCustomerRepository.cs"
"CustomerAppService","class","LuxuryApp.Application.Interfaces","AdminLuxuryApp","LuxuryApp.Application.Modules.AdminLuxuryApp.GestionDeCliente.Customers.Services","GestionDeCliente\Customers\Services\CustomerAppService.cs"
"ModuleAppCreateOrUpdateDTO","record","LuxuryApp.Application.DTOs","AdminLuxuryApp","LuxuryApp.Application.Modules.AdminLuxuryApp.GestionDeCliente.ModuleApps.DTOs","GestionDeCliente\ModuleApps\DTOs\ModuleAppCreateOrUpdateDTO.cs"
"ModuleAppDTO","record","LuxuryApp.Application.DTOs","AdminLuxuryApp","LuxuryApp.Application.Modules.AdminLuxuryApp.GestionDeCliente.ModuleApps.DTOs","GestionDeCliente\ModuleApps\DTOs\ModuleAppDTO.cs"
"ModuleAppGetDTO","record","LuxuryApp.Application.DTOs","AdminLuxuryApp","LuxuryApp.Application.Modules.AdminLuxuryApp.GestionDeCliente.ModuleApps.DTOs","GestionDeCliente\ModuleApps\DTOs\ModuleAppGetDTO.cs"
"ModuleAppEndPoints","class","LuxuryApp.Application.EndPoints","AdminLuxuryApp","LuxuryApp.Application.Modules.AdminLuxuryApp.GestionDeCliente.ModuleApps.EndPoints","GestionDeCliente\ModuleApps\EndPoints\ModuleAppEndPoints.cs"
"IModuleAppAppService","interface","LuxuryApp.Application.Interfaces","AdminLuxuryApp","LuxuryApp.Application.Modules.AdminLuxuryApp.GestionDeCliente.ModuleApps.Interfaces","GestionDeCliente\ModuleApps\Interfaces\IModuleAppAppService.cs"
"ModuleAppAppService","class","LuxuryApp.Application.Services","AdminLuxuryApp","LuxuryApp.Application.Modules.AdminLuxuryApp.GestionDeCliente.ModuleApps.Services","GestionDeCliente\ModuleApps\Services\ModuleAppAppService.cs"
"EmployeeMissingDataDTO","record","LuxuryApp.Application.DTOs","AdminLuxuryApp","LuxuryApp.Application.Modules.AdminLuxuryApp.Infraestructura.AppImplementationTracking.EmployeeDataValidation.DTOs","Infraestructura\AppImplementationTracking\EmployeeDataValidation\DTOs\EmployeeMissingDataDTO.cs"
"IEmployeeDataValidationService","interface","LuxuryApp.Application.Interfaces","AdminLuxuryApp","LuxuryApp.Application.Modules.AdminLuxuryApp.Infraestructura.AppImplementationTracking.EmployeeDataValidation.Interfaces","Infraestructura\AppImplementationTracking\EmployeeDataValidation\Interfaces\IEmployeeDataValidationService.cs"
"EmployeeDataValidationService","class","LuxuryApp.Application.Services","AdminLuxuryApp","LuxuryApp.Application.Modules.AdminLuxuryApp.Infraestructura.AppImplementationTracking.EmployeeDataValidation.Services","Infraestructura\AppImplementationTracking\EmployeeDataValidation\Services\EmployeeDataValidationService.cs"
"AppImplementationTrackingEndPoints","class","LuxuryApp.Application.EndPoints","AdminLuxuryApp","LuxuryApp.Application.Modules.AdminLuxuryApp.Infraestructura.AppImplementationTracking.EndPoints","Infraestructura\AppImplementationTracking\EndPoints\AppImplementationTrackingEndpoints.cs"
"MenuItemDTO","record","LuxuryApp.Application.DTOs","AdminLuxuryApp","LuxuryApp.Application.Modules.AdminLuxuryApp.Infraestructura.AppImplementationTracking.MenuItems.DTOs","Infraestructura\AppImplementationTracking\MenuItems\DTOs\MenuItemDTO.cs"
"SubMenuItemDTO","record","LuxuryApp.Application.DTOs","AdminLuxuryApp","LuxuryApp.Application.Modules.AdminLuxuryApp.Infraestructura.AppImplementationTracking.MenuItems.DTOs","Infraestructura\AppImplementationTracking\MenuItems\DTOs\SubMenuItemDTO.cs"
"MenuItemsEndPoints","class","LuxuryApp.Application.EndPoints","AdminLuxuryApp","LuxuryApp.Application.Modules.AdminLuxuryApp.Infraestructura.AppImplementationTracking.MenuItems.EndPoints","Infraestructura\AppImplementationTracking\MenuItems\EndPoints\MenuItemsEndPoints.cs"
"IMenuItemsAppService","interface","LuxuryApp.Application.Interfaces","AdminLuxuryApp","LuxuryApp.Application.Modules.AdminLuxuryApp.Infraestructura.AppImplementationTracking.MenuItems.Interfaces","Infraestructura\AppImplementationTracking\MenuItems\Interfaces\IMenuItemsAppService.cs"
"MenuItemsAppService","class","LuxuryApp.Application.Services","AdminLuxuryApp","LuxuryApp.Application.Modules.AdminLuxuryApp.Infraestructura.AppImplementationTracking.MenuItems.Services","Infraestructura\AppImplementationTracking\MenuItems\Services\MenuItemsAppService.cs"
"WorkPositionMissingDataDTO","record","LuxuryApp.Application.DTOs","AdminLuxuryApp","LuxuryApp.Application.Modules.AdminLuxuryApp.Infraestructura.AppImplementationTracking.OrgStructureValidation.DTOs","Infraestructura\AppImplementationTracking\OrgStructureValidation\DTOs\WorkPositionMissingDataDTO.cs"
"IOrgStructureValidationService","interface","LuxuryApp.Application.Interfaces","AdminLuxuryApp","LuxuryApp.Application.Modules.AdminLuxuryApp.Infraestructura.AppImplementationTracking.OrgStructureValidation.Interfaces","Infraestructura\AppImplementationTracking\OrgStructureValidation\Interfaces\IOrgStructureValidationService.cs"
"OrgStructureValidationService","class","LuxuryApp.Application.Services","AdminLuxuryApp","LuxuryApp.Application.Modules.AdminLuxuryApp.Infraestructura.AppImplementationTracking.OrgStructureValidation.Services","Infraestructura\AppImplementationTracking\OrgStructureValidation\Services\OrgStructureValidationService.cs"
"HangfireJobCatalog","class","LuxuryApp.Application.Features.Jobs.Catalog","AdminLuxuryApp","LuxuryApp.Application.Modules.AdminLuxuryApp.Infraestructura.Jobs.Catalog","Infraestructura\Jobs\Catalog\HangfireJobCatalog.cs"
"MonthlyChargeGenerationJob","class","LuxuryApp.Application.Features.CobranzaNativa.Jobs","AdminLuxuryApp","LuxuryApp.Application.Modules.AdminLuxuryApp.Infraestructura.Jobs.Compatibility","Infraestructura\Jobs\Compatibility\LegacyHangfireJobTypes.cs"
"IJobService","interface","LuxuryApp.Application.Features.Jobs.Workers","AdminLuxuryApp","LuxuryApp.Application.Modules.AdminLuxuryApp.Infraestructura.Jobs.Interfaces","Infraestructura\Jobs\Interfaces\IJobService.cs"
"AspelMigrationSchedulerJob","class","LuxuryApp.Application.Features.Jobs.Workers","AdminLuxuryApp","LuxuryApp.Application.Modules.AdminLuxuryApp.Infraestructura.Jobs.Workers","Infraestructura\Jobs\Workers\AspelMigrationSchedulerJob.cs"
"BankReconciliationJob","class","LuxuryApp.Application.Features.Jobs.Workers","AdminLuxuryApp","LuxuryApp.Application.Modules.AdminLuxuryApp.Infraestructura.Jobs.Workers","Infraestructura\Jobs\Workers\BankReconciliationJob.cs"
"CandidatePipelineAutomationJob","class","LuxuryApp.Application.Features.Jobs.Workers","AdminLuxuryApp","LuxuryApp.Application.Modules.AdminLuxuryApp.Infraestructura.Jobs.Workers","Infraestructura\Jobs\Workers\CandidatePipelineAutomationJob.cs"
"CollectionEscalationJob","class","LuxuryApp.Application.Features.Jobs.Workers","AdminLuxuryApp","LuxuryApp.Application.Modules.AdminLuxuryApp.Infraestructura.Jobs.Workers","Infraestructura\Jobs\Workers\CollectionEscalationJob.cs"
"ContabilidadMigrationJob","class","LuxuryApp.Application.Features.Jobs.Workers","AdminLuxuryApp","LuxuryApp.Application.Modules.AdminLuxuryApp.Infraestructura.Jobs.Workers","Infraestructura\Jobs\Workers\ContabilidadMigrationJob.cs"
"ContractRenewalNotifierJob","class","LuxuryApp.Application.Moduls.AdminLuxuryApp.Infraestructura.Jobs.Workers","AdminLuxuryApp","LuxuryApp.Application.Modules.AdminLuxuryApp.Infraestructura.Jobs.Workers","Infraestructura\Jobs\Workers\ContractRenewalNotifierJob.cs"
"DailyLateFeeCalculatorJob","class","LuxuryApp.Application.Features.Jobs.Workers","AdminLuxuryApp","LuxuryApp.Application.Modules.AdminLuxuryApp.Infraestructura.Jobs.Workers","Infraestructura\Jobs\Workers\DailyLateFeeCalculatorJob.cs"
"DatabaseBackupJob","class","LuxuryApp.Application.Features.Jobs.Workers","AdminLuxuryApp","LuxuryApp.Application.Modules.AdminLuxuryApp.Infraestructura.Jobs.Workers","Infraestructura\Jobs\Workers\DatabaseBackupJob.cs"
"EmployeeDataValidationJob","class","LuxuryApp.Application.Features.Jobs.Workers","AdminLuxuryApp","LuxuryApp.Application.Modules.AdminLuxuryApp.Infraestructura.Jobs.Workers","Infraestructura\Jobs\Workers\EmployeeDataValidationJob.cs"
"ExpireCredentialsJob","class","LuxuryApp.Application.Features.Jobs.Workers","AdminLuxuryApp","LuxuryApp.Application.Modules.AdminLuxuryApp.Infraestructura.Jobs.Workers","Infraestructura\Jobs\Workers\ExpireCredentialsJob.cs"
"ExpireVisitsJob","class","LuxuryApp.Application.Features.Jobs.Workers","AdminLuxuryApp","LuxuryApp.Application.Modules.AdminLuxuryApp.Infraestructura.Jobs.Workers","Infraestructura\Jobs\Workers\ExpireVisitsJob.cs"
"FireInspectionCycleGenerationJob","class","LuxuryApp.Application.Features.Jobs.Workers","AdminLuxuryApp","LuxuryApp.Application.Modules.AdminLuxuryApp.Infraestructura.Jobs.Workers","Infraestructura\Jobs\Workers\FireInspectionCycleGenerationJob.cs"
"MonthlyChargeGenerationJob","class","LuxuryApp.Application.Features.Jobs.Workers","AdminLuxuryApp","LuxuryApp.Application.Modules.AdminLuxuryApp.Infraestructura.Jobs.Workers","Infraestructura\Jobs\Workers\MonthlyChargeGenerationJob.cs"
"NotificationEngineJob","class","LuxuryApp.Application.Features.Jobs.Workers","AdminLuxuryApp","LuxuryApp.Application.Modules.AdminLuxuryApp.Infraestructura.Jobs.Workers","Infraestructura\Jobs\Workers\NotificationEngineJob.cs"
"NotifyExpiringVacationsJob","class","LuxuryApp.Application.Features.Jobs.Workers","AdminLuxuryApp","LuxuryApp.Application.Modules.AdminLuxuryApp.Infraestructura.Jobs.Workers","Infraestructura\Jobs\Workers\NotifyExpiringVacationsJob.cs"
"OnboardingChecklistSlaJob","class","LuxuryApp.Application.Moduls.AdminLuxuryApp.Infraestructura.Jobs.Workers","AdminLuxuryApp","LuxuryApp.Application.Modules.AdminLuxuryApp.Infraestructura.Jobs.Workers","Infraestructura\Jobs\Workers\OnboardingChecklistSlaJob.cs"
"OverstayDetectionJob","class","LuxuryApp.Application.Features.Jobs.Workers","AdminLuxuryApp","LuxuryApp.Application.Modules.AdminLuxuryApp.Infraestructura.Jobs.Workers","Infraestructura\Jobs\Workers\OverstayDetectionJob.cs"
"RecurringTaskGenerationEngineJob","class","LuxuryApp.Application.Features.Jobs.Workers","AdminLuxuryApp","LuxuryApp.Application.Modules.AdminLuxuryApp.Infraestructura.Jobs.Workers","Infraestructura\Jobs\Workers\RecurringTaskGenerationEngineJob.cs"
"RecurringTaskGenerationJob","class","LuxuryApp.Application.Features.Jobs.Workers","AdminLuxuryApp","LuxuryApp.Application.Modules.AdminLuxuryApp.Infraestructura.Jobs.Workers","Infraestructura\Jobs\Workers\RecurringTaskGenerationJob.cs"
"RecurringTaskSchedulerJob","class","LuxuryApp.Application.Features.Jobs.Workers","AdminLuxuryApp","LuxuryApp.Application.Modules.AdminLuxuryApp.Infraestructura.Jobs.Workers","Infraestructura\Jobs\Workers\RecurringTaskSchedulerJob.cs"
"TaskAlertEngineJob","class","LuxuryApp.Application.Features.Jobs.Workers","AdminLuxuryApp","LuxuryApp.Application.Modules.AdminLuxuryApp.Infraestructura.Jobs.Workers","Infraestructura\Jobs\Workers\TaskAlertEngineJob.cs"
"TaskEscalationEngineJob","class","LuxuryApp.Application.Features.Jobs.Workers","AdminLuxuryApp","LuxuryApp.Application.Modules.AdminLuxuryApp.Infraestructura.Jobs.Workers","Infraestructura\Jobs\Workers\TaskEscalationEngineJob.cs"
"VacationUpdaterJob","class","LuxuryApp.Application.Features.Jobs.Workers","AdminLuxuryApp","LuxuryApp.Application.Modules.AdminLuxuryApp.Infraestructura.Jobs.Workers","Infraestructura\Jobs\Workers\VacationUpdaterJob.cs"
"TestSignalREndPoints","class","LuxuryApp.Application.EndPoints","AdminLuxuryApp","LuxuryApp.Application.Modules.AdminLuxuryApp.Infraestructura.SignalRTest.EndPoints","Infraestructura\SignalRTest\EndPoints\TestSignalREndpoints.cs"
"SeedNativeCollectionTestDataRequestDTO","record","LuxuryApp.Application.DTOs","AdminLuxuryApp","LuxuryApp.Application.Modules.AdminLuxuryApp.Infraestructura.UpdateDataBase.DTOs","Infraestructura\UpdateDataBase\DTOs\SeedNativeCollectionTestDataDTO.cs"
"UpdateDataBaseEndPoints","class","LuxuryApp.Application.EndPoints","AdminLuxuryApp","LuxuryApp.Application.Modules.AdminLuxuryApp.Infraestructura.UpdateDataBase.EndPoints","Infraestructura\UpdateDataBase\EndPoints\UpdateDataBaseEndpoints.cs"
"IUpdateDataBaseService","interface","LuxuryApp.Application.Interfaces","AdminLuxuryApp","LuxuryApp.Application.Modules.AdminLuxuryApp.Infraestructura.UpdateDataBase.Interfaces","Infraestructura\UpdateDataBase\Interfaces\IUpdateDataBaseService.cs"
"UpdateDataBaseAppService","class","LuxuryApp.Application.Services","AdminLuxuryApp","LuxuryApp.Application.Modules.AdminLuxuryApp.Infraestructura.UpdateDataBase.Services","Infraestructura\UpdateDataBase\Services\UpdateDataBaseService.cs"
"UserValidationEndPoints","class","LuxuryApp.Application.EndPoints","AdminLuxuryApp","LuxuryApp.Application.Modules.AdminLuxuryApp.Infraestructura.UserValidation.EndPoints","Infraestructura\UserValidation\EndPoints\UserValidationEndpoints.cs"
"ApplicationRoleDTO","record","LuxuryApp.Application.DTOs","AdminLuxuryApp","LuxuryApp.Application.Modules.AdminLuxuryApp.SeguridadPermisos.Access.ApplicationRole.DTOs","SeguridadPermisos\Access\ApplicationRole\DTOs\ApplicationRoleDTO.cs"
"ApplicationRolesDTO","record","LuxuryApp.Application.DTOs","AdminLuxuryApp","LuxuryApp.Application.Modules.AdminLuxuryApp.SeguridadPermisos.Access.ApplicationRole.DTOs","SeguridadPermisos\Access\ApplicationRole\DTOs\ApplicationRolesDTO.cs"
"CreateUpdateApplicationRoleDTO","record","LuxuryApp.Application.DTOs","AdminLuxuryApp","LuxuryApp.Application.Modules.AdminLuxuryApp.SeguridadPermisos.Access.ApplicationRole.DTOs","SeguridadPermisos\Access\ApplicationRole\DTOs\CreateUpdateApplicationRoleDTO.cs"
"ApplicationRoleEndPoints","class","LuxuryApp.Application.EndPoints","AdminLuxuryApp","LuxuryApp.Application.Modules.AdminLuxuryApp.SeguridadPermisos.Access.ApplicationRole.EndPoints","SeguridadPermisos\Access\ApplicationRole\EndPoints\ApplicationRolesEndPoints.cs"
"IApplicationRoleAppService","interface","LuxuryApp.Application.Interfaces","AdminLuxuryApp","LuxuryApp.Application.Modules.AdminLuxuryApp.SeguridadPermisos.Access.ApplicationRole.Interface","SeguridadPermisos\Access\ApplicationRole\Interface\IApplicationRoleAppService.cs"
"ApplicationRoleMapper","class","LuxuryApp.Application.Mapping","AdminLuxuryApp","LuxuryApp.Application.Modules.AdminLuxuryApp.SeguridadPermisos.Access.ApplicationRole.Mapping","SeguridadPermisos\Access\ApplicationRole\Mapping\ApplicationRoleMapper.cs"
"ApplicationRoleAppService","class","LuxuryApp.Application.Services","AdminLuxuryApp","LuxuryApp.Application.Modules.AdminLuxuryApp.SeguridadPermisos.Access.ApplicationRole.Service","SeguridadPermisos\Access\ApplicationRole\Service\ApplicationRoleAppService.cs"
"ApprovalMatrixDTO","record","LuxuryApp.Application.DTOs","AdminLuxuryApp","LuxuryApp.Application.Modules.AdminLuxuryApp.SeguridadPermisos.Access.ApprovalRules.DTOs","SeguridadPermisos\Access\ApprovalRules\DTOs\ApprovalMatrixDTO.cs"
"ApprovalRuleDTO","record","LuxuryApp.Application.DTOs","AdminLuxuryApp","LuxuryApp.Application.Modules.AdminLuxuryApp.SeguridadPermisos.Access.ApprovalRules.DTOs","SeguridadPermisos\Access\ApprovalRules\DTOs\ApprovalRuleDTO.cs"
"UpdateApprovalRulesDTO","record","LuxuryApp.Application.DTOs","AdminLuxuryApp","LuxuryApp.Application.Modules.AdminLuxuryApp.SeguridadPermisos.Access.ApprovalRules.DTOs","SeguridadPermisos\Access\ApprovalRules\DTOs\UpdateApprovalRulesDTO.cs"
"ApprovalRulesEndPoints","class","LuxuryApp.Application.EndPoints","AdminLuxuryApp","LuxuryApp.Application.Modules.AdminLuxuryApp.SeguridadPermisos.Access.ApprovalRules.EndPoints","SeguridadPermisos\Access\ApprovalRules\EndPoints\ApprovalRulesEndPoints.cs"
"IApprovalRulesAdminService","interface","LuxuryApp.Application.Interfaces","AdminLuxuryApp","LuxuryApp.Application.Modules.AdminLuxuryApp.SeguridadPermisos.Access.ApprovalRules.Interfaces","SeguridadPermisos\Access\ApprovalRules\Interfaces\IApprovalRulesAdminService.cs"
"ApprovalRulesAdminService","class","LuxuryApp.Application.Services","AdminLuxuryApp","LuxuryApp.Application.Modules.AdminLuxuryApp.SeguridadPermisos.Access.ApprovalRules.Services","SeguridadPermisos\Access\ApprovalRules\Services\ApprovalRulesAdminService.cs"
"AddApplicationRoleToUserDTO","record","LuxuryApp.Application.DTOs","AdminLuxuryApp","LuxuryApp.Application.Modules.AdminLuxuryApp.SeguridadPermisos.Access.Authorization.DTOs","SeguridadPermisos\Access\Authorization\DTOs\AddApplicationRoleToUserDTO.cs"
"ChangePasswordDTO","record","LuxuryApp.Application.DTOs","AdminLuxuryApp","LuxuryApp.Application.Modules.AdminLuxuryApp.SeguridadPermisos.Access.Authorization.DTOs","SeguridadPermisos\Access\Authorization\DTOs\ChangePasswordDTO.cs"
"EmployeeOrganigramaDTO","record","LuxuryApp.Application.DTOs","AdminLuxuryApp","LuxuryApp.Application.Modules.AdminLuxuryApp.SeguridadPermisos.Access.Authorization.DTOs","SeguridadPermisos\Access\Authorization\DTOs\EmployeeOrganigramaDTO.cs"
"ListApplicationUserDTO","record","LuxuryApp.Application.DTOs","AdminLuxuryApp","LuxuryApp.Application.Modules.AdminLuxuryApp.SeguridadPermisos.Access.Authorization.DTOs","SeguridadPermisos\Access\Authorization\DTOs\ListApplicationUserDTO.cs"
"IUserRoleService","interface","LuxuryApp.Application.Interfaces","AdminLuxuryApp","LuxuryApp.Application.Modules.AdminLuxuryApp.SeguridadPermisos.Access.Authorization.Services","SeguridadPermisos\Access\Authorization\Services\UserRoleService.cs"
"ModuleAppRolAssignedDTO","record","LuxuryApp.Application.DTOs","AdminLuxuryApp","LuxuryApp.Application.Modules.AdminLuxuryApp.SeguridadPermisos.Access.ModuleAppRol.DTOs","SeguridadPermisos\Access\ModuleAppRol\DTOs\ModuleAppRolAssignedDTO.cs"
"ModuleAppRolDTO","record","LuxuryApp.Application.DTOs","AdminLuxuryApp","LuxuryApp.Application.Modules.AdminLuxuryApp.SeguridadPermisos.Access.ModuleAppRol.DTOs","SeguridadPermisos\Access\ModuleAppRol\DTOs\ModuleAppRolDTO.cs"
"ModuleGroupRolDTO","record","LuxuryApp.Application.DTOs","AdminLuxuryApp","LuxuryApp.Application.Modules.AdminLuxuryApp.SeguridadPermisos.Access.ModuleAppRol.DTOs","SeguridadPermisos\Access\ModuleAppRol\DTOs\ModuleGroupRolDTO.cs"
"UpdateModuleAppRolAssignedDTO","record","LuxuryApp.Application.DTOs","AdminLuxuryApp","LuxuryApp.Application.Modules.AdminLuxuryApp.SeguridadPermisos.Access.ModuleAppRol.DTOs","SeguridadPermisos\Access\ModuleAppRol\DTOs\UpdateModuleAppRolAssignedDTO.cs"
"ModuleAppRolEndPoints","class","LuxuryApp.Application.EndPoints","AdminLuxuryApp","LuxuryApp.Application.Modules.AdminLuxuryApp.SeguridadPermisos.Access.ModuleAppRol.EndPoints","SeguridadPermisos\Access\ModuleAppRol\EndPoints\ModuleAppRolEndPoints.cs"
"IModuleAppRolAppService","interface","LuxuryApp.Application.Interfaces","AdminLuxuryApp","LuxuryApp.Application.Modules.AdminLuxuryApp.SeguridadPermisos.Access.ModuleAppRol.Interfaces","SeguridadPermisos\Access\ModuleAppRol\Interfaces\IModuleAppRolAppService.cs"
"ModuleAppRolAppService","class","LuxuryApp.Application.Services","AdminLuxuryApp","LuxuryApp.Application.Modules.AdminLuxuryApp.SeguridadPermisos.Access.ModuleAppRol.Services","SeguridadPermisos\Access\ModuleAppRol\Services\ModuleAppRolAppService.cs"
"RoleAssignmentMatrixService","class","LuxuryApp.Application.Services","AdminLuxuryApp","LuxuryApp.Application.Modules.AdminLuxuryApp.SeguridadPermisos.Access.RoleAssignment.Services","SeguridadPermisos\Access\RoleAssignment\Services\RoleAssignmentMatrixService.cs"
"UserAccountEndPoints","class","LuxuryApp.Application.EndPoints","AdminLuxuryApp","LuxuryApp.Application.Modules.AdminLuxuryApp.SeguridadPermisos.Access.UserAccounts.EndPoints","SeguridadPermisos\Access\UserAccounts\EndPoints\UserAccountEndpoints.cs"
"IUserAccountAppService","interface","LuxuryApp.Application.Interfaces","AdminLuxuryApp","LuxuryApp.Application.Modules.AdminLuxuryApp.SeguridadPermisos.Access.UserAccounts.Interfaces","SeguridadPermisos\Access\UserAccounts\Interfaces\IUserAccountAppService.cs"
"UserAccountAppService","class","LuxuryApp.Application.Services","AdminLuxuryApp","LuxuryApp.Application.Modules.AdminLuxuryApp.SeguridadPermisos.Access.UserAccounts.Services","SeguridadPermisos\Access\UserAccounts\Services\UserAccountAppService.cs"
"CredentialNotificationRequestDTO","class","LuxuryApp.Application.DTOs","AuthLuxuryApp","LuxuryApp.Application.Modules.AuthLuxuryApp.AccountRecovery.DTOs","AccountRecovery\DTOs\CredentialNotificationRequestDTO.cs"
"CredentialNotificationTemplate","enum","LuxuryApp.Application.DTOs","AuthLuxuryApp","LuxuryApp.Application.Modules.AuthLuxuryApp.AccountRecovery.DTOs","AccountRecovery\DTOs\CredentialNotificationTemplate.cs"
"ApplicationUserAccountRecoveryEndPoints","class","LuxuryApp.Application.EndPoints","AuthLuxuryApp","LuxuryApp.Application.Modules.AuthLuxuryApp.AccountRecovery.EndPoints","AccountRecovery\EndPoints\ApplicationUserAccountRecoveryEndpoints.cs"
"ICredentialNotificationService","interface","LuxuryApp.Application.Interfaces","AuthLuxuryApp","LuxuryApp.Application.Modules.AuthLuxuryApp.AccountRecovery.Interfaces","AccountRecovery\Interfaces\ICredentialNotificationService.cs"
"IRecoveryAccountUserAppService","interface","LuxuryApp.Application.Interfaces","AuthLuxuryApp","LuxuryApp.Application.Modules.AuthLuxuryApp.AccountRecovery.Interfaces","AccountRecovery\Interfaces\IRecoveryAccountUserAppService.cs"
"IAccountRecoveryEmailService","interface","LuxuryApp.Modules.Configuration.Modules.Autenticacion.AccountRecovery.SendEmailGlobal.Interfaces","AuthLuxuryApp","LuxuryApp.Application.Modules.AuthLuxuryApp.AccountRecovery.SendEmailGlobal.SendEmail.Services","AccountRecovery\SendEmailGlobal\SendEmail\Services\AccountRecoveryNotificationServices.cs"
"PasswordRecoveryEmailDTO","record","LuxuryApp.Modules.Configuration.Modules.Autenticacion.AccountRecovery.SendEmailGlobal.SendEmail.ViewModels","AuthLuxuryApp","LuxuryApp.Application.Modules.AuthLuxuryApp.AccountRecovery.SendEmailGlobal.SendEmail.ViewModels","AccountRecovery\SendEmailGlobal\SendEmail\ViewModels\PasswordRecoveryEmailDTO.cs"
"RecoveryCodeEmailDTO","record","LuxuryApp.Modules.Configuration.Modules.Autenticacion.AccountRecovery.SendEmailGlobal.SendEmail.ViewModels","AuthLuxuryApp","LuxuryApp.Application.Modules.AuthLuxuryApp.AccountRecovery.SendEmailGlobal.SendEmail.ViewModels","AccountRecovery\SendEmailGlobal\SendEmail\ViewModels\RecoveryCodeEmailDTO.cs"
"UserCredentialsEmailDTO","record","LuxuryApp.Modules.Configuration.Modules.Autenticacion.AccountRecovery.SendEmailGlobal.SendEmail.ViewModels","AuthLuxuryApp","LuxuryApp.Application.Modules.AuthLuxuryApp.AccountRecovery.SendEmailGlobal.SendEmail.ViewModels","AccountRecovery\SendEmailGlobal\SendEmail\ViewModels\UserCredentialsEmailDTO.cs"
"CredentialNotificationService","class","LuxuryApp.Application.Services","AuthLuxuryApp","LuxuryApp.Application.Modules.AuthLuxuryApp.AccountRecovery.Services","AccountRecovery\Services\CredentialNotificationService.cs"
"RecoveryAccountUserAppService","class","LuxuryApp.Application.Services","AuthLuxuryApp","LuxuryApp.Application.Modules.AuthLuxuryApp.AccountRecovery.Services","AccountRecovery\Services\RecoveryAccountUserAppService.cs"
"AccesoCustomerDTO","record","LuxuryApp.Application.DTOs","AuthLuxuryApp","LuxuryApp.Application.Modules.AuthLuxuryApp.Auth.AccesoCustomers.DTOs","Auth\AccesoCustomers\DTOs\AccesoCustomerDTO.cs"
"IAccesoCustomersAppService","interface","LuxuryApp.Application.Interfaces","AuthLuxuryApp","LuxuryApp.Application.Modules.AuthLuxuryApp.Auth.AccesoCustomers.Interfaces","Auth\AccesoCustomers\Interfaces\IAccesoCustomersAppService.cs"
"AccesoCustomersAppService","class","LuxuryApp.Application.Services","AuthLuxuryApp","LuxuryApp.Application.Modules.AuthLuxuryApp.Auth.AccesoCustomers.Services","Auth\AccesoCustomers\Services\AccesoCustomersAppService.cs"
"ApplicationUserEditDTO","record","LuxuryApp.Application.DTOs","AuthLuxuryApp","LuxuryApp.Application.Modules.AuthLuxuryApp.Auth.DTOs","Auth\DTOs\ApplicationUserEditDTO.cs"
"ApplicationUserGetInfoDTO","record","LuxuryApp.Application.DTOs","AuthLuxuryApp","LuxuryApp.Application.Modules.AuthLuxuryApp.Auth.DTOs","Auth\DTOs\ApplicationUserGetInfoDTO.cs"
"InitiateRecoveryByCodeDTO","class","LuxuryApp.Application.DTOs","AuthLuxuryApp","LuxuryApp.Application.Modules.AuthLuxuryApp.Auth.DTOs","Auth\DTOs\InitiateRecoveryByCodeDTO.cs"
"PersonDataEditDTO","record","LuxuryApp.Application.DTOs","AuthLuxuryApp","LuxuryApp.Application.Modules.AuthLuxuryApp.Auth.DTOs","Auth\DTOs\PersonDataEditDTO.cs"
"RecoverPasswordDTO","record","LuxuryApp.Application.DTOs","AuthLuxuryApp","LuxuryApp.Application.Modules.AuthLuxuryApp.Auth.DTOs","Auth\DTOs\RecoverPasswordDTO.cs"
"UserNameDTO","record","LuxuryApp.Application.DTOs","AuthLuxuryApp","LuxuryApp.Application.Modules.AuthLuxuryApp.Auth.DTOs","Auth\DTOs\UserNameDTO.cs"
"ValidarRfcDTO","record","LuxuryApp.Application.DTOs","AuthLuxuryApp","LuxuryApp.Application.Modules.AuthLuxuryApp.Auth.DTOs","Auth\DTOs\ValidarRfcDTO.cs"
"ValidateRecoveryCodeDTO","class","LuxuryApp.Application.DTOs","AuthLuxuryApp","LuxuryApp.Application.Modules.AuthLuxuryApp.Auth.DTOs","Auth\DTOs\ValidateRecoveryCodeDTO.cs"
"ValidateRecoveryCodeResultDTO","record","LuxuryApp.Application.DTOs","AuthLuxuryApp","LuxuryApp.Application.Modules.AuthLuxuryApp.Auth.DTOs","Auth\DTOs\ValidateRecoveryCodeResultDTO.cs"
"AccesoCustomersEndPoints","class","LuxuryApp.Application.EndPoints","AuthLuxuryApp","LuxuryApp.Application.Modules.AuthLuxuryApp.Auth.EndPoints","Auth\EndPoints\AccesoCustomersEndPoints.cs"
"AuthEndPoints","class","LuxuryApp.Application.EndPoints","AuthLuxuryApp","LuxuryApp.Application.Modules.AuthLuxuryApp.Auth.EndPoints","Auth\EndPoints\AuthEndpoints.cs"
"IAuthAppService","interface","LuxuryApp.Application.Interfaces","AuthLuxuryApp","LuxuryApp.Application.Modules.AuthLuxuryApp.Auth.Interfaces","Auth\Interfaces\IAuthAppService.cs"
"IJwtService","interface","LuxuryApp.Application.Interfaces","AuthLuxuryApp","LuxuryApp.Application.Modules.AuthLuxuryApp.Auth.Interfaces","Auth\Interfaces\IJwtService.cs"
"IPersonDataAppService","interface","LuxuryApp.Application.Interfaces","AuthLuxuryApp","LuxuryApp.Application.Modules.AuthLuxuryApp.Auth.Interfaces","Auth\Interfaces\IPersonDataAppService.cs"
"IUserConnectionStatusService","interface","LuxuryApp.Application.Interfaces","AuthLuxuryApp","LuxuryApp.Application.Modules.AuthLuxuryApp.Auth.Interfaces","Auth\Interfaces\IUserConnectionStatusService.cs"
"ApplicationUserMapper","class","LuxuryApp.Application.Mappings","AuthLuxuryApp","LuxuryApp.Application.Modules.AuthLuxuryApp.Auth.Mapping","Auth\Mapping\ApplicationUserMapper.cs"
"AuthAppService","class","LuxuryApp.Application.Services","AuthLuxuryApp","LuxuryApp.Application.Modules.AuthLuxuryApp.Auth.Services","Auth\Services\AuthAppService.cs"
"JwtService","class","LuxuryApp.Application.Interfaces","AuthLuxuryApp","LuxuryApp.Application.Modules.AuthLuxuryApp.Auth.Services","Auth\Services\JwtService.cs"
"PersonDataAppService","class","LuxuryApp.Application.Services","AuthLuxuryApp","LuxuryApp.Application.Modules.AuthLuxuryApp.Auth.Services","Auth\Services\PersonDataAppService.cs"
"UserConnectionStatusService","class","LuxuryApp.Application.Services","AuthLuxuryApp","LuxuryApp.Application.Modules.AuthLuxuryApp.Auth.Services","Auth\Services\UserConnectionStatusService.cs"
"CredentialAddOrEditDTO","record","LuxuryApp.Application.DTOs","AuthLuxuryApp","LuxuryApp.Application.Modules.AuthLuxuryApp.PasswordManager.DTOs","PasswordManager\DTOs\CredentialAddOrEditDTO.cs"
"CredentialDetailDTO","record","LuxuryApp.Application.DTOs","AuthLuxuryApp","LuxuryApp.Application.Modules.AuthLuxuryApp.PasswordManager.DTOs","PasswordManager\DTOs\CredentialDTOs.cs"
"PasswordsEndPoints","class","LuxuryApp.Application.EndPoints","AuthLuxuryApp","LuxuryApp.Application.Modules.AuthLuxuryApp.PasswordManager.EndPoints","PasswordManager\EndPoints\PasswordsEndpoints.cs"
"IPasswordAppService","interface","LuxuryApp.Application.Interfaces","AuthLuxuryApp","LuxuryApp.Application.Modules.AuthLuxuryApp.PasswordManager.Interfaces","PasswordManager\Interfaces\IPasswordAppService.cs"
"PasswordMappingProfile","class","LuxuryApp.Application.Features.PasswordManager.Mappers","AuthLuxuryApp","LuxuryApp.Application.Modules.AuthLuxuryApp.PasswordManager.Mappers","PasswordManager\Mappers\PasswordMappingProfile.cs"
"PasswordAppService","class","LuxuryApp.Application.Services","AuthLuxuryApp","LuxuryApp.Application.Modules.AuthLuxuryApp.PasswordManager.Services","PasswordManager\Services\PasswordAppService.cs"
"UsersEndPoints","class","LuxuryApp.Application.EndPoints","AuthLuxuryApp","LuxuryApp.Application.Modules.AuthLuxuryApp.ProfileUsers.EndPoints","ProfileUsers\EndPoints\UsersEndpoints.cs"
"IUserProfileAppService","interface","LuxuryApp.Application.Interfaces","AuthLuxuryApp","LuxuryApp.Application.Modules.AuthLuxuryApp.ProfileUsers.Interfaces","ProfileUsers\Interfaces\IUserProfileAppService.cs"
"UserProfileAppService","class","LuxuryApp.Application.Services","AuthLuxuryApp","LuxuryApp.Application.Modules.AuthLuxuryApp.ProfileUsers.Services","ProfileUsers\Services\UserProfileAppService.cs"
"AspelCobranzaTraceEventDTO","record","LuxuryApp.Application.DTOs","CobranzaLuxuryApp","LuxuryApp.Application.Modules.CobranzaLuxuryApp.AspelCobranzaHausLive.DTOs","AspelCobranzaHausLive\DTOs\AspelCobranzaHausAuditDTOs.cs"
"AspelEstadoCuentaRequestDTO","record","LuxuryApp.Application.DTOs","CobranzaLuxuryApp","LuxuryApp.Application.Modules.CobranzaLuxuryApp.AspelCobranzaHausLive.DTOs","AspelCobranzaHausLive\DTOs\AspelCobranzaHausDTOs.cs"
"AspelCobranzaEndPoints","class","LuxuryApp.Application.EndPoints","CobranzaLuxuryApp","LuxuryApp.Application.Modules.CobranzaLuxuryApp.AspelCobranzaHausLive.EndPoints","AspelCobranzaHausLive\EndPoints\AspelCobranzaEndPoints.cs"
"IAspelCobranzaHausAppService","interface","LuxuryApp.Application.Interfaces","CobranzaLuxuryApp","LuxuryApp.Application.Modules.CobranzaLuxuryApp.AspelCobranzaHausLive.Interfaces","AspelCobranzaHausLive\Interfaces\IAspelCobranzaHausAppService.cs"
"IAspelCobranzaHausDetalleAppService","interface","LuxuryApp.Application.Interfaces","CobranzaLuxuryApp","LuxuryApp.Application.Modules.CobranzaLuxuryApp.AspelCobranzaHausLive.Interfaces","AspelCobranzaHausLive\Interfaces\IAspelCobranzaHausDetalleAppService.cs"
"AspelCobranzaHausAppService","class","LuxuryApp.Application.Services","CobranzaLuxuryApp","LuxuryApp.Application.Modules.CobranzaLuxuryApp.AspelCobranzaHausLive.Services","AspelCobranzaHausLive\Services\AspelCobranzaHausAppService.cs"
"AspelCobranzaHausDetalleAppService","class","LuxuryApp.Application.Services","CobranzaLuxuryApp","LuxuryApp.Application.Modules.CobranzaLuxuryApp.AspelCobranzaHausLive.Services","AspelCobranzaHausLive\Services\AspelCobranzaHausDetalleAppService.cs"
"AspelCobranzaHausLocalEstadoCuentaRangoRequestDTO","record","LuxuryApp.Application.DTOs","CobranzaLuxuryApp","LuxuryApp.Application.Modules.CobranzaLuxuryApp.AspelCobranzaHausLocal.DTOs","AspelCobranzaHausLocal\DTOs\AspelCobranzaHausLocalDTOs.cs"
"AspelCobranzaHausLocalEndPoints","class","LuxuryApp.Application.EndPoints","CobranzaLuxuryApp","LuxuryApp.Application.Modules.CobranzaLuxuryApp.AspelCobranzaHausLocal.EndPoints","AspelCobranzaHausLocal\EndPoints\AspelCobranzaHausLocalEndPoints.cs"
"IAspelCobranzaHausLocalAppService","interface","LuxuryApp.Application.Interfaces","CobranzaLuxuryApp","LuxuryApp.Application.Modules.CobranzaLuxuryApp.AspelCobranzaHausLocal.Interfaces","AspelCobranzaHausLocal\Interfaces\IAspelCobranzaHausLocalAppService.cs"
"IAspelCobranzaHausLocalDetalleAppService","interface","LuxuryApp.Application.Interfaces","CobranzaLuxuryApp","LuxuryApp.Application.Modules.CobranzaLuxuryApp.AspelCobranzaHausLocal.Interfaces","AspelCobranzaHausLocal\Interfaces\IAspelCobranzaHausLocalDetalleAppService.cs"
"AspelCobranzaHausLocalAppService","class","LuxuryApp.Application.Services","CobranzaLuxuryApp","LuxuryApp.Application.Modules.CobranzaLuxuryApp.AspelCobranzaHausLocal.Services","AspelCobranzaHausLocal\Services\AspelCobranzaHausLocalAppService.cs"
"AspelCobranzaHausLocalDetalleAppService","class","LuxuryApp.Application.Services","CobranzaLuxuryApp","LuxuryApp.Application.Modules.CobranzaLuxuryApp.AspelCobranzaHausLocal.Services","AspelCobranzaHausLocal\Services\AspelCobranzaHausLocalDetalleAppService.cs"
"ChargeResponseDTO","record","LuxuryApp.Application.DTOs","CobranzaLuxuryApp","LuxuryApp.Application.Modules.CobranzaLuxuryApp.CobranzaNativa.Contracts.ExternalCompatibility.DTOs","CobranzaNativa\Contracts\ExternalCompatibility\DTOs\ChargeResponseDTO.cs"
"CobranzaPaymentAllocationDetailDTO","record","LuxuryApp.Application.DTOs","CobranzaLuxuryApp","LuxuryApp.Application.Modules.CobranzaLuxuryApp.CobranzaNativa.Contracts.ExternalCompatibility.DTOs","CobranzaNativa\Contracts\ExternalCompatibility\DTOs\CobranzaPaymentAllocationDetailDTO.cs"
"CobranzaPaymentResponseDTO","record","LuxuryApp.Application.DTOs","CobranzaLuxuryApp","LuxuryApp.Application.Modules.CobranzaLuxuryApp.CobranzaNativa.Contracts.ExternalCompatibility.DTOs","CobranzaNativa\Contracts\ExternalCompatibility\DTOs\CobranzaPaymentResponseDTO.cs"
"CreateChargeDTO","record","LuxuryApp.Application.DTOs","CobranzaLuxuryApp","LuxuryApp.Application.Modules.CobranzaLuxuryApp.CobranzaNativa.Contracts.ExternalCompatibility.DTOs","CobranzaNativa\Contracts\ExternalCompatibility\DTOs\CreateChargeDTO.cs"
"CreateCobranzaPaymentDTO","record","LuxuryApp.Application.DTOs","CobranzaLuxuryApp","LuxuryApp.Application.Modules.CobranzaLuxuryApp.CobranzaNativa.Contracts.ExternalCompatibility.DTOs","CobranzaNativa\Contracts\ExternalCompatibility\DTOs\CreateCobranzaPaymentDTO.cs"
"UpdateChargeDTO","record","LuxuryApp.Application.DTOs","CobranzaLuxuryApp","LuxuryApp.Application.Modules.CobranzaLuxuryApp.CobranzaNativa.Contracts.ExternalCompatibility.DTOs","CobranzaNativa\Contracts\ExternalCompatibility\DTOs\UpdateChargeDTO.cs"
"UpdateCobranzaPaymentDTO","record","LuxuryApp.Application.DTOs","CobranzaLuxuryApp","LuxuryApp.Application.Modules.CobranzaLuxuryApp.CobranzaNativa.Contracts.ExternalCompatibility.DTOs","CobranzaNativa\Contracts\ExternalCompatibility\DTOs\UpdateCobranzaPaymentDTO.cs"
"BillingConfigEndPoints","class","LuxuryApp.Application.EndPoints","CobranzaLuxuryApp","LuxuryApp.Application.Modules.CobranzaLuxuryApp.CobranzaNativa.Contracts.ExternalCompatibility.EndPoints","CobranzaNativa\Contracts\ExternalCompatibility\EndPoints\BillingConfigEndPoints.cs"
"AdjustmentResponseDTO","record","LuxuryApp.Application.DTOs","CobranzaLuxuryApp","LuxuryApp.Application.Modules.CobranzaLuxuryApp.CobranzaNativa.Core.Approvals.DTOs","CobranzaNativa\Core\Approvals\DTOs\AdjustmentResponseDTO.cs"
"CancelApprovalDTO","class","LuxuryApp.Application.DTOs","CobranzaLuxuryApp","LuxuryApp.Application.Modules.CobranzaLuxuryApp.CobranzaNativa.Core.Approvals.DTOs","CobranzaNativa\Core\Approvals\DTOs\CancelApprovalDTO.cs"
"CreateAdjustmentDTO","record","LuxuryApp.Application.DTOs","CobranzaLuxuryApp","LuxuryApp.Application.Modules.CobranzaLuxuryApp.CobranzaNativa.Core.Approvals.DTOs","CobranzaNativa\Core\Approvals\DTOs\CreateAdjustmentDTO.cs"
"CreateCreditNoteDTO","record","LuxuryApp.Application.DTOs","CobranzaLuxuryApp","LuxuryApp.Application.Modules.CobranzaLuxuryApp.CobranzaNativa.Core.Approvals.DTOs","CobranzaNativa\Core\Approvals\DTOs\CreateCreditNoteDTO.cs"
"CreditNoteResponseDTO","record","LuxuryApp.Application.DTOs","CobranzaLuxuryApp","LuxuryApp.Application.Modules.CobranzaLuxuryApp.CobranzaNativa.Core.Approvals.DTOs","CobranzaNativa\Core\Approvals\DTOs\CreditNoteResponseDTO.cs"
"ReviewApprovalDTO","class","LuxuryApp.Application.DTOs","CobranzaLuxuryApp","LuxuryApp.Application.Modules.CobranzaLuxuryApp.CobranzaNativa.Core.Approvals.DTOs","CobranzaNativa\Core\Approvals\DTOs\ReviewApprovalDTO.cs"
"AdjustmentsEndPoints","class","LuxuryApp.Application.EndPoints","CobranzaLuxuryApp","LuxuryApp.Application.Modules.CobranzaLuxuryApp.CobranzaNativa.Core.Approvals.EndPoints","CobranzaNativa\Core\Approvals\EndPoints\AdjustmentsEndPoints.cs"
"FinancialApprovalsEndPoints","class","LuxuryApp.Application.EndPoints","CobranzaLuxuryApp","LuxuryApp.Application.Modules.CobranzaLuxuryApp.CobranzaNativa.Core.Approvals.EndPoints","CobranzaNativa\Core\Approvals\EndPoints\FinancialApprovalsEndPoints.cs"
"IAdjustmentService","interface","LuxuryApp.Application.Interfaces","CobranzaLuxuryApp","LuxuryApp.Application.Modules.CobranzaLuxuryApp.CobranzaNativa.Core.Approvals.Interfaces","CobranzaNativa\Core\Approvals\Interfaces\IAdjustmentService.cs"
"IFinancialApprovalService","interface","LuxuryApp.Application.Interfaces","CobranzaLuxuryApp","LuxuryApp.Application.Modules.CobranzaLuxuryApp.CobranzaNativa.Core.Approvals.Interfaces","CobranzaNativa\Core\Approvals\Interfaces\IFinancialApprovalService.cs"
"AdjustmentService","class","LuxuryApp.Application.Services","CobranzaLuxuryApp","LuxuryApp.Application.Modules.CobranzaLuxuryApp.CobranzaNativa.Core.Approvals.Services","CobranzaNativa\Core\Approvals\Services\AdjustmentService.cs"
"FinancialApprovalService","class","LuxuryApp.Application.Services","CobranzaLuxuryApp","LuxuryApp.Application.Modules.CobranzaLuxuryApp.CobranzaNativa.Core.Approvals.Services","CobranzaNativa\Core\Approvals\Services\FinancialApprovalService.cs"
"FinancialAuditEndPoints","class","LuxuryApp.Application.EndPoints","CobranzaLuxuryApp","LuxuryApp.Application.Modules.CobranzaLuxuryApp.CobranzaNativa.Core.Audit.EndPoints","CobranzaNativa\Core\Audit\EndPoints\FinancialAuditEndPoints.cs"
"IFinancialAuditService","interface","LuxuryApp.Application.Interfaces","CobranzaLuxuryApp","LuxuryApp.Application.Modules.CobranzaLuxuryApp.CobranzaNativa.Core.Audit.Interfaces","CobranzaNativa\Core\Audit\Interfaces\IFinancialAuditService.cs"
"FinancialAuditService","class","LuxuryApp.Application.Services","CobranzaLuxuryApp","LuxuryApp.Application.Modules.CobranzaLuxuryApp.CobranzaNativa.Core.Audit.Services","CobranzaNativa\Core\Audit\Services\FinancialAuditService.cs"
"BulkChargeImportResultDTO","record","LuxuryApp.Application.DTOs","CobranzaLuxuryApp","LuxuryApp.Application.Modules.CobranzaLuxuryApp.CobranzaNativa.Core.Charges.DTOs","CobranzaNativa\Core\Charges\DTOs\BulkChargeImportDTO.cs"
"BulkSetInitialBalanceDTO","record","LuxuryApp.Application.DTOs","CobranzaLuxuryApp","LuxuryApp.Application.Modules.CobranzaLuxuryApp.CobranzaNativa.Core.Charges.DTOs","CobranzaNativa\Core\Charges\DTOs\BulkSetInitialBalanceDTO.cs"
"BulkSetInitialBalanceResultDTO","record","LuxuryApp.Application.DTOs","CobranzaLuxuryApp","LuxuryApp.Application.Modules.CobranzaLuxuryApp.CobranzaNativa.Core.Charges.DTOs","CobranzaNativa\Core\Charges\DTOs\BulkSetInitialBalanceResultDTO.cs"
"FeePreviewRequestDTO","record","LuxuryApp.Application.DTOs","CobranzaLuxuryApp","LuxuryApp.Application.Modules.CobranzaLuxuryApp.CobranzaNativa.Core.Charges.DTOs","CobranzaNativa\Core\Charges\DTOs\FeePreviewRequestDTO.cs"
"PropertyInitialBalanceDTO","record","LuxuryApp.Application.DTOs","CobranzaLuxuryApp","LuxuryApp.Application.Modules.CobranzaLuxuryApp.CobranzaNativa.Core.Charges.DTOs","CobranzaNativa\Core\Charges\DTOs\PropertyInitialBalanceDTO.cs"
"SetInitialBalanceItemDTO","record","LuxuryApp.Application.DTOs","CobranzaLuxuryApp","LuxuryApp.Application.Modules.CobranzaLuxuryApp.CobranzaNativa.Core.Charges.DTOs","CobranzaNativa\Core\Charges\DTOs\SetInitialBalanceItemDTO.cs"
"ChargesEndPoints","class","LuxuryApp.Application.EndPoints","CobranzaLuxuryApp","LuxuryApp.Application.Modules.CobranzaLuxuryApp.CobranzaNativa.Core.Charges.EndPoints","CobranzaNativa\Core\Charges\EndPoints\ChargesEndPoints.cs"
"IChargeAppService","interface","LuxuryApp.Application.Interfaces","CobranzaLuxuryApp","LuxuryApp.Application.Modules.CobranzaLuxuryApp.CobranzaNativa.Core.Charges.Interfaces","CobranzaNativa\Core\Charges\Interfaces\IChargeAppService.cs"
"IChargesGeneratorService","interface","LuxuryApp.Application.Interfaces","CobranzaLuxuryApp","LuxuryApp.Application.Modules.CobranzaLuxuryApp.CobranzaNativa.Core.Charges.Interfaces","CobranzaNativa\Core\Charges\Interfaces\IChargesGeneratorService.cs"
"ChargeAppService","class","LuxuryApp.Application.Services","CobranzaLuxuryApp","LuxuryApp.Application.Modules.CobranzaLuxuryApp.CobranzaNativa.Core.Charges.Services","CobranzaNativa\Core\Charges\Services\ChargeAppService.cs"
"ChargesGeneratorService","class","LuxuryApp.Application.Services","CobranzaLuxuryApp","LuxuryApp.Application.Modules.CobranzaLuxuryApp.CobranzaNativa.Core.Charges.Services","CobranzaNativa\Core\Charges\Services\ChargesGeneratorService.cs"
"ChargeTypeCatalogResponseDTO","record","LuxuryApp.Application.DTOs","CobranzaLuxuryApp","LuxuryApp.Application.Modules.CobranzaLuxuryApp.CobranzaNativa.Core.ChargeTypes.DTOs","CobranzaNativa\Core\ChargeTypes\DTOs\ChargeTypeCatalogResponseDTO.cs"
"CreateChargeTypeCatalogDTO","record","LuxuryApp.Application.DTOs","CobranzaLuxuryApp","LuxuryApp.Application.Modules.CobranzaLuxuryApp.CobranzaNativa.Core.ChargeTypes.DTOs","CobranzaNativa\Core\ChargeTypes\DTOs\CreateChargeTypeCatalogDTO.cs"
"UpdateChargeTypeCatalogDTO","record","LuxuryApp.Application.DTOs","CobranzaLuxuryApp","LuxuryApp.Application.Modules.CobranzaLuxuryApp.CobranzaNativa.Core.ChargeTypes.DTOs","CobranzaNativa\Core\ChargeTypes\DTOs\UpdateChargeTypeCatalogDTO.cs"
"ChargeTypesEndPoints","class","LuxuryApp.Application.EndPoints","CobranzaLuxuryApp","LuxuryApp.Application.Modules.CobranzaLuxuryApp.CobranzaNativa.Core.ChargeTypes.EndPoints","CobranzaNativa\Core\ChargeTypes\EndPoints\ChargeTypesEndPoints.cs"
"IChargeTypeCatalogAppService","interface","LuxuryApp.Application.Interfaces","CobranzaLuxuryApp","LuxuryApp.Application.Modules.CobranzaLuxuryApp.CobranzaNativa.Core.ChargeTypes.Interfaces","CobranzaNativa\Core\ChargeTypes\Interfaces\IChargeTypeCatalogAppService.cs"
"ChargeTypeCatalogAppService","class","LuxuryApp.Application.Services","CobranzaLuxuryApp","LuxuryApp.Application.Modules.CobranzaLuxuryApp.CobranzaNativa.Core.ChargeTypes.Services","CobranzaNativa\Core\ChargeTypes\Services\ChargeTypeCatalogAppService.cs"
"CollectionActivityDTO","record","LuxuryApp.Application.DTOs","CobranzaLuxuryApp","LuxuryApp.Application.Modules.CobranzaLuxuryApp.CobranzaNativa.Core.CollectionCases.DTOs","CobranzaNativa\Core\CollectionCases\DTOs\CollectionActivityDTO.cs"
"CollectionCaseResponseDTO","record","LuxuryApp.Application.DTOs","CobranzaLuxuryApp","LuxuryApp.Application.Modules.CobranzaLuxuryApp.CobranzaNativa.Core.CollectionCases.DTOs","CobranzaNativa\Core\CollectionCases\DTOs\CollectionCaseResponseDTO.cs"
"CreateCollectionCaseDTO","record","LuxuryApp.Application.DTOs","CobranzaLuxuryApp","LuxuryApp.Application.Modules.CobranzaLuxuryApp.CobranzaNativa.Core.CollectionCases.DTOs","CobranzaNativa\Core\CollectionCases\DTOs\CreateCollectionCaseDTO.cs"
"LogCollectionActivityDTO","record","LuxuryApp.Application.DTOs","CobranzaLuxuryApp","LuxuryApp.Application.Modules.CobranzaLuxuryApp.CobranzaNativa.Core.CollectionCases.DTOs","CobranzaNativa\Core\CollectionCases\DTOs\LogCollectionActivityDTO.cs"
"UpdateCollectionCaseDTO","record","LuxuryApp.Application.DTOs","CobranzaLuxuryApp","LuxuryApp.Application.Modules.CobranzaLuxuryApp.CobranzaNativa.Core.CollectionCases.DTOs","CobranzaNativa\Core\CollectionCases\DTOs\UpdateCollectionCaseDTO.cs"
"CollectionCasesEndPoints","class","LuxuryApp.Application.EndPoints","CobranzaLuxuryApp","LuxuryApp.Application.Modules.CobranzaLuxuryApp.CobranzaNativa.Core.CollectionCases.EndPoints","CobranzaNativa\Core\CollectionCases\EndPoints\CollectionCasesEndpoints.cs"
"ICollectionCaseAppService","interface","LuxuryApp.Application.Interfaces","CobranzaLuxuryApp","LuxuryApp.Application.Modules.CobranzaLuxuryApp.CobranzaNativa.Core.CollectionCases.Interfaces","CobranzaNativa\Core\CollectionCases\Interfaces\ICollectionCaseAppService.cs"
"ICollectionManagerService","interface","LuxuryApp.Application.Interfaces","CobranzaLuxuryApp","LuxuryApp.Application.Modules.CobranzaLuxuryApp.CobranzaNativa.Core.CollectionCases.Interfaces","CobranzaNativa\Core\CollectionCases\Interfaces\ICollectionManagerService.cs"
"CollectionCaseAppService","class","LuxuryApp.Application.Services","CobranzaLuxuryApp","LuxuryApp.Application.Modules.CobranzaLuxuryApp.CobranzaNativa.Core.CollectionCases.Services","CobranzaNativa\Core\CollectionCases\Services\CollectionCaseAppService.cs"
"CollectionManagerService","class","LuxuryApp.Application.Services","CobranzaLuxuryApp","LuxuryApp.Application.Modules.CobranzaLuxuryApp.CobranzaNativa.Core.CollectionCases.Services","CobranzaNativa\Core\CollectionCases\Services\CollectionManagerService.cs"
"CreatePropertyFineDTO","record","LuxuryApp.Application.DTOs","CobranzaLuxuryApp","LuxuryApp.Application.Modules.CobranzaLuxuryApp.CobranzaNativa.Core.Fines.DTOs","CobranzaNativa\Core\Fines\DTOs\CreatePropertyFineDTO.cs"
"CreateRegulationArticleDTO","record","LuxuryApp.Application.DTOs","CobranzaLuxuryApp","LuxuryApp.Application.Modules.CobranzaLuxuryApp.CobranzaNativa.Core.Fines.DTOs","CobranzaNativa\Core\Fines\DTOs\CreateRegulationArticleDTO.cs"
"FineEvidenceResponseDTO","record","LuxuryApp.Application.DTOs","CobranzaLuxuryApp","LuxuryApp.Application.Modules.CobranzaLuxuryApp.CobranzaNativa.Core.Fines.DTOs","CobranzaNativa\Core\Fines\DTOs\FineEvidenceResponseDTO.cs"
"IssueFineChargeDTO","record","LuxuryApp.Application.DTOs","CobranzaLuxuryApp","LuxuryApp.Application.Modules.CobranzaLuxuryApp.CobranzaNativa.Core.Fines.DTOs","CobranzaNativa\Core\Fines\DTOs\IssueFineChargeDTO.cs"
"PropertyFineResponseDTO","record","LuxuryApp.Application.DTOs","CobranzaLuxuryApp","LuxuryApp.Application.Modules.CobranzaLuxuryApp.CobranzaNativa.Core.Fines.DTOs","CobranzaNativa\Core\Fines\DTOs\PropertyFineResponseDTO.cs"
"RegulationArticleResponseDTO","record","LuxuryApp.Application.DTOs","CobranzaLuxuryApp","LuxuryApp.Application.Modules.CobranzaLuxuryApp.CobranzaNativa.Core.Fines.DTOs","CobranzaNativa\Core\Fines\DTOs\RegulationArticleResponseDTO.cs"
"UpdatePropertyFineDTO","record","LuxuryApp.Application.DTOs","CobranzaLuxuryApp","LuxuryApp.Application.Modules.CobranzaLuxuryApp.CobranzaNativa.Core.Fines.DTOs","CobranzaNativa\Core\Fines\DTOs\UpdatePropertyFineDTO.cs"
"UpdateRegulationArticleDTO","record","LuxuryApp.Application.DTOs","CobranzaLuxuryApp","LuxuryApp.Application.Modules.CobranzaLuxuryApp.CobranzaNativa.Core.Fines.DTOs","CobranzaNativa\Core\Fines\DTOs\UpdateRegulationArticleDTO.cs"
"PropertyFinesEndPoints","class","LuxuryApp.Application.EndPoints","CobranzaLuxuryApp","LuxuryApp.Application.Modules.CobranzaLuxuryApp.CobranzaNativa.Core.Fines.EndPoints","CobranzaNativa\Core\Fines\EndPoints\PropertyFinesEndpoints.cs"
"RegulationArticlesEndPoints","class","LuxuryApp.Application.EndPoints","CobranzaLuxuryApp","LuxuryApp.Application.Modules.CobranzaLuxuryApp.CobranzaNativa.Core.Fines.EndPoints","CobranzaNativa\Core\Fines\EndPoints\RegulationArticlesEndPoints.cs"
"IPropertyFineAppService","interface","LuxuryApp.Application.Interfaces","CobranzaLuxuryApp","LuxuryApp.Application.Modules.CobranzaLuxuryApp.CobranzaNativa.Core.Fines.Interfaces","CobranzaNativa\Core\Fines\Interfaces\IPropertyFineAppService.cs"
"IRegulationArticleAppService","interface","LuxuryApp.Application.Interfaces","CobranzaLuxuryApp","LuxuryApp.Application.Modules.CobranzaLuxuryApp.CobranzaNativa.Core.Fines.Interfaces","CobranzaNativa\Core\Fines\Interfaces\IRegulationArticleAppService.cs"
"PropertyFineAppService","class","LuxuryApp.Application.Services","CobranzaLuxuryApp","LuxuryApp.Application.Modules.CobranzaLuxuryApp.CobranzaNativa.Core.Fines.Services","CobranzaNativa\Core\Fines\Services\PropertyFineAppService.cs"
"RegulationArticleAppService","class","LuxuryApp.Application.Services","CobranzaLuxuryApp","LuxuryApp.Application.Modules.CobranzaLuxuryApp.CobranzaNativa.Core.Fines.Services","CobranzaNativa\Core\Fines\Services\RegulationArticleAppService.cs"
"CancelInvoiceRequestDTO","record","LuxuryApp.Application.DTOs","CobranzaLuxuryApp","LuxuryApp.Application.Modules.CobranzaLuxuryApp.CobranzaNativa.Core.Invoices.DTOs","CobranzaNativa\Core\Invoices\DTOs\CancelInvoiceRequestDTO.cs"
"GenerateInvoiceRequestDTO","record","LuxuryApp.Application.DTOs","CobranzaLuxuryApp","LuxuryApp.Application.Modules.CobranzaLuxuryApp.CobranzaNativa.Core.Invoices.DTOs","CobranzaNativa\Core\Invoices\DTOs\GenerateInvoiceRequestDTO.cs"
"InvoiceResponseDTO","record","LuxuryApp.Application.DTOs","CobranzaLuxuryApp","LuxuryApp.Application.Modules.CobranzaLuxuryApp.CobranzaNativa.Core.Invoices.DTOs","CobranzaNativa\Core\Invoices\DTOs\InvoiceResponseDTO.cs"
"InvoicesEndPoints","class","LuxuryApp.Application.EndPoints","CobranzaLuxuryApp","LuxuryApp.Application.Modules.CobranzaLuxuryApp.CobranzaNativa.Core.Invoices.EndPoints","CobranzaNativa\Core\Invoices\EndPoints\InvoicesEndpoints.cs"
"IInvoiceQueryAppService","interface","LuxuryApp.Application.Interfaces","CobranzaLuxuryApp","LuxuryApp.Application.Modules.CobranzaLuxuryApp.CobranzaNativa.Core.Invoices.Interfaces","CobranzaNativa\Core\Invoices\Interfaces\IInvoiceQueryAppService.cs"
"IInvoiceService","interface","LuxuryApp.Application.Interfaces","CobranzaLuxuryApp","LuxuryApp.Application.Modules.CobranzaLuxuryApp.CobranzaNativa.Core.Invoices.Interfaces","CobranzaNativa\Core\Invoices\Interfaces\IInvoiceService.cs"
"InvoiceQueryAppService","class","LuxuryApp.Application.Services","CobranzaLuxuryApp","LuxuryApp.Application.Modules.CobranzaLuxuryApp.CobranzaNativa.Core.Invoices.Services","CobranzaNativa\Core\Invoices\Services\InvoiceQueryAppService.cs"
"InvoiceService","class","LuxuryApp.Application.Services","CobranzaLuxuryApp","LuxuryApp.Application.Modules.CobranzaLuxuryApp.CobranzaNativa.Core.Invoices.Services","CobranzaNativa\Core\Invoices\Services\InvoiceService.cs"
"CreateLateFeePolicyDTO","record","LuxuryApp.Application.DTOs","CobranzaLuxuryApp","LuxuryApp.Application.Modules.CobranzaLuxuryApp.CobranzaNativa.Core.LateFees.DTOs","CobranzaNativa\Core\LateFees\DTOs\CreateLateFeePolicyDTO.cs"
"LateFeePolicyResponseDTO","record","LuxuryApp.Application.DTOs","CobranzaLuxuryApp","LuxuryApp.Application.Modules.CobranzaLuxuryApp.CobranzaNativa.Core.LateFees.DTOs","CobranzaNativa\Core\LateFees\DTOs\LateFeePolicyResponseDTO.cs"
"UpdateLateFeePolicyDTO","record","LuxuryApp.Application.DTOs","CobranzaLuxuryApp","LuxuryApp.Application.Modules.CobranzaLuxuryApp.CobranzaNativa.Core.LateFees.DTOs","CobranzaNativa\Core\LateFees\DTOs\UpdateLateFeePolicyDTO.cs"
"LateFeePoliciesEndPoints","class","LuxuryApp.Application.EndPoints","CobranzaLuxuryApp","LuxuryApp.Application.Modules.CobranzaLuxuryApp.CobranzaNativa.Core.LateFees.EndPoints","CobranzaNativa\Core\LateFees\EndPoints\LateFeePoliciesEndPoints.cs"
"ILateFeeCalculatorService","interface","LuxuryApp.Application.Interfaces","CobranzaLuxuryApp","LuxuryApp.Application.Modules.CobranzaLuxuryApp.CobranzaNativa.Core.LateFees.Interfaces","CobranzaNativa\Core\LateFees\Interfaces\ILateFeeCalculatorService.cs"
"ILateFeePolicyAppService","interface","LuxuryApp.Application.Interfaces","CobranzaLuxuryApp","LuxuryApp.Application.Modules.CobranzaLuxuryApp.CobranzaNativa.Core.LateFees.Interfaces","CobranzaNativa\Core\LateFees\Interfaces\ILateFeePolicyAppService.cs"
"LateFeeCalculatorService","class","LuxuryApp.Application.Services","CobranzaLuxuryApp","LuxuryApp.Application.Modules.CobranzaLuxuryApp.CobranzaNativa.Core.LateFees.Services","CobranzaNativa\Core\LateFees\Services\LateFeeCalculatorService.cs"
"LateFeePolicyAppService","class","LuxuryApp.Application.Services","CobranzaLuxuryApp","LuxuryApp.Application.Modules.CobranzaLuxuryApp.CobranzaNativa.Core.LateFees.Services","CobranzaNativa\Core\LateFees\Services\LateFeePolicyAppService.cs"
"FinancialLedgerEntryResponseDTO","record","LuxuryApp.Application.DTOs","CobranzaLuxuryApp","LuxuryApp.Application.Modules.CobranzaLuxuryApp.CobranzaNativa.Core.Ledger.DTOs","CobranzaNativa\Core\Ledger\DTOs\FinancialLedgerEntryResponseDTO.cs"
"LedgerEndPoints","class","LuxuryApp.Application.EndPoints","CobranzaLuxuryApp","LuxuryApp.Application.Modules.CobranzaLuxuryApp.CobranzaNativa.Core.Ledger.EndPoints","CobranzaNativa\Core\Ledger\EndPoints\LedgerEndPoints.cs"
"ILedgerIntegrityService","interface","LuxuryApp.Application.Interfaces","CobranzaLuxuryApp","LuxuryApp.Application.Modules.CobranzaLuxuryApp.CobranzaNativa.Core.Ledger.Interfaces","CobranzaNativa\Core\Ledger\Interfaces\ILedgerIntegrityService.cs"
"ILedgerService","interface","LuxuryApp.Application.Interfaces","CobranzaLuxuryApp","LuxuryApp.Application.Modules.CobranzaLuxuryApp.CobranzaNativa.Core.Ledger.Interfaces","CobranzaNativa\Core\Ledger\Interfaces\ILedgerService.cs"
"LedgerIntegrityService","class","LuxuryApp.Application.Services","CobranzaLuxuryApp","LuxuryApp.Application.Modules.CobranzaLuxuryApp.CobranzaNativa.Core.Ledger.Services","CobranzaNativa\Core\Ledger\Services\LedgerIntegrityService.cs"
"LedgerService","class","LuxuryApp.Application.Services","CobranzaLuxuryApp","LuxuryApp.Application.Modules.CobranzaLuxuryApp.CobranzaNativa.Core.Ledger.Services","CobranzaNativa\Core\Ledger\Services\LedgerService.cs"
"EndMembershipDTO","class","LuxuryApp.Application.DTOs","CobranzaLuxuryApp","LuxuryApp.Application.Modules.CobranzaLuxuryApp.CobranzaNativa.Core.Members.DTOs","CobranzaNativa\Core\Members\DTOs\EndMembershipDTO.cs"
"PropertyMembersEndPoints","class","LuxuryApp.Application.EndPoints","CobranzaLuxuryApp","LuxuryApp.Application.Modules.CobranzaLuxuryApp.CobranzaNativa.Core.Members.EndPoints","CobranzaNativa\Core\Members\EndPoints\PropertyMembersEndPoints.cs"
"IPropertyMemberService","interface","LuxuryApp.Application.Interfaces","CobranzaLuxuryApp","LuxuryApp.Application.Modules.CobranzaLuxuryApp.CobranzaNativa.Core.Members.Interfaces","CobranzaNativa\Core\Members\Interfaces\IPropertyMemberService.cs"
"PropertyMemberService","class","LuxuryApp.Application.Services","CobranzaLuxuryApp","LuxuryApp.Application.Modules.CobranzaLuxuryApp.CobranzaNativa.Core.Members.Services","CobranzaNativa\Core\Members\Services\PropertyMemberService.cs"
"CobranzaMetricasResponseDTO","record","LuxuryApp.Application.DTOs","CobranzaLuxuryApp","LuxuryApp.Application.Modules.CobranzaLuxuryApp.CobranzaNativa.Core.Metrics.DTOs","CobranzaNativa\Core\Metrics\DTOs\CobranzaMetricasResponseDTO.cs"
"TendenciaMensualDTO","record","LuxuryApp.Application.DTOs","CobranzaLuxuryApp","LuxuryApp.Application.Modules.CobranzaLuxuryApp.CobranzaNativa.Core.Metrics.DTOs","CobranzaNativa\Core\Metrics\DTOs\TendenciaMensualDTO.cs"
"TopDeudorDTO","record","LuxuryApp.Application.DTOs","CobranzaLuxuryApp","LuxuryApp.Application.Modules.CobranzaLuxuryApp.CobranzaNativa.Core.Metrics.DTOs","CobranzaNativa\Core\Metrics\DTOs\TopDeudorDTO.cs"
"CobranzaMetricasEndPoints","class","LuxuryApp.Application.EndPoints","CobranzaLuxuryApp","LuxuryApp.Application.Modules.CobranzaLuxuryApp.CobranzaNativa.Core.Metrics.EndPoints","CobranzaNativa\Core\Metrics\EndPoints\CobranzaMetricasEndPoints.cs"
"ICobranzaMetricasService","interface","LuxuryApp.Application.Interfaces","CobranzaLuxuryApp","LuxuryApp.Application.Modules.CobranzaLuxuryApp.CobranzaNativa.Core.Metrics.Interfaces","CobranzaNativa\Core\Metrics\Interfaces\ICobranzaMetricasService.cs"
"CobranzaMetricasService","class","LuxuryApp.Application.Services","CobranzaLuxuryApp","LuxuryApp.Application.Modules.CobranzaLuxuryApp.CobranzaNativa.Core.Metrics.Services","CobranzaNativa\Core\Metrics\Services\CobranzaMetricasService.cs"
"NativeCollectionNotificationSettingsResponseDTO","record","LuxuryApp.Application.DTOs","CobranzaLuxuryApp","LuxuryApp.Application.Modules.CobranzaLuxuryApp.CobranzaNativa.Core.Notifications.DTOs","CobranzaNativa\Core\Notifications\DTOs\NativeCollectionNotificationSettingsResponseDTO.cs"
"NativeCollectionRealTimeUpdateDTO","record","LuxuryApp.Application.DTOs","CobranzaLuxuryApp","LuxuryApp.Application.Modules.CobranzaLuxuryApp.CobranzaNativa.Core.Notifications.DTOs","CobranzaNativa\Core\Notifications\DTOs\NativeCollectionRealTimeUpdateDTO.cs"
"SaveNativeCollectionNotificationSettingsDTO","record","LuxuryApp.Application.DTOs","CobranzaLuxuryApp","LuxuryApp.Application.Modules.CobranzaLuxuryApp.CobranzaNativa.Core.Notifications.DTOs","CobranzaNativa\Core\Notifications\DTOs\SaveNativeCollectionNotificationSettingsDTO.cs"
"SendNativeStatementBatchRequestDTO","record","LuxuryApp.Application.DTOs","CobranzaLuxuryApp","LuxuryApp.Application.Modules.CobranzaLuxuryApp.CobranzaNativa.Core.Notifications.DTOs","CobranzaNativa\Core\Notifications\DTOs\SendNativeStatementBatchRequestDTO.cs"
"SendNativeStatementBatchResponseDTO","record","LuxuryApp.Application.DTOs","CobranzaLuxuryApp","LuxuryApp.Application.Modules.CobranzaLuxuryApp.CobranzaNativa.Core.Notifications.DTOs","CobranzaNativa\Core\Notifications\DTOs\SendNativeStatementBatchResponseDTO.cs"
"SendNativeStatementEmailRequestDTO","record","LuxuryApp.Application.DTOs","CobranzaLuxuryApp","LuxuryApp.Application.Modules.CobranzaLuxuryApp.CobranzaNativa.Core.Notifications.DTOs","CobranzaNativa\Core\Notifications\DTOs\SendNativeStatementEmailRequestDTO.cs"
"NativeCollectionNotificationsEndPoints","class","LuxuryApp.Application.EndPoints","CobranzaLuxuryApp","LuxuryApp.Application.Modules.CobranzaLuxuryApp.CobranzaNativa.Core.Notifications.EndPoints","CobranzaNativa\Core\Notifications\EndPoints\NativeCollectionNotificationsEndpoints.cs"
"NotificationSettingsEndPoints","class","LuxuryApp.Application.EndPoints","CobranzaLuxuryApp","LuxuryApp.Application.Modules.CobranzaLuxuryApp.CobranzaNativa.Core.Notifications.EndPoints","CobranzaNativa\Core\Notifications\EndPoints\NotificationSettingsEndPoints.cs"
"ICobranzaNativaNotificationService","interface","LuxuryApp.Application.Interfaces","CobranzaLuxuryApp","LuxuryApp.Application.Modules.CobranzaLuxuryApp.CobranzaNativa.Core.Notifications.Interfaces","CobranzaNativa\Core\Notifications\Interfaces\ICobranzaNativaNotificationService.cs"
"INativeCollectionNotificationSettingsService","interface","LuxuryApp.Application.Interfaces","CobranzaLuxuryApp","LuxuryApp.Application.Modules.CobranzaLuxuryApp.CobranzaNativa.Core.Notifications.Interfaces","CobranzaNativa\Core\Notifications\Interfaces\INativeCollectionNotificationSettingsService.cs"
"INativeCollectionRealTimeService","interface","LuxuryApp.Application.Interfaces","CobranzaLuxuryApp","LuxuryApp.Application.Modules.CobranzaLuxuryApp.CobranzaNativa.Core.Notifications.Interfaces","CobranzaNativa\Core\Notifications\Interfaces\INativeCollectionRealTimeService.cs"
"INotificationEngineService","interface","LuxuryApp.Application.Interfaces","CobranzaLuxuryApp","LuxuryApp.Application.Modules.CobranzaLuxuryApp.CobranzaNativa.Core.Notifications.Interfaces","CobranzaNativa\Core\Notifications\Interfaces\INotificationEngineService.cs"
"CobranzaNativaNotificationService","class","LuxuryApp.Application.Services","CobranzaLuxuryApp","LuxuryApp.Application.Modules.CobranzaLuxuryApp.CobranzaNativa.Core.Notifications.Services","CobranzaNativa\Core\Notifications\Services\CobranzaNativaNotificationService.cs"
"NativeCollectionNotificationSettingsService","class","LuxuryApp.Application.Services","CobranzaLuxuryApp","LuxuryApp.Application.Modules.CobranzaLuxuryApp.CobranzaNativa.Core.Notifications.Services","CobranzaNativa\Core\Notifications\Services\NativeCollectionNotificationSettingsService.cs"
"NativeCollectionRealTimeService","class","LuxuryApp.Application.Services","CobranzaLuxuryApp","LuxuryApp.Application.Modules.CobranzaLuxuryApp.CobranzaNativa.Core.Notifications.Services","CobranzaNativa\Core\Notifications\Services\NativeCollectionRealTimeService.cs"
"NotificationEngineService","class","LuxuryApp.Application.Services","CobranzaLuxuryApp","LuxuryApp.Application.Modules.CobranzaLuxuryApp.CobranzaNativa.Core.Notifications.Services","CobranzaNativa\Core\Notifications\Services\NotificationEngineService.cs"
"ApplyPaymentResultDTO","record","LuxuryApp.Application.DTOs","CobranzaLuxuryApp","LuxuryApp.Application.Modules.CobranzaLuxuryApp.CobranzaNativa.Core.Payments.DTOs","CobranzaNativa\Core\Payments\DTOs\ApplyPaymentResultDTO.cs"
"ApplyPaymentToChargesDTO","record","LuxuryApp.Application.DTOs","CobranzaLuxuryApp","LuxuryApp.Application.Modules.CobranzaLuxuryApp.CobranzaNativa.Core.Payments.DTOs","CobranzaNativa\Core\Payments\DTOs\ApplyPaymentToChargesDTO.cs"
"CancelPaymentDTO","record","LuxuryApp.Application.DTOs","CobranzaLuxuryApp","LuxuryApp.Application.Modules.CobranzaLuxuryApp.CobranzaNativa.Core.Payments.DTOs","CobranzaNativa\Core\Payments\DTOs\CancelPaymentDTO.cs"
"ChargeAllocationItemDTO","record","LuxuryApp.Application.DTOs","CobranzaLuxuryApp","LuxuryApp.Application.Modules.CobranzaLuxuryApp.CobranzaNativa.Core.Payments.DTOs","CobranzaNativa\Core\Payments\DTOs\ChargeAllocationItemDTO.cs"
"ChargeAllocationResultDTO","record","LuxuryApp.Application.DTOs","CobranzaLuxuryApp","LuxuryApp.Application.Modules.CobranzaLuxuryApp.CobranzaNativa.Core.Payments.DTOs","CobranzaNativa\Core\Payments\DTOs\ChargeAllocationResultDTO.cs"
"CobranzaWebhookPayloadDTO","record","LuxuryApp.Application.DTOs","CobranzaLuxuryApp","LuxuryApp.Application.Modules.CobranzaLuxuryApp.CobranzaNativa.Core.Payments.DTOs","CobranzaNativa\Core\Payments\DTOs\CobranzaWebhookPayloadDTO.cs"
"PendingChargeDTO","record","LuxuryApp.Application.DTOs","CobranzaLuxuryApp","LuxuryApp.Application.Modules.CobranzaLuxuryApp.CobranzaNativa.Core.Payments.DTOs","CobranzaNativa\Core\Payments\DTOs\PendingChargeDTO.cs"
"CobranzaPaymentsEndPoints","class","LuxuryApp.Application.EndPoints","CobranzaLuxuryApp","LuxuryApp.Application.Modules.CobranzaLuxuryApp.CobranzaNativa.Core.Payments.EndPoints","CobranzaNativa\Core\Payments\EndPoints\CobranzaPaymentsEndPoints.cs"
"WebhooksEndPoints","class","LuxuryApp.Application.EndPoints","CobranzaLuxuryApp","LuxuryApp.Application.Modules.CobranzaLuxuryApp.CobranzaNativa.Core.Payments.EndPoints","CobranzaNativa\Core\Payments\EndPoints\WebhooksEndPoints.cs"
"ICobranzaPaymentAppService","interface","LuxuryApp.Application.Interfaces","CobranzaLuxuryApp","LuxuryApp.Application.Modules.CobranzaLuxuryApp.CobranzaNativa.Core.Payments.Interfaces","CobranzaNativa\Core\Payments\Interfaces\ICobranzaPaymentAppService.cs"
"IPaymentAllocationService","interface","LuxuryApp.Application.Interfaces","CobranzaLuxuryApp","LuxuryApp.Application.Modules.CobranzaLuxuryApp.CobranzaNativa.Core.Payments.Interfaces","CobranzaNativa\Core\Payments\Interfaces\IPaymentAllocationService.cs"
"IWebhookHandlerService","interface","LuxuryApp.Application.Interfaces","CobranzaLuxuryApp","LuxuryApp.Application.Modules.CobranzaLuxuryApp.CobranzaNativa.Core.Payments.Interfaces","CobranzaNativa\Core\Payments\Interfaces\IWebhookHandlerService.cs"
"CobranzaPaymentAppService","class","LuxuryApp.Application.Services","CobranzaLuxuryApp","LuxuryApp.Application.Modules.CobranzaLuxuryApp.CobranzaNativa.Core.Payments.Services","CobranzaNativa\Core\Payments\Services\CobranzaPaymentAppService.cs"
"PaymentAllocationService","class","LuxuryApp.Application.Services","CobranzaLuxuryApp","LuxuryApp.Application.Modules.CobranzaLuxuryApp.CobranzaNativa.Core.Payments.Services","CobranzaNativa\Core\Payments\Services\PaymentAllocationService.cs"
"WebhookHandlerService","class","LuxuryApp.Application.Services","CobranzaLuxuryApp","LuxuryApp.Application.Modules.CobranzaLuxuryApp.CobranzaNativa.Core.Payments.Services","CobranzaNativa\Core\Payments\Services\WebhookHandlerService.cs"
"ClosePeriodDTO","class","LuxuryApp.Application.DTOs","CobranzaLuxuryApp","LuxuryApp.Application.Modules.CobranzaLuxuryApp.CobranzaNativa.Core.PeriodClosures.DTOs","CobranzaNativa\Core\PeriodClosures\DTOs\ClosePeriodDTO.cs"
"ReopenPeriodDTO","class","LuxuryApp.Application.DTOs","CobranzaLuxuryApp","LuxuryApp.Application.Modules.CobranzaLuxuryApp.CobranzaNativa.Core.PeriodClosures.DTOs","CobranzaNativa\Core\PeriodClosures\DTOs\ReopenPeriodDTO.cs"
"PeriodClosuresEndPoints","class","LuxuryApp.Application.EndPoints","CobranzaLuxuryApp","LuxuryApp.Application.Modules.CobranzaLuxuryApp.CobranzaNativa.Core.PeriodClosures.EndPoints","CobranzaNativa\Core\PeriodClosures\EndPoints\PeriodClosuresEndPoints.cs"
"IPeriodClosureService","interface","LuxuryApp.Application.Interfaces","CobranzaLuxuryApp","LuxuryApp.Application.Modules.CobranzaLuxuryApp.CobranzaNativa.Core.PeriodClosures.Interfaces","CobranzaNativa\Core\PeriodClosures\Interfaces\IPeriodClosureService.cs"
"PeriodClosureService","class","LuxuryApp.Application.Services","CobranzaLuxuryApp","LuxuryApp.Application.Modules.CobranzaLuxuryApp.CobranzaNativa.Core.PeriodClosures.Services","CobranzaNativa\Core\PeriodClosures\Services\PeriodClosureService.cs"
"ReconciliationsEndPoints","class","LuxuryApp.Application.EndPoints","CobranzaLuxuryApp","LuxuryApp.Application.Modules.CobranzaLuxuryApp.CobranzaNativa.Core.Reconciliation.EndPoints","CobranzaNativa\Core\Reconciliation\EndPoints\ReconciliationsEndpoints.cs"
"IReconciliationService","interface","LuxuryApp.Application.Interfaces","CobranzaLuxuryApp","LuxuryApp.Application.Modules.CobranzaLuxuryApp.CobranzaNativa.Core.Reconciliation.Interfaces","CobranzaNativa\Core\Reconciliation\Interfaces\IReconciliationService.cs"
"ReconciliationService","class","LuxuryApp.Application.Services","CobranzaLuxuryApp","LuxuryApp.Application.Modules.CobranzaLuxuryApp.CobranzaNativa.Core.Reconciliation.Services","CobranzaNativa\Core\Reconciliation\Services\ReconciliationService.cs"
"AgingDTO","record","LuxuryApp.Application.DTOs","CobranzaLuxuryApp","LuxuryApp.Application.Modules.CobranzaLuxuryApp.CobranzaNativa.Core.Statements.DTOs","CobranzaNativa\Core\Statements\DTOs\AgingDTO.cs"
"LedgerEntryDTO","record","LuxuryApp.Application.DTOs","CobranzaLuxuryApp","LuxuryApp.Application.Modules.CobranzaLuxuryApp.CobranzaNativa.Core.Statements.DTOs","CobranzaNativa\Core\Statements\DTOs\LedgerEntryDTO.cs"
"NativeStatementResponseDTO","record","LuxuryApp.Application.DTOs","CobranzaLuxuryApp","LuxuryApp.Application.Modules.CobranzaLuxuryApp.CobranzaNativa.Core.Statements.DTOs","CobranzaNativa\Core\Statements\DTOs\NativeStatementResponseDTO.cs"
"PropertyInfoDTO","record","LuxuryApp.Application.DTOs","CobranzaLuxuryApp","LuxuryApp.Application.Modules.CobranzaLuxuryApp.CobranzaNativa.Core.Statements.DTOs","CobranzaNativa\Core\Statements\DTOs\PropertyInfoDTO.cs"
"StatementSummaryDTO","record","LuxuryApp.Application.DTOs","CobranzaLuxuryApp","LuxuryApp.Application.Modules.CobranzaLuxuryApp.CobranzaNativa.Core.Statements.DTOs","CobranzaNativa\Core\Statements\DTOs\StatementSummaryDTO.cs"
"NativeStatementsEndPoints","class","LuxuryApp.Application.EndPoints","CobranzaLuxuryApp","LuxuryApp.Application.Modules.CobranzaLuxuryApp.CobranzaNativa.Core.Statements.EndPoints","CobranzaNativa\Core\Statements\EndPoints\NativeStatementsEndpoints.cs"
"INativeStatementService","interface","LuxuryApp.Application.Interfaces","CobranzaLuxuryApp","LuxuryApp.Application.Modules.CobranzaLuxuryApp.CobranzaNativa.Core.Statements.Interfaces","CobranzaNativa\Core\Statements\Interfaces\INativeStatementService.cs"
"NativeStatementPdfExportService","class","LuxuryApp.Application.Services","CobranzaLuxuryApp","LuxuryApp.Application.Modules.CobranzaLuxuryApp.CobranzaNativa.Core.Statements.Services","CobranzaNativa\Core\Statements\Services\NativeStatementPdfExportService.cs"
"NativeStatementService","class","LuxuryApp.Application.Services","CobranzaLuxuryApp","LuxuryApp.Application.Modules.CobranzaLuxuryApp.CobranzaNativa.Core.Statements.Services","CobranzaNativa\Core\Statements\Services\NativeStatementService.cs"
"ChargeTemplateResponseDTO","record","LuxuryApp.Application.DTOs","CobranzaLuxuryApp","LuxuryApp.Application.Modules.CobranzaLuxuryApp.CobranzaNativa.Core.Templates.DTOs","CobranzaNativa\Core\Templates\DTOs\ChargeTemplateResponseDTO.cs"
"CreateChargeTemplateDTO","record","LuxuryApp.Application.DTOs","CobranzaLuxuryApp","LuxuryApp.Application.Modules.CobranzaLuxuryApp.CobranzaNativa.Core.Templates.DTOs","CobranzaNativa\Core\Templates\DTOs\CreateChargeTemplateDTO.cs"
"UpdateChargeTemplateDTO","record","LuxuryApp.Application.DTOs","CobranzaLuxuryApp","LuxuryApp.Application.Modules.CobranzaLuxuryApp.CobranzaNativa.Core.Templates.DTOs","CobranzaNativa\Core\Templates\DTOs\UpdateChargeTemplateDTO.cs"
"ChargeTemplatesEndPoints","class","LuxuryApp.Application.EndPoints","CobranzaLuxuryApp","LuxuryApp.Application.Modules.CobranzaLuxuryApp.CobranzaNativa.Core.Templates.EndPoints","CobranzaNativa\Core\Templates\EndPoints\ChargeTemplatesEndPoints.cs"
"IChargeTemplateAppService","interface","LuxuryApp.Application.Interfaces","CobranzaLuxuryApp","LuxuryApp.Application.Modules.CobranzaLuxuryApp.CobranzaNativa.Core.Templates.Interfaces","CobranzaNativa\Core\Templates\Interfaces\IChargeTemplateAppService.cs"
"ChargeTemplateAppService","class","LuxuryApp.Application.Services","CobranzaLuxuryApp","LuxuryApp.Application.Modules.CobranzaLuxuryApp.CobranzaNativa.Core.Templates.Services","CobranzaNativa\Core\Templates\Services\ChargeTemplateAppService.cs"
"CobranzaOnlineCustomerScope","class","LuxuryApp.Application.Services","CobranzaLuxuryApp","LuxuryApp.Application.Modules.CobranzaLuxuryApp.CobranzaOnline","CobranzaOnline\CobranzaOnlineCustomerScope.cs"
"AspelSyncEndPoints","class","LuxuryApp.Application.EndPoints","CobranzaLuxuryApp","LuxuryApp.Application.Modules.CobranzaLuxuryApp.CobranzaOnline.EndPoints","CobranzaOnline\EndPoints\AspelSyncEndPoints.cs"
"CobranzaOnlineAccountEndPoints","class","LuxuryApp.Application.EndPoints","CobranzaLuxuryApp","LuxuryApp.Application.Modules.CobranzaLuxuryApp.CobranzaOnline.EndPoints","CobranzaOnline\EndPoints\CobranzaOnlineAccountEndPoints.cs"
"CobranzaOnlineBalanceEndPoints","class","LuxuryApp.Application.EndPoints","CobranzaLuxuryApp","LuxuryApp.Application.Modules.CobranzaLuxuryApp.CobranzaOnline.EndPoints","CobranzaOnline\EndPoints\CobranzaOnlineBalanceEndPoints.cs"
"CobranzaOnlineDashboardEndPoints","class","LuxuryApp.Application.EndPoints","CobranzaLuxuryApp","LuxuryApp.Application.Modules.CobranzaLuxuryApp.CobranzaOnline.EndPoints","CobranzaOnline\EndPoints\CobranzaOnlineDashboardEndPoints.cs"
"CobranzaOnlineMovementEndPoints","class","LuxuryApp.Application.EndPoints","CobranzaLuxuryApp","LuxuryApp.Application.Modules.CobranzaLuxuryApp.CobranzaOnline.EndPoints","CobranzaOnline\EndPoints\CobranzaOnlineMovementEndPoints.cs"
"CobranzaOnlinePolicyEndPoints","class","LuxuryApp.Application.EndPoints","CobranzaLuxuryApp","LuxuryApp.Application.Modules.CobranzaLuxuryApp.CobranzaOnline.EndPoints","CobranzaOnline\EndPoints\CobranzaOnlinePolicyEndPoints.cs"
"CobranzaOnlinePortfolioEndPoints","class","LuxuryApp.Application.EndPoints","CobranzaLuxuryApp","LuxuryApp.Application.Modules.CobranzaLuxuryApp.CobranzaOnline.EndPoints","CobranzaOnline\EndPoints\CobranzaOnlinePortfolioEndPoints.cs"
"CobranzaOnlineReporteFinancieroEndPoints","class","LuxuryApp.Application.EndPoints","CobranzaLuxuryApp","LuxuryApp.Application.Modules.CobranzaLuxuryApp.CobranzaOnline.EndPoints","CobranzaOnline\EndPoints\CobranzaOnlineReporteFinancieroEndPoints.cs"
"CobranzaOnlineStatementEndPoints","class","LuxuryApp.Application.EndPoints","CobranzaLuxuryApp","LuxuryApp.Application.Modules.CobranzaLuxuryApp.CobranzaOnline.EndPoints","CobranzaOnline\EndPoints\CobranzaOnlineStatementEndPoints.cs"
"CobranzaOnlineAccountAppService","class","LuxuryApp.Application.Services","CobranzaLuxuryApp","LuxuryApp.Application.Modules.CobranzaLuxuryApp.CobranzaOnline.Services","CobranzaOnline\Services\CobranzaOnlineAccountAppService.cs"
"CobranzaOnlineBalanceAppService","class","LuxuryApp.Application.Services","CobranzaLuxuryApp","LuxuryApp.Application.Modules.CobranzaLuxuryApp.CobranzaOnline.Services","CobranzaOnline\Services\CobranzaOnlineBalanceAppService.cs"
"CobranzaOnlineDashboardAppService","class","LuxuryApp.Application.Services","CobranzaLuxuryApp","LuxuryApp.Application.Modules.CobranzaLuxuryApp.CobranzaOnline.Services","CobranzaOnline\Services\CobranzaOnlineDashboardAppService.cs"
"CobranzaOnlineMovementAppService","class","LuxuryApp.Application.Services","CobranzaLuxuryApp","LuxuryApp.Application.Modules.CobranzaLuxuryApp.CobranzaOnline.Services","CobranzaOnline\Services\CobranzaOnlineMovementAppService.cs"
"CobranzaOnlinePolicyAppService","class","LuxuryApp.Application.Services","CobranzaLuxuryApp","LuxuryApp.Application.Modules.CobranzaLuxuryApp.CobranzaOnline.Services","CobranzaOnline\Services\CobranzaOnlinePolicyAppService.cs"
"CobranzaOnlinePortfolioAppService","class","LuxuryApp.Application.Services","CobranzaLuxuryApp","LuxuryApp.Application.Modules.CobranzaLuxuryApp.CobranzaOnline.Services","CobranzaOnline\Services\CobranzaOnlinePortfolioAppService.cs"
"CobranzaOnlineReporteFinancieroAppService","class","LuxuryApp.Application.Services","CobranzaLuxuryApp","LuxuryApp.Application.Modules.CobranzaLuxuryApp.CobranzaOnline.Services","CobranzaOnline\Services\CobranzaOnlineReporteFinancieroAppService.cs"
"CobranzaOnlineStatementAppService","class","LuxuryApp.Application.Services","CobranzaLuxuryApp","LuxuryApp.Application.Modules.CobranzaLuxuryApp.CobranzaOnline.Services","CobranzaOnline\Services\CobranzaOnlineStatementAppService.cs"
"ChargeTemplateSnapshot","record","LuxuryApp.Application.Services","CobranzaLuxuryApp","LuxuryApp.Application.Modules.CobranzaLuxuryApp.CobranzaOnline.Services","CobranzaOnline\Services\CobranzaOnlineTypes.cs"
"ExclusionesBuilder","class","LuxuryApp.Application.Services","CobranzaLuxuryApp","LuxuryApp.Application.Modules.CobranzaLuxuryApp.CobranzaOnline.Services","CobranzaOnline\Services\ExclusionesBuilder.cs"
"IExclusionesBuilder","interface","LuxuryApp.Application.Services","CobranzaLuxuryApp","LuxuryApp.Application.Modules.CobranzaLuxuryApp.CobranzaOnline.Services","CobranzaOnline\Services\IExclusionesBuilder.cs"
"AdjustmentRecord","class","LuxuryApp.Infrastructure.Data.Entities","CobranzaLuxuryApp","LuxuryApp.Application.Modules.CobranzaLuxuryApp.Domain.Entities.AR","Domain\Entities\AR\AdjustmentRecord.cs"
"AspelCustomerEmpresa","class","LuxuryApp.Infrastructure.Data.Entities","CobranzaLuxuryApp","LuxuryApp.Application.Modules.CobranzaLuxuryApp.Domain.Entities.AR","Domain\Entities\AR\AspelCustomerEmpresa.cs"
"BillingConfig","class","LuxuryApp.Infrastructure.Data.Entities","CobranzaLuxuryApp","LuxuryApp.Application.Modules.CobranzaLuxuryApp.Domain.Entities.AR","Domain\Entities\AR\BillingConfig.cs"
"CatalogoGastosFijos","class","LuxuryApp.Infrastructure.Data.Entities","CobranzaLuxuryApp","LuxuryApp.Application.Modules.CobranzaLuxuryApp.Domain.Entities.AR","Domain\Entities\AR\CatalogoGastosFijos.cs"
"CatalogoGastosFijosDetalles","class","LuxuryApp.Infrastructure.Data.Entities","CobranzaLuxuryApp","LuxuryApp.Application.Modules.CobranzaLuxuryApp.Domain.Entities.AR","Domain\Entities\AR\CatalogoGastosFijosDetalles.cs"
"Charge","class","LuxuryApp.Infrastructure.Data.Entities","CobranzaLuxuryApp","LuxuryApp.Application.Modules.CobranzaLuxuryApp.Domain.Entities.AR","Domain\Entities\AR\Charge.cs"
"ChargePaymentAllocation","class","LuxuryApp.Infrastructure.Data.Entities","CobranzaLuxuryApp","LuxuryApp.Application.Modules.CobranzaLuxuryApp.Domain.Entities.AR","Domain\Entities\AR\ChargePaymentAllocation.cs"
"ChargeTemplate","class","LuxuryApp.Infrastructure.Data.Entities","CobranzaLuxuryApp","LuxuryApp.Application.Modules.CobranzaLuxuryApp.Domain.Entities.AR","Domain\Entities\AR\ChargeTemplate.cs"
"ChargeTypeCatalog","class","LuxuryApp.Infrastructure.Data.Entities","CobranzaLuxuryApp","LuxuryApp.Application.Modules.CobranzaLuxuryApp.Domain.Entities.AR","Domain\Entities\AR\ChargeTypeCatalog.cs"
"CobranzaAuxiliar","class","LuxuryApp.Infrastructure.Data.Entities","CobranzaLuxuryApp","LuxuryApp.Application.Modules.CobranzaLuxuryApp.Domain.Entities.AR","Domain\Entities\AR\CobranzaAuxiliar.cs"
"CobranzaCuenta","class","LuxuryApp.Infrastructure.Data.Entities","CobranzaLuxuryApp","LuxuryApp.Application.Modules.CobranzaLuxuryApp.Domain.Entities.AR","Domain\Entities\AR\CobranzaCuenta.cs"
"CobranzaExcludedAccount","class","LuxuryApp.Infrastructure.Data.Entities","CobranzaLuxuryApp","LuxuryApp.Application.Modules.CobranzaLuxuryApp.Domain.Entities.AR","Domain\Entities\AR\CobranzaExcludedAccount.cs"
"CobranzaPayment","class","LuxuryApp.Infrastructure.Data.Entities","CobranzaLuxuryApp","LuxuryApp.Application.Modules.CobranzaLuxuryApp.Domain.Entities.AR","Domain\Entities\AR\CobranzaPayment.cs"
"CobranzaPeriodClosure","class","LuxuryApp.Infrastructure.Data.Entities","CobranzaLuxuryApp","LuxuryApp.Application.Modules.CobranzaLuxuryApp.Domain.Entities.AR","Domain\Entities\AR\CobranzaPeriodClosure.cs"
"CobranzaPoliza","class","LuxuryApp.Infrastructure.Data.Entities","CobranzaLuxuryApp","LuxuryApp.Application.Modules.CobranzaLuxuryApp.Domain.Entities.AR","Domain\Entities\AR\CobranzaPoliza.cs"
"CobranzaSaldo","class","LuxuryApp.Infrastructure.Data.Entities","CobranzaLuxuryApp","LuxuryApp.Application.Modules.CobranzaLuxuryApp.Domain.Entities.AR","Domain\Entities\AR\CobranzaSaldo.cs"
"CollectionActivity","class","LuxuryApp.Infrastructure.Data.Entities","CobranzaLuxuryApp","LuxuryApp.Application.Modules.CobranzaLuxuryApp.Domain.Entities.AR","Domain\Entities\AR\CollectionActivity.cs"
"CollectionCase","class","LuxuryApp.Infrastructure.Data.Entities","CobranzaLuxuryApp","LuxuryApp.Application.Modules.CobranzaLuxuryApp.Domain.Entities.AR","Domain\Entities\AR\CollectionCase.cs"
"CollectionCaseCharge","class","LuxuryApp.Infrastructure.Data.Entities","CobranzaLuxuryApp","LuxuryApp.Application.Modules.CobranzaLuxuryApp.Domain.Entities.AR","Domain\Entities\AR\CollectionCaseCharge.cs"
"CreditNote","class","LuxuryApp.Infrastructure.Data.Entities","CobranzaLuxuryApp","LuxuryApp.Application.Modules.CobranzaLuxuryApp.Domain.Entities.AR","Domain\Entities\AR\CreditNote.cs"
"Invoice","class","LuxuryApp.Infrastructure.Data.Entities","CobranzaLuxuryApp","LuxuryApp.Application.Modules.CobranzaLuxuryApp.Domain.Entities.AR","Domain\Entities\AR\Invoice.cs"
"LateFeePolicy","class","LuxuryApp.Infrastructure.Data.Entities","CobranzaLuxuryApp","LuxuryApp.Application.Modules.CobranzaLuxuryApp.Domain.Entities.AR","Domain\Entities\AR\LateFeePolicy.cs"
"MorosidadPolicy","class","LuxuryApp.Infrastructure.Data.Entities","CobranzaLuxuryApp","LuxuryApp.Application.Modules.CobranzaLuxuryApp.Domain.Entities.AR","Domain\Entities\AR\MorosidadPolicy.cs"
"NativeCollectionNotificationSetting","class","LuxuryApp.Infrastructure.Data.Entities","CobranzaLuxuryApp","LuxuryApp.Application.Modules.CobranzaLuxuryApp.Domain.Entities.AR","Domain\Entities\AR\NativeCollectionNotificationSetting.cs"
"CommitteeBoardDirectorsDocumentDTO","record","LuxuryApp.Application.DTOs","CommitteeLuxuryApp","LuxuryApp.Application.Modules.CommitteeLuxuryApp.DTOs","DTOs\CommitteeBoardDirectorsDocumentDTO.cs"
"CommitteeBuildingInsuranceDTO","record","LuxuryApp.Application.DTOs","CommitteeLuxuryApp","LuxuryApp.Application.Modules.CommitteeLuxuryApp.DTOs","DTOs\CommitteeBuildingInsuranceDTO.cs"
"CommitteeCustomDocumentDTO","record","LuxuryApp.Application.DTOs","CommitteeLuxuryApp","LuxuryApp.Application.Modules.CommitteeLuxuryApp.DTOs","DTOs\CommitteeCustomDocumentDTO.cs"
"CommitteeDirectorioDTO","record","LuxuryApp.Application.DTOs","CommitteeLuxuryApp","LuxuryApp.Application.Modules.CommitteeLuxuryApp.DTOs","DTOs\CommitteeDirectorioDTO.cs"
"CommitteeDirectorioScheduleDayDTO","record","LuxuryApp.Application.DTOs","CommitteeLuxuryApp","LuxuryApp.Application.Modules.CommitteeLuxuryApp.DTOs","DTOs\CommitteeDirectorioScheduleDayDTO.cs"
"CommitteeHomeImagesDTO","class","LuxuryApp.Application.DTOs","CommitteeLuxuryApp","LuxuryApp.Application.Modules.CommitteeLuxuryApp.DTOs","DTOs\CommitteeHomeImagesDTO.cs"
"CommitteeMeetingAdministracionBoardDirectorsDTO","record","LuxuryApp.Application.DTOs","CommitteeLuxuryApp","LuxuryApp.Application.Modules.CommitteeLuxuryApp.DTOs","DTOs\CommitteeMeetingAdministracionBoardDirectorsDTO.cs"
"CommitteeMeetingBoardDirectorsDTO","record","LuxuryApp.Application.DTOs","CommitteeLuxuryApp","LuxuryApp.Application.Modules.CommitteeLuxuryApp.DTOs","DTOs\CommitteeMeetingBoardDirectorsDTO.cs"
"CommitteeMeetingComiteBoardDirectorsDTO","record","LuxuryApp.Application.DTOs","CommitteeLuxuryApp","LuxuryApp.Application.Modules.CommitteeLuxuryApp.DTOs","DTOs\CommitteeMeetingComiteBoardDirectorsDTO.cs"
"CommitteeMeetingDetailsBoardDirectorsDTO","record","LuxuryApp.Application.DTOs","CommitteeLuxuryApp","LuxuryApp.Application.Modules.CommitteeLuxuryApp.DTOs","DTOs\CommitteeMeetingDetailsBoardDirectorsDTO.cs"
"CommitteeMeetingDetailsGroupDTO","record","LuxuryApp.Application.DTOs","CommitteeLuxuryApp","LuxuryApp.Application.Modules.CommitteeLuxuryApp.DTOs","DTOs\CommitteeMeetingDetailsGroupDTO.cs"
"CommitteeMeetingInvitadoBoardDirectorsDTO","record","LuxuryApp.Application.DTOs","CommitteeLuxuryApp","LuxuryApp.Application.Modules.CommitteeLuxuryApp.DTOs","DTOs\CommitteeMeetingInvitadoBoardDirectorsDTO.cs"
"CommitteePolicyContractDTO","record","LuxuryApp.Application.DTOs","CommitteeLuxuryApp","LuxuryApp.Application.Modules.CommitteeLuxuryApp.DTOs","DTOs\CommitteePolicyContractDTO.cs"
"CommitteeEndPoints","class","LuxuryApp.Application.EndPoints","CommitteeLuxuryApp","LuxuryApp.Application.Modules.CommitteeLuxuryApp.EndPoints","EndPoints\CommitteeEndpoints.cs"
"ICommitteeAppService","interface","LuxuryApp.Application.Interfaces","CommitteeLuxuryApp","LuxuryApp.Application.Modules.CommitteeLuxuryApp.Interfaces","Interfaces\ICommitteeAppService.cs"
"ICommitteeCobranzaAppService","interface","LuxuryApp.Application.Interfaces","CommitteeLuxuryApp","LuxuryApp.Application.Modules.CommitteeLuxuryApp.Interfaces","Interfaces\ICommitteeCobranzaAppService.cs"
"CommitteeAppService","class","LuxuryApp.Application.Services","CommitteeLuxuryApp","LuxuryApp.Application.Modules.CommitteeLuxuryApp.Services","Services\CommitteeAppService.cs"
"CommitteeCobranzaAppService","class","LuxuryApp.Application.Services","CommitteeLuxuryApp","LuxuryApp.Application.Modules.CommitteeLuxuryApp.Services","Services\CommitteeCobranzaAppService.cs"
"CatalogPurchaseOrderBudget","class","LuxuryApp.Infrastructure.Data.Entities","ComprasLuxuryApp","LuxuryApp.Application.Modules.ComprasLuxuryApp.Domain.Entities.PO","Domain\Entities\PO\CatalogPurchaseOrderBudget.cs"
"OrdenCompra","class","LuxuryApp.Infrastructure.Data.Entities","ComprasLuxuryApp","LuxuryApp.Application.Modules.ComprasLuxuryApp.Domain.Entities.PO","Domain\Entities\PO\OrdenCompra.cs"
"OrdenCompraAuth","class","LuxuryApp.Infrastructure.Data.Entities","ComprasLuxuryApp","LuxuryApp.Application.Modules.ComprasLuxuryApp.Domain.Entities.PO","Domain\Entities\PO\OrdenCompraAuth.cs"
"OrdenCompraComprobantePago","class","LuxuryApp.Infrastructure.Data.Entities","ComprasLuxuryApp","LuxuryApp.Application.Modules.ComprasLuxuryApp.Domain.Entities.PO","Domain\Entities\PO\OrdenCompraComprobantePago.cs"
"OrdenCompraDatosPago","class","LuxuryApp.Infrastructure.Data.Entities","ComprasLuxuryApp","LuxuryApp.Application.Modules.ComprasLuxuryApp.Domain.Entities.PO","Domain\Entities\PO\OrdenCompraDatosPago.cs"
"OrdenCompraDetalle","class","LuxuryApp.Infrastructure.Data.Entities","ComprasLuxuryApp","LuxuryApp.Application.Modules.ComprasLuxuryApp.Domain.Entities.PO","Domain\Entities\PO\OrdenCompraDetalle.cs"
"OrdenCompraFactura","class","LuxuryApp.Infrastructure.Data.Entities","ComprasLuxuryApp","LuxuryApp.Application.Modules.ComprasLuxuryApp.Domain.Entities.PO","Domain\Entities\PO\OrdenCompraFactura.cs"
"OrdenCompraStatus","class","LuxuryApp.Infrastructure.Data.Entities","ComprasLuxuryApp","LuxuryApp.Application.Modules.ComprasLuxuryApp.Domain.Entities.PO","Domain\Entities\PO\OrdenCompraStatus.cs"
"PurchaseOrderBudget","class","LuxuryApp.Infrastructure.Data.Entities","ComprasLuxuryApp","LuxuryApp.Application.Modules.ComprasLuxuryApp.Domain.Entities.PO","Domain\Entities\PO\PurchaseOrderBudget.cs"
"SolicitudCompra","class","LuxuryApp.Infrastructure.Data.Entities","ComprasLuxuryApp","LuxuryApp.Application.Modules.ComprasLuxuryApp.Domain.Entities.PR","Domain\Entities\PR\SolicitudCompra.cs"
"SolicitudCompraBudget","class","LuxuryApp.Infrastructure.Data.Entities","ComprasLuxuryApp","LuxuryApp.Application.Modules.ComprasLuxuryApp.Domain.Entities.PR","Domain\Entities\PR\SolicitudCompraBudget.cs"
"SolicitudCompraDetalle","class","LuxuryApp.Infrastructure.Data.Entities","ComprasLuxuryApp","LuxuryApp.Application.Modules.ComprasLuxuryApp.Domain.Entities.PR","Domain\Entities\PR\SolicitudCompraDetalle.cs"
"SolicitudCompraEvidence","class","LuxuryApp.Infrastructure.Data.Entities","ComprasLuxuryApp","LuxuryApp.Application.Modules.ComprasLuxuryApp.Domain.Entities.PR","Domain\Entities\PR\SolicitudCompraEvidence.cs"
"CotizacionDetalle","class","LuxuryApp.Infrastructure.Data.Entities","ComprasLuxuryApp","LuxuryApp.Application.Modules.ComprasLuxuryApp.Domain.Entities.Quotes","Domain\Entities\Quotes\CotizacionDetalle.cs"
"CotizacionProveedor","class","LuxuryApp.Infrastructure.Data.Entities","ComprasLuxuryApp","LuxuryApp.Application.Modules.ComprasLuxuryApp.Domain.Entities.Quotes","Domain\Entities\Quotes\CotizacionProveedor.cs"
"CotizacionProveedorEvidence","class","LuxuryApp.Infrastructure.Data.Entities","ComprasLuxuryApp","LuxuryApp.Application.Modules.ComprasLuxuryApp.Domain.Entities.Quotes","Domain\Entities\Quotes\CotizacionProveedorEvidence.cs"
"EstadoPagoHistorialCompra","enum","LuxuryApp.Application.DTOs","ComprasLuxuryApp","LuxuryApp.Application.Modules.ComprasLuxuryApp.HistorialCompras.DTOs","HistorialCompras\DTOs\EstadoPagoHistorialCompra.cs"
"HistorialComprasFilterDTO","record","LuxuryApp.Application.DTOs","ComprasLuxuryApp","LuxuryApp.Application.Modules.ComprasLuxuryApp.HistorialCompras.DTOs","HistorialCompras\DTOs\HistorialComprasFilterDTO.cs"
"OrdenesCompraPagadasDTO","record","LuxuryApp.Application.DTOs","ComprasLuxuryApp","LuxuryApp.Application.Modules.ComprasLuxuryApp.HistorialCompras.DTOs","HistorialCompras\DTOs\OrdenesCompraPagadasDTO.cs"
"TipoOrdenHistorialCompra","enum","LuxuryApp.Application.DTOs","ComprasLuxuryApp","LuxuryApp.Application.Modules.ComprasLuxuryApp.HistorialCompras.DTOs","HistorialCompras\DTOs\TipoOrdenHistorialCompra.cs"
"HistorialComprasEndPoints","class","LuxuryApp.Application.EndPoints","ComprasLuxuryApp","LuxuryApp.Application.Modules.ComprasLuxuryApp.HistorialCompras.EndPoints","HistorialCompras\EndPoints\HistorialComprasEndPoints.cs"
"IHistorialComprasAppService","interface","LuxuryApp.Application.Interfaces","ComprasLuxuryApp","LuxuryApp.Application.Modules.ComprasLuxuryApp.HistorialCompras.Interfaces","HistorialCompras\Interfaces\IHistorialComprasAppService.cs"
"HistorialComprasAppService","class","LuxuryApp.Application.Services","ComprasLuxuryApp","LuxuryApp.Application.Modules.ComprasLuxuryApp.HistorialCompras.Services","HistorialCompras\Services\HistorialComprasAppService.cs"
"AccountingCatalogDTO","record","LuxuryApp.Application.DTOs","ContabilidadLuxuryApp","LuxuryApp.Application.Modules.ContabilidadLuxuryApp.AccountingCatalog.Dtos","AccountingCatalog\Dtos\AccountingCatalogDTO.cs"
"CreateAccountingCatalogDTO","record","LuxuryApp.Application.DTOs","ContabilidadLuxuryApp","LuxuryApp.Application.Modules.ContabilidadLuxuryApp.AccountingCatalog.Dtos","AccountingCatalog\Dtos\CreateAccountingCatalogDTO.cs"
"GroupedAccountingCatalogDTO","record","LuxuryApp.Application.DTOs","ContabilidadLuxuryApp","LuxuryApp.Application.Modules.ContabilidadLuxuryApp.AccountingCatalog.Dtos","AccountingCatalog\Dtos\GroupedAccountingCatalogDTO.cs"
"UpdateAccountingCatalogDTO","record","LuxuryApp.Application.DTOs","ContabilidadLuxuryApp","LuxuryApp.Application.Modules.ContabilidadLuxuryApp.AccountingCatalog.Dtos","AccountingCatalog\Dtos\UpdateAccountingCatalogDTO.cs"
"AccountingCatalogEndPoints","class","LuxuryApp.Application.EndPoints","ContabilidadLuxuryApp","LuxuryApp.Application.Modules.ContabilidadLuxuryApp.AccountingCatalog.EndPoints","AccountingCatalog\EndPoints\AccountingCatalogEndPoints.cs"
"IAccountingCatalogAppService","interface","LuxuryApp.Application.Interfaces","ContabilidadLuxuryApp","LuxuryApp.Application.Modules.ContabilidadLuxuryApp.AccountingCatalog.Interfaces","AccountingCatalog\Interfaces\IAccountingCatalogAppService.cs"
"AccountingCatalogMapper","class","LuxuryApp.Application.Mapping","ContabilidadLuxuryApp","LuxuryApp.Application.Modules.ContabilidadLuxuryApp.AccountingCatalog.Mapping","AccountingCatalog\Mapping\AccountingCatalogMapper.cs"
"AccountingCatalogAppService","class","LuxuryApp.Application.Interfaces","ContabilidadLuxuryApp","LuxuryApp.Application.Modules.ContabilidadLuxuryApp.AccountingCatalog.Services","AccountingCatalog\Services\AccountingCatalogAppService.cs"
"AutitoriaCuentasAspelResponseDTO","record","LuxuryApp.Application.DTOs","ContabilidadLuxuryApp","LuxuryApp.Application.Modules.ContabilidadLuxuryApp.AutitoriaCuentasAspel.DTOs","AutitoriaCuentasAspel\DTOs\AutitoriaCuentasAspelDTOs.cs"
"AutitoriaCuentasAspelEndPoints","class","LuxuryApp.Application.EndPoints","ContabilidadLuxuryApp","LuxuryApp.Application.Modules.ContabilidadLuxuryApp.AutitoriaCuentasAspel.EndPoints","AutitoriaCuentasAspel\EndPoints\AutitoriaCuentasAspelEndPoints.cs"
"IAutitoriaCuentasAspelService","interface","LuxuryApp.Application.Interfaces","ContabilidadLuxuryApp","LuxuryApp.Application.Modules.ContabilidadLuxuryApp.AutitoriaCuentasAspel.Interfaces","AutitoriaCuentasAspel\Interfaces\IAutitoriaCuentasAspelService.cs"
"AutitoriaCuentasAspelService","class","LuxuryApp.Application.Services","ContabilidadLuxuryApp","LuxuryApp.Application.Modules.ContabilidadLuxuryApp.AutitoriaCuentasAspel.Services","AutitoriaCuentasAspel\Services\AutitoriaCuentasAspelService.cs"
"CatalogoGastosFijosAddOrEditDTO","record","LuxuryApp.Application.DTOs","ContabilidadLuxuryApp","LuxuryApp.Application.Modules.ContabilidadLuxuryApp.CatalogoGastosFijos.DTOs","CatalogoGastosFijos\DTOs\CatalogoGastosFijosAddOrEditDTO.cs"
"CatalogoGastosFijosDTO","record","LuxuryApp.Application.DTOs","ContabilidadLuxuryApp","LuxuryApp.Application.Modules.ContabilidadLuxuryApp.CatalogoGastosFijos.DTOs","CatalogoGastosFijos\DTOs\CatalogoGastosFijosDTO.cs"
"CatalogoGastosFijosEndPoints","class","LuxuryApp.Application.EndPoints","ContabilidadLuxuryApp","LuxuryApp.Application.Modules.ContabilidadLuxuryApp.CatalogoGastosFijos.EndPoints","CatalogoGastosFijos\EndPoints\CatalogoGastosFijosEndPoints.cs"
"ICatalogoGastosFijosAppService","interface","LuxuryApp.Application.Interfaces","ContabilidadLuxuryApp","LuxuryApp.Application.Modules.ContabilidadLuxuryApp.CatalogoGastosFijos.Interfaces","CatalogoGastosFijos\Interfaces\ICatalogoGastosFijosAppService.cs"
"CatalogoGastosFijosMapper","class","LuxuryApp.Application.Mappings","ContabilidadLuxuryApp","LuxuryApp.Application.Modules.ContabilidadLuxuryApp.CatalogoGastosFijos.Mapping","CatalogoGastosFijos\Mapping\CatalogoGastosFijosMapper.cs"
"CatalogoGastosFijosAppService","class","LuxuryApp.Application.Services","ContabilidadLuxuryApp","LuxuryApp.Application.Modules.ContabilidadLuxuryApp.CatalogoGastosFijos.Services","CatalogoGastosFijos\Services\CatalogoGastosFijosAppService.cs"
"AspelCustomerEmpresaCreateDto","record","LuxuryApp.Application.DTOs","ContabilidadLuxuryApp","LuxuryApp.Application.Modules.ContabilidadLuxuryApp.ContabilidadConfig.DTOs","ContabilidadConfig\DTOs\AspelCustomerEmpresaCreateDTO.cs"
"AspelCustomerEmpresaDTO","record","LuxuryApp.Application.DTOs","ContabilidadLuxuryApp","LuxuryApp.Application.Modules.ContabilidadLuxuryApp.ContabilidadConfig.DTOs","ContabilidadConfig\DTOs\AspelCustomerEmpresaDTO.cs"
"AspelCustomerEmpresaUpdateDTO","record","LuxuryApp.Application.DTOs","ContabilidadLuxuryApp","LuxuryApp.Application.Modules.ContabilidadLuxuryApp.ContabilidadConfig.DTOs","ContabilidadConfig\DTOs\AspelCustomerEmpresaUpdateDTO.cs"
"BillingConfigResponseDTO","record","LuxuryApp.Application.DTOs","ContabilidadLuxuryApp","LuxuryApp.Application.Modules.ContabilidadLuxuryApp.ContabilidadConfig.DTOs","ContabilidadConfig\DTOs\BillingConfigDTO.cs"
"CoiMapeoAccountResponseDTO","record","LuxuryApp.Application.DTOs","ContabilidadLuxuryApp","LuxuryApp.Application.Modules.ContabilidadLuxuryApp.ContabilidadConfig.DTOs","ContabilidadConfig\DTOs\CoiMapeoDTO.cs"
"AspelCustomerEmpresaEndPoints","class","LuxuryApp.Application.EndPoints","ContabilidadLuxuryApp","LuxuryApp.Application.Modules.ContabilidadLuxuryApp.ContabilidadConfig.EndPoints","ContabilidadConfig\EndPoints\AspelCustomerEmpresaEndPoints.cs"
"IAspelCustomerEmpresaAppService","interface","LuxuryApp.Application.Interfaces","ContabilidadLuxuryApp","LuxuryApp.Application.Modules.ContabilidadLuxuryApp.ContabilidadConfig.Interfaces","ContabilidadConfig\Interfaces\IAspelCustomerEmpresaAppService.cs"
"IBillingConfigAppService","interface","LuxuryApp.Application.Interfaces","ContabilidadLuxuryApp","LuxuryApp.Application.Modules.ContabilidadLuxuryApp.ContabilidadConfig.Interfaces","ContabilidadConfig\Interfaces\IBillingConfigAppService.cs"
"ICoiMapeoAppService","interface","LuxuryApp.Application.Interfaces","ContabilidadLuxuryApp","LuxuryApp.Application.Modules.ContabilidadLuxuryApp.ContabilidadConfig.Interfaces","ContabilidadConfig\Interfaces\ICoiMapeoAppService.cs"
"AspelCustomerEmpresaMappingProfile","class","LuxuryApp.Application.Mappings","ContabilidadLuxuryApp","LuxuryApp.Application.Modules.ContabilidadLuxuryApp.ContabilidadConfig.Mapping","ContabilidadConfig\Mapping\AspelCustomerEmpresaMappingProfile.cs"
"AspelCustomerEmpresaAppService","class","LuxuryApp.Application.Services","ContabilidadLuxuryApp","LuxuryApp.Application.Modules.ContabilidadLuxuryApp.ContabilidadConfig.Services","ContabilidadConfig\Services\AspelCustomerEmpresaAppService.cs"
"BillingConfigAppService","class","LuxuryApp.Application.Services","ContabilidadLuxuryApp","LuxuryApp.Application.Modules.ContabilidadLuxuryApp.ContabilidadConfig.Services","ContabilidadConfig\Services\BillingConfigAppService.cs"
"CoiMapeoAppService","class","LuxuryApp.Application.Services","ContabilidadLuxuryApp","LuxuryApp.Application.Modules.ContabilidadLuxuryApp.ContabilidadConfig.Services","ContabilidadConfig\Services\CoiMapeoAppService.cs"
"AspelAuxiliarRaw","record","LuxuryApp.Application.DTOs","ContabilidadLuxuryApp","LuxuryApp.Application.Modules.ContabilidadLuxuryApp.ContabilidadMigration.DTOs","ContabilidadMigration\DTOs\AspelAuxiliarRaw.cs"
"AspelCoiGlobalDataDTO","record","LuxuryApp.Application.DTOs","ContabilidadLuxuryApp","LuxuryApp.Application.Modules.ContabilidadLuxuryApp.ContabilidadMigration.DTOs","ContabilidadMigration\DTOs\AspelCoiGlobalDataDTO.cs"
"AspelCoiGlobalResponseDTO","record","LuxuryApp.Application.DTOs","ContabilidadLuxuryApp","LuxuryApp.Application.Modules.ContabilidadLuxuryApp.ContabilidadMigration.DTOs","ContabilidadMigration\DTOs\AspelCoiGlobalResponseDTO.cs"
"AspelCuentaRaw","record","LuxuryApp.Application.DTOs","ContabilidadLuxuryApp","LuxuryApp.Application.Modules.ContabilidadLuxuryApp.ContabilidadMigration.DTOs","ContabilidadMigration\DTOs\AspelCuentaRaw.cs"
"AspelPolizaRaw","record","LuxuryApp.Application.DTOs","ContabilidadLuxuryApp","LuxuryApp.Application.Modules.ContabilidadLuxuryApp.ContabilidadMigration.DTOs","ContabilidadMigration\DTOs\AspelPolizaRaw.cs"
"AspelPresupuestoRaw","record","LuxuryApp.Application.DTOs","ContabilidadLuxuryApp","LuxuryApp.Application.Modules.ContabilidadLuxuryApp.ContabilidadMigration.DTOs","ContabilidadMigration\DTOs\AspelPresupuestoRaw.cs"
"AspelSaldoRaw","record","LuxuryApp.Application.DTOs","ContabilidadLuxuryApp","LuxuryApp.Application.Modules.ContabilidadLuxuryApp.ContabilidadMigration.DTOs","ContabilidadMigration\DTOs\AspelRawModels.cs"
"AspelCoiMigrationApiClient","class","LuxuryApp.Application.Services","ContabilidadLuxuryApp","LuxuryApp.Application.Modules.ContabilidadLuxuryApp.ContabilidadMigration.Services","ContabilidadMigration\Services\AspelCoiMigrationApiClient.cs"
"CobranzaMigratorService","class","LuxuryApp.Application.Services","ContabilidadLuxuryApp","LuxuryApp.Application.Modules.ContabilidadLuxuryApp.ContabilidadMigration.Services","ContabilidadMigration\Services\CobranzaMigratorService.cs"
"ContabilidadMigratorService","class","LuxuryApp.Application.Services","ContabilidadLuxuryApp","LuxuryApp.Application.Modules.ContabilidadLuxuryApp.ContabilidadMigration.Services","ContabilidadMigration\Services\ContabilidadMigratorService.cs"
"AnalisisCobranzaDTO","record","LuxuryApp.Application.DTOs","ContabilidadLuxuryApp","LuxuryApp.Application.Modules.ContabilidadLuxuryApp.ContabilidadOnline.DTOs","ContabilidadOnline\DTOs\AnalisisCobranzaDTO.cs"
"AskAccountingAiDTO","record","LuxuryApp.Application.DTOs","ContabilidadLuxuryApp","LuxuryApp.Application.Modules.ContabilidadLuxuryApp.ContabilidadOnline.DTOs","ContabilidadOnline\DTOs\AskAccountingAiDTO.cs"
"AskContabilidadOnlineAiDTO","record","LuxuryApp.Application.DTOs","ContabilidadLuxuryApp","LuxuryApp.Application.Modules.ContabilidadLuxuryApp.ContabilidadOnline.DTOs","ContabilidadOnline\DTOs\AskContabilidadOnlineAiDTO.cs"
"AspelAuxiliarDTO","record","LuxuryApp.Application.DTOs","ContabilidadLuxuryApp","LuxuryApp.Application.Modules.ContabilidadLuxuryApp.ContabilidadOnline.DTOs","ContabilidadOnline\DTOs\AspelAuxiliarDTO.cs"
"AspelCuentaDTO","record","LuxuryApp.Application.DTOs","ContabilidadLuxuryApp","LuxuryApp.Application.Modules.ContabilidadLuxuryApp.ContabilidadOnline.DTOs","ContabilidadOnline\DTOs\AspelCuentaDTO.cs"
"AspelPolizaConDetalleDTO","record","LuxuryApp.Application.DTOs","ContabilidadLuxuryApp","LuxuryApp.Application.Modules.ContabilidadLuxuryApp.ContabilidadOnline.DTOs","ContabilidadOnline\DTOs\AspelDatosCombinadosDTO.cs"
"AspelPolizaDTO","record","LuxuryApp.Application.DTOs","ContabilidadLuxuryApp","LuxuryApp.Application.Modules.ContabilidadLuxuryApp.ContabilidadOnline.DTOs","ContabilidadOnline\DTOs\AspelPolizaDTO.cs"
"AspelPresupuestoDTO","record","LuxuryApp.Application.DTOs","ContabilidadLuxuryApp","LuxuryApp.Application.Modules.ContabilidadLuxuryApp.ContabilidadOnline.DTOs","ContabilidadOnline\DTOs\AspelPresupuestoDTO.cs"
"AspelRawDataDTO","record","LuxuryApp.Application.DTOs","ContabilidadLuxuryApp","LuxuryApp.Application.Modules.ContabilidadLuxuryApp.ContabilidadOnline.DTOs","ContabilidadOnline\DTOs\AspelRawDataDTO.cs"
"AspelRawResponseDTO","record","LuxuryApp.Application.DTOs","ContabilidadLuxuryApp","LuxuryApp.Application.Modules.ContabilidadLuxuryApp.ContabilidadOnline.DTOs","ContabilidadOnline\DTOs\AspelRawResponseDTO.cs"
"AspelSaldoDTO","record","LuxuryApp.Application.DTOs","ContabilidadLuxuryApp","LuxuryApp.Application.Modules.ContabilidadLuxuryApp.ContabilidadOnline.DTOs","ContabilidadOnline\DTOs\AspelSaldoDTO.cs"
"BancosInversionesDTO","record","LuxuryApp.Application.DTOs","ContabilidadLuxuryApp","LuxuryApp.Application.Modules.ContabilidadLuxuryApp.ContabilidadOnline.DTOs","ContabilidadOnline\DTOs\BancosInversionesDTO.cs"
"BaseAccountDTO","record","LuxuryApp.Application.DTOs","ContabilidadLuxuryApp","LuxuryApp.Application.Modules.ContabilidadLuxuryApp.ContabilidadOnline.DTOs","ContabilidadOnline\DTOs\BaseAccountDTO.cs"
"CedulaExtraordinariaDTO","record","LuxuryApp.Application.DTOs","ContabilidadLuxuryApp","LuxuryApp.Application.Modules.ContabilidadLuxuryApp.ContabilidadOnline.DTOs","ContabilidadOnline\DTOs\CedulaExtraordinariaDTO.cs"
"ClasificacionCuentasDTO","record","LuxuryApp.Application.DTOs","ContabilidadLuxuryApp","LuxuryApp.Application.Modules.ContabilidadLuxuryApp.ContabilidadOnline.DTOs","ContabilidadOnline\DTOs\ClasificacionCuentasDTO.cs"
"CobranzaCondominoDTO","record","LuxuryApp.Application.DTOs","ContabilidadLuxuryApp","LuxuryApp.Application.Modules.ContabilidadLuxuryApp.ContabilidadOnline.DTOs","ContabilidadOnline\DTOs\CobranzaCondominoDTO.cs"
"CuentaDetalleDTO","record","LuxuryApp.Application.DTOs","ContabilidadLuxuryApp","LuxuryApp.Application.Modules.ContabilidadLuxuryApp.ContabilidadOnline.DTOs","ContabilidadOnline\DTOs\CuentaDetalleDTO.cs"
"CuentaFaltanteDTO","record","LuxuryApp.Application.DTOs","ContabilidadLuxuryApp","LuxuryApp.Application.Modules.ContabilidadLuxuryApp.ContabilidadOnline.DTOs","ContabilidadOnline\DTOs\CuentaFaltanteDTO.cs"
"CuentaMayorDTO","record","LuxuryApp.Application.DTOs","ContabilidadLuxuryApp","LuxuryApp.Application.Modules.ContabilidadLuxuryApp.ContabilidadOnline.DTOs","ContabilidadOnline\DTOs\CuentaMayorDTO.cs"
"EpfCuentaDTO","record","LuxuryApp.Application.DTOs","ContabilidadLuxuryApp","LuxuryApp.Application.Modules.ContabilidadLuxuryApp.ContabilidadOnline.DTOs","ContabilidadOnline\DTOs\EpfCuentaDTO.cs"
"EpfDTO","record","LuxuryApp.Application.DTOs","ContabilidadLuxuryApp","LuxuryApp.Application.Modules.ContabilidadLuxuryApp.ContabilidadOnline.DTOs","ContabilidadOnline\DTOs\EpfDTO.cs"
"FinancialStatementDTO","record","LuxuryApp.Application.DTOs","ContabilidadLuxuryApp","LuxuryApp.Application.Modules.ContabilidadLuxuryApp.ContabilidadOnline.DTOs","ContabilidadOnline\DTOs\FinancialStatementDTO.cs"
"FlujoCajaDTO","record","LuxuryApp.Application.DTOs","ContabilidadLuxuryApp","LuxuryApp.Application.Modules.ContabilidadLuxuryApp.ContabilidadOnline.DTOs","ContabilidadOnline\DTOs\FlujoCajaDTO.cs"
"FondoReservaDTO","record","LuxuryApp.Application.DTOs","ContabilidadLuxuryApp","LuxuryApp.Application.Modules.ContabilidadLuxuryApp.ContabilidadOnline.DTOs","ContabilidadOnline\DTOs\FondoReservaDTO.cs"
"ObsoleteAccountDTO","record","LuxuryApp.Application.DTOs","ContabilidadLuxuryApp","LuxuryApp.Application.Modules.ContabilidadLuxuryApp.ContabilidadOnline.DTOs","ContabilidadOnline\DTOs\ObsoleteAccountDTO.cs"
"PresupuestoContabilidadDTO","record","LuxuryApp.Application.DTOs","ContabilidadLuxuryApp","LuxuryApp.Application.Modules.ContabilidadLuxuryApp.ContabilidadOnline.DTOs","ContabilidadOnline\DTOs\PresupuestoContabilidadDTO.cs"
"ProyectosAprobadosDTO","record","LuxuryApp.Application.DTOs","ContabilidadLuxuryApp","LuxuryApp.Application.Modules.ContabilidadLuxuryApp.ContabilidadOnline.DTOs","ContabilidadOnline\DTOs\ProyectosAprobadosDTO.cs"
"RawAspelAccountDTO","record","LuxuryApp.Application.DTOs","ContabilidadLuxuryApp","LuxuryApp.Application.Modules.ContabilidadLuxuryApp.ContabilidadOnline.DTOs","ContabilidadOnline\DTOs\RawAspelAccountDTO.cs"
"ReporteFinancieroDTO","record","LuxuryApp.Application.DTOs","ContabilidadLuxuryApp","LuxuryApp.Application.Modules.ContabilidadLuxuryApp.ContabilidadOnline.DTOs","ContabilidadOnline\DTOs\ReporteFinancieroDTO.cs"
"SubcuentaDTO","record","LuxuryApp.Application.DTOs","ContabilidadLuxuryApp","LuxuryApp.Application.Modules.ContabilidadLuxuryApp.ContabilidadOnline.DTOs","ContabilidadOnline\DTOs\SubcuentaDTO.cs"
"ContabilidadOnlineEndPoints","class","LuxuryApp.Application.EndPoints","ContabilidadLuxuryApp","LuxuryApp.Application.Modules.ContabilidadLuxuryApp.ContabilidadOnline.EndPoints","ContabilidadOnline\EndPoints\ContabilidadOnlineEndPoints.cs"
"IAnalisisCobranzaOnlineService","interface","LuxuryApp.Application.Interfaces","ContabilidadLuxuryApp","LuxuryApp.Application.Modules.ContabilidadLuxuryApp.ContabilidadOnline.Interfaces","ContabilidadOnline\Interfaces\IAnalisisCobranzaOnlineService.cs"
"IAnalisisCobranzaService","interface","LuxuryApp.Application.Interfaces","ContabilidadLuxuryApp","LuxuryApp.Application.Modules.ContabilidadLuxuryApp.ContabilidadOnline.Interfaces","ContabilidadOnline\Interfaces\IAnalisisCobranzaService.cs"
"IBancosInversionesService","interface","LuxuryApp.Application.Services","ContabilidadLuxuryApp","LuxuryApp.Application.Modules.ContabilidadLuxuryApp.ContabilidadOnline.Interfaces","ContabilidadOnline\Interfaces\IBancosInversionesService.cs"
"ICedulaExtraordinariaService","interface","LuxuryApp.Application.Interfaces","ContabilidadLuxuryApp","LuxuryApp.Application.Modules.ContabilidadLuxuryApp.ContabilidadOnline.Interfaces","ContabilidadOnline\Interfaces\ICedulaExtraordinariaService.cs"
"ICedulaPresupuestalService","interface","LuxuryApp.Application.Interfaces","ContabilidadLuxuryApp","LuxuryApp.Application.Modules.ContabilidadLuxuryApp.ContabilidadOnline.Interfaces","ContabilidadOnline\Interfaces\ICedulaPresupuestalService.cs"
"IEpfService","interface","LuxuryApp.Application.Interfaces","ContabilidadLuxuryApp","LuxuryApp.Application.Modules.ContabilidadLuxuryApp.ContabilidadOnline.Interfaces","ContabilidadOnline\Interfaces\IEpfService.cs"
"IEstadoResultadosService","interface","LuxuryApp.Application.Interfaces","ContabilidadLuxuryApp","LuxuryApp.Application.Modules.ContabilidadLuxuryApp.ContabilidadOnline.Interfaces","ContabilidadOnline\Interfaces\IEstadoResultadosService.cs"
"IEstadoResultadosServiceV2","interface","LuxuryApp.Application.Interfaces","ContabilidadLuxuryApp","LuxuryApp.Application.Modules.ContabilidadLuxuryApp.ContabilidadOnline.Interfaces","ContabilidadOnline\Interfaces\IEstadoResultadosServiceV2.cs"
"IFlujoCajaService","interface","LuxuryApp.Application.Interfaces","ContabilidadLuxuryApp","LuxuryApp.Application.Modules.ContabilidadLuxuryApp.ContabilidadOnline.Interfaces","ContabilidadOnline\Interfaces\IFlujoCajaService.cs"
"IFondoReservaService","interface","LuxuryApp.Application.Services","ContabilidadLuxuryApp","LuxuryApp.Application.Modules.ContabilidadLuxuryApp.ContabilidadOnline.Interfaces","ContabilidadOnline\Interfaces\IFondoReservaService.cs"
"IPresupuestoContabilidadService","interface","LuxuryApp.Application.Interfaces","ContabilidadLuxuryApp","LuxuryApp.Application.Modules.ContabilidadLuxuryApp.ContabilidadOnline.Interfaces","ContabilidadOnline\Interfaces\IPresupuestoContabilidadService.cs"
"IProyectosAprobadosService","interface","LuxuryApp.Application.Services","ContabilidadLuxuryApp","LuxuryApp.Application.Modules.ContabilidadLuxuryApp.ContabilidadOnline.Interfaces","ContabilidadOnline\Interfaces\IProyectosAprobadosService.cs"
"IReporteFinancieroService","interface","LuxuryApp.Application.Interfaces","ContabilidadLuxuryApp","LuxuryApp.Application.Modules.ContabilidadLuxuryApp.ContabilidadOnline.Interfaces","ContabilidadOnline\Interfaces\IReporteFinancieroService.cs"
"IValidacionCatalogoService","interface","LuxuryApp.Application.Interfaces","ContabilidadLuxuryApp","LuxuryApp.Application.Modules.ContabilidadLuxuryApp.ContabilidadOnline.Interfaces","ContabilidadOnline\Interfaces\IValidacionCatalogoService.cs"
"AnalisisCobranzaOnlineService","class","LuxuryApp.Application.Services","ContabilidadLuxuryApp","LuxuryApp.Application.Modules.ContabilidadLuxuryApp.ContabilidadOnline.Services","ContabilidadOnline\Services\AnalisisCobranzaOnlineService.cs"
"AnalisisCobranzaService","class","LuxuryApp.Application.Services","ContabilidadLuxuryApp","LuxuryApp.Application.Modules.ContabilidadLuxuryApp.ContabilidadOnline.Services","ContabilidadOnline\Services\AnalisisCobranzaService.cs"
"BancosInversionesService","class","LuxuryApp.Application.Services","ContabilidadLuxuryApp","LuxuryApp.Application.Modules.ContabilidadLuxuryApp.ContabilidadOnline.Services","ContabilidadOnline\Services\BancosInversionesService.cs"
"CedulaExtraordinariaService","class","LuxuryApp.Application.Services","ContabilidadLuxuryApp","LuxuryApp.Application.Modules.ContabilidadLuxuryApp.ContabilidadOnline.Services","ContabilidadOnline\Services\CedulaExtraordinariaService.cs"
"CedulaPresupuestalService","class","LuxuryApp.Application.Services","ContabilidadLuxuryApp","LuxuryApp.Application.Modules.ContabilidadLuxuryApp.ContabilidadOnline.Services","ContabilidadOnline\Services\CedulaPresupuestalService.cs"
"ContabilidadOnlineLocalService","class","LuxuryApp.Application.Services","ContabilidadLuxuryApp","LuxuryApp.Application.Modules.ContabilidadLuxuryApp.ContabilidadOnline.Services","ContabilidadOnline\Services\ContabilidadOnlineLocalService.cs"
"ContabilidadReportBaseService","class","LuxuryApp.Application.Services","ContabilidadLuxuryApp","LuxuryApp.Application.Modules.ContabilidadLuxuryApp.ContabilidadOnline.Services","ContabilidadOnline\Services\ContabilidadReportBaseService.cs"
"EpfService","class","LuxuryApp.Application.Services","ContabilidadLuxuryApp","LuxuryApp.Application.Modules.ContabilidadLuxuryApp.ContabilidadOnline.Services","ContabilidadOnline\Services\EpfService.cs"
"EstadoResultadosService","class","LuxuryApp.Application.Services","ContabilidadLuxuryApp","LuxuryApp.Application.Modules.ContabilidadLuxuryApp.ContabilidadOnline.Services","ContabilidadOnline\Services\EstadoResultadosService.cs"
"EstadoResultadosServiceV2","class","LuxuryApp.Application.Services","ContabilidadLuxuryApp","LuxuryApp.Application.Modules.ContabilidadLuxuryApp.ContabilidadOnline.Services","ContabilidadOnline\Services\EstadoResultadosServiceV2.cs"
"FlujoCajaService","class","LuxuryApp.Application.Services","ContabilidadLuxuryApp","LuxuryApp.Application.Modules.ContabilidadLuxuryApp.ContabilidadOnline.Services","ContabilidadOnline\Services\FlujoCajaService.cs"
"FondoReservaService","class","LuxuryApp.Application.Services","ContabilidadLuxuryApp","LuxuryApp.Application.Modules.ContabilidadLuxuryApp.ContabilidadOnline.Services","ContabilidadOnline\Services\FondoReservaService.cs"
"PresupuestoContabilidadService","class","LuxuryApp.Application.Services","ContabilidadLuxuryApp","LuxuryApp.Application.Modules.ContabilidadLuxuryApp.ContabilidadOnline.Services","ContabilidadOnline\Services\PresupuestoContabilidadService.cs"
"ProyectosAprobadosService","class","LuxuryApp.Application.Services","ContabilidadLuxuryApp","LuxuryApp.Application.Modules.ContabilidadLuxuryApp.ContabilidadOnline.Services","ContabilidadOnline\Services\ProyectosAprobadosService.cs"
"ReporteFinancieroService","class","LuxuryApp.Application.Services","ContabilidadLuxuryApp","LuxuryApp.Application.Modules.ContabilidadLuxuryApp.ContabilidadOnline.Services","ContabilidadOnline\Services\ReporteFinancieroService.cs"
"ValidacionCatalogoService","class","LuxuryApp.Application.Services","ContabilidadLuxuryApp","LuxuryApp.Application.Modules.ContabilidadLuxuryApp.ContabilidadOnline.Services","ContabilidadOnline\Services\ValidacionCatalogoService.cs"
"BudgetAccountRule","class","LuxuryApp.Infrastructure.Data.Entities","ContabilidadLuxuryApp","LuxuryApp.Application.Modules.ContabilidadLuxuryApp.Domain.Entities.Budgeting","Domain\Entities\Budgeting\BudgetAccountRule.cs"
"BudgetExecution","class","LuxuryApp.Infrastructure.Data.Entities","ContabilidadLuxuryApp","LuxuryApp.Application.Modules.ContabilidadLuxuryApp.Domain.Entities.Budgeting","Domain\Entities\Budgeting\BudgetExecution.cs"
"BudgetProposal","class","LuxuryApp.Infrastructure.Data.Entities","ContabilidadLuxuryApp","LuxuryApp.Application.Modules.ContabilidadLuxuryApp.Domain.Entities.Budgeting","Domain\Entities\Budgeting\BudgetProposal.cs"
"BudgetProposalItem","class","LuxuryApp.Infrastructure.Data.Entities","ContabilidadLuxuryApp","LuxuryApp.Application.Modules.ContabilidadLuxuryApp.Domain.Entities.Budgeting","Domain\Entities\Budgeting\BudgetProposalItem.cs"
"BudgetProposalItemHistory","class","LuxuryApp.Infrastructure.Data.Entities","ContabilidadLuxuryApp","LuxuryApp.Application.Modules.ContabilidadLuxuryApp.Domain.Entities.Budgeting","Domain\Entities\Budgeting\BudgetProposalItemHistory.cs"
"BudgetProposalItemSupportFile","class","LuxuryApp.Infrastructure.Data.Entities","ContabilidadLuxuryApp","LuxuryApp.Application.Modules.ContabilidadLuxuryApp.Domain.Entities.Budgeting","Domain\Entities\Budgeting\BudgetProposalItemSupportFile.cs"
"EstadoFinanciero","class","LuxuryApp.Infrastructure.Data.Entities","ContabilidadLuxuryApp","LuxuryApp.Application.Modules.ContabilidadLuxuryApp.Domain.Entities.FondeosyReporteo","Domain\Entities\FondeosyReporteo\EstadoFinanciero.cs"
"FinancialApprovalRequest","class","LuxuryApp.Infrastructure.Data.Entities","ContabilidadLuxuryApp","LuxuryApp.Application.Modules.ContabilidadLuxuryApp.Domain.Entities.FondeosyReporteo","Domain\Entities\FondeosyReporteo\FinancialApprovalRequest.cs"
"FinancialAuditLog","class","LuxuryApp.Infrastructure.Data.Entities","ContabilidadLuxuryApp","LuxuryApp.Application.Modules.ContabilidadLuxuryApp.Domain.Entities.FondeosyReporteo","Domain\Entities\FondeosyReporteo\FinancialAuditLog.cs"
"FinancialBatch","class","LuxuryApp.Infrastructure.Data.Entities","ContabilidadLuxuryApp","LuxuryApp.Application.Modules.ContabilidadLuxuryApp.Domain.Entities.FondeosyReporteo","Domain\Entities\FondeosyReporteo\FinancialBatch.cs"
"FinancialLedgerEntry","class","LuxuryApp.Infrastructure.Data.Entities","ContabilidadLuxuryApp","LuxuryApp.Application.Modules.ContabilidadLuxuryApp.Domain.Entities.FondeosyReporteo","Domain\Entities\FondeosyReporteo\FinancialLedgerEntry.cs"
"FinancialReport","class","LuxuryApp.Infrastructure.Data.Entities","ContabilidadLuxuryApp","LuxuryApp.Application.Modules.ContabilidadLuxuryApp.Domain.Entities.FondeosyReporteo","Domain\Entities\FondeosyReporteo\FinancialReport.cs"
"FinancialReportRow","class","LuxuryApp.Infrastructure.Data.Entities","ContabilidadLuxuryApp","LuxuryApp.Application.Modules.ContabilidadLuxuryApp.Domain.Entities.FondeosyReporteo","Domain\Entities\FondeosyReporteo\FinancialReportRow.cs"
"FinancialReportRowSource","class","LuxuryApp.Infrastructure.Data.Entities","ContabilidadLuxuryApp","LuxuryApp.Application.Modules.ContabilidadLuxuryApp.Domain.Entities.FondeosyReporteo","Domain\Entities\FondeosyReporteo\FinancialReportRowSource.cs"
"Funding","class","LuxuryApp.Infrastructure.Data.Entities","ContabilidadLuxuryApp","LuxuryApp.Application.Modules.ContabilidadLuxuryApp.Domain.Entities.FondeosyReporteo","Domain\Entities\FondeosyReporteo\Funding.cs"
"AccountingCatalog","class","LuxuryApp.Infrastructure.Data.Entities","ContabilidadLuxuryApp","LuxuryApp.Application.Modules.ContabilidadLuxuryApp.Domain.Entities.GeneralLedger","Domain\Entities\GeneralLedger\AccountingCatalog.cs"
"CoiCobranzaAccount","class","LuxuryApp.Infrastructure.Data.Entities","ContabilidadLuxuryApp","LuxuryApp.Application.Modules.ContabilidadLuxuryApp.Domain.Entities.GeneralLedger","Domain\Entities\GeneralLedger\CoiCobranzaAccount.cs"
"CoiCobranzaBalance","class","LuxuryApp.Infrastructure.Data.Entities","ContabilidadLuxuryApp","LuxuryApp.Application.Modules.ContabilidadLuxuryApp.Domain.Entities.GeneralLedger","Domain\Entities\GeneralLedger\CoiCobranzaBalance.cs"
"CoiCobranzaMovement","class","LuxuryApp.Infrastructure.Data.Entities","ContabilidadLuxuryApp","LuxuryApp.Application.Modules.ContabilidadLuxuryApp.Domain.Entities.GeneralLedger","Domain\Entities\GeneralLedger\CoiCobranzaMovement.cs"
"CoiCobranzaPolicy","class","LuxuryApp.Infrastructure.Data.Entities","ContabilidadLuxuryApp","LuxuryApp.Application.Modules.ContabilidadLuxuryApp.Domain.Entities.GeneralLedger","Domain\Entities\GeneralLedger\CoiCobranzaPolicy.cs"
"CoiFiscalPeriod","class","LuxuryApp.Infrastructure.Data.Entities","ContabilidadLuxuryApp","LuxuryApp.Application.Modules.ContabilidadLuxuryApp.Domain.Entities.GeneralLedger","Domain\Entities\GeneralLedger\CoiFiscalPeriod.cs"
"ContabilidadAuxiliar","class","LuxuryApp.Infrastructure.Data.Entities","ContabilidadLuxuryApp","LuxuryApp.Application.Modules.ContabilidadLuxuryApp.Domain.Entities.GeneralLedger","Domain\Entities\GeneralLedger\ContabilidadAuxiliar.cs"
"ContabilidadCuenta","class","LuxuryApp.Infrastructure.Data.Entities","ContabilidadLuxuryApp","LuxuryApp.Application.Modules.ContabilidadLuxuryApp.Domain.Entities.GeneralLedger","Domain\Entities\GeneralLedger\ContabilidadCuenta.cs"
"ContabilidadFiscalPeriod","class","LuxuryApp.Infrastructure.Data.Entities","ContabilidadLuxuryApp","LuxuryApp.Application.Modules.ContabilidadLuxuryApp.Domain.Entities.GeneralLedger","Domain\Entities\GeneralLedger\ContabilidadFiscalPeriod.cs"
"ContabilidadPoliza","class","LuxuryApp.Infrastructure.Data.Entities","ContabilidadLuxuryApp","LuxuryApp.Application.Modules.ContabilidadLuxuryApp.Domain.Entities.GeneralLedger","Domain\Entities\GeneralLedger\ContabilidadPoliza.cs"
"ContabilidadPresupuesto","class","LuxuryApp.Infrastructure.Data.Entities","ContabilidadLuxuryApp","LuxuryApp.Application.Modules.ContabilidadLuxuryApp.Domain.Entities.GeneralLedger","Domain\Entities\GeneralLedger\ContabilidadPresupuesto.cs"
"ContabilidadSaldo","class","LuxuryApp.Infrastructure.Data.Entities","ContabilidadLuxuryApp","LuxuryApp.Application.Modules.ContabilidadLuxuryApp.Domain.Entities.GeneralLedger","Domain\Entities\GeneralLedger\ContabilidadSaldo.cs"
"AccountCatalogItemDTO","record","LuxuryApp.Application.DTOs","ContabilidadLuxuryApp","LuxuryApp.Application.Modules.ContabilidadLuxuryApp.DynamicReports.DTOs","DynamicReports\DTOs\AccountCatalogItemDTO.cs"
"AccountFilterDTO","record","LuxuryApp.Application.DTOs","ContabilidadLuxuryApp","LuxuryApp.Application.Modules.ContabilidadLuxuryApp.DynamicReports.DTOs","DynamicReports\DTOs\AccountFilterDTO.cs"
"ExecuteReportRequestDTO","record","LuxuryApp.Application.DTOs","ContabilidadLuxuryApp","LuxuryApp.Application.Modules.ContabilidadLuxuryApp.DynamicReports.DTOs","DynamicReports\DTOs\ExecuteReportRequestDTO.cs"
"LivePreviewRequestDTO","record","LuxuryApp.Application.DTOs","ContabilidadLuxuryApp","LuxuryApp.Application.Modules.ContabilidadLuxuryApp.DynamicReports.DTOs","DynamicReports\DTOs\LivePreviewDTO.cs"
"ReportBodyDTO","record","LuxuryApp.Application.DTOs","ContabilidadLuxuryApp","LuxuryApp.Application.Modules.ContabilidadLuxuryApp.DynamicReports.DTOs","DynamicReports\DTOs\ReportBodyDTO.cs"
"ReportChangeEntryDTO","record","LuxuryApp.Application.DTOs","ContabilidadLuxuryApp","LuxuryApp.Application.Modules.ContabilidadLuxuryApp.DynamicReports.DTOs","DynamicReports\DTOs\ReportChangeEntryDTO.cs"
"ReportColumnDTO","record","LuxuryApp.Application.DTOs","ContabilidadLuxuryApp","LuxuryApp.Application.Modules.ContabilidadLuxuryApp.DynamicReports.DTOs","DynamicReports\DTOs\ReportColumnDTO.cs"
"ReportDefinitionDTO","record","LuxuryApp.Application.DTOs","ContabilidadLuxuryApp","LuxuryApp.Application.Modules.ContabilidadLuxuryApp.DynamicReports.DTOs","DynamicReports\DTOs\ReportDefinitionDTO.cs"
"ReportDefinitionListDTO","record","LuxuryApp.Application.DTOs","ContabilidadLuxuryApp","LuxuryApp.Application.Modules.ContabilidadLuxuryApp.DynamicReports.DTOs","DynamicReports\DTOs\ReportDefinitionListDTO.cs"
"ReportResultDTO","record","LuxuryApp.Application.DTOs","ContabilidadLuxuryApp","LuxuryApp.Application.Modules.ContabilidadLuxuryApp.DynamicReports.DTOs","DynamicReports\DTOs\ReportResultDTO.cs"
"ReportRowDTO","record","LuxuryApp.Application.DTOs","ContabilidadLuxuryApp","LuxuryApp.Application.Modules.ContabilidadLuxuryApp.DynamicReports.DTOs","DynamicReports\DTOs\ReportRowDTO.cs"
"ReportSectionDTO","record","LuxuryApp.Application.DTOs","ContabilidadLuxuryApp","LuxuryApp.Application.Modules.ContabilidadLuxuryApp.DynamicReports.DTOs","DynamicReports\DTOs\ReportSectionDTO.cs"
"DynamicReportEndPoints","class","LuxuryApp.Application.EndPoints","ContabilidadLuxuryApp","LuxuryApp.Application.Modules.ContabilidadLuxuryApp.DynamicReports.EndPoints","DynamicReports\EndPoints\DynamicReportEndpoints.cs"
"AspelFastAccountBalanceDTO","record","LuxuryApp.Application.Modules.Contabilidad.Features.Contabilidad.DynamicReports.Integrations.AspelFast.DTOs","ContabilidadLuxuryApp","LuxuryApp.Application.Modules.ContabilidadLuxuryApp.DynamicReports.Integrations.AspelFast.DTOs","DynamicReports\Integrations\AspelFast\DTOs\AspelFastDTOs.cs"
"IAspelFastReportQueryService","interface","LuxuryApp.Application.Interfaces","ContabilidadLuxuryApp","LuxuryApp.Application.Modules.ContabilidadLuxuryApp.DynamicReports.Integrations.AspelFast.Interfaces","DynamicReports\Integrations\AspelFast\Interfaces\IAspelFastReportQueryService.cs"
"AspelFastReportQueryService","class","LuxuryApp.Application.Services","ContabilidadLuxuryApp","LuxuryApp.Application.Modules.ContabilidadLuxuryApp.DynamicReports.Integrations.AspelFast.Services","DynamicReports\Integrations\AspelFast\Services\AspelFastReportQueryService.cs"
"IDynamicReportEngineService","interface","LuxuryApp.Application.Interfaces","ContabilidadLuxuryApp","LuxuryApp.Application.Modules.ContabilidadLuxuryApp.DynamicReports.Interfaces","DynamicReports\Interfaces\IDynamicReportEngineService.cs"
"ILivePreviewEngineService","interface","LuxuryApp.Application.Interfaces","ContabilidadLuxuryApp","LuxuryApp.Application.Modules.ContabilidadLuxuryApp.DynamicReports.Interfaces","DynamicReports\Interfaces\ILivePreviewEngineService.cs"
"IReportDefinitionService","interface","LuxuryApp.Application.Interfaces","ContabilidadLuxuryApp","LuxuryApp.Application.Modules.ContabilidadLuxuryApp.DynamicReports.Interfaces","DynamicReports\Interfaces\IReportDefinitionService.cs"
"AccountFilterResolver","class","LuxuryApp.Application.Services","ContabilidadLuxuryApp","LuxuryApp.Application.Modules.ContabilidadLuxuryApp.DynamicReports.Services","DynamicReports\Services\AccountFilterResolver.cs"
"DynamicReportEngineService","class","LuxuryApp.Application.Services","ContabilidadLuxuryApp","LuxuryApp.Application.Modules.ContabilidadLuxuryApp.DynamicReports.Services","DynamicReports\Services\DynamicReportEngineService.cs"
"FormulaEvaluatorService","class","LuxuryApp.Application.Services","ContabilidadLuxuryApp","LuxuryApp.Application.Modules.ContabilidadLuxuryApp.DynamicReports.Services","DynamicReports\Services\FormulaEvaluatorService.cs"
"LivePreviewEngineService","class","LuxuryApp.Application.Services","ContabilidadLuxuryApp","LuxuryApp.Application.Modules.ContabilidadLuxuryApp.DynamicReports.Services","DynamicReports\Services\LivePreviewEngineService.cs"
"PeriodValueExtractor","class","LuxuryApp.Application.Services","ContabilidadLuxuryApp","LuxuryApp.Application.Modules.ContabilidadLuxuryApp.DynamicReports.Services","DynamicReports\Services\PeriodValueExtractor.cs"
"ReportDefinitionService","class","LuxuryApp.Application.Services","ContabilidadLuxuryApp","LuxuryApp.Application.Modules.ContabilidadLuxuryApp.DynamicReports.Services","DynamicReports\Services\ReportDefinitionService.cs"
"ReportExcelExportService","class","LuxuryApp.Application.Services","ContabilidadLuxuryApp","LuxuryApp.Application.Modules.ContabilidadLuxuryApp.DynamicReports.Services","DynamicReports\Services\ReportExcelExportService.cs"
"ReportPdfExportService","class","LuxuryApp.Application.Services","ContabilidadLuxuryApp","LuxuryApp.Application.Modules.ContabilidadLuxuryApp.DynamicReports.Services","DynamicReports\Services\ReportPdfExportService.cs"
"EspejoAspelFullResponseDTO","record","LuxuryApp.Application.DTOs","ContabilidadLuxuryApp","LuxuryApp.Application.Modules.ContabilidadLuxuryApp.EspejoAspelFull.DTOs","EspejoAspelFull\DTOs\EspejoAspelFullResponseDTO.cs"
"EspejoCuentaNivel1DTO","record","LuxuryApp.Application.DTOs","ContabilidadLuxuryApp","LuxuryApp.Application.Modules.ContabilidadLuxuryApp.EspejoAspelFull.DTOs","EspejoAspelFull\DTOs\EspejoCuentaNivel1DTO.cs"
"EspejoCuentaNivel2DTO","record","LuxuryApp.Application.DTOs","ContabilidadLuxuryApp","LuxuryApp.Application.Modules.ContabilidadLuxuryApp.EspejoAspelFull.DTOs","EspejoAspelFull\DTOs\EspejoCuentaNivel2DTO.cs"
"EspejoCuentaNivel3DTO","record","LuxuryApp.Application.DTOs","ContabilidadLuxuryApp","LuxuryApp.Application.Modules.ContabilidadLuxuryApp.EspejoAspelFull.DTOs","EspejoAspelFull\DTOs\EspejoCuentaNivel3DTO.cs"
"EspejoCuentaNivel4DTO","record","LuxuryApp.Application.DTOs","ContabilidadLuxuryApp","LuxuryApp.Application.Modules.ContabilidadLuxuryApp.EspejoAspelFull.DTOs","EspejoAspelFull\DTOs\EspejoCuentaNivel4DTO.cs"
"EspejoGrupoDTO","record","LuxuryApp.Application.DTOs","ContabilidadLuxuryApp","LuxuryApp.Application.Modules.ContabilidadLuxuryApp.EspejoAspelFull.DTOs","EspejoAspelFull\DTOs\EspejoGrupoDTO.cs"
"EspejoAspelFullEndPoints","class","LuxuryApp.Application.EndPoints","ContabilidadLuxuryApp","LuxuryApp.Application.Modules.ContabilidadLuxuryApp.EspejoAspelFull.EndPoints","EspejoAspelFull\EndPoints\EspejoAspelFullEndPoints.cs"
"IEspejoAspelFullService","interface","LuxuryApp.Application.Interfaces","ContabilidadLuxuryApp","LuxuryApp.Application.Modules.ContabilidadLuxuryApp.EspejoAspelFull.Interfaces","EspejoAspelFull\Interfaces\IEspejoAspelFullService.cs"
"EspejoAspelFullService","class","LuxuryApp.Application.Services","ContabilidadLuxuryApp","LuxuryApp.Application.Modules.ContabilidadLuxuryApp.EspejoAspelFull.Services","EspejoAspelFull\Services\EspejoAspelFullService.cs"
"CatalogPurchaseOrderBudgetAddOrEditDTO","record","LuxuryApp.Application.DTOs","ContabilidadLuxuryApp","LuxuryApp.Application.Modules.ContabilidadLuxuryApp.ExpenseCatalogBudget.DTOs","ExpenseCatalogBudget\DTOs\CatalogPurchaseOrderBudgetAddOrEditDTO.cs"
"CatalogPurchaseOrderBudgetDTO","record","LuxuryApp.Application.DTOs","ContabilidadLuxuryApp","LuxuryApp.Application.Modules.ContabilidadLuxuryApp.ExpenseCatalogBudget.DTOs","ExpenseCatalogBudget\DTOs\CatalogPurchaseOrderBudgetDTO.cs"
"CatalogoGastosFijosPresupuestoEndPoints","class","LuxuryApp.Application.EndPoints","ContabilidadLuxuryApp","LuxuryApp.Application.Modules.ContabilidadLuxuryApp.ExpenseCatalogBudget.EndPoints","ExpenseCatalogBudget\EndPoints\CatalogoGastosFijosPresupuestoEndPoints.cs"
"ICatalogoGastosFijosPresupuestoAppService","interface","LuxuryApp.Application.Interfaces","ContabilidadLuxuryApp","LuxuryApp.Application.Modules.ContabilidadLuxuryApp.ExpenseCatalogBudget.Interfaces","ExpenseCatalogBudget\Interfaces\ICatalogoGastosFijosPresupuestoAppService.cs"
"CatalogoGastosFijosPresupuestoAppService","class","LuxuryApp.Application.Services","ContabilidadLuxuryApp","LuxuryApp.Application.Modules.ContabilidadLuxuryApp.ExpenseCatalogBudget.Services","ExpenseCatalogBudget\Services\CatalogoGastosFijosPresupuestoAppService.cs"
"CatalogoGastosFijosDetalleAddOrEditDTO","record","LuxuryApp.Application.DTOs","ContabilidadLuxuryApp","LuxuryApp.Application.Modules.ContabilidadLuxuryApp.ExpenseCatalogDetail.DTOs","ExpenseCatalogDetail\DTOs\CatalogoGastosFijosDetalleAddOrEditDTO.cs"
"CatalogoGastosFijosDetalleDTO","record","LuxuryApp.Application.DTOs","ContabilidadLuxuryApp","LuxuryApp.Application.Modules.ContabilidadLuxuryApp.ExpenseCatalogDetail.DTOs","ExpenseCatalogDetail\DTOs\CatalogoGastosFijosDetalleDTO.cs"
"CatalogoGastosFijosDetallesDTO","record","LuxuryApp.Application.DTOs","ContabilidadLuxuryApp","LuxuryApp.Application.Modules.ContabilidadLuxuryApp.ExpenseCatalogDetail.DTOs","ExpenseCatalogDetail\DTOs\CatalogoGastosFijosDetallesDTO.cs"
"CatalogoGastosFijosDetallesEndPoints","class","LuxuryApp.Application.EndPoints","ContabilidadLuxuryApp","LuxuryApp.Application.Modules.ContabilidadLuxuryApp.ExpenseCatalogDetail.EndPoints","ExpenseCatalogDetail\EndPoints\CatalogoGastosFijosDetallesEndPoints.cs"
"ICatalogoGastosFijosDetallesAppService","interface","LuxuryApp.Application.Interfaces","ContabilidadLuxuryApp","LuxuryApp.Application.Modules.ContabilidadLuxuryApp.ExpenseCatalogDetail.Interfaces","ExpenseCatalogDetail\Interfaces\ICatalogoGastosFijosDetallesAppService.cs"
"CatalogoGastosFijosDetallesMapper","class","LuxuryApp.Application.Mappings","ContabilidadLuxuryApp","LuxuryApp.Application.Modules.ContabilidadLuxuryApp.ExpenseCatalogDetail.Mapping","ExpenseCatalogDetail\Mapping\CatalogoGastosFijosDetallesMapper.cs"
"CatalogoGastosFijosDetallesAppService","class","LuxuryApp.Application.Services","ContabilidadLuxuryApp","LuxuryApp.Application.Modules.ContabilidadLuxuryApp.ExpenseCatalogDetail.Services","ExpenseCatalogDetail\Services\CatalogoGastosFijosDetallesAppService.cs"
"FinancialReportCreateDTO","record","LuxuryApp.Application.DTOs","ContabilidadLuxuryApp","LuxuryApp.Application.Modules.ContabilidadLuxuryApp.FinancialAccounting.DTOs","FinancialAccounting\DTOs\FinancialReportCreateDTO.cs"
"FinancialReportFileDTO","record","LuxuryApp.Application.DTOs","ContabilidadLuxuryApp","LuxuryApp.Application.Modules.ContabilidadLuxuryApp.FinancialAccounting.DTOs","FinancialAccounting\DTOs\FinancialReportFileDTO.cs"
"FinancialReportListCustomerDTO","record","LuxuryApp.Application.DTOs","ContabilidadLuxuryApp","LuxuryApp.Application.Modules.ContabilidadLuxuryApp.FinancialAccounting.DTOs","FinancialAccounting\DTOs\FinancialReportListCustomerDTO.cs"
"FinancialReportYearlyStatusDTO","record","LuxuryApp.Application.DTOs","ContabilidadLuxuryApp","LuxuryApp.Application.Modules.ContabilidadLuxuryApp.FinancialAccounting.DTOs","FinancialAccounting\DTOs\FinancialReportYearlyStatusDTO.cs"
"MeetingContabilidadDTO","record","LuxuryApp.Application.DTOs","ContabilidadLuxuryApp","LuxuryApp.Application.Modules.ContabilidadLuxuryApp.FinancialAccounting.DTOs","FinancialAccounting\DTOs\MeetingContabilidadDTO.cs"
"SeguimientosMinutaContabilidadDTO","record","LuxuryApp.Application.DTOs","ContabilidadLuxuryApp","LuxuryApp.Application.Modules.ContabilidadLuxuryApp.FinancialAccounting.DTOs","FinancialAccounting\DTOs\SeguimientosMinutaContabilidadDTO.cs"
"ContabilidadMinutaEndPoints","class","LuxuryApp.Application.EndPoints","ContabilidadLuxuryApp","LuxuryApp.Application.Modules.ContabilidadLuxuryApp.FinancialAccounting.EndPoints","FinancialAccounting\EndPoints\ContabilidadMinutaEndPoints.cs"
"FinancialReportEndPoints","class","LuxuryApp.Application.EndPoints","ContabilidadLuxuryApp","LuxuryApp.Application.Modules.ContabilidadLuxuryApp.FinancialAccounting.EndPoints","FinancialAccounting\EndPoints\FinancialReportEndpoints.cs"
"FundingAccountingEndPoints","class","LuxuryApp.Application.EndPoints","ContabilidadLuxuryApp","LuxuryApp.Application.Modules.ContabilidadLuxuryApp.FinancialAccounting.EndPoints","FinancialAccounting\EndPoints\FundingAccountingEndPoints.cs"
"IContabilidadMinutaAppService","interface","LuxuryApp.Application.Interfaces","ContabilidadLuxuryApp","LuxuryApp.Application.Modules.ContabilidadLuxuryApp.FinancialAccounting.Interfaces","FinancialAccounting\Interfaces\IContabilidadMinutaAppService.cs"
"IFinancialReportAppServiceV1","interface","LuxuryApp.Application.Interfaces","ContabilidadLuxuryApp","LuxuryApp.Application.Modules.ContabilidadLuxuryApp.FinancialAccounting.Interfaces","FinancialAccounting\Interfaces\IFinancialReportAppService.cs"
"ContabilidadMinutaAppService","class","LuxuryApp.Application.Services","ContabilidadLuxuryApp","LuxuryApp.Application.Modules.ContabilidadLuxuryApp.FinancialAccounting.Services","FinancialAccounting\Services\ContabilidadMinutaAppService.cs"
"FinancialReportAppServiceV1","class","LuxuryApp.Application.Services","ContabilidadLuxuryApp","LuxuryApp.Application.Modules.ContabilidadLuxuryApp.FinancialAccounting.Services","FinancialAccounting\Services\FinancialReportAppService.cs"
"AnalyzedInvoiceDTO","record","LuxuryApp.Application.DTOs","ContabilidadLuxuryApp","LuxuryApp.Application.Modules.ContabilidadLuxuryApp.Fondeos.DTOs","Fondeos\DTOs\AnalyzedInvoiceDTO.cs"
"BulkSolicitudesPagoRequestDTO","record","LuxuryApp.Application.DTOs","ContabilidadLuxuryApp","LuxuryApp.Application.Modules.ContabilidadLuxuryApp.Fondeos.DTOs","Fondeos\DTOs\BulkSolicitudesPagoRequestDTO.cs"
"CreateOrdersFromInvoicesRequestDTO","record","LuxuryApp.Application.DTOs","ContabilidadLuxuryApp","LuxuryApp.Application.Modules.ContabilidadLuxuryApp.Fondeos.DTOs","Fondeos\DTOs\CreateOrdersFromInvoicesRequestDTO.cs"
"FondeoCaratulaDTO","record","LuxuryApp.Application.DTOs","ContabilidadLuxuryApp","LuxuryApp.Application.Modules.ContabilidadLuxuryApp.Fondeos.DTOs","Fondeos\DTOs\FondeoCaratulaDTO.cs"
"FundingListDTO","record","LuxuryApp.Application.DTOs","ContabilidadLuxuryApp","LuxuryApp.Application.Modules.ContabilidadLuxuryApp.Fondeos.DTOs","Fondeos\DTOs\FundingAccountingListDTO.cs"
"FundingAddOrEditDTO","record","LuxuryApp.Application.DTOs","ContabilidadLuxuryApp","LuxuryApp.Application.Modules.ContabilidadLuxuryApp.Fondeos.DTOs","Fondeos\DTOs\FundingAddOrEditDTO.cs"
"FundingCreateDTO","record","LuxuryApp.Application.DTOs","ContabilidadLuxuryApp","LuxuryApp.Application.Modules.ContabilidadLuxuryApp.Fondeos.DTOs","Fondeos\DTOs\FundingCreateDTO.cs"
"FundingDetailDTO","record","LuxuryApp.Application.DTOs","ContabilidadLuxuryApp","LuxuryApp.Application.Modules.ContabilidadLuxuryApp.Fondeos.DTOs","Fondeos\DTOs\FundingDetailDTO.cs"
"ItemsFondeoCaratulaDTO","record","LuxuryApp.Application.DTOs","ContabilidadLuxuryApp","LuxuryApp.Application.Modules.ContabilidadLuxuryApp.Fondeos.DTOs","Fondeos\DTOs\ItemsFondeoCaratulaDTO.cs"
"RequestFondeoCaratulaDTO","record","LuxuryApp.Application.DTOs","ContabilidadLuxuryApp","LuxuryApp.Application.Modules.ContabilidadLuxuryApp.Fondeos.DTOs","Fondeos\DTOs\RequestFondeoCaratulaDTO.cs"
"UpdateOrderDTO","record","LuxuryApp.Application.DTOs","ContabilidadLuxuryApp","LuxuryApp.Application.Modules.ContabilidadLuxuryApp.Fondeos.DTOs","Fondeos\DTOs\UpdateOrderDTO.cs"
"ValidationResultDTO","record","LuxuryApp.Application.DTOs","ContabilidadLuxuryApp","LuxuryApp.Application.Modules.ContabilidadLuxuryApp.Fondeos.DTOs","Fondeos\DTOs\ValidationResultDTO.cs"
"FundingEndPoints","class","LuxuryApp.Application.EndPoints","ContabilidadLuxuryApp","LuxuryApp.Application.Modules.ContabilidadLuxuryApp.Fondeos.EndPoints","Fondeos\EndPoints\FundingEndpoints.cs"
"FundingHelper","class","LuxuryApp.Application.Helpers","ContabilidadLuxuryApp","LuxuryApp.Application.Modules.ContabilidadLuxuryApp.Fondeos.Helpers","Fondeos\Helpers\FundingHelper.cs"
"FundingProjections","class","LuxuryApp.Application.Helpers","ContabilidadLuxuryApp","LuxuryApp.Application.Modules.ContabilidadLuxuryApp.Fondeos.Helpers","Fondeos\Helpers\FundingProjections.cs"
"IFundingAppService","interface","LuxuryApp.Application.Interfaces","ContabilidadLuxuryApp","LuxuryApp.Application.Modules.ContabilidadLuxuryApp.Fondeos.Interfaces","Fondeos\Interfaces\IFundingAppService.cs"
"FundingMapper","class","LuxuryApp.Application.Mappings","ContabilidadLuxuryApp","LuxuryApp.Application.Modules.ContabilidadLuxuryApp.Fondeos.Mapping","Fondeos\Mapping\FundingMapper.cs"
"FundingAppService","class","LuxuryApp.Application.Services","ContabilidadLuxuryApp","LuxuryApp.Application.Modules.ContabilidadLuxuryApp.Fondeos.Services","Fondeos\Services\FundingAppService.cs"
"FundingFileEndPoints","class","LuxuryApp.Application.EndPoints","ContabilidadLuxuryApp","LuxuryApp.Application.Modules.ContabilidadLuxuryApp.FundingFile.EndPoints","FundingFile\EndPoints\FundingFileEndpoints.cs"
"IFundingFileAppService","interface","LuxuryApp.Application.Services","ContabilidadLuxuryApp","LuxuryApp.Application.Modules.ContabilidadLuxuryApp.FundingFile.Interfaces","FundingFile\Interfaces\IFundingFileAppService.cs"
"FundingFileAppService","class","LuxuryApp.Application.Services","ContabilidadLuxuryApp","LuxuryApp.Application.Modules.ContabilidadLuxuryApp.FundingFile.Services","FundingFile\Services\FundingFileAppService.cs"
"AdjustmentRecordConfiguration","class","LuxuryApp.Infrastructure.Data.EntityConfigurations","ContabilidadLuxuryApp","LuxuryApp.Application.Modules.ContabilidadLuxuryApp.Infrastructure.Persistence.Contabilidad","Infrastructure\Persistence\Contabilidad\AdjustmentRecordConfiguration.cs"
"ChargeConfiguration","class","LuxuryApp.Infrastructure.Data.EntityConfigurations","ContabilidadLuxuryApp","LuxuryApp.Application.Modules.ContabilidadLuxuryApp.Infrastructure.Persistence.Contabilidad","Infrastructure\Persistence\Contabilidad\ChargeConfiguration.cs"
"ChargePaymentAllocationConfiguration","class","LuxuryApp.Infrastructure.Data.EntityConfigurations","ContabilidadLuxuryApp","LuxuryApp.Application.Modules.ContabilidadLuxuryApp.Infrastructure.Persistence.Contabilidad","Infrastructure\Persistence\Contabilidad\ChargePaymentAllocationConfiguration.cs"
"ChargeTemplateConfiguration","class","LuxuryApp.Infrastructure.Data.EntityConfigurations","ContabilidadLuxuryApp","LuxuryApp.Application.Modules.ContabilidadLuxuryApp.Infrastructure.Persistence.Contabilidad","Infrastructure\Persistence\Contabilidad\ChargeTemplateConfiguration.cs"
"ChargeTypeCatalogConfiguration","class","LuxuryApp.Infrastructure.Data.EntityConfigurations","ContabilidadLuxuryApp","LuxuryApp.Application.Modules.ContabilidadLuxuryApp.Infrastructure.Persistence.Contabilidad","Infrastructure\Persistence\Contabilidad\ChargeTypeCatalogConfiguration.cs"
"CobranzaPaymentConfiguration","class","LuxuryApp.Infrastructure.Data.EntityConfigurations","ContabilidadLuxuryApp","LuxuryApp.Application.Modules.ContabilidadLuxuryApp.Infrastructure.Persistence.Contabilidad","Infrastructure\Persistence\Contabilidad\CobranzaPaymentConfiguration.cs"
"CobranzaPeriodClosureConfiguration","class","LuxuryApp.Infrastructure.Data.EntityConfigurations","ContabilidadLuxuryApp","LuxuryApp.Application.Modules.ContabilidadLuxuryApp.Infrastructure.Persistence.Contabilidad","Infrastructure\Persistence\Contabilidad\CobranzaPeriodClosureConfiguration.cs"
"CollectionActivityConfiguration","class","LuxuryApp.Infrastructure.Data.EntityConfigurations","ContabilidadLuxuryApp","LuxuryApp.Application.Modules.ContabilidadLuxuryApp.Infrastructure.Persistence.Contabilidad","Infrastructure\Persistence\Contabilidad\CollectionActivityConfiguration.cs"
"CollectionCaseChargeConfiguration","class","LuxuryApp.Infrastructure.Data.EntityConfigurations","ContabilidadLuxuryApp","LuxuryApp.Application.Modules.ContabilidadLuxuryApp.Infrastructure.Persistence.Contabilidad","Infrastructure\Persistence\Contabilidad\CollectionCaseChargeConfiguration.cs"
"CollectionCaseConfiguration","class","LuxuryApp.Infrastructure.Data.EntityConfigurations","ContabilidadLuxuryApp","LuxuryApp.Application.Modules.ContabilidadLuxuryApp.Infrastructure.Persistence.Contabilidad","Infrastructure\Persistence\Contabilidad\CollectionCaseConfiguration.cs"
"CreditNoteConfiguration","class","LuxuryApp.Infrastructure.Data.EntityConfigurations","ContabilidadLuxuryApp","LuxuryApp.Application.Modules.ContabilidadLuxuryApp.Infrastructure.Persistence.Contabilidad","Infrastructure\Persistence\Contabilidad\CreditNoteConfiguration.cs"
"FinancialApprovalRequestConfiguration","class","LuxuryApp.Infrastructure.Data.EntityConfigurations","ContabilidadLuxuryApp","LuxuryApp.Application.Modules.ContabilidadLuxuryApp.Infrastructure.Persistence.Contabilidad","Infrastructure\Persistence\Contabilidad\FinancialApprovalRequestConfiguration.cs"
"FinancialAuditLogConfiguration","class","LuxuryApp.Infrastructure.Data.EntityConfigurations","ContabilidadLuxuryApp","LuxuryApp.Application.Modules.ContabilidadLuxuryApp.Infrastructure.Persistence.Contabilidad","Infrastructure\Persistence\Contabilidad\FinancialAuditLogConfiguration.cs"
"FinancialBatchConfiguration","class","LuxuryApp.Infrastructure.Data.EntityConfigurations","ContabilidadLuxuryApp","LuxuryApp.Application.Modules.ContabilidadLuxuryApp.Infrastructure.Persistence.Contabilidad","Infrastructure\Persistence\Contabilidad\FinancialBatchConfiguration.cs"
"FinancialLedgerEntryConfiguration","class","LuxuryApp.Infrastructure.Data.EntityConfigurations","ContabilidadLuxuryApp","LuxuryApp.Application.Modules.ContabilidadLuxuryApp.Infrastructure.Persistence.Contabilidad","Infrastructure\Persistence\Contabilidad\FinancialLedgerEntryConfiguration.cs"
"FineEvidenceConfiguration","class","LuxuryApp.Infrastructure.Data.EntityConfigurations","ContabilidadLuxuryApp","LuxuryApp.Application.Modules.ContabilidadLuxuryApp.Infrastructure.Persistence.Contabilidad","Infrastructure\Persistence\Contabilidad\FineEvidenceConfiguration.cs"
"InvoiceConfiguration","class","LuxuryApp.Infrastructure.Data.EntityConfigurations","ContabilidadLuxuryApp","LuxuryApp.Application.Modules.ContabilidadLuxuryApp.Infrastructure.Persistence.Contabilidad","Infrastructure\Persistence\Contabilidad\InvoiceConfiguration.cs"
"NotificationLogConfiguration","class","LuxuryApp.Infrastructure.Data.EntityConfigurations","ContabilidadLuxuryApp","LuxuryApp.Application.Modules.ContabilidadLuxuryApp.Infrastructure.Persistence.Contabilidad","Infrastructure\Persistence\Contabilidad\NotificationLogConfiguration.cs"
"PolicySnapshotConfiguration","class","LuxuryApp.Infrastructure.Data.EntityConfigurations","ContabilidadLuxuryApp","LuxuryApp.Application.Modules.ContabilidadLuxuryApp.Infrastructure.Persistence.Contabilidad","Infrastructure\Persistence\Contabilidad\PolicySnapshotConfiguration.cs"
"PropertyFineConfiguration","class","LuxuryApp.Infrastructure.Data.EntityConfigurations","ContabilidadLuxuryApp","LuxuryApp.Application.Modules.ContabilidadLuxuryApp.Infrastructure.Persistence.Contabilidad","Infrastructure\Persistence\Contabilidad\PropertyFineConfiguration.cs"
"PropertyMemberConfiguration","class","LuxuryApp.Infrastructure.Data.EntityConfigurations","ContabilidadLuxuryApp","LuxuryApp.Application.Modules.ContabilidadLuxuryApp.Infrastructure.Persistence.Contabilidad","Infrastructure\Persistence\Contabilidad\PropertyMemberConfiguration.cs"
"RegulationArticleConfiguration","class","LuxuryApp.Infrastructure.Data.EntityConfigurations","ContabilidadLuxuryApp","LuxuryApp.Application.Modules.ContabilidadLuxuryApp.Infrastructure.Persistence.Contabilidad","Infrastructure\Persistence\Contabilidad\RegulationArticleConfiguration.cs"
"ResponsiblePartySnapshotConfiguration","class","LuxuryApp.Infrastructure.Data.EntityConfigurations","ContabilidadLuxuryApp","LuxuryApp.Application.Modules.ContabilidadLuxuryApp.Infrastructure.Persistence.Contabilidad","Infrastructure\Persistence\Contabilidad\ResponsiblePartySnapshotConfiguration.cs"
"MaintenanceReportEndPoints","class","LuxuryApp.Application.EndPoints","ContabilidadLuxuryApp","LuxuryApp.Application.Modules.ContabilidadLuxuryApp.MaintenanceReport.EndPoints","MaintenanceReport\EndPoints\MaintenanceReportEndPoints.cs"
"IMaintenanceReportAppService","interface","LuxuryApp.Application.Interfaces","ContabilidadLuxuryApp","LuxuryApp.Application.Modules.ContabilidadLuxuryApp.MaintenanceReport.Interfaces","MaintenanceReport\Interfaces\IMaintenanceReportAppService.cs"
"MaintenanceReportAppService","class","LuxuryApp.Application.Services","ContabilidadLuxuryApp","LuxuryApp.Application.Modules.ContabilidadLuxuryApp.MaintenanceReport.Services","MaintenanceReport\Services\MaintenanceReportAppService.cs"
"BudgetAccountRuleDataDTO","record","LuxuryApp.Application.DTOs","ContabilidadLuxuryApp","LuxuryApp.Application.Modules.ContabilidadLuxuryApp.Presupuesto.DTOs","Presupuesto\DTOs\BudgetAccountRuleDTOs.cs"
"PresupuestoCuentaDTO","record","LuxuryApp.Application.DTOs","ContabilidadLuxuryApp","LuxuryApp.Application.Modules.ContabilidadLuxuryApp.Presupuesto.DTOs","Presupuesto\DTOs\PresupuestoCuentaDTO.cs"
"BudgetAccountRulesEndPoints","class","LuxuryApp.Application.EndPoints","ContabilidadLuxuryApp","LuxuryApp.Application.Modules.ContabilidadLuxuryApp.Presupuesto.EndPoints","Presupuesto\EndPoints\BudgetAccountRulesEndPoints.cs"
"IBudgetAccountRuleAppService","interface","LuxuryApp.Application.Services","ContabilidadLuxuryApp","LuxuryApp.Application.Modules.ContabilidadLuxuryApp.Presupuesto.Services","Presupuesto\Services\BudgetAccountRuleAppService.cs"
"AddBudgetProposalItemSupportFilesDTO","record","LuxuryApp.Application.DTOs","ContabilidadLuxuryApp","LuxuryApp.Application.Modules.ContabilidadLuxuryApp.PresupuestoPropuesta.DTOs","PresupuestoPropuesta\DTOs\AddBudgetProposalItemSupportFilesDTO.cs"
"AvailableAccountDTO","record","LuxuryApp.Application.DTOs","ContabilidadLuxuryApp","LuxuryApp.Application.Modules.ContabilidadLuxuryApp.PresupuestoPropuesta.DTOs","PresupuestoPropuesta\DTOs\AvailableAccountDTO.cs"
"BudgetAuditDTO","record","LuxuryApp.Application.DTOs","ContabilidadLuxuryApp","LuxuryApp.Application.Modules.ContabilidadLuxuryApp.PresupuestoPropuesta.DTOs","PresupuestoPropuesta\DTOs\BudgetAuditDTO.cs"
"BudgetForecastRequestDTO","record","LuxuryApp.Application.DTOs","ContabilidadLuxuryApp","LuxuryApp.Application.Modules.ContabilidadLuxuryApp.PresupuestoPropuesta.DTOs","PresupuestoPropuesta\DTOs\BudgetForecastRequestDTO.cs"
"BudgetProposalDTO","record","LuxuryApp.Application.DTOs","ContabilidadLuxuryApp","LuxuryApp.Application.Modules.ContabilidadLuxuryApp.PresupuestoPropuesta.DTOs","PresupuestoPropuesta\DTOs\BudgetProposalDTO.cs"
"BudgetProposalItemDTO","record","LuxuryApp.Application.DTOs","ContabilidadLuxuryApp","LuxuryApp.Application.Modules.ContabilidadLuxuryApp.PresupuestoPropuesta.DTOs","PresupuestoPropuesta\DTOs\BudgetProposalItemDTO.cs"
"BudgetProposalItemHistoryDTO","record","LuxuryApp.Application.DTOs","ContabilidadLuxuryApp","LuxuryApp.Application.Modules.ContabilidadLuxuryApp.PresupuestoPropuesta.DTOs","PresupuestoPropuesta\DTOs\BudgetProposalItemHistoryDTO.cs"
"BudgetProposalItemSupportDetailsDTO","record","LuxuryApp.Application.DTOs","ContabilidadLuxuryApp","LuxuryApp.Application.Modules.ContabilidadLuxuryApp.PresupuestoPropuesta.DTOs","PresupuestoPropuesta\DTOs\BudgetProposalItemSupportDetailsDTO.cs"
"BudgetProposalItemSupportFileDTO","record","LuxuryApp.Application.DTOs","ContabilidadLuxuryApp","LuxuryApp.Application.Modules.ContabilidadLuxuryApp.PresupuestoPropuesta.DTOs","PresupuestoPropuesta\DTOs\BudgetProposalItemSupportFileDTO.cs"
"CreateBudgetProposalDTO","record","LuxuryApp.Application.DTOs","ContabilidadLuxuryApp","LuxuryApp.Application.Modules.ContabilidadLuxuryApp.PresupuestoPropuesta.DTOs","PresupuestoPropuesta\DTOs\CreateBudgetProposalDTO.cs"
"IndivisoFeeComparisonDTO","record","LuxuryApp.Application.DTOs","ContabilidadLuxuryApp","LuxuryApp.Application.Modules.ContabilidadLuxuryApp.PresupuestoPropuesta.DTOs","PresupuestoPropuesta\DTOs\IndivisoFeeComparisonDTO.cs"
"ProjectedExpenseItemDTO","record","LuxuryApp.Application.DTOs","ContabilidadLuxuryApp","LuxuryApp.Application.Modules.ContabilidadLuxuryApp.PresupuestoPropuesta.DTOs","PresupuestoPropuesta\DTOs\ProjectedExpenseItemDTO.cs"
"PropertyIndivisoDetailDTO","record","LuxuryApp.Application.DTOs","ContabilidadLuxuryApp","LuxuryApp.Application.Modules.ContabilidadLuxuryApp.PresupuestoPropuesta.DTOs","PresupuestoPropuesta\DTOs\PropertyIndivisoDetailDTO.cs"
"UniformFeeComparisonDTO","record","LuxuryApp.Application.DTOs","ContabilidadLuxuryApp","LuxuryApp.Application.Modules.ContabilidadLuxuryApp.PresupuestoPropuesta.DTOs","PresupuestoPropuesta\DTOs\UniformFeeComparisonDTO.cs"
"UpdateBudgetProposalItemSupportInfoDTO","record","LuxuryApp.Application.DTOs","ContabilidadLuxuryApp","LuxuryApp.Application.Modules.ContabilidadLuxuryApp.PresupuestoPropuesta.DTOs","PresupuestoPropuesta\DTOs\UpdateBudgetProposalItemSupportInfoDTO.cs"
"UpdateProposalItemDTO","record","LuxuryApp.Application.DTOs","ContabilidadLuxuryApp","LuxuryApp.Application.Modules.ContabilidadLuxuryApp.PresupuestoPropuesta.DTOs","PresupuestoPropuesta\DTOs\UpdateProposalItemDTO.cs"
"BudgetProposalEndPoints","class","LuxuryApp.Application.EndPoints","ContabilidadLuxuryApp","LuxuryApp.Application.Modules.ContabilidadLuxuryApp.PresupuestoPropuesta.Endpoints","PresupuestoPropuesta\Endpoints\BudgetProposalEndPoints.cs"
"BudgetProposalItemSupportEndPoints","class","LuxuryApp.Application.EndPoints","ContabilidadLuxuryApp","LuxuryApp.Application.Modules.ContabilidadLuxuryApp.PresupuestoPropuesta.Endpoints","PresupuestoPropuesta\Endpoints\BudgetProposalItemSupportEndpoints.cs"
"IBudgetProposalItemSupportService","interface","LuxuryApp.Application.Interfaces","ContabilidadLuxuryApp","LuxuryApp.Application.Modules.ContabilidadLuxuryApp.PresupuestoPropuesta.Interfaces","PresupuestoPropuesta\Interfaces\IBudgetProposalItemSupportService.cs"
"IBudgetProposalService","interface","LuxuryApp.Application.Interfaces","ContabilidadLuxuryApp","LuxuryApp.Application.Modules.ContabilidadLuxuryApp.PresupuestoPropuesta.Interfaces","PresupuestoPropuesta\Interfaces\IBudgetProposalService.cs"
"BudgetProposalProfile","class","LuxuryApp.Application.Mapping","ContabilidadLuxuryApp","LuxuryApp.Application.Modules.ContabilidadLuxuryApp.PresupuestoPropuesta.Mapping","PresupuestoPropuesta\Mapping\BudgetProposalProfile.cs"
"BudgetProposalItemSupportService","class","LuxuryApp.Application.Services","ContabilidadLuxuryApp","LuxuryApp.Application.Modules.ContabilidadLuxuryApp.PresupuestoPropuesta.Services","PresupuestoPropuesta\Services\BudgetProposalItemSupportService.cs"
"BudgetProposalService","class","LuxuryApp.Application.Services","ContabilidadLuxuryApp","LuxuryApp.Application.Modules.ContabilidadLuxuryApp.PresupuestoPropuesta.Services","PresupuestoPropuesta\Services\BudgetProposalService.cs"
"AspelBudgetDTO","record","LuxuryApp.Application.DTOs","ContabilidadLuxuryApp","LuxuryApp.Application.Modules.ContabilidadLuxuryApp.PresupuestoShared.DTOs","PresupuestoShared\DTOs\AspelBudgetDTO.cs"
"CuentaAspelTercerNivelDTO","record","LuxuryApp.Application.DTOs","ContabilidadLuxuryApp","LuxuryApp.Application.Modules.ContabilidadLuxuryApp.PresupuestoShared.DTOs","PresupuestoShared\DTOs\CuentaAspelTercerNivelDTO.cs"
"IAspelQuotationService","interface","LuxuryApp.Application.Interfaces","ContabilidadLuxuryApp","LuxuryApp.Application.Modules.ContabilidadLuxuryApp.PresupuestoShared.Interfaces","PresupuestoShared\Interfaces\IAspelQuotationService.cs"
"IHelperAspel","interface","LuxuryApp.Application.Interfaces","ContabilidadLuxuryApp","LuxuryApp.Application.Modules.ContabilidadLuxuryApp.PresupuestoShared.Interfaces","PresupuestoShared\Interfaces\IHelperAspel.cs"
"AspelQuotationService","class","LuxuryApp.Application.Services","ContabilidadLuxuryApp","LuxuryApp.Application.Modules.ContabilidadLuxuryApp.PresupuestoShared.Services","PresupuestoShared\Services\AspelQuotationService.cs"
"HelperAspel","class","LuxuryApp.Application.Services","ContabilidadLuxuryApp","LuxuryApp.Application.Modules.ContabilidadLuxuryApp.PresupuestoShared.Services","PresupuestoShared\Services\HelperAspel.cs"
"ApBalanceReportDTO","record","LuxuryApp.Application.DTOs","ContabilidadLuxuryApp","LuxuryApp.Application.Modules.ContabilidadLuxuryApp.PresupuestoWebAspel.DTOs","PresupuestoWebAspel\DTOs\ApBalanceReportDTO.cs"
"BalanceSheetDTO","record","LuxuryApp.Application.DTOs","ContabilidadLuxuryApp","LuxuryApp.Application.Modules.ContabilidadLuxuryApp.PresupuestoWebAspel.DTOs","PresupuestoWebAspel\DTOs\BalanceSheetDTO.cs"
"BudgetExecutionItemDTO","record","LuxuryApp.Application.DTOs","ContabilidadLuxuryApp","LuxuryApp.Application.Modules.ContabilidadLuxuryApp.PresupuestoWebAspel.DTOs","PresupuestoWebAspel\DTOs\BudgetExecutionItemDTO.cs"
"FinancialAnalysisDTO","record","LuxuryApp.Application.DTOs","ContabilidadLuxuryApp","LuxuryApp.Application.Modules.ContabilidadLuxuryApp.PresupuestoWebAspel.DTOs","PresupuestoWebAspel\DTOs\FinancialAnalysisDTO.cs"
"SimpleReportItemDTO","record","LuxuryApp.Application.DTOs","ContabilidadLuxuryApp","LuxuryApp.Application.Modules.ContabilidadLuxuryApp.PresupuestoWebAspel.DTOs","PresupuestoWebAspel\DTOs\SimpleReportItemDTO.cs"
"PresupuestoEndPoints","class","LuxuryApp.Application.EndPoints","ContabilidadLuxuryApp","LuxuryApp.Application.Modules.ContabilidadLuxuryApp.PresupuestoWebAspel.EndPoints","PresupuestoWebAspel\EndPoints\PresupuestoEndPoints.cs"
"IAspelMappingService","interface","LuxuryApp.Application.Interfaces","ContabilidadLuxuryApp","LuxuryApp.Application.Modules.ContabilidadLuxuryApp.PresupuestoWebAspel.Interfaces","PresupuestoWebAspel\Interfaces\IAspelMappingService.cs"
"AspelMappingService","class","LuxuryApp.Application.Services","ContabilidadLuxuryApp","LuxuryApp.Application.Modules.ContabilidadLuxuryApp.PresupuestoWebAspel.Services","PresupuestoWebAspel\Services\AspelMappingService.cs"
"ProjectedExpenseAddOrEditDTO","record","LuxuryApp.Application.DTOs","ContabilidadLuxuryApp","LuxuryApp.Application.Modules.ContabilidadLuxuryApp.ProjectedExpenses.DTOs","ProjectedExpenses\DTOs\ProjectedExpenseAddOrEditDTO.cs"
"ProjectedExpenseDTO","record","LuxuryApp.Application.DTOs","ContabilidadLuxuryApp","LuxuryApp.Application.Modules.ContabilidadLuxuryApp.ProjectedExpenses.DTOs","ProjectedExpenses\DTOs\ProjectedExpenseDTO.cs"
"ProjectedExpenseRecurrenceDTO","record","LuxuryApp.Application.DTOs","ContabilidadLuxuryApp","LuxuryApp.Application.Modules.ContabilidadLuxuryApp.ProjectedExpenses.DTOs","ProjectedExpenses\DTOs\ProjectedExpenseRecurrenceDTO.cs"
"ProjectedExpensesEndPoints","class","LuxuryApp.Application.EndPoints","ContabilidadLuxuryApp","LuxuryApp.Application.Modules.ContabilidadLuxuryApp.ProjectedExpenses.EndPoints","ProjectedExpenses\EndPoints\ProjectedExpensesEndPoints.cs"
"IProjectedExpenseAppService","interface","LuxuryApp.Application.Interfaces","ContabilidadLuxuryApp","LuxuryApp.Application.Modules.ContabilidadLuxuryApp.ProjectedExpenses.Interfaces","ProjectedExpenses\Interfaces\IProjectedExpenseAppService.cs"
"BudgetExecutionProfile","class","LuxuryApp.Application.Mapping","ContabilidadLuxuryApp","LuxuryApp.Application.Modules.ContabilidadLuxuryApp.ProjectedExpenses.Mapping","ProjectedExpenses\Mapping\BudgetExecutionProfile.cs"
"ProjectedExpenseMapper","class","LuxuryApp.Application.Mapping","ContabilidadLuxuryApp","LuxuryApp.Application.Modules.ContabilidadLuxuryApp.ProjectedExpenses.Mapping","ProjectedExpenses\Mapping\ProjectedExpenseMapper.cs"
"ProjectedExpenseAppService","class","LuxuryApp.Application.Services","ContabilidadLuxuryApp","LuxuryApp.Application.Modules.ContabilidadLuxuryApp.ProjectedExpenses.Services","ProjectedExpenses\Services\ProjectedExpenseAppService.cs"
"DestinatariosEmailReporteDTO","record","LuxuryApp.Application.DTOs","ContabilidadLuxuryApp","LuxuryApp.Application.Modules.ContabilidadLuxuryApp.Reports.DTOs","Reports\DTOs\DestinatariosEmailReporteDTO.cs"
"IReportSubmissionRecordAppService","interface","LuxuryApp.Application.Interfaces","ContabilidadLuxuryApp","LuxuryApp.Application.Modules.ContabilidadLuxuryApp.Reports.Interfaces","Reports\Interfaces\IReportSubmissionRecordAppService.cs"
"EmergencyMapper","class","LuxuryApp.Application.Reports.Mapping","ContabilidadLuxuryApp","LuxuryApp.Application.Modules.ContabilidadLuxuryApp.Reports.Mapping","Reports\Mapping\EmergencyMapper.cs"
"ReportSubmissionRecordAppService","class","LuxuryApp.Application.Services","ContabilidadLuxuryApp","LuxuryApp.Application.Modules.ContabilidadLuxuryApp.Reports.Services","Reports\Services\ReportSubmissionRecordAppService.cs"
"AccountFlatItemDTO","record","LuxuryApp.Application.DTOs","ContabilidadLuxuryApp","LuxuryApp.Application.Modules.ContabilidadLuxuryApp.Shared.DTOs","Shared\DTOs\AccountFlatItemDTO.cs"
"AccountTreeNodeDTO","record","LuxuryApp.Application.DTOs","ContabilidadLuxuryApp","LuxuryApp.Application.Modules.ContabilidadLuxuryApp.Shared.DTOs","Shared\DTOs\AccountTreeNodeDTO.cs"
"IAccountCatalogService","interface","LuxuryApp.Application.Interfaces","ContabilidadLuxuryApp","LuxuryApp.Application.Modules.ContabilidadLuxuryApp.Shared.Interfaces","Shared\Interfaces\IAccountCatalogService.cs"
"IAspelCoiApiClient","interface","LuxuryApp.Application.Services","ContabilidadLuxuryApp","LuxuryApp.Application.Modules.ContabilidadLuxuryApp.Shared.Interfaces","Shared\Interfaces\IAspelCoiApiClient.cs"
"IContabilidadOnlineLocalService","interface","LuxuryApp.Application.Interfaces","ContabilidadLuxuryApp","LuxuryApp.Application.Modules.ContabilidadLuxuryApp.Shared.Interfaces","Shared\Interfaces\IContabilidadOnlineLocalService.cs"
"AccountCatalogService","class","LuxuryApp.Application.Services","ContabilidadLuxuryApp","LuxuryApp.Application.Modules.ContabilidadLuxuryApp.Shared.Services","Shared\Services\AccountCatalogService.cs"
"AspelAccountFormatter","class","LuxuryApp.Application.Services","ContabilidadLuxuryApp","LuxuryApp.Application.Modules.ContabilidadLuxuryApp.Shared.Services","Shared\Services\AspelAccountFormatter.cs"
"AspelCoiApiClient","class","LuxuryApp.Application.Services","ContabilidadLuxuryApp","LuxuryApp.Application.Modules.ContabilidadLuxuryApp.Shared.Services","Shared\Services\AspelCoiApiClient.cs"
"AsambleaChecklistExecutionDTO","record","LuxuryApp.Application.DTOs","DireccionLuxuryApp","LuxuryApp.Application.Modules.DireccionLuxuryApp.JuntasMensuales.Asamblea.Checklist.DTOs","JuntasMensuales\Asamblea\Checklist\DTOs\AsambleaChecklistExecutionDTO.cs"
"AsambleaChecklistUpdateStatusDTO","record","LuxuryApp.Application.DTOs","DireccionLuxuryApp","LuxuryApp.Application.Modules.DireccionLuxuryApp.JuntasMensuales.Asamblea.Checklist.DTOs","JuntasMensuales\Asamblea\Checklist\DTOs\AsambleaChecklistUpdateStatusDTO.cs"
"AsambleaChecklistEndPoints","class","LuxuryApp.Application.EndPoints","DireccionLuxuryApp","LuxuryApp.Application.Modules.DireccionLuxuryApp.JuntasMensuales.Asamblea.Checklist.EndPoints","JuntasMensuales\Asamblea\Checklist\EndPoints\AsambleaChecklistEndpoints.cs"
"IAsambleaChecklistAppService","interface","LuxuryApp.Application.Services","DireccionLuxuryApp","LuxuryApp.Application.Modules.DireccionLuxuryApp.JuntasMensuales.Asamblea.Checklist.Interfaces","JuntasMensuales\Asamblea\Checklist\Interfaces\IAsambleaChecklistAppService.cs"
"IAsambleaChecklistService","interface","LuxuryApp.Application.Services","DireccionLuxuryApp","LuxuryApp.Application.Modules.DireccionLuxuryApp.JuntasMensuales.Asamblea.Checklist.Interfaces","JuntasMensuales\Asamblea\Checklist\Interfaces\IAsambleaChecklistService.cs"
"AsambleaChecklistAppService","class","LuxuryApp.Application.Services","DireccionLuxuryApp","LuxuryApp.Application.Modules.DireccionLuxuryApp.JuntasMensuales.Asamblea.Checklist.Services","JuntasMensuales\Asamblea\Checklist\Services\AsambleaChecklistAppService.cs"
"AsambleaChecklistService","class","LuxuryApp.Application.Services","DireccionLuxuryApp","LuxuryApp.Application.Modules.DireccionLuxuryApp.JuntasMensuales.Asamblea.Checklist.Services","JuntasMensuales\Asamblea\Checklist\Services\AsambleaChecklistService.cs"
"ContratoPoliza","class","LuxuryApp.Infrastructure.Data.Entities","LegalLuxuryApp","LuxuryApp.Application.Modules.LegalLuxuryApp.Domain.Entities.AsuntosLegalesySeguros","Domain\Entities\AsuntosLegalesySeguros\ContratoPoliza.cs"
"LegalMatter","class","LuxuryApp.Infrastructure.Data.Entities","LegalLuxuryApp","LuxuryApp.Application.Modules.LegalLuxuryApp.Domain.Entities.AsuntosLegalesySeguros","Domain\Entities\AsuntosLegalesySeguros\LegalMatter.cs"
"PolicySnapshot","class","LuxuryApp.Infrastructure.Data.Entities","LegalLuxuryApp","LuxuryApp.Application.Modules.LegalLuxuryApp.Domain.Entities.AsuntosLegalesySeguros","Domain\Entities\AsuntosLegalesySeguros\PolicySnapshot.cs"
"RegulationArticle","class","LuxuryApp.Infrastructure.Data.Entities","LegalLuxuryApp","LuxuryApp.Application.Modules.LegalLuxuryApp.Domain.Entities.AsuntosLegalesySeguros","Domain\Entities\AsuntosLegalesySeguros\RegulationArticle.cs"
"ResponsiblePartySnapshot","class","LuxuryApp.Infrastructure.Data.Entities","LegalLuxuryApp","LuxuryApp.Application.Modules.LegalLuxuryApp.Domain.Entities.AsuntosLegalesySeguros","Domain\Entities\AsuntosLegalesySeguros\ResponsiblePartySnapshot.cs"
"FineEvidence","class","LuxuryApp.Infrastructure.Data.Entities","LegalLuxuryApp","LuxuryApp.Application.Modules.LegalLuxuryApp.Domain.Entities.Fines","Domain\Entities\Fines\FineEvidence.cs"
"PropertyFine","class","LuxuryApp.Infrastructure.Data.Entities","LegalLuxuryApp","LuxuryApp.Application.Modules.LegalLuxuryApp.Domain.Entities.Fines","Domain\Entities\Fines\PropertyFine.cs"
"ILegalEmployeeAppService","interface","LuxuryApp.Application.Interfaces","LegalLuxuryApp","LuxuryApp.Application.Modules.LegalLuxuryApp.Employees","Employees\ILegalEmployeeAppService.cs"
"LegalEmployeeAppService","class","LuxuryApp.Application.Services","LegalLuxuryApp","LuxuryApp.Application.Modules.LegalLuxuryApp.Employees","Employees\LegalEmployeeAppService.cs"
"LegalEmployeeDTO","record","LuxuryApp.Application.DTOs","LegalLuxuryApp","LuxuryApp.Application.Modules.LegalLuxuryApp.Employees","Employees\LegalEmployeeDTO.cs"
"LegalEmployeesEndPoints","class","<NONE>","LegalLuxuryApp","LuxuryApp.Application.Modules.LegalLuxuryApp.Employees.EndPoints","Employees\EndPoints\LegalEmployeesEndPoints.cs"
"BoardDirectorsEndPoints","class","LuxuryApp.Application.EndPoints","LegalLuxuryApp","LuxuryApp.Application.Modules.LegalLuxuryApp.Legal.BoardDirectors.EndPoints","Legal\BoardDirectors\EndPoints\BoardDirectorsEndPoints.cs"
"BoardDirectorsAppService","class","LuxuryApp.Application.Services","LegalLuxuryApp","LuxuryApp.Application.Modules.LegalLuxuryApp.Legal.BoardDirectors.Repositories","Legal\BoardDirectors\Repositories\BoardDirectorsAppService.cs"
"BoardDirectorsDocumentDTO","record","LuxuryApp.Application.Interfaces","LegalLuxuryApp","LuxuryApp.Application.Modules.LegalLuxuryApp.Legal.BoardDirectors.Services","Legal\BoardDirectors\Services\BoardDirectorsDocumentDTO.cs"
"IBoardDirectorsAppService","interface","LuxuryApp.Application.Interfaces","LegalLuxuryApp","LuxuryApp.Application.Modules.LegalLuxuryApp.Legal.BoardDirectors.Services","Legal\BoardDirectors\Services\IBoardDirectorsAppService.cs"
"ContratoPolizaAddOrEditDTO","record","LuxuryApp.Application.DTOs","LegalLuxuryApp","LuxuryApp.Application.Modules.LegalLuxuryApp.Legal.ContractPolicy.DTOs","Legal\ContractPolicy\DTOs\ContratoPolizaAddOrEditDTO.cs"
"ContratoPolizaDTO","record","LuxuryApp.Application.DTOs","LegalLuxuryApp","LuxuryApp.Application.Modules.LegalLuxuryApp.Legal.ContractPolicy.DTOs","Legal\ContractPolicy\DTOs\ContratoPolizaDTO.cs"
"PolicyContractEndPoints","class","LuxuryApp.Application.EndPoints","LegalLuxuryApp","LuxuryApp.Application.Modules.LegalLuxuryApp.Legal.ContractPolicy.EndPoints","Legal\ContractPolicy\EndPoints\PolicyContractEndPoints.cs"
"IContratoPolizaAppService","interface","LuxuryApp.Application.Interfaces","LegalLuxuryApp","LuxuryApp.Application.Modules.LegalLuxuryApp.Legal.ContractPolicy.Interfaces","Legal\ContractPolicy\Interfaces\IContratoPolizaAppService.cs"
"PolicyContractMapper","class","LuxuryApp.Application.ContractPolicy.Mapping","LegalLuxuryApp","LuxuryApp.Application.Modules.LegalLuxuryApp.Legal.ContractPolicy.Mapping","Legal\ContractPolicy\Mapping\PolicyContractMapper.cs"
"ContratoPolizaAppService","class","LuxuryApp.Application.Services","LegalLuxuryApp","LuxuryApp.Application.Modules.LegalLuxuryApp.Legal.ContractPolicy.Services","Legal\ContractPolicy\Services\ContratoPolizaAppService.cs"
"LegalDirectoriesEndPoints","class","LuxuryApp.Application.EndPoints","LegalLuxuryApp","LuxuryApp.Application.Modules.LegalLuxuryApp.Legal.LegalDirectories.EndPoints","Legal\LegalDirectories\EndPoints\LegalDirectoriesEndPoints.cs"
"LegalMatterAddDTO","record","LuxuryApp.Application.DTOs","LegalLuxuryApp","LuxuryApp.Application.Modules.LegalLuxuryApp.Legal.LegalMatter.DTOs","Legal\LegalMatter\DTOs\LegalMatterAddDTO.cs"
"LegalMatterCategoryAddOrEditDTO","record","LuxuryApp.Application.DTOs","LegalLuxuryApp","LuxuryApp.Application.Modules.LegalLuxuryApp.Legal.LegalMatter.DTOs","Legal\LegalMatter\DTOs\LegalMatterCategoryAddOrEditDTO.cs"
"LegalMatterCategoryWithMattersDTO","record","LuxuryApp.Application.DTOs","LegalLuxuryApp","LuxuryApp.Application.Modules.LegalLuxuryApp.Legal.LegalMatter.DTOs","Legal\LegalMatter\DTOs\LegalMatterCategoryWithMattersDTO.cs"
"LegalMatterDTO","record","LuxuryApp.Application.DTOs","LegalLuxuryApp","LuxuryApp.Application.Modules.LegalLuxuryApp.Legal.LegalMatter.DTOs","Legal\LegalMatter\DTOs\LegalMatterDTO.cs"
"LegalMatterEndPoints","class","LuxuryApp.Application.EndPoints","LegalLuxuryApp","LuxuryApp.Application.Modules.LegalLuxuryApp.Legal.LegalMatter.EndPoints","Legal\LegalMatter\EndPoints\LegalMatterEndPoints.cs"
"ILegalMatterAppService","interface","LuxuryApp.Application.Interfaces","LegalLuxuryApp","LuxuryApp.Application.Modules.LegalLuxuryApp.Legal.LegalMatter.Interfaces","Legal\LegalMatter\Interfaces\ILegalMatterAppService.cs"
"ILegalMatterCategoryAppService","interface","LuxuryApp.Application.Interfaces","LegalLuxuryApp","LuxuryApp.Application.Modules.LegalLuxuryApp.Legal.LegalMatter.Interfaces","Legal\LegalMatter\Interfaces\ILegalMatterCategoryAppService.cs"
"LegalMatterAppService","class","LuxuryApp.Application.Services","LegalLuxuryApp","LuxuryApp.Application.Modules.LegalLuxuryApp.Legal.LegalMatter.Services","Legal\LegalMatter\Services\LegalMatterAppService.cs"
"LegalMatterCategoryAppService","class","LuxuryApp.Application.Interfaces","LegalLuxuryApp","LuxuryApp.Application.Modules.LegalLuxuryApp.Legal.LegalMatter.Services","Legal\LegalMatter\Services\LegalMatterCategoryAppService.cs"
"LegalMinutaEndPoints","class","LuxuryApp.Application.EndPoints","LegalLuxuryApp","LuxuryApp.Application.Modules.LegalLuxuryApp.Legal.LegalMinuta.EndPoints","Legal\LegalMinuta\EndPoints\LegalMinutaEndPoints.cs"
"LegalReportEndPoints","class","LuxuryApp.Application.EndPoints","LegalLuxuryApp","LuxuryApp.Application.Modules.LegalLuxuryApp.Legal.LegalReport.EndPoints","Legal\LegalReport\EndPoints\LegalReportEndPoints.cs"
"ILegalReportAppService","interface","LuxuryApp.Application.Interfaces","LegalLuxuryApp","LuxuryApp.Application.Modules.LegalLuxuryApp.Legal.LegalReport.Interfaces","Legal\LegalReport\Interfaces\ILegalReportAppService.cs"
"LegalReportAppService","class","LuxuryApp.Application.Services","LegalLuxuryApp","LuxuryApp.Application.Modules.LegalLuxuryApp.Legal.LegalReport.Services","Legal\LegalReport\Services\LegalReportAppService.cs"
"BudgetMaintenanceEndPoints","class","LuxuryApp.Application.EndPoints","MantenimientoLuxuryApp","LuxuryApp.Application.Modules.MantenimientoLuxuryApp.BudgetMaintenance.EndPoints","BudgetMaintenance\EndPoints\BudgetMaintenanceEndPoints.cs"
"CalendarioMaestroAddOrEditDTO","record","LuxuryApp.Application.DTOs","MantenimientoLuxuryApp","LuxuryApp.Application.Modules.MantenimientoLuxuryApp.CalendarioMaestro.DTOs","CalendarioMaestro\DTOs\CalendarioMaestroAddOrEditDTO.cs"
"CalendarioMaestroEndPoints","class","LuxuryApp.Application.EndPoints","MantenimientoLuxuryApp","LuxuryApp.Application.Modules.MantenimientoLuxuryApp.CalendarioMaestro.EndPoints","CalendarioMaestro\EndPoints\CalendarioMaestroEndpoints.cs"
"ICalendarioMaestroAppService","interface","LuxuryApp.Application.Interfaces","MantenimientoLuxuryApp","LuxuryApp.Application.Modules.MantenimientoLuxuryApp.CalendarioMaestro.Interfaces","CalendarioMaestro\Interfaces\ICalendarioMaestroAppService.cs"
"ICalendarioMaestroProviderAppService","interface","LuxuryApp.Application.Interfaces","MantenimientoLuxuryApp","LuxuryApp.Application.Modules.MantenimientoLuxuryApp.CalendarioMaestro.Interfaces","CalendarioMaestro\Interfaces\ICalendarioMaestroProviderAppService.cs"
"CalendarioMaestroAppService","class","LuxuryApp.Application.Services","MantenimientoLuxuryApp","LuxuryApp.Application.Modules.MantenimientoLuxuryApp.CalendarioMaestro.Services","CalendarioMaestro\Services\CalendarioMaestroAppService.cs"
"CalendarioMaestroProviderAppService","class","LuxuryApp.Application.Services","MantenimientoLuxuryApp","LuxuryApp.Application.Modules.MantenimientoLuxuryApp.CalendarioMaestro.Services","CalendarioMaestro\Services\CalendarioMaestroProviderAppService.cs"
"CalendarioMaestroEquipoAddOrEditDTO","record","LuxuryApp.Application.DTOs","MantenimientoLuxuryApp","LuxuryApp.Application.Modules.MantenimientoLuxuryApp.CalendarioMaestroEquipo.DTOs","CalendarioMaestroEquipo\DTOs\CalendarioMaestroEquipoAddOrEditDTO.cs"
"CalendarioMaestroEquipoDTO","record","LuxuryApp.Application.DTOs","MantenimientoLuxuryApp","LuxuryApp.Application.Modules.MantenimientoLuxuryApp.CalendarioMaestroEquipo.DTOs","CalendarioMaestroEquipo\DTOs\CalendarioMaestroEquipoDTO.cs"
"CalendarioMaestroEquipoEndPoints","class","LuxuryApp.Application.EndPoints","MantenimientoLuxuryApp","LuxuryApp.Application.Modules.MantenimientoLuxuryApp.CalendarioMaestroEquipo.EndPoints","CalendarioMaestroEquipo\EndPoints\CalendarioMaestroEquipoEndpoints.cs"
"ICalendarioMaestroEquipoAppService","interface","LuxuryApp.Application.Interfaces","MantenimientoLuxuryApp","LuxuryApp.Application.Modules.MantenimientoLuxuryApp.CalendarioMaestroEquipo.Interfaces","CalendarioMaestroEquipo\Interfaces\ICalendarioMaestroEquipoAppService.cs"
"CalendarioMaestroEquipoMapper","class","LuxuryApp.Application.Mappings","MantenimientoLuxuryApp","LuxuryApp.Application.Modules.MantenimientoLuxuryApp.CalendarioMaestroEquipo.Mapping","CalendarioMaestroEquipo\Mapping\CalendarioMaestroEquipoMapper.cs"
"CalendarioMaestroEquipoAppService","class","LuxuryApp.Application.Services","MantenimientoLuxuryApp","LuxuryApp.Application.Modules.MantenimientoLuxuryApp.CalendarioMaestroEquipo.Services","CalendarioMaestroEquipo\Services\CalendarioMaestroEquipoAppService.cs"
"EquipmentInspectionCriterion","class","LuxuryApp.Infrastructure.Data.Entities","MantenimientoLuxuryApp","LuxuryApp.Application.Modules.MantenimientoLuxuryApp.Domain.Entities.EquipmentInspections","Domain\Entities\EquipmentInspections\EquipmentInspectionCriterion.cs"
"EquipmentInspectionDefinition","class","LuxuryApp.Infrastructure.Data.Entities","MantenimientoLuxuryApp","LuxuryApp.Application.Modules.MantenimientoLuxuryApp.Domain.Entities.EquipmentInspections","Domain\Entities\EquipmentInspections\EquipmentInspectionDefinition.cs"
"EquipmentInspectionDefinitionAssignee","class","LuxuryApp.Infrastructure.Data.Entities","MantenimientoLuxuryApp","LuxuryApp.Application.Modules.MantenimientoLuxuryApp.Domain.Entities.EquipmentInspections","Domain\Entities\EquipmentInspections\EquipmentInspectionDefinitionAssignee.cs"
"EquipmentInspectionDefinitionWeekDay","class","LuxuryApp.Infrastructure.Data.Entities","MantenimientoLuxuryApp","LuxuryApp.Application.Modules.MantenimientoLuxuryApp.Domain.Entities.EquipmentInspections","Domain\Entities\EquipmentInspections\EquipmentInspectionDefinitionWeekDay.cs"
"EquipmentInspectionExecution","class","LuxuryApp.Infrastructure.Data.Entities","MantenimientoLuxuryApp","LuxuryApp.Application.Modules.MantenimientoLuxuryApp.Domain.Entities.EquipmentInspections","Domain\Entities\EquipmentInspections\EquipmentInspectionExecution.cs"
"EquipmentInspectionExecutionImage","class","LuxuryApp.Infrastructure.Data.Entities","MantenimientoLuxuryApp","LuxuryApp.Application.Modules.MantenimientoLuxuryApp.Domain.Entities.EquipmentInspections","Domain\Entities\EquipmentInspections\EquipmentInspectionExecutionImage.cs"
"EquipmentInspectionExecutionItem","class","LuxuryApp.Infrastructure.Data.Entities","MantenimientoLuxuryApp","LuxuryApp.Application.Modules.MantenimientoLuxuryApp.Domain.Entities.EquipmentInspections","Domain\Entities\EquipmentInspections\EquipmentInspectionExecutionItem.cs"
"EquipmentQrLabel","class","LuxuryApp.Infrastructure.Data.Entities","MantenimientoLuxuryApp","LuxuryApp.Application.Modules.MantenimientoLuxuryApp.Domain.Entities.EquipmentInspections","Domain\Entities\EquipmentInspections\EquipmentQrLabel.cs"
"Equipment","class","LuxuryApp.Infrastructure.Data.Entities","MantenimientoLuxuryApp","LuxuryApp.Application.Modules.MantenimientoLuxuryApp.Domain.Entities.Equipments","Domain\Entities\Equipments\Equipment.cs"
"EquipmentDocuments","class","LuxuryApp.Infrastructure.Data.Entities","MantenimientoLuxuryApp","LuxuryApp.Application.Modules.MantenimientoLuxuryApp.Domain.Entities.Equipments","Domain\Entities\Equipments\EquipmentDocuments.cs"
"FireCycleInspectionBase","class","LuxuryApp.Infrastructure.Data.Entities","MantenimientoLuxuryApp","LuxuryApp.Application.Modules.MantenimientoLuxuryApp.Domain.Entities.FireInspectionPeriods","Domain\Entities\FireInspectionPeriods\FireCycleInspectionBase.cs"
"FireCycleInspectionDetector","class","LuxuryApp.Infrastructure.Data.Entities","MantenimientoLuxuryApp","LuxuryApp.Application.Modules.MantenimientoLuxuryApp.Domain.Entities.FireInspectionPeriods","Domain\Entities\FireInspectionPeriods\FireCycleInspectionDetector.cs"
"FireCycleInspectionEstacion","class","LuxuryApp.Infrastructure.Data.Entities","MantenimientoLuxuryApp","LuxuryApp.Application.Modules.MantenimientoLuxuryApp.Domain.Entities.FireInspectionPeriods","Domain\Entities\FireInspectionPeriods\FireCycleInspectionEstacion.cs"
"FireCycleInspectionExtintor","class","LuxuryApp.Infrastructure.Data.Entities","MantenimientoLuxuryApp","LuxuryApp.Application.Modules.MantenimientoLuxuryApp.Domain.Entities.FireInspectionPeriods","Domain\Entities\FireInspectionPeriods\FireCycleInspectionExtintor.cs"
"FireCycleInspectionHidrante","class","LuxuryApp.Infrastructure.Data.Entities","MantenimientoLuxuryApp","LuxuryApp.Application.Modules.MantenimientoLuxuryApp.Domain.Entities.FireInspectionPeriods","Domain\Entities\FireInspectionPeriods\FireCycleInspectionHidrante.cs"
"FireInspectionCycle","class","LuxuryApp.Infrastructure.Data.Entities","MantenimientoLuxuryApp","LuxuryApp.Application.Modules.MantenimientoLuxuryApp.Domain.Entities.FireInspectionPeriods","Domain\Entities\FireInspectionPeriods\FireInspectionCycle.cs"
"FireInspectionPeriod","class","LuxuryApp.Infrastructure.Data.Entities","MantenimientoLuxuryApp","LuxuryApp.Application.Modules.MantenimientoLuxuryApp.Domain.Entities.FireInspectionPeriods","Domain\Entities\FireInspectionPeriods\FireInspectionPeriod.cs"
"FireInspectionPeriodDetector","class","LuxuryApp.Infrastructure.Data.Entities","MantenimientoLuxuryApp","LuxuryApp.Application.Modules.MantenimientoLuxuryApp.Domain.Entities.FireInspectionPeriods","Domain\Entities\FireInspectionPeriods\FireInspectionPeriodDetector.cs"
"FireInspectionPeriodEstacion","class","LuxuryApp.Infrastructure.Data.Entities","MantenimientoLuxuryApp","LuxuryApp.Application.Modules.MantenimientoLuxuryApp.Domain.Entities.FireInspectionPeriods","Domain\Entities\FireInspectionPeriods\FireInspectionPeriodEstacion.cs"
"FireInspectionPeriodExtintor","class","LuxuryApp.Infrastructure.Data.Entities","MantenimientoLuxuryApp","LuxuryApp.Application.Modules.MantenimientoLuxuryApp.Domain.Entities.FireInspectionPeriods","Domain\Entities\FireInspectionPeriods\FireInspectionPeriodExtintor.cs"
"FireInspectionPeriodHidrante","class","LuxuryApp.Infrastructure.Data.Entities","MantenimientoLuxuryApp","LuxuryApp.Application.Modules.MantenimientoLuxuryApp.Domain.Entities.FireInspectionPeriods","Domain\Entities\FireInspectionPeriods\FireInspectionPeriodHidrante.cs"
"FireInspectionPeriodItemBase","class","LuxuryApp.Infrastructure.Data.Entities","MantenimientoLuxuryApp","LuxuryApp.Application.Modules.MantenimientoLuxuryApp.Domain.Entities.FireInspectionPeriods","Domain\Entities\FireInspectionPeriods\FireInspectionPeriodItemBase.cs"
"BitacoraDetectorHumo","class","LuxuryApp.Infrastructure.Data.Entities","MantenimientoLuxuryApp","LuxuryApp.Application.Modules.MantenimientoLuxuryApp.Domain.Entities.Logs","Domain\Entities\Logs\BitacoraDetectorHumo.cs"
"BitacoraEquipoBase","class","LuxuryApp.Infrastructure.Data.Entities","MantenimientoLuxuryApp","LuxuryApp.Application.Modules.MantenimientoLuxuryApp.Domain.Entities.Logs","Domain\Entities\Logs\BitacoraEquipoBase.cs"
"BitacoraEstacionManual","class","LuxuryApp.Infrastructure.Data.Entities","MantenimientoLuxuryApp","LuxuryApp.Application.Modules.MantenimientoLuxuryApp.Domain.Entities.Logs","Domain\Entities\Logs\BitacoraEstacionManual.cs"
"BitacoraExtintor","class","LuxuryApp.Infrastructure.Data.Entities","MantenimientoLuxuryApp","LuxuryApp.Application.Modules.MantenimientoLuxuryApp.Domain.Entities.Logs","Domain\Entities\Logs\BitacoraExtintor.cs"
"BitacoraHidrante","class","LuxuryApp.Infrastructure.Data.Entities","MantenimientoLuxuryApp","LuxuryApp.Application.Modules.MantenimientoLuxuryApp.Domain.Entities.Logs","Domain\Entities\Logs\BitacoraHidrante.cs"
"BitacoraMantenimiento","class","LuxuryApp.Infrastructure.Data.Entities","MantenimientoLuxuryApp","LuxuryApp.Application.Modules.MantenimientoLuxuryApp.Domain.Entities.Logs","Domain\Entities\Logs\BitacoraMantenimiento.cs"
"ControlPrestamoHerramienta","class","LuxuryApp.Infrastructure.Data.Entities","MantenimientoLuxuryApp","LuxuryApp.Application.Modules.MantenimientoLuxuryApp.Domain.Entities.Logs","Domain\Entities\Logs\ControlPrestamoHerramienta.cs"
"ElevatorsEmergencyCall","class","LuxuryApp.Infrastructure.Data.Entities","MantenimientoLuxuryApp","LuxuryApp.Application.Modules.MantenimientoLuxuryApp.Domain.Entities.Logs","Domain\Entities\Logs\ElevatorsEmergencyCall.cs"
"ElevatorSparePartsChange","class","LuxuryApp.Infrastructure.Data.Entities","MantenimientoLuxuryApp","LuxuryApp.Application.Modules.MantenimientoLuxuryApp.Domain.Entities.Logs","Domain\Entities\Logs\ElevatorSparePartsChange.cs"
"Medidor","class","LuxuryApp.Infrastructure.Data.Entities","MantenimientoLuxuryApp","LuxuryApp.Application.Modules.MantenimientoLuxuryApp.Domain.Entities.Logs","Domain\Entities\Logs\Medidor.cs"
"MedidorLectura","class","LuxuryApp.Infrastructure.Data.Entities","MantenimientoLuxuryApp","LuxuryApp.Application.Modules.MantenimientoLuxuryApp.Domain.Entities.Logs","Domain\Entities\Logs\MedidorLectura.cs"
"Piscina","class","LuxuryApp.Infrastructure.Data.Entities","MantenimientoLuxuryApp","LuxuryApp.Application.Modules.MantenimientoLuxuryApp.Domain.Entities.Logs","Domain\Entities\Logs\Piscina.cs"
"PiscinaBitacora","class","LuxuryApp.Infrastructure.Data.Entities","MantenimientoLuxuryApp","LuxuryApp.Application.Modules.MantenimientoLuxuryApp.Domain.Entities.Logs","Domain\Entities\Logs\PiscinaBitacora.cs"
"RecepcionPipaAgua","class","LuxuryApp.Infrastructure.Data.Entities","MantenimientoLuxuryApp","LuxuryApp.Application.Modules.MantenimientoLuxuryApp.Domain.Entities.Logs","Domain\Entities\Logs\RecepcionPipaAgua.cs"
"CalendarioMaestro","class","LuxuryApp.Infrastructure.Data.Entities","MantenimientoLuxuryApp","LuxuryApp.Application.Modules.MantenimientoLuxuryApp.Domain.Entities.PlanificacindeMantenimiento","Domain\Entities\PlanificacindeMantenimiento\CalendarioMaestro.cs"
"CalendarioMaestroEquipo","class","LuxuryApp.Infrastructure.Data.Entities","MantenimientoLuxuryApp","LuxuryApp.Application.Modules.MantenimientoLuxuryApp.Domain.Entities.PlanificacindeMantenimiento","Domain\Entities\PlanificacindeMantenimiento\CalendarioMaestroEquipo.cs"
"CalendarioMaestroProvider","class","LuxuryApp.Infrastructure.Data.Entities","MantenimientoLuxuryApp","LuxuryApp.Application.Modules.MantenimientoLuxuryApp.Domain.Entities.PlanificacindeMantenimiento","Domain\Entities\PlanificacindeMantenimiento\CalendarioMaestroProvider.cs"
"MaintenanceBudgetForecast","class","LuxuryApp.Infrastructure.Data.Entities","MantenimientoLuxuryApp","LuxuryApp.Application.Modules.MantenimientoLuxuryApp.Domain.Entities.PlanificacindeMantenimiento","Domain\Entities\PlanificacindeMantenimiento\MaintenanceBudgetForecast.cs"
"MaintenanceCalendar","class","LuxuryApp.Infrastructure.Data.Entities","MantenimientoLuxuryApp","LuxuryApp.Application.Modules.MantenimientoLuxuryApp.Domain.Entities.PlanificacindeMantenimiento","Domain\Entities\PlanificacindeMantenimiento\MaintenanceCalendar.cs"
"ElevatorsEmergencyCallAddOrEditDTO","record","LuxuryApp.Application.DTOs","MantenimientoLuxuryApp","LuxuryApp.Application.Modules.MantenimientoLuxuryApp.ElevatorEmergencyCall.DTOs","ElevatorEmergencyCall\DTOs\ElevatorsEmergencyCallAddOrEditDTO.cs"
"ElevatorsEmergencyCallDTO","record","LuxuryApp.Application.DTOs","MantenimientoLuxuryApp","LuxuryApp.Application.Modules.MantenimientoLuxuryApp.ElevatorEmergencyCall.DTOs","ElevatorEmergencyCall\DTOs\ElevatorsEmergencyCallDTO.cs"
"ElevatorsEmergencyCallEndPoints","class","LuxuryApp.Application.EndPoints","MantenimientoLuxuryApp","LuxuryApp.Application.Modules.MantenimientoLuxuryApp.ElevatorEmergencyCall.EndPoints","ElevatorEmergencyCall\EndPoints\ElevatorsEmergencyCallEndPoints.cs"
"IElevatorsEmergencyCallAppService","interface","LuxuryApp.Application.Interfaces","MantenimientoLuxuryApp","LuxuryApp.Application.Modules.MantenimientoLuxuryApp.ElevatorEmergencyCall.Interfaces","ElevatorEmergencyCall\Interfaces\IElevatorsEmergencyCallAppService.cs"
"ElevatorsEmergencyCallAppService","class","LuxuryApp.Application.Services","MantenimientoLuxuryApp","LuxuryApp.Application.Modules.MantenimientoLuxuryApp.ElevatorEmergencyCall.Services","ElevatorEmergencyCall\Services\ElevatorsEmergencyCallAppService.cs"
"ElevatorSparePartsChangeAddOrEditDTO","record","LuxuryApp.Application.DTOs","MantenimientoLuxuryApp","LuxuryApp.Application.Modules.MantenimientoLuxuryApp.ElevatorSpareParts.DTOs","ElevatorSpareParts\DTOs\ElevatorSparePartsChangeAddOrEditDTO.cs"
"ElevatorSparePartsChangeDTO","record","LuxuryApp.Application.DTOs","MantenimientoLuxuryApp","LuxuryApp.Application.Modules.MantenimientoLuxuryApp.ElevatorSpareParts.DTOs","ElevatorSpareParts\DTOs\ElevatorSparePartsChangeDTO.cs"
"ElevatorSparePartsChangeEndPoints","class","LuxuryApp.Application.EndPoints","MantenimientoLuxuryApp","LuxuryApp.Application.Modules.MantenimientoLuxuryApp.ElevatorSpareParts.EndPoints","ElevatorSpareParts\EndPoints\ElevatorSparePartsChangeEndPoints.cs"
"IElevatorSparePartsChangeAppService","interface","LuxuryApp.Application.Interfaces","MantenimientoLuxuryApp","LuxuryApp.Application.Modules.MantenimientoLuxuryApp.ElevatorSpareParts.Interfaces","ElevatorSpareParts\Interfaces\IElevatorSparePartsChangeAppService.cs"
"ElevatorMapper","class","LuxuryApp.Application.Mappings","MantenimientoLuxuryApp","LuxuryApp.Application.Modules.MantenimientoLuxuryApp.ElevatorSpareParts.Mapping","ElevatorSpareParts\Mapping\ElevatorMapper.cs"
"ElevatorSparePartsChangeAppService","class","LuxuryApp.Application.Services","MantenimientoLuxuryApp","LuxuryApp.Application.Modules.MantenimientoLuxuryApp.ElevatorSpareParts.Services","ElevatorSpareParts\Services\ElevatorSparePartsChangeAppService.cs"
"EquipmentInspectionDefinitionAddOrEditDTO","record","LuxuryApp.Application.DTOs","MantenimientoLuxuryApp","LuxuryApp.Application.Modules.MantenimientoLuxuryApp.EquipmentInspections.DTOs","EquipmentInspections\DTOs\EquipmentInspectionDefinitionAddOrEditDTO.cs"
"EquipmentInspectionDefinitionDTO","record","LuxuryApp.Application.DTOs","MantenimientoLuxuryApp","LuxuryApp.Application.Modules.MantenimientoLuxuryApp.EquipmentInspections.DTOs","EquipmentInspections\DTOs\EquipmentInspectionDefinitionDTO.cs"
"EquipmentInspectionExecutionDTO","record","LuxuryApp.Application.DTOs","MantenimientoLuxuryApp","LuxuryApp.Application.Modules.MantenimientoLuxuryApp.EquipmentInspections.DTOs","EquipmentInspections\DTOs\EquipmentInspectionExecutionDTO.cs"
"EquipmentQrLabelDTO","record","LuxuryApp.Application.DTOs","MantenimientoLuxuryApp","LuxuryApp.Application.Modules.MantenimientoLuxuryApp.EquipmentInspections.DTOs","EquipmentInspections\DTOs\EquipmentQrLabelDTO.cs"
"EquipmentInspectionDefinitionsEndPoints","class","LuxuryApp.Application.EndPoints","MantenimientoLuxuryApp","LuxuryApp.Application.Modules.MantenimientoLuxuryApp.EquipmentInspections.EndPoints","EquipmentInspections\EndPoints\EquipmentInspectionDefinitionsEndPoints.cs"
"EquipmentInspectionExecutionsEndPoints","class","LuxuryApp.Application.EndPoints","MantenimientoLuxuryApp","LuxuryApp.Application.Modules.MantenimientoLuxuryApp.EquipmentInspections.EndPoints","EquipmentInspections\EndPoints\EquipmentInspectionExecutionsEndPoints.cs"
"EquipmentQrLabelsEndPoints","class","LuxuryApp.Application.EndPoints","MantenimientoLuxuryApp","LuxuryApp.Application.Modules.MantenimientoLuxuryApp.EquipmentInspections.EndPoints","EquipmentInspections\EndPoints\EquipmentQrLabelsEndPoints.cs"
"IEquipmentInspectionDefinitionAppService","interface","LuxuryApp.Application.Interfaces","MantenimientoLuxuryApp","LuxuryApp.Application.Modules.MantenimientoLuxuryApp.EquipmentInspections.Interfaces","EquipmentInspections\Interfaces\IEquipmentInspectionDefinitionAppService.cs"
"IEquipmentInspectionExecutionAppService","interface","LuxuryApp.Application.Interfaces","MantenimientoLuxuryApp","LuxuryApp.Application.Modules.MantenimientoLuxuryApp.EquipmentInspections.Interfaces","EquipmentInspections\Interfaces\IEquipmentInspectionExecutionAppService.cs"
"IEquipmentQrLabelAppService","interface","LuxuryApp.Application.Interfaces","MantenimientoLuxuryApp","LuxuryApp.Application.Modules.MantenimientoLuxuryApp.EquipmentInspections.Interfaces","EquipmentInspections\Interfaces\IEquipmentQrLabelAppService.cs"
"EquipmentInspectionDefinitionAppService","class","LuxuryApp.Application.Services","MantenimientoLuxuryApp","LuxuryApp.Application.Modules.MantenimientoLuxuryApp.EquipmentInspections.Services","EquipmentInspections\Services\EquipmentInspectionDefinitionAppService.cs"
"EquipmentInspectionExecutionAppService","class","LuxuryApp.Application.Services","MantenimientoLuxuryApp","LuxuryApp.Application.Modules.MantenimientoLuxuryApp.EquipmentInspections.Services","EquipmentInspections\Services\EquipmentInspectionExecutionAppService.cs"
"EquipmentQrLabelAppService","class","LuxuryApp.Application.Services","MantenimientoLuxuryApp","LuxuryApp.Application.Modules.MantenimientoLuxuryApp.EquipmentInspections.Services","EquipmentInspections\Services\EquipmentQrLabelAppService.cs"
"FireEquipmentResolveEndPoints","class","LuxuryApp.Application.EndPoints","MantenimientoLuxuryApp","LuxuryApp.Application.Modules.MantenimientoLuxuryApp.FireEquipment.EndPoints","FireEquipment\EndPoints\FireEquipmentResolveEndpoints.cs"
"InventarioExtintorAddOrEditDTO","record","LuxuryApp.Application.DTOs","MantenimientoLuxuryApp","LuxuryApp.Application.Modules.MantenimientoLuxuryApp.FireExtinguisherInventory.DTOs","FireExtinguisherInventory\DTOs\InventarioExtintorAddOrEditDTO.cs"
"InventarioExtintorDTO","record","LuxuryApp.Application.DTOs","MantenimientoLuxuryApp","LuxuryApp.Application.Modules.MantenimientoLuxuryApp.FireExtinguisherInventory.DTOs","FireExtinguisherInventory\DTOs\InventarioExtintorDTO.cs"
"InventarioExtintorEndPoints","class","LuxuryApp.Application.EndPoints","MantenimientoLuxuryApp","LuxuryApp.Application.Modules.MantenimientoLuxuryApp.FireExtinguisherInventory.EndPoints","FireExtinguisherInventory\EndPoints\InventarioExtintorEndpoints.cs"
"IInventarioExtintorAppService","interface","LuxuryApp.Application.Interfaces","MantenimientoLuxuryApp","LuxuryApp.Application.Modules.MantenimientoLuxuryApp.FireExtinguisherInventory.Interfaces","FireExtinguisherInventory\Interfaces\IInventarioExtintorAppService.cs"
"InventarioExtintorMapper","class","LuxuryApp.Application.Mappings","MantenimientoLuxuryApp","LuxuryApp.Application.Modules.MantenimientoLuxuryApp.FireExtinguisherInventory.Mapping","FireExtinguisherInventory\Mapping\InventarioExtintorMapper.cs"
"InventarioExtintorAppService","class","LuxuryApp.Application.Services","MantenimientoLuxuryApp","LuxuryApp.Application.Modules.MantenimientoLuxuryApp.FireExtinguisherInventory.Services","FireExtinguisherInventory\Services\InventarioExtintorAppService.cs"
"BitacoraExtintorAddOrEditDTO","record","LuxuryApp.Application.DTOs","MantenimientoLuxuryApp","LuxuryApp.Application.Modules.MantenimientoLuxuryApp.FireExtinguisherLog.DTOs","FireExtinguisherLog\DTOs\BitacoraExtintorAddOrEditDTO.cs"
"BitacoraExtintorDTO","record","LuxuryApp.Application.DTOs","MantenimientoLuxuryApp","LuxuryApp.Application.Modules.MantenimientoLuxuryApp.FireExtinguisherLog.DTOs","FireExtinguisherLog\DTOs\BitacoraExtintorDTO.cs"
"BitacoraExtintorEndPoints","class","LuxuryApp.Application.EndPoints","MantenimientoLuxuryApp","LuxuryApp.Application.Modules.MantenimientoLuxuryApp.FireExtinguisherLog.EndPoints","FireExtinguisherLog\EndPoints\BitacoraExtintorEndPoints.cs"
"IBitacoraExtintorAppService","interface","LuxuryApp.Application.Interfaces","MantenimientoLuxuryApp","LuxuryApp.Application.Modules.MantenimientoLuxuryApp.FireExtinguisherLog.Interfaces","FireExtinguisherLog\Interfaces\IBitacoraExtintorAppService.cs"
"BitacoraExtintorAppService","class","LuxuryApp.Application.Services","MantenimientoLuxuryApp","LuxuryApp.Application.Modules.MantenimientoLuxuryApp.FireExtinguisherLog.Services","FireExtinguisherLog\Services\BitacoraExtintorAppService.cs"
"FireCycleInspectionDetectorAddOrEditDTO","record","LuxuryApp.Application.DTOs","MantenimientoLuxuryApp","LuxuryApp.Application.Modules.MantenimientoLuxuryApp.FireInspectionPeriods.DTOs","FireInspectionPeriods\DTOs\FireCycleInspectionDetectorAddOrEditDTO.cs"
"FireCycleInspectionEstacionAddOrEditDTO","record","LuxuryApp.Application.DTOs","MantenimientoLuxuryApp","LuxuryApp.Application.Modules.MantenimientoLuxuryApp.FireInspectionPeriods.DTOs","FireInspectionPeriods\DTOs\FireCycleInspectionEstacionAddOrEditDTO.cs"
"FireCycleInspectionExtintorAddOrEditDTO","record","LuxuryApp.Application.DTOs","MantenimientoLuxuryApp","LuxuryApp.Application.Modules.MantenimientoLuxuryApp.FireInspectionPeriods.DTOs","FireInspectionPeriods\DTOs\FireCycleInspectionExtintorAddOrEditDTO.cs"
"FireCycleInspectionHidranteAddOrEditDTO","record","LuxuryApp.Application.DTOs","MantenimientoLuxuryApp","LuxuryApp.Application.Modules.MantenimientoLuxuryApp.FireInspectionPeriods.DTOs","FireInspectionPeriods\DTOs\FireCycleInspectionHidranteAddOrEditDTO.cs"
"FireCycleInspectionItemSummaryDTO","record","LuxuryApp.Application.DTOs","MantenimientoLuxuryApp","LuxuryApp.Application.Modules.MantenimientoLuxuryApp.FireInspectionPeriods.DTOs","FireInspectionPeriods\DTOs\FireCycleInspectionItemSummaryDTO.cs"
"FireInspectionCycleDetailDTO","record","LuxuryApp.Application.DTOs","MantenimientoLuxuryApp","LuxuryApp.Application.Modules.MantenimientoLuxuryApp.FireInspectionPeriods.DTOs","FireInspectionPeriods\DTOs\FireInspectionCycleDetailDTO.cs"
"FireInspectionCycleDTO","record","LuxuryApp.Application.DTOs","MantenimientoLuxuryApp","LuxuryApp.Application.Modules.MantenimientoLuxuryApp.FireInspectionPeriods.DTOs","FireInspectionPeriods\DTOs\FireInspectionCycleDTO.cs"
"FireInspectionPeriodAddOrEditDTO","record","LuxuryApp.Application.DTOs","MantenimientoLuxuryApp","LuxuryApp.Application.Modules.MantenimientoLuxuryApp.FireInspectionPeriods.DTOs","FireInspectionPeriods\DTOs\FireInspectionPeriodAddOrEditDTO.cs"
"FireInspectionPeriodDTO","record","LuxuryApp.Application.DTOs","MantenimientoLuxuryApp","LuxuryApp.Application.Modules.MantenimientoLuxuryApp.FireInspectionPeriods.DTOs","FireInspectionPeriods\DTOs\FireInspectionPeriodDTO.cs"
"FireCycleInspectionEndPoints","class","LuxuryApp.Application.EndPoints","MantenimientoLuxuryApp","LuxuryApp.Application.Modules.MantenimientoLuxuryApp.FireInspectionPeriods.EndPoints","FireInspectionPeriods\EndPoints\FireCycleInspectionEndPoints.cs"
"FireInspectionCycleEndPoints","class","LuxuryApp.Application.EndPoints","MantenimientoLuxuryApp","LuxuryApp.Application.Modules.MantenimientoLuxuryApp.FireInspectionPeriods.EndPoints","FireInspectionPeriods\EndPoints\FireInspectionCycleEndPoints.cs"
"FireInspectionPeriodEndPoints","class","LuxuryApp.Application.EndPoints","MantenimientoLuxuryApp","LuxuryApp.Application.Modules.MantenimientoLuxuryApp.FireInspectionPeriods.EndPoints","FireInspectionPeriods\EndPoints\FireInspectionPeriodEndPoints.cs"
"FireInspectionPeriodItemsEndPoints","class","LuxuryApp.Application.EndPoints","MantenimientoLuxuryApp","LuxuryApp.Application.Modules.MantenimientoLuxuryApp.FireInspectionPeriods.EndPoints","FireInspectionPeriods\EndPoints\FireInspectionPeriodItemsEndPoints.cs"
"IFireCycleInspectionAppService","interface","LuxuryApp.Application.Interfaces","MantenimientoLuxuryApp","LuxuryApp.Application.Modules.MantenimientoLuxuryApp.FireInspectionPeriods.Interfaces","FireInspectionPeriods\Interfaces\IFireCycleInspectionAppService.cs"
"IFireInspectionCycleAppService","interface","LuxuryApp.Application.Interfaces","MantenimientoLuxuryApp","LuxuryApp.Application.Modules.MantenimientoLuxuryApp.FireInspectionPeriods.Interfaces","FireInspectionPeriods\Interfaces\IFireInspectionCycleAppService.cs"
"IFireInspectionPeriodAppService","interface","LuxuryApp.Application.Interfaces","MantenimientoLuxuryApp","LuxuryApp.Application.Modules.MantenimientoLuxuryApp.FireInspectionPeriods.Interfaces","FireInspectionPeriods\Interfaces\IFireInspectionPeriodAppService.cs"
"IFireInspectionPeriodItemsAppService","interface","LuxuryApp.Application.Interfaces","MantenimientoLuxuryApp","LuxuryApp.Application.Modules.MantenimientoLuxuryApp.FireInspectionPeriods.Interfaces","FireInspectionPeriods\Interfaces\IFireInspectionPeriodItemsAppService.cs"
"FireCycleInspectionAppService","class","LuxuryApp.Application.Services","MantenimientoLuxuryApp","LuxuryApp.Application.Modules.MantenimientoLuxuryApp.FireInspectionPeriods.Services","FireInspectionPeriods\Services\FireCycleInspectionAppService.cs"
"FireInspectionCycleAppService","class","LuxuryApp.Application.Services","MantenimientoLuxuryApp","LuxuryApp.Application.Modules.MantenimientoLuxuryApp.FireInspectionPeriods.Services","FireInspectionPeriods\Services\FireInspectionCycleAppService.cs"
"FireInspectionPeriodAppService","class","LuxuryApp.Application.Services","MantenimientoLuxuryApp","LuxuryApp.Application.Modules.MantenimientoLuxuryApp.FireInspectionPeriods.Services","FireInspectionPeriods\Services\FireInspectionPeriodAppService.cs"
"FireInspectionPeriodItemsAppService","class","LuxuryApp.Application.Services","MantenimientoLuxuryApp","LuxuryApp.Application.Modules.MantenimientoLuxuryApp.FireInspectionPeriods.Services","FireInspectionPeriods\Services\FireInspectionPeriodItemsAppService.cs"
"InventarioHidranteAddOrEditDTO","record","LuxuryApp.Application.DTOs","MantenimientoLuxuryApp","LuxuryApp.Application.Modules.MantenimientoLuxuryApp.HydrantInventory.DTOs","HydrantInventory\DTOs\InventarioHidranteAddOrEditDTO.cs"
"InventarioHidranteDTO","record","LuxuryApp.Application.DTOs","MantenimientoLuxuryApp","LuxuryApp.Application.Modules.MantenimientoLuxuryApp.HydrantInventory.DTOs","HydrantInventory\DTOs\InventarioHidranteDTO.cs"
"InventarioHidranteEndPoints","class","LuxuryApp.Application.EndPoints","MantenimientoLuxuryApp","LuxuryApp.Application.Modules.MantenimientoLuxuryApp.HydrantInventory.EndPoints","HydrantInventory\EndPoints\InventarioHidranteEndpoints.cs"
"IInventarioHidranteAppService","interface","LuxuryApp.Application.Interfaces","MantenimientoLuxuryApp","LuxuryApp.Application.Modules.MantenimientoLuxuryApp.HydrantInventory.Interfaces","HydrantInventory\Interfaces\IInventarioHidranteAppService.cs"
"InventarioHidranteMapper","class","LuxuryApp.Application.Mappings","MantenimientoLuxuryApp","LuxuryApp.Application.Modules.MantenimientoLuxuryApp.HydrantInventory.Mapping","HydrantInventory\Mapping\InventarioHidranteMapper.cs"
"InventarioHidranteAppService","class","LuxuryApp.Application.Services","MantenimientoLuxuryApp","LuxuryApp.Application.Modules.MantenimientoLuxuryApp.HydrantInventory.Services","HydrantInventory\Services\InventarioHidranteAppService.cs"
"BitacoraHidranteAddOrEditDTO","record","LuxuryApp.Application.DTOs","MantenimientoLuxuryApp","LuxuryApp.Application.Modules.MantenimientoLuxuryApp.HydrantLog.DTOs","HydrantLog\DTOs\BitacoraHidranteAddOrEditDTO.cs"
"BitacoraHidranteDTO","record","LuxuryApp.Application.DTOs","MantenimientoLuxuryApp","LuxuryApp.Application.Modules.MantenimientoLuxuryApp.HydrantLog.DTOs","HydrantLog\DTOs\BitacoraHidranteDTO.cs"
"BitacoraHidranteEndPoints","class","LuxuryApp.Application.EndPoints","MantenimientoLuxuryApp","LuxuryApp.Application.Modules.MantenimientoLuxuryApp.HydrantLog.EndPoints","HydrantLog\EndPoints\BitacoraHidranteEndPoints.cs"
"IBitacoraHidranteAppService","interface","LuxuryApp.Application.Interfaces","MantenimientoLuxuryApp","LuxuryApp.Application.Modules.MantenimientoLuxuryApp.HydrantLog.Interfaces","HydrantLog\Interfaces\IBitacoraHidranteAppService.cs"
"BitacoraHidranteAppService","class","LuxuryApp.Application.Services","MantenimientoLuxuryApp","LuxuryApp.Application.Modules.MantenimientoLuxuryApp.HydrantLog.Services","HydrantLog\Services\BitacoraHidranteAppService.cs"
"EquipmentInspectionDefinitionConfiguration","class","LuxuryApp.Infrastructure.Data.EntityConfigurations.Mantenimiento","MantenimientoLuxuryApp","LuxuryApp.Application.Modules.MantenimientoLuxuryApp.Infrastructure.Persistence.Mantenimiento","Infrastructure\Persistence\Mantenimiento\EquipmentInspectionsConfiguration.cs"
"ControlPrestamoHerramientaAddOrEditDTO","record","LuxuryApp.Application.DTOs","MantenimientoLuxuryApp","LuxuryApp.Application.Modules.MantenimientoLuxuryApp.Machinery.DTOs","Machinery\DTOs\ControlPrestamoHerramientaAddOrEditDTO.cs"
"ControlPrestamoHerramientaDTO","record","LuxuryApp.Application.DTOs","MantenimientoLuxuryApp","LuxuryApp.Application.Modules.MantenimientoLuxuryApp.Machinery.DTOs","Machinery\DTOs\ControlPrestamoHerramientaDTO.cs"
"ControlPrestamoHerramientaListDTO","record","LuxuryApp.Application.DTOs","MantenimientoLuxuryApp","LuxuryApp.Application.Modules.MantenimientoLuxuryApp.Machinery.DTOs","Machinery\DTOs\ControlPrestamoHerramientaListDTO.cs"
"ControlPrestamoHerramientaPagedListDTO","record","LuxuryApp.Application.DTOs","MantenimientoLuxuryApp","LuxuryApp.Application.Modules.MantenimientoLuxuryApp.Machinery.DTOs","Machinery\DTOs\ControlPrestamoHerramientaPagedListDTO.cs"
"EquipoClasificacionAddOrEditDTO","record","LuxuryApp.Application.DTOs","MantenimientoLuxuryApp","LuxuryApp.Application.Modules.MantenimientoLuxuryApp.Machinery.DTOs","Machinery\DTOs\EquipoClasificacionAddOrEditDTO.cs"
"EquipoClasificacionDTO","record","LuxuryApp.Application.DTOs","MantenimientoLuxuryApp","LuxuryApp.Application.Modules.MantenimientoLuxuryApp.Machinery.DTOs","Machinery\DTOs\EquipoClasificacionDTO.cs"
"MachineryAddOrEditDTO","record","LuxuryApp.Application.DTOs","MantenimientoLuxuryApp","LuxuryApp.Application.Modules.MantenimientoLuxuryApp.Machinery.DTOs","Machinery\DTOs\MachineryAddOrEditDTO.cs"
"MachineryDTO","record","LuxuryApp.Application.DTOs","MantenimientoLuxuryApp","LuxuryApp.Application.Modules.MantenimientoLuxuryApp.Machinery.DTOs","Machinery\DTOs\MachineryDTO.cs"
"EquipoClasificacionEndPoints","class","LuxuryApp.Application.EndPoints","MantenimientoLuxuryApp","LuxuryApp.Application.Modules.MantenimientoLuxuryApp.Machinery.EndPoints","Machinery\EndPoints\EquipoClasificacionEndPoints.cs"
"MachineriesEndPoints","class","LuxuryApp.Application.EndPoints","MantenimientoLuxuryApp","LuxuryApp.Application.Modules.MantenimientoLuxuryApp.Machinery.EndPoints","Machinery\EndPoints\MachineriesEndpoints.cs"
"IControlPrestamoHerramientaAppService","interface","LuxuryApp.Application.Interfaces","MantenimientoLuxuryApp","LuxuryApp.Application.Modules.MantenimientoLuxuryApp.Machinery.Interfaces","Machinery\Interfaces\IControlPrestamoHerramientaAppService.cs"
"IEquipoClasificacionAppService","interface","LuxuryApp.Application.Interfaces","MantenimientoLuxuryApp","LuxuryApp.Application.Modules.MantenimientoLuxuryApp.Machinery.Interfaces","Machinery\Interfaces\IEquipoClasificacionAppService.cs"
"IMachineryAppService","interface","LuxuryApp.Application.Interfaces","MantenimientoLuxuryApp","LuxuryApp.Application.Modules.MantenimientoLuxuryApp.Machinery.Interfaces","Machinery\Interfaces\IMachineryAppService.cs"
"ControlPrestamoHerramientaMapper","class","LuxuryApp.Application.Mappings","MantenimientoLuxuryApp","LuxuryApp.Application.Modules.MantenimientoLuxuryApp.Machinery.Mapping","Machinery\Mapping\ControlPrestamoHerramientaMapper.cs"
"EquipoClasificacionMapper","class","LuxuryApp.Application.Mappings","MantenimientoLuxuryApp","LuxuryApp.Application.Modules.MantenimientoLuxuryApp.Machinery.Mapping","Machinery\Mapping\EquipoClasificacionMapper.cs"
"MachineryMapper","class","LuxuryApp.Application.Mappings","MantenimientoLuxuryApp","LuxuryApp.Application.Modules.MantenimientoLuxuryApp.Machinery.Mapping","Machinery\Mapping\MachineryMapper.cs"
"ControlPrestamoHerramientaAppService","class","LuxuryApp.Application.Services","MantenimientoLuxuryApp","LuxuryApp.Application.Modules.MantenimientoLuxuryApp.Machinery.Services","Machinery\Services\ControlPrestamoHerramientaAppService.cs"
"EquipoClasificacionAppService","class","LuxuryApp.Application.Interfaces","MantenimientoLuxuryApp","LuxuryApp.Application.Modules.MantenimientoLuxuryApp.Machinery.Services","Machinery\Services\EquipoClasificacionAppService.cs"
"MachineryAppService","class","LuxuryApp.Application.Services","MantenimientoLuxuryApp","LuxuryApp.Application.Modules.MantenimientoLuxuryApp.Machinery.Services","Machinery\Services\MachineryAppService.cs"
"MachineryDetailDTO","record","LuxuryApp.Application.DTOs","MantenimientoLuxuryApp","LuxuryApp.Application.Modules.MantenimientoLuxuryApp.MachineryAsset.DTOs","MachineryAsset\DTOs\MachineryDetailDTO.cs"
"MachineryFichaTecnicaDTO","record","LuxuryApp.Application.DTOs","MantenimientoLuxuryApp","LuxuryApp.Application.Modules.MantenimientoLuxuryApp.MachineryAsset.DTOs","MachineryAsset\DTOs\MachineryFichaTecnicaDTO.cs"
"MachineryAssetEndPoints","class","LuxuryApp.Application.EndPoints","MantenimientoLuxuryApp","LuxuryApp.Application.Modules.MantenimientoLuxuryApp.MachineryAsset.EndPoints","MachineryAsset\EndPoints\MachineryAssetEndPoints.cs"
"IMachineryAssetAppService","interface","LuxuryApp.Application.Interfaces","MantenimientoLuxuryApp","LuxuryApp.Application.Modules.MantenimientoLuxuryApp.MachineryAsset.Interfaces","MachineryAsset\Interfaces\IMachineryAssetAppService.cs"
"MachineryAssetAppService","class","LuxuryApp.Application.Services","MantenimientoLuxuryApp","LuxuryApp.Application.Modules.MantenimientoLuxuryApp.MachineryAsset.Services","MachineryAsset\Services\MachineryAssetAppService.cs"
"MachineryDocumentDTO","record","LuxuryApp.Application.DTOs","MantenimientoLuxuryApp","LuxuryApp.Application.Modules.MantenimientoLuxuryApp.MachineryDocument.DTOs","MachineryDocument\DTOs\MachineryDocumentDTO.cs"
"MachineryDocumentEndPoints","class","LuxuryApp.Application.EndPoints","MantenimientoLuxuryApp","LuxuryApp.Application.Modules.MantenimientoLuxuryApp.MachineryDocument.EndPoints","MachineryDocument\EndPoints\MachineryDocumentEndPoints.cs"
"IMachineryDocumentAppService","interface","LuxuryApp.Application.Interfaces","MantenimientoLuxuryApp","LuxuryApp.Application.Modules.MantenimientoLuxuryApp.MachineryDocument.Interfaces","MachineryDocument\Interfaces\IMachineryDocumentAppService.cs"
"MachineryDocumentAppService","class","LuxuryApp.Application.Services","MantenimientoLuxuryApp","LuxuryApp.Application.Modules.MantenimientoLuxuryApp.MachineryDocument.Services","MachineryDocument\Services\MachineryDocumentAppService.cs"
"CalendarioMantenimientoDTO","record","LuxuryApp.Application.DTOs","MantenimientoLuxuryApp","LuxuryApp.Application.Modules.MantenimientoLuxuryApp.MaintenanceCalendars.DTOs","MaintenanceCalendars\DTOs\CalendarioMantenimientoDTO.cs"
"CalendarioMantenimientoItemsDTO","record","LuxuryApp.Application.DTOs","MantenimientoLuxuryApp","LuxuryApp.Application.Modules.MantenimientoLuxuryApp.MaintenanceCalendars.DTOs","MaintenanceCalendars\DTOs\CalendarioMantenimientoItemsDTO.cs"
"MaintenanceCalendarAddOrEditDTO","record","LuxuryApp.Application.DTOs","MantenimientoLuxuryApp","LuxuryApp.Application.Modules.MantenimientoLuxuryApp.MaintenanceCalendars.DTOs","MaintenanceCalendars\DTOs\MaintenanceCalendarAddOrEditDTO.cs"
"MaintenanceCalendarDTO","record","LuxuryApp.Application.DTOs","MantenimientoLuxuryApp","LuxuryApp.Application.Modules.MantenimientoLuxuryApp.MaintenanceCalendars.DTOs","MaintenanceCalendars\DTOs\MaintenanceCalendarDTO.cs"
"MaintenanceCalendarIndexDTO","record","LuxuryApp.Application.DTOs","MantenimientoLuxuryApp","LuxuryApp.Application.Modules.MantenimientoLuxuryApp.MaintenanceCalendars.DTOs","MaintenanceCalendars\DTOs\MaintenanceCalendarIndexDTO.cs"
"MaintenanceCalendarListDTO","record","LuxuryApp.Application.DTOs","MantenimientoLuxuryApp","LuxuryApp.Application.Modules.MantenimientoLuxuryApp.MaintenanceCalendars.DTOs","MaintenanceCalendars\DTOs\MaintenanceCalendarListDTO.cs"
"ResumenGastosDTO","record","LuxuryApp.Application.DTOs","MantenimientoLuxuryApp","LuxuryApp.Application.Modules.MantenimientoLuxuryApp.MaintenanceCalendars.DTOs","MaintenanceCalendars\DTOs\ResumenGastosDTO.cs"
"MaintenanceCalendarsEndPoints","class","LuxuryApp.Application.EndPoints","MantenimientoLuxuryApp","LuxuryApp.Application.Modules.MantenimientoLuxuryApp.MaintenanceCalendars.EndPoints","MaintenanceCalendars\EndPoints\MaintenanceCalendarsEndpoints.cs"
"IMaintenanceCalendarAppService","interface","LuxuryApp.Application.Interfaces","MantenimientoLuxuryApp","LuxuryApp.Application.Modules.MantenimientoLuxuryApp.MaintenanceCalendars.Interfaces","MaintenanceCalendars\Interfaces\IMaintenanceCalendarAppService.cs"
"MaintenanceCalendarMapper","class","LuxuryApp.Application.Mappings","MantenimientoLuxuryApp","LuxuryApp.Application.Modules.MantenimientoLuxuryApp.MaintenanceCalendars.Mapping","MaintenanceCalendars\Mapping\MaintenanceCalendarMapper.cs"
"MaintenanceCalendarAppService","class","LuxuryApp.Application.Services","MantenimientoLuxuryApp","LuxuryApp.Application.Modules.MantenimientoLuxuryApp.MaintenanceCalendars.Services","MaintenanceCalendars\Services\MaintenanceCalendarAppService.cs"
"BitacoraMantenimientoAddOrEditDTO","record","LuxuryApp.Application.DTOs","MantenimientoLuxuryApp","LuxuryApp.Application.Modules.MantenimientoLuxuryApp.MaintenanceLog.DTOs","MaintenanceLog\DTOs\BitacoraMantenimientoAddOrEditDTO.cs"
"BitacoraMantenimientoDashboardDTO","record","LuxuryApp.Application.DTOs","MantenimientoLuxuryApp","LuxuryApp.Application.Modules.MantenimientoLuxuryApp.MaintenanceLog.DTOs","MaintenanceLog\DTOs\BitacoraMantenimientoDashboardDTO.cs"
"BitacoraMantenimientoDTO","record","LuxuryApp.Application.DTOs","MantenimientoLuxuryApp","LuxuryApp.Application.Modules.MantenimientoLuxuryApp.MaintenanceLog.DTOs","MaintenanceLog\DTOs\BitacoraMantenimientoDTO.cs"
"BitacoraMantenimientoEndPoints","class","LuxuryApp.Application.EndPoints","MantenimientoLuxuryApp","LuxuryApp.Application.Modules.MantenimientoLuxuryApp.MaintenanceLog.EndPoints","MaintenanceLog\EndPoints\BitacoraMantenimientoEndpoints.cs"
"IBitacoraMantenimientoAppService","interface","LuxuryApp.Application.Interfaces","MantenimientoLuxuryApp","LuxuryApp.Application.Modules.MantenimientoLuxuryApp.MaintenanceLog.Interfaces","MaintenanceLog\Interfaces\IBitacoraMantenimientoAppService.cs"
"BitacoraMantenimientoMapper","class","LuxuryApp.Application.Mappings","MantenimientoLuxuryApp","LuxuryApp.Application.Modules.MantenimientoLuxuryApp.MaintenanceLog.Mapping","MaintenanceLog\Mapping\BitacoraMantenimientoMapper.cs"
"BitacoraMantenimientoAppService","class","LuxuryApp.Application.Services","MantenimientoLuxuryApp","LuxuryApp.Application.Modules.MantenimientoLuxuryApp.MaintenanceLog.Services","MaintenanceLog\Services\BitacoraMantenimientoAppService.cs"
"InventarioEstacionManualAddOrEditDTO","record","LuxuryApp.Application.DTOs","MantenimientoLuxuryApp","LuxuryApp.Application.Modules.MantenimientoLuxuryApp.ManualCallPointInventory.DTOs","ManualCallPointInventory\DTOs\InventarioEstacionManualAddOrEditDTO.cs"
"InventarioEstacionManualDTO","record","LuxuryApp.Application.DTOs","MantenimientoLuxuryApp","LuxuryApp.Application.Modules.MantenimientoLuxuryApp.ManualCallPointInventory.DTOs","ManualCallPointInventory\DTOs\InventarioEstacionManualDTO.cs"
"InventarioEstacionManualEndPoints","class","LuxuryApp.Application.EndPoints","MantenimientoLuxuryApp","LuxuryApp.Application.Modules.MantenimientoLuxuryApp.ManualCallPointInventory.EndPoints","ManualCallPointInventory\EndPoints\InventarioEstacionManualEndpoints.cs"
"IInventarioEstacionManualAppService","interface","LuxuryApp.Application.Interfaces","MantenimientoLuxuryApp","LuxuryApp.Application.Modules.MantenimientoLuxuryApp.ManualCallPointInventory.Interfaces","ManualCallPointInventory\Interfaces\IInventarioEstacionManualAppService.cs"
"InventarioEstacionManualMapper","class","LuxuryApp.Application.Mappings","MantenimientoLuxuryApp","LuxuryApp.Application.Modules.MantenimientoLuxuryApp.ManualCallPointInventory.Mapping","ManualCallPointInventory\Mapping\InventarioEstacionManualMapper.cs"
"InventarioEstacionManualAppService","class","LuxuryApp.Application.Services","MantenimientoLuxuryApp","LuxuryApp.Application.Modules.MantenimientoLuxuryApp.ManualCallPointInventory.Services","ManualCallPointInventory\Services\InventarioEstacionManualAppService.cs"
"BitacoraEstacionManualAddOrEditDTO","record","LuxuryApp.Application.DTOs","MantenimientoLuxuryApp","LuxuryApp.Application.Modules.MantenimientoLuxuryApp.ManualCallPointLog.DTOs","ManualCallPointLog\DTOs\BitacoraEstacionManualAddOrEditDTO.cs"
"BitacoraEstacionManualDTO","record","LuxuryApp.Application.DTOs","MantenimientoLuxuryApp","LuxuryApp.Application.Modules.MantenimientoLuxuryApp.ManualCallPointLog.DTOs","ManualCallPointLog\DTOs\BitacoraEstacionManualDTO.cs"
"BitacoraEstacionManualEndPoints","class","LuxuryApp.Application.EndPoints","MantenimientoLuxuryApp","LuxuryApp.Application.Modules.MantenimientoLuxuryApp.ManualCallPointLog.EndPoints","ManualCallPointLog\EndPoints\BitacoraEstacionManualEndPoints.cs"
"IBitacoraEstacionManualAppService","interface","LuxuryApp.Application.Interfaces","MantenimientoLuxuryApp","LuxuryApp.Application.Modules.MantenimientoLuxuryApp.ManualCallPointLog.Interfaces","ManualCallPointLog\Interfaces\IBitacoraEstacionManualAppService.cs"
"BitacoraEstacionManualAppService","class","LuxuryApp.Application.Services","MantenimientoLuxuryApp","LuxuryApp.Application.Modules.MantenimientoLuxuryApp.ManualCallPointLog.Services","ManualCallPointLog\Services\BitacoraEstacionManualAppService.cs"
"MedidorAddOrEditDTO","record","LuxuryApp.Application.DTOs","MantenimientoLuxuryApp","LuxuryApp.Application.Modules.MantenimientoLuxuryApp.Medidores.DTOs","Medidores\DTOs\MedidorAddOrEditDTO.cs"
"MedidorCategoriaAddOrEditDTO","record","LuxuryApp.Application.DTOs","MantenimientoLuxuryApp","LuxuryApp.Application.Modules.MantenimientoLuxuryApp.Medidores.DTOs","Medidores\DTOs\MedidorCategoriaAddOrEditDTO.cs"
"MedidorCategoriaDTO","record","LuxuryApp.Application.DTOs","MantenimientoLuxuryApp","LuxuryApp.Application.Modules.MantenimientoLuxuryApp.Medidores.DTOs","Medidores\DTOs\MedidorCategoriaDTO.cs"
"MedidorDTO","record","LuxuryApp.Application.DTOs","MantenimientoLuxuryApp","LuxuryApp.Application.Modules.MantenimientoLuxuryApp.Medidores.DTOs","Medidores\DTOs\MedidorDTO.cs"
"MedidorLecturaAddOrEditDTO","record","LuxuryApp.Application.DTOs","MantenimientoLuxuryApp","LuxuryApp.Application.Modules.MantenimientoLuxuryApp.Medidores.DTOs","Medidores\DTOs\MedidorLecturaAddOrEditDTO.cs"
"MedidorLecturaCharDTO","record","LuxuryApp.Application.DTOs","MantenimientoLuxuryApp","LuxuryApp.Application.Modules.MantenimientoLuxuryApp.Medidores.DTOs","Medidores\DTOs\MedidorLecturaCharDTO.cs"
"MedidorLecturaCharMonthDTO","record","LuxuryApp.Application.DTOs","MantenimientoLuxuryApp","LuxuryApp.Application.Modules.MantenimientoLuxuryApp.Medidores.DTOs","Medidores\DTOs\MedidorLecturaCharMonthDTO.cs"
"MedidorLecturaDTO","record","LuxuryApp.Application.DTOs","MantenimientoLuxuryApp","LuxuryApp.Application.Modules.MantenimientoLuxuryApp.Medidores.DTOs","Medidores\DTOs\MedidorLecturaDTO.cs"
"MedidorLecturaExcelDTO","record","LuxuryApp.Application.DTOs","MantenimientoLuxuryApp","LuxuryApp.Application.Modules.MantenimientoLuxuryApp.Medidores.DTOs","Medidores\DTOs\MedidorLecturaExcelDTO.cs"
"MedidorCategoriaEndPoints","class","LuxuryApp.Application.EndPoints","MantenimientoLuxuryApp","LuxuryApp.Application.Modules.MantenimientoLuxuryApp.Medidores.EndPoints","Medidores\EndPoints\MedidorCategoriaEndPoints.cs"
"MedidorEndPoints","class","LuxuryApp.Application.EndPoints","MantenimientoLuxuryApp","LuxuryApp.Application.Modules.MantenimientoLuxuryApp.Medidores.EndPoints","Medidores\EndPoints\MedidorEndpoints.cs"
"MedidorLecturaEndPoints","class","LuxuryApp.Application.EndPoints","MantenimientoLuxuryApp","LuxuryApp.Application.Modules.MantenimientoLuxuryApp.Medidores.EndPoints","Medidores\EndPoints\MedidorLecturaEndpoints.cs"
"IMedidorAppService","interface","LuxuryApp.Application.Interfaces","MantenimientoLuxuryApp","LuxuryApp.Application.Modules.MantenimientoLuxuryApp.Medidores.Interfaces","Medidores\Interfaces\IMedidorAppService.cs"
"IMedidorCategoriaAppService","interface","LuxuryApp.Application.Interfaces","MantenimientoLuxuryApp","LuxuryApp.Application.Modules.MantenimientoLuxuryApp.Medidores.Interfaces","Medidores\Interfaces\IMedidorCategoriaAppService.cs"
"IMedidorLecturaAppService","interface","LuxuryApp.Application.Interfaces","MantenimientoLuxuryApp","LuxuryApp.Application.Modules.MantenimientoLuxuryApp.Medidores.Interfaces","Medidores\Interfaces\IMedidorLecturaAppService.cs"
"MedidorLecturaMapper","class","LuxuryApp.Application.Mappings","MantenimientoLuxuryApp","LuxuryApp.Application.Modules.MantenimientoLuxuryApp.Medidores.Mapping","Medidores\Mapping\MedidorLecturaMapper.cs"
"MedidorMapper","class","LuxuryApp.Application.Mappings","MantenimientoLuxuryApp","LuxuryApp.Application.Modules.MantenimientoLuxuryApp.Medidores.Mapping","Medidores\Mapping\MedidorMapper.cs"
"MedidorAppService","class","LuxuryApp.Application.Services","MantenimientoLuxuryApp","LuxuryApp.Application.Modules.MantenimientoLuxuryApp.Medidores.Services","Medidores\Services\MedidorAppService.cs"
"MedidorCategoriaAppService","class","LuxuryApp.Application.Services","MantenimientoLuxuryApp","LuxuryApp.Application.Modules.MantenimientoLuxuryApp.Medidores.Services","Medidores\Services\MedidorCategoriaAppService.cs"
"MedidorLecturaAppService","class","LuxuryApp.Application.Services","MantenimientoLuxuryApp","LuxuryApp.Application.Modules.MantenimientoLuxuryApp.Medidores.Services","Medidores\Services\MedidorLecturaAppService.cs"
"PiscinaAddOrEditDTO","record","LuxuryApp.Application.DTOs","MantenimientoLuxuryApp","LuxuryApp.Application.Modules.MantenimientoLuxuryApp.Piscina.DTOs","Piscina\DTOs\PiscinaAddOrEditDTO.cs"
"PiscinaDTO","record","LuxuryApp.Application.DTOs","MantenimientoLuxuryApp","LuxuryApp.Application.Modules.MantenimientoLuxuryApp.Piscina.DTOs","Piscina\DTOs\PiscinaDTO.cs"
"PiscinaEndPoints","class","LuxuryApp.Application.EndPoints","MantenimientoLuxuryApp","LuxuryApp.Application.Modules.MantenimientoLuxuryApp.Piscina.EndPoints","Piscina\EndPoints\PiscinaEndpoints.cs"
"IPiscinaAppService","interface","LuxuryApp.Application.Interfaces","MantenimientoLuxuryApp","LuxuryApp.Application.Modules.MantenimientoLuxuryApp.Piscina.Interfaces","Piscina\Interfaces\IPiscinaAppService.cs"
"PiscinaMapper","class","LuxuryApp.Application.Mappings","MantenimientoLuxuryApp","LuxuryApp.Application.Modules.MantenimientoLuxuryApp.Piscina.Mapping","Piscina\Mapping\PiscinaMapper.cs"
"PiscinaAppService","class","LuxuryApp.Application.Services","MantenimientoLuxuryApp","LuxuryApp.Application.Modules.MantenimientoLuxuryApp.Piscina.Services","Piscina\Services\PiscinaAppService.cs"
"PiscinaBitacoraAddOrEditDTO","record","LuxuryApp.Application.DTOs","MantenimientoLuxuryApp","LuxuryApp.Application.Modules.MantenimientoLuxuryApp.PiscinaBitacora.DTOs","PiscinaBitacora\DTOs\PiscinaBitacoraAddOrEditDTO.cs"
"PiscinaBitacoraDTO","record","LuxuryApp.Application.DTOs","MantenimientoLuxuryApp","LuxuryApp.Application.Modules.MantenimientoLuxuryApp.PiscinaBitacora.DTOs","PiscinaBitacora\DTOs\PiscinaBitacoraDTO.cs"
"PiscinaBitacoraExcelDTO","record","LuxuryApp.Application.DTOs","MantenimientoLuxuryApp","LuxuryApp.Application.Modules.MantenimientoLuxuryApp.PiscinaBitacora.DTOs","PiscinaBitacora\DTOs\PiscinaBitacoraExcelDTO.cs"
"PiscinaBitacoraExcelRowDTO","record","LuxuryApp.Application.DTOs","MantenimientoLuxuryApp","LuxuryApp.Application.Modules.MantenimientoLuxuryApp.PiscinaBitacora.DTOs","PiscinaBitacora\DTOs\PiscinaBitacoraExcelRowDTO.cs"
"PiscinaBitacoraImportRequest","record","LuxuryApp.Application.DTOs","MantenimientoLuxuryApp","LuxuryApp.Application.Modules.MantenimientoLuxuryApp.PiscinaBitacora.DTOs","PiscinaBitacora\DTOs\PiscinaBitacoraImportRequest.cs"
"PiscinaBitacoraImportResultDTO","record","LuxuryApp.Application.DTOs","MantenimientoLuxuryApp","LuxuryApp.Application.Modules.MantenimientoLuxuryApp.PiscinaBitacora.DTOs","PiscinaBitacora\DTOs\PiscinaBitacoraImportResultDTO.cs"
"PiscinaBitacoraEndPoints","class","LuxuryApp.Application.EndPoints","MantenimientoLuxuryApp","LuxuryApp.Application.Modules.MantenimientoLuxuryApp.PiscinaBitacora.EndPoints","PiscinaBitacora\EndPoints\PiscinaBitacoraEndpoints.cs"
"IPiscinaBitacoraAppService","interface","LuxuryApp.Application.Interfaces","MantenimientoLuxuryApp","LuxuryApp.Application.Modules.MantenimientoLuxuryApp.PiscinaBitacora.Interfaces","PiscinaBitacora\Interfaces\IPiscinaBitacoraAppService.cs"
"PiscinaBitacoraMapper","class","LuxuryApp.Application.Mappings","MantenimientoLuxuryApp","LuxuryApp.Application.Modules.MantenimientoLuxuryApp.PiscinaBitacora.Mapping","PiscinaBitacora\Mapping\PiscinaBitacoraMapper.cs"
"PiscinaBitacoraAppService","class","LuxuryApp.Application.Services","MantenimientoLuxuryApp","LuxuryApp.Application.Modules.MantenimientoLuxuryApp.PiscinaBitacora.Services","PiscinaBitacora\Services\PiscinaBitacoraAppService.cs"
"RecepcionPipaAguaAddDTO","record","LuxuryApp.Application.DTOs","MantenimientoLuxuryApp","LuxuryApp.Application.Modules.MantenimientoLuxuryApp.RecepcionPipasAgua.DTOs","RecepcionPipasAgua\DTOs\RecepcionPipaAguaAddDTO.cs"
"RecepcionPipaAguaDTO","record","LuxuryApp.Application.DTOs","MantenimientoLuxuryApp","LuxuryApp.Application.Modules.MantenimientoLuxuryApp.RecepcionPipasAgua.DTOs","RecepcionPipasAgua\DTOs\RecepcionPipaAguaDTO.cs"
"RecepcionPipaAguaUpdateDTO","record","LuxuryApp.Application.DTOs","MantenimientoLuxuryApp","LuxuryApp.Application.Modules.MantenimientoLuxuryApp.RecepcionPipasAgua.DTOs","RecepcionPipasAgua\DTOs\RecepcionPipaAguaUpdateDTO.cs"
"RecepcionPipasAguaEndPoints","class","LuxuryApp.Application.EndPoints","MantenimientoLuxuryApp","LuxuryApp.Application.Modules.MantenimientoLuxuryApp.RecepcionPipasAgua.EndPoints","RecepcionPipasAgua\EndPoints\RecepcionPipasAguaEndpoints.cs"
"IRecepcionPipasAguaAppService","interface","LuxuryApp.Application.Interfaces","MantenimientoLuxuryApp","LuxuryApp.Application.Modules.MantenimientoLuxuryApp.RecepcionPipasAgua.Interfaces","RecepcionPipasAgua\Interfaces\IRecepcionPipasAguaAppService.cs"
"RecepcionPipasAguaAppService","class","LuxuryApp.Application.Services","MantenimientoLuxuryApp","LuxuryApp.Application.Modules.MantenimientoLuxuryApp.RecepcionPipasAgua.Services","RecepcionPipasAgua\Services\RecepcionPipasAguaAppService.cs"
"InventarioDetectorHumoAddOrEditDTO","record","LuxuryApp.Application.DTOs","MantenimientoLuxuryApp","LuxuryApp.Application.Modules.MantenimientoLuxuryApp.SmokeDetectorInventory.DTOs","SmokeDetectorInventory\DTOs\InventarioDetectorHumoAddOrEditDTO.cs"
"InventarioDetectorHumoDTO","record","LuxuryApp.Application.DTOs","MantenimientoLuxuryApp","LuxuryApp.Application.Modules.MantenimientoLuxuryApp.SmokeDetectorInventory.DTOs","SmokeDetectorInventory\DTOs\InventarioDetectorHumoDTO.cs"
"InventarioDetectorHumoEndPoints","class","LuxuryApp.Application.EndPoints","MantenimientoLuxuryApp","LuxuryApp.Application.Modules.MantenimientoLuxuryApp.SmokeDetectorInventory.EndPoints","SmokeDetectorInventory\EndPoints\InventarioDetectorHumoEndpoints.cs"
"IInventarioDetectorHumoAppService","interface","LuxuryApp.Application.Interfaces","MantenimientoLuxuryApp","LuxuryApp.Application.Modules.MantenimientoLuxuryApp.SmokeDetectorInventory.Interfaces","SmokeDetectorInventory\Interfaces\IInventarioDetectorHumoAppService.cs"
"InventarioDetectorHumoMapper","class","LuxuryApp.Application.Mappings","MantenimientoLuxuryApp","LuxuryApp.Application.Modules.MantenimientoLuxuryApp.SmokeDetectorInventory.Mapping","SmokeDetectorInventory\Mapping\InventarioDetectorHumoMapper.cs"
"InventarioDetectorHumoAppService","class","LuxuryApp.Application.Services","MantenimientoLuxuryApp","LuxuryApp.Application.Modules.MantenimientoLuxuryApp.SmokeDetectorInventory.Services","SmokeDetectorInventory\Services\InventarioDetectorHumoAppService.cs"
"BitacoraDetectorHumoAddOrEditDTO","record","LuxuryApp.Application.DTOs","MantenimientoLuxuryApp","LuxuryApp.Application.Modules.MantenimientoLuxuryApp.SmokeDetectorLog.DTOs","SmokeDetectorLog\DTOs\BitacoraDetectorHumoAddOrEditDTO.cs"
"BitacoraDetectorHumoDTO","record","LuxuryApp.Application.DTOs","MantenimientoLuxuryApp","LuxuryApp.Application.Modules.MantenimientoLuxuryApp.SmokeDetectorLog.DTOs","SmokeDetectorLog\DTOs\BitacoraDetectorHumoDTO.cs"
"BitacoraDetectorHumoEndPoints","class","LuxuryApp.Application.EndPoints","MantenimientoLuxuryApp","LuxuryApp.Application.Modules.MantenimientoLuxuryApp.SmokeDetectorLog.EndPoints","SmokeDetectorLog\EndPoints\BitacoraDetectorHumoEndPoints.cs"
"IBitacoraDetectorHumoAppService","interface","LuxuryApp.Application.Interfaces","MantenimientoLuxuryApp","LuxuryApp.Application.Modules.MantenimientoLuxuryApp.SmokeDetectorLog.Interfaces","SmokeDetectorLog\Interfaces\IBitacoraDetectorHumoAppService.cs"
"BitacoraDetectorHumoAppService","class","LuxuryApp.Application.Services","MantenimientoLuxuryApp","LuxuryApp.Application.Modules.MantenimientoLuxuryApp.SmokeDetectorLog.Services","SmokeDetectorLog\Services\BitacoraDetectorHumoAppService.cs"
"ControlPrestamoHerramientasEndPoints","class","LuxuryApp.Application.EndPoints","MantenimientoLuxuryApp","LuxuryApp.Application.Modules.MantenimientoLuxuryApp.ToolLoan.EndPoints","ToolLoan\EndPoints\ControlPrestamoHerramientasEndPoints.cs"
"AccessControlRoles","class","LuxuryApp.Application.Constants","OperationsLuxuryApp","LuxuryApp.Application.Modules.OperationsLuxuryApp.AccessControl","AccessControl\AccessControlRoles.cs"
"AccessCredentialDTO","record","LuxuryApp.Application.DTOs","OperationsLuxuryApp","LuxuryApp.Application.Modules.OperationsLuxuryApp.AccessControl.DTOs","AccessControl\DTOs\AccessCredentialDTO.cs"
"AccessEventDTO","record","LuxuryApp.Application.DTOs","OperationsLuxuryApp","LuxuryApp.Application.Modules.OperationsLuxuryApp.AccessControl.DTOs","AccessControl\DTOs\AccessEventDTO.cs"
"AccessPointDTO","record","LuxuryApp.Application.DTOs","OperationsLuxuryApp","LuxuryApp.Application.Modules.OperationsLuxuryApp.AccessControl.DTOs","AccessControl\DTOs\AccessPointDTO.cs"
"AccessScanResultDTO","record","LuxuryApp.Application.DTOs","OperationsLuxuryApp","LuxuryApp.Application.Modules.OperationsLuxuryApp.AccessControl.DTOs","AccessControl\DTOs\AccessScanResultDTO.cs"
"CancelVisitRequestDTO","record","LuxuryApp.Application.DTOs","OperationsLuxuryApp","LuxuryApp.Application.Modules.OperationsLuxuryApp.AccessControl.DTOs","AccessControl\DTOs\CancelVisitRequestDTO.cs"
"CreateAccessPointRequestDTO","record","LuxuryApp.Application.DTOs","OperationsLuxuryApp","LuxuryApp.Application.Modules.OperationsLuxuryApp.AccessControl.DTOs","AccessControl\DTOs\CreateAccessPointRequestDTO.cs"
"CreateVisitorRequestDTO","record","LuxuryApp.Application.DTOs","OperationsLuxuryApp","LuxuryApp.Application.Modules.OperationsLuxuryApp.AccessControl.DTOs","AccessControl\DTOs\CreateVisitorRequestDTO.cs"
"CreateVisitRequestDTO","record","LuxuryApp.Application.DTOs","OperationsLuxuryApp","LuxuryApp.Application.Modules.OperationsLuxuryApp.AccessControl.DTOs","AccessControl\DTOs\CreateVisitRequestDTO.cs"
"DashboardStatsDTO","record","LuxuryApp.Application.DTOs","OperationsLuxuryApp","LuxuryApp.Application.Modules.OperationsLuxuryApp.AccessControl.DTOs","AccessControl\DTOs\DashboardStatsDTO.cs"
"GenerateQrCredentialRequestDTO","record","LuxuryApp.Application.DTOs","OperationsLuxuryApp","LuxuryApp.Application.Modules.OperationsLuxuryApp.AccessControl.DTOs","AccessControl\DTOs\GenerateQrCredentialRequestDTO.cs"
"InvitationDTO","record","LuxuryApp.Application.DTOs","OperationsLuxuryApp","LuxuryApp.Application.Modules.OperationsLuxuryApp.AccessControl.DTOs","AccessControl\DTOs\InvitationDTO.cs"
"OccupancyDTO","record","LuxuryApp.Application.DTOs","OperationsLuxuryApp","LuxuryApp.Application.Modules.OperationsLuxuryApp.AccessControl.DTOs","AccessControl\DTOs\OccupancyDTO.cs"
"RevokeAccessCredentialRequestDTO","record","LuxuryApp.Application.DTOs","OperationsLuxuryApp","LuxuryApp.Application.Modules.OperationsLuxuryApp.AccessControl.DTOs","AccessControl\DTOs\RevokeAccessCredentialRequestDTO.cs"
"ScanAccessCredentialRequestDTO","record","LuxuryApp.Application.DTOs","OperationsLuxuryApp","LuxuryApp.Application.Modules.OperationsLuxuryApp.AccessControl.DTOs","AccessControl\DTOs\ScanAccessCredentialRequestDTO.cs"
"SendInvitationRequestDTO","record","LuxuryApp.Application.DTOs","OperationsLuxuryApp","LuxuryApp.Application.Modules.OperationsLuxuryApp.AccessControl.DTOs","AccessControl\DTOs\SendInvitationRequestDTO.cs"
"UpdateAccessPointRequestDTO","record","LuxuryApp.Application.DTOs","OperationsLuxuryApp","LuxuryApp.Application.Modules.OperationsLuxuryApp.AccessControl.DTOs","AccessControl\DTOs\UpdateAccessPointRequestDTO.cs"
"UpdateVisitorRequestDTO","record","LuxuryApp.Application.DTOs","OperationsLuxuryApp","LuxuryApp.Application.Modules.OperationsLuxuryApp.AccessControl.DTOs","AccessControl\DTOs\UpdateVisitorRequestDTO.cs"
"VisitDTO","record","LuxuryApp.Application.DTOs","OperationsLuxuryApp","LuxuryApp.Application.Modules.OperationsLuxuryApp.AccessControl.DTOs","AccessControl\DTOs\VisitDTO.cs"
"VisitorDTO","record","LuxuryApp.Application.DTOs","OperationsLuxuryApp","LuxuryApp.Application.Modules.OperationsLuxuryApp.AccessControl.DTOs","AccessControl\DTOs\VisitorDTO.cs"
"AccessCredentialsEndPoints","class","LuxuryApp.Application.EndPoints","OperationsLuxuryApp","LuxuryApp.Application.Modules.OperationsLuxuryApp.AccessControl.EndPoints","AccessControl\EndPoints\AccessCredentialsEndpoints.cs"
"AccessOperationsEndPoints","class","LuxuryApp.Application.EndPoints","OperationsLuxuryApp","LuxuryApp.Application.Modules.OperationsLuxuryApp.AccessControl.EndPoints","AccessControl\EndPoints\AccessOperationsEndpoints.cs"
"AccessPointsEndPoints","class","LuxuryApp.Application.EndPoints","OperationsLuxuryApp","LuxuryApp.Application.Modules.OperationsLuxuryApp.AccessControl.EndPoints","AccessControl\EndPoints\AccessPointsEndpoints.cs"
"InvitationsEndPoints","class","LuxuryApp.Application.EndPoints","OperationsLuxuryApp","LuxuryApp.Application.Modules.OperationsLuxuryApp.AccessControl.EndPoints","AccessControl\EndPoints\InvitationsEndpoints.cs"
"VisitorsEndPoints","class","LuxuryApp.Application.EndPoints","OperationsLuxuryApp","LuxuryApp.Application.Modules.OperationsLuxuryApp.AccessControl.EndPoints","AccessControl\EndPoints\VisitorsEndpoints.cs"
"VisitsEndPoints","class","LuxuryApp.Application.EndPoints","OperationsLuxuryApp","LuxuryApp.Application.Modules.OperationsLuxuryApp.AccessControl.EndPoints","AccessControl\EndPoints\VisitsEndpoints.cs"
"AccessCredentialPayload","record","LuxuryApp.Application.Interfaces","OperationsLuxuryApp","LuxuryApp.Application.Modules.OperationsLuxuryApp.AccessControl.Interfaces","AccessControl\Interfaces\IAccessCredentialSecurity.cs"
"IAccessCredentialService","interface","LuxuryApp.Application.Interfaces","OperationsLuxuryApp","LuxuryApp.Application.Modules.OperationsLuxuryApp.AccessControl.Interfaces","AccessControl\Interfaces\IAccessCredentialService.cs"
"IAccessDashboardService","interface","LuxuryApp.Application.Interfaces","OperationsLuxuryApp","LuxuryApp.Application.Modules.OperationsLuxuryApp.AccessControl.Interfaces","AccessControl\Interfaces\IAccessDashboardService.cs"
"IAccessEventService","interface","LuxuryApp.Application.Interfaces","OperationsLuxuryApp","LuxuryApp.Application.Modules.OperationsLuxuryApp.AccessControl.Interfaces","AccessControl\Interfaces\IAccessEventService.cs"
"IAccessPointService","interface","LuxuryApp.Application.Interfaces","OperationsLuxuryApp","LuxuryApp.Application.Modules.OperationsLuxuryApp.AccessControl.Interfaces","AccessControl\Interfaces\IAccessPointService.cs"
"IAccessScanService","interface","LuxuryApp.Application.Interfaces","OperationsLuxuryApp","LuxuryApp.Application.Modules.OperationsLuxuryApp.AccessControl.Interfaces","AccessControl\Interfaces\IAccessScanService.cs"
"IInvitationAppService","interface","LuxuryApp.Application.Interfaces","OperationsLuxuryApp","LuxuryApp.Application.Modules.OperationsLuxuryApp.AccessControl.Interfaces","AccessControl\Interfaces\IInvitationAppService.cs"
"IVisitAppService","interface","LuxuryApp.Application.Interfaces","OperationsLuxuryApp","LuxuryApp.Application.Modules.OperationsLuxuryApp.AccessControl.Interfaces","AccessControl\Interfaces\IVisitAppService.cs"
"IVisitorService","interface","LuxuryApp.Application.Interfaces","OperationsLuxuryApp","LuxuryApp.Application.Modules.OperationsLuxuryApp.AccessControl.Interfaces","AccessControl\Interfaces\IVisitorService.cs"
"AccessControlMapper","class","LuxuryApp.Application.Mappings","OperationsLuxuryApp","LuxuryApp.Application.Modules.OperationsLuxuryApp.AccessControl.Mapping","AccessControl\Mapping\AccessControlMapper.cs"
"AccessCredentialSecurity","class","LuxuryApp.Application.Services","OperationsLuxuryApp","LuxuryApp.Application.Modules.OperationsLuxuryApp.AccessControl.Services","AccessControl\Services\AccessCredentialSecurity.cs"
"AccessCredentialService","class","LuxuryApp.Application.Services","OperationsLuxuryApp","LuxuryApp.Application.Modules.OperationsLuxuryApp.AccessControl.Services","AccessControl\Services\AccessCredentialService.cs"
"AccessDashboardService","class","LuxuryApp.Application.Services","OperationsLuxuryApp","LuxuryApp.Application.Modules.OperationsLuxuryApp.AccessControl.Services","AccessControl\Services\AccessDashboardService.cs"
"AccessEventService","class","LuxuryApp.Application.Services","OperationsLuxuryApp","LuxuryApp.Application.Modules.OperationsLuxuryApp.AccessControl.Services","AccessControl\Services\AccessEventService.cs"
"AccessPointService","class","LuxuryApp.Application.Services","OperationsLuxuryApp","LuxuryApp.Application.Modules.OperationsLuxuryApp.AccessControl.Services","AccessControl\Services\AccessPointService.cs"
"AccessScanService","class","LuxuryApp.Application.Services","OperationsLuxuryApp","LuxuryApp.Application.Modules.OperationsLuxuryApp.AccessControl.Services","AccessControl\Services\AccessScanService.cs"
"InvitationAppService","class","LuxuryApp.Application.Services","OperationsLuxuryApp","LuxuryApp.Application.Modules.OperationsLuxuryApp.AccessControl.Services","AccessControl\Services\InvitationAppService.cs"
"VisitAppService","class","LuxuryApp.Application.Services","OperationsLuxuryApp","LuxuryApp.Application.Modules.OperationsLuxuryApp.AccessControl.Services","AccessControl\Services\VisitAppService.cs"
"VisitorService","class","LuxuryApp.Application.Services","OperationsLuxuryApp","LuxuryApp.Application.Modules.OperationsLuxuryApp.AccessControl.Services","AccessControl\Services\VisitorService.cs"
"AnnouncementAddOrEditDTO","record","LuxuryApp.Application.DTOs","OperationsLuxuryApp","LuxuryApp.Application.Modules.OperationsLuxuryApp.Announcement.DTOs","Announcement\DTOs\AnnouncementAddOrEditDTO.cs"
"AnnouncementAdminListDTO","record","LuxuryApp.Application.DTOs","OperationsLuxuryApp","LuxuryApp.Application.Modules.OperationsLuxuryApp.Announcement.DTOs","Announcement\DTOs\AnnouncementAdminListDTO.cs"
"AnnouncementAnalyticsDTO","record","LuxuryApp.Application.DTOs","OperationsLuxuryApp","LuxuryApp.Application.Modules.OperationsLuxuryApp.Announcement.DTOs","Announcement\DTOs\AnnouncementAnalyticsDTO.cs"
"AnnouncementAttachmentDTO","record","LuxuryApp.Application.DTOs","OperationsLuxuryApp","LuxuryApp.Application.Modules.OperationsLuxuryApp.Announcement.DTOs","Announcement\DTOs\AnnouncementAttachmentDTO.cs"
"AnnouncementDTO","record","LuxuryApp.Application.DTOs","OperationsLuxuryApp","LuxuryApp.Application.Modules.OperationsLuxuryApp.Announcement.DTOs","Announcement\DTOs\AnnouncementDTO.cs"
"AnnouncementListDTO","record","LuxuryApp.Application.DTOs","OperationsLuxuryApp","LuxuryApp.Application.Modules.OperationsLuxuryApp.Announcement.DTOs","Announcement\DTOs\AnnouncementListDTO.cs"
"GenerateDraftDTO","record","LuxuryApp.Application.DTOs","OperationsLuxuryApp","LuxuryApp.Application.Modules.OperationsLuxuryApp.Announcement.DTOs","Announcement\DTOs\GenerateDraftDTO.cs"
"GenerateOfficialDraftDTO","record","LuxuryApp.Application.DTOs","OperationsLuxuryApp","LuxuryApp.Application.Modules.OperationsLuxuryApp.Announcement.DTOs","Announcement\DTOs\GenerateOfficialDraftDTO.cs"
"OfficialAnnouncementDraftDTO","record","LuxuryApp.Application.DTOs","OperationsLuxuryApp","LuxuryApp.Application.Modules.OperationsLuxuryApp.Announcement.DTOs","Announcement\DTOs\OfficialAnnouncementDraftDTO.cs"
"AnnouncementsEndPoints","class","LuxuryApp.Application.EndPoints","OperationsLuxuryApp","LuxuryApp.Application.Modules.OperationsLuxuryApp.Announcement.EndPoints","Announcement\EndPoints\AnnouncementsEndpoints.cs"
"IAnnouncementAppService","interface","LuxuryApp.Application.Interfaces","OperationsLuxuryApp","LuxuryApp.Application.Modules.OperationsLuxuryApp.Announcement.Interfaces","Announcement\Interfaces\IAnnouncementAppService.cs"
"IAnnouncementNotificationService","interface","LuxuryApp.Application.Interfaces","OperationsLuxuryApp","LuxuryApp.Application.Modules.OperationsLuxuryApp.Announcement.Interfaces","Announcement\Interfaces\IAnnouncementNotificationService.cs"
"AnnouncementMapper","class","LuxuryApp.Application.Mappings","OperationsLuxuryApp","LuxuryApp.Application.Modules.OperationsLuxuryApp.Announcement.Mapping","Announcement\Mapping\AnnouncementMapper.cs"
"AnnouncementAppService","class","LuxuryApp.Application.Services","OperationsLuxuryApp","LuxuryApp.Application.Modules.OperationsLuxuryApp.Announcement.Services","Announcement\Services\AnnouncementAppService.cs"
"AnnouncementNotificationService","class","LuxuryApp.Application.Services","OperationsLuxuryApp","LuxuryApp.Application.Modules.OperationsLuxuryApp.Announcement.Services","Announcement\Services\AnnouncementNotificationService.cs"
"IBuildingCustomerAppService","interface","LuxuryApp.Application.Interfaces","OperationsLuxuryApp","LuxuryApp.Application.Modules.OperationsLuxuryApp.BuildingCustomer.Services","BuildingCustomer\Services\BuildingCustomerAppService.cs"
"ComiteVigilanciaAddOrEditDTO","record","LuxuryApp.Application.DTOs","OperationsLuxuryApp","LuxuryApp.Application.Modules.OperationsLuxuryApp.Comite.ComiteVigilancia.DTOs","Comite\ComiteVigilancia\DTOs\ComiteVigilanciaAddOrEditDTO.cs"
"ComiteVigilanciaDTO","record","LuxuryApp.Application.DTOs","OperationsLuxuryApp","LuxuryApp.Application.Modules.OperationsLuxuryApp.Comite.ComiteVigilancia.DTOs","Comite\ComiteVigilancia\DTOs\ComiteVigilanciaDTO.cs"
"ComiteVigilanciaEditDTO","record","LuxuryApp.Application.DTOs","OperationsLuxuryApp","LuxuryApp.Application.Modules.OperationsLuxuryApp.Comite.ComiteVigilancia.DTOs","Comite\ComiteVigilancia\DTOs\ComiteVigilanciaEditDTO.cs"
"ComiteVigilanciaSavedDTO","record","LuxuryApp.Application.DTOs","OperationsLuxuryApp","LuxuryApp.Application.Modules.OperationsLuxuryApp.Comite.ComiteVigilancia.DTOs","Comite\ComiteVigilancia\DTOs\ComiteVigilanciaSavedDTO.cs"
"CommitteeDirectoryCustomerDTO","record","LuxuryApp.Application.DTOs","OperationsLuxuryApp","LuxuryApp.Application.Modules.OperationsLuxuryApp.Comite.ComiteVigilancia.DTOs","Comite\ComiteVigilancia\DTOs\CommitteeDirectoryCustomerDTO.cs"
"CommitteeDirectoryDTO","record","LuxuryApp.Application.DTOs","OperationsLuxuryApp","LuxuryApp.Application.Modules.OperationsLuxuryApp.Comite.ComiteVigilancia.DTOs","Comite\ComiteVigilancia\DTOs\CommitteeDirectoryDTO.cs"
"CommitteeDirectoryMemberDTO","record","LuxuryApp.Application.DTOs","OperationsLuxuryApp","LuxuryApp.Application.Modules.OperationsLuxuryApp.Comite.ComiteVigilancia.DTOs","Comite\ComiteVigilancia\DTOs\CommitteeDirectoryMemberDTO.cs"
"ComitesVigilanciaEndPoints","class","LuxuryApp.Application.EndPoints","OperationsLuxuryApp","LuxuryApp.Application.Modules.OperationsLuxuryApp.Comite.ComiteVigilancia.EndPoints","Comite\ComiteVigilancia\EndPoints\ComitesVigilanciaEndpoints.cs"
"IComiteVigilanciaAppService","interface","LuxuryApp.Application.Interfaces","OperationsLuxuryApp","LuxuryApp.Application.Modules.OperationsLuxuryApp.Comite.ComiteVigilancia.Interfaces","Comite\ComiteVigilancia\Interfaces\IComiteVigilanciaAppService.cs"
"ComiteVigilanciaMapper","class","LuxuryApp.Application.Mappings","OperationsLuxuryApp","LuxuryApp.Application.Modules.OperationsLuxuryApp.Comite.ComiteVigilancia.Mapping","Comite\ComiteVigilancia\Mapping\ComiteVigilanciaMapper.cs"
"ComiteVigilanciaAppService","class","LuxuryApp.Application.Services","OperationsLuxuryApp","LuxuryApp.Application.Modules.OperationsLuxuryApp.Comite.ComiteVigilancia.Services","Comite\ComiteVigilancia\Services\ComiteVigilanciaAppService.cs"
"BuildingDocumentsRecipentsAddOrEditDTO","record","LuxuryApp.Application.DTOs","OperationsLuxuryApp","LuxuryApp.Application.Modules.OperationsLuxuryApp.CustomDocument.DTOs","CustomDocument\DTOs\BuildingDocumentsRecipentsAddOrEditDTO.cs"
"DocumentLegalRecordAddOrEditDTO","record","LuxuryApp.Application.DTOs","OperationsLuxuryApp","LuxuryApp.Application.Modules.OperationsLuxuryApp.CustomDocument.DTOs","CustomDocument\DTOs\DocumentLegalRecordAddOrEditDTO.cs"
"DocumentLegalRecordCreatedDTO","record","LuxuryApp.Application.DTOs","OperationsLuxuryApp","LuxuryApp.Application.Modules.OperationsLuxuryApp.CustomDocument.DTOs","CustomDocument\DTOs\DocumentLegalRecordCreatedDTO.cs"
"DocumentLegalRecordRecipentsAddOrEditDTO","record","LuxuryApp.Application.DTOs","OperationsLuxuryApp","LuxuryApp.Application.Modules.OperationsLuxuryApp.CustomDocument.DTOs","CustomDocument\DTOs\DocumentLegalRecordRecipentsAddOrEditDTO.cs"
"CustomDocumentsEndPoints","class","LuxuryApp.Application.EndPoints","OperationsLuxuryApp","LuxuryApp.Application.Modules.OperationsLuxuryApp.CustomDocument.EndPoints","CustomDocument\EndPoints\CustomDocumentsEndpoints.cs"
"ICustomDocumentAppService","interface","LuxuryApp.Application.Interfaces","OperationsLuxuryApp","LuxuryApp.Application.Modules.OperationsLuxuryApp.CustomDocument.Interfaces","CustomDocument\Interfaces\ICustomDocumentAppService.cs"
"CustomDocumentAppService","class","LuxuryApp.Application.Services","OperationsLuxuryApp","LuxuryApp.Application.Modules.OperationsLuxuryApp.CustomDocument.Services","CustomDocument\Services\CustomDocumentAppService.cs"
"DashboardAnalysisDTO","record","LuxuryApp.Application.DTOs","OperationsLuxuryApp","LuxuryApp.Application.Modules.OperationsLuxuryApp.Dashboard.DTOs","Dashboard\DTOs\DashboardAnalysisDTO.cs"
"DashboardEndPoints","class","LuxuryApp.Application.EndPoints","OperationsLuxuryApp","LuxuryApp.Application.Modules.OperationsLuxuryApp.Dashboard.EndPoints","Dashboard\EndPoints\DashboardEndpoints.cs"
"IDashboardAppService","interface","LuxuryApp.Application.Interfaces","OperationsLuxuryApp","LuxuryApp.Application.Modules.OperationsLuxuryApp.Dashboard.Interfaces","Dashboard\Interfaces\IDashboardAppService.cs"
"DashboardAppService","class","LuxuryApp.Application.Services","OperationsLuxuryApp","LuxuryApp.Application.Modules.OperationsLuxuryApp.Dashboard.Services","Dashboard\Services\DashboardAppService.cs"
"CatalogoEntregaRecepcionDescripcionAddOrEditDTO","record","LuxuryApp.Application.DTOs","OperationsLuxuryApp","LuxuryApp.Application.Modules.OperationsLuxuryApp.DeliveryReception.DTOs","DeliveryReception\DTOs\CatalogoEntregaRecepcionDescripcionAddOrEditDTO.cs"
"CatalogoEntregaRecepcionDescripcionDTO","record","LuxuryApp.Application.DTOs","OperationsLuxuryApp","LuxuryApp.Application.Modules.OperationsLuxuryApp.DeliveryReception.DTOs","DeliveryReception\DTOs\CatalogoEntregaRecepcionDescripcionDTO.cs"
"EntregaRecepcionDescripcionAddOrEditDTO","record","LuxuryApp.Application.DTOs","OperationsLuxuryApp","LuxuryApp.Application.Modules.OperationsLuxuryApp.DeliveryReception.DTOs","DeliveryReception\DTOs\EntregaRecepcionDescripcionAddOrEditDTO.cs"
"CatalogoEntregaRecepcionDescripcionEndPoints","class","LuxuryApp.Application.EndPoints","OperationsLuxuryApp","LuxuryApp.Application.Modules.OperationsLuxuryApp.DeliveryReception.EndPoints","DeliveryReception\EndPoints\CatalogoEntregaRecepcionDescripcionEndpoints.cs"
"EntregaRecepcionClienteEndPoints","class","LuxuryApp.Application.EndPoints","OperationsLuxuryApp","LuxuryApp.Application.Modules.OperationsLuxuryApp.DeliveryReception.EndPoints","DeliveryReception\EndPoints\EntregaRecepcionClienteEndpoints.cs"
"EntregaRecepcionDescripcionEndPoints","class","LuxuryApp.Application.EndPoints","OperationsLuxuryApp","LuxuryApp.Application.Modules.OperationsLuxuryApp.DeliveryReception.EndPoints","DeliveryReception\EndPoints\EntregaRecepcionDescripcionEndpoints.cs"
"EntregaRecepcionEndPoints","class","LuxuryApp.Application.EndPoints","OperationsLuxuryApp","LuxuryApp.Application.Modules.OperationsLuxuryApp.DeliveryReception.EndPoints","DeliveryReception\EndPoints\EntregaRecepcionEndpoints.cs"
"ICatalogoEntregaRecepcionDescripcionAppService","interface","LuxuryApp.Application.Interfaces","OperationsLuxuryApp","LuxuryApp.Application.Modules.OperationsLuxuryApp.DeliveryReception.Interfaces","DeliveryReception\Interfaces\ICatalogoEntregaRecepcionDescripcionAppService.cs"
"IEntregaRecepcionAppService","interface","LuxuryApp.Application.Interfaces","OperationsLuxuryApp","LuxuryApp.Application.Modules.OperationsLuxuryApp.DeliveryReception.Interfaces","DeliveryReception\Interfaces\IEntregaRecepcionAppService.cs"
"IEntregaRecepcionClienteAppService","interface","LuxuryApp.Application.Interfaces","OperationsLuxuryApp","LuxuryApp.Application.Modules.OperationsLuxuryApp.DeliveryReception.Interfaces","DeliveryReception\Interfaces\IEntregaRecepcionClienteAppService.cs"
"IEntregaRecepcionDescripcionAppService","interface","LuxuryApp.Application.Interfaces","OperationsLuxuryApp","LuxuryApp.Application.Modules.OperationsLuxuryApp.DeliveryReception.Interfaces","DeliveryReception\Interfaces\IEntregaRecepcionDescripcionAppService.cs"
"CatalogoEntregaRecepcionDescripcionMapper","class","LuxuryApp.Application.Mappings","OperationsLuxuryApp","LuxuryApp.Application.Modules.OperationsLuxuryApp.DeliveryReception.Mapping","DeliveryReception\Mapping\CatalogoEntregaRecepcionDescripcionMapper.cs"
"CatalogoEntregaRecepcionDescripcionAppService","class","LuxuryApp.Application.Services","OperationsLuxuryApp","LuxuryApp.Application.Modules.OperationsLuxuryApp.DeliveryReception.Services","DeliveryReception\Services\CatalogoEntregaRecepcionDescripcionAppService.cs"
"EntregaRecepcionAppService","class","LuxuryApp.Application.Services","OperationsLuxuryApp","LuxuryApp.Application.Modules.OperationsLuxuryApp.DeliveryReception.Services","DeliveryReception\Services\EntregaRecepcionAppService.cs"
"EntregaRecepcionClienteAppService","class","LuxuryApp.Application.Services","OperationsLuxuryApp","LuxuryApp.Application.Modules.OperationsLuxuryApp.DeliveryReception.Services","DeliveryReception\Services\EntregaRecepcionClienteAppService.cs"
"EntregaRecepcionDescripcionAppService","class","LuxuryApp.Application.Services","OperationsLuxuryApp","LuxuryApp.Application.Modules.OperationsLuxuryApp.DeliveryReception.Services","DeliveryReception\Services\EntregaRecepcionDescripcionAppService.cs"
"CreateDiagramDrawDTO","record","LuxuryApp.Application.DTOs","OperationsLuxuryApp","LuxuryApp.Application.Modules.OperationsLuxuryApp.Diagram.DTOs","Diagram\DTOs\CreateDiagramDrawDTO.cs"
"DiagramDrawDTO","record","LuxuryApp.Application.DTOs","OperationsLuxuryApp","LuxuryApp.Application.Modules.OperationsLuxuryApp.Diagram.DTOs","Diagram\DTOs\DiagramDrawDTO.cs"
"UpdateDiagramDrawDTO","record","LuxuryApp.Application.DTOs","OperationsLuxuryApp","LuxuryApp.Application.Modules.OperationsLuxuryApp.Diagram.DTOs","Diagram\DTOs\UpdateDiagramDrawDTO.cs"
"DiagramDrawEndPoints","class","LuxuryApp.Application.Endpoints","OperationsLuxuryApp","LuxuryApp.Application.Modules.OperationsLuxuryApp.Diagram.Endpoints","Diagram\Endpoints\DiagramDrawEndpoints.cs"
"IDiagramDrawService","interface","LuxuryApp.Application.Interfaces","OperationsLuxuryApp","LuxuryApp.Application.Modules.OperationsLuxuryApp.Diagram.Interfaces","Diagram\Interfaces\IDiagramDrawService.cs"
"DiagramDrawMapping","class","LuxuryApp.Application.Mapping","OperationsLuxuryApp","LuxuryApp.Application.Modules.OperationsLuxuryApp.Diagram.Mapping","Diagram\Mapping\DiagramDrawMapping.cs"
"DiagramDrawService","class","LuxuryApp.Application.Services","OperationsLuxuryApp","LuxuryApp.Application.Modules.OperationsLuxuryApp.Diagram.Services","Diagram\Services\DiagramDrawService.cs"
"AgendaSemanalEventDTO","record","LuxuryApp.Application.DTOs","OperationsLuxuryApp","LuxuryApp.Application.Modules.OperationsLuxuryApp.DireccionDashboard.AgendaSemanal.DTOs","DireccionDashboard\AgendaSemanal\DTOs\AgendaSemanalEventDTO.cs"
"AgendaSemanalEndPoints","class","LuxuryApp.Application.EndPoints","OperationsLuxuryApp","LuxuryApp.Application.Modules.OperationsLuxuryApp.DireccionDashboard.AgendaSemanal.EndPoints","DireccionDashboard\AgendaSemanal\EndPoints\AgendaSemanalEndpoints.cs"
"IAgendaSemanalAppService","interface","LuxuryApp.Application.Interfaces","OperationsLuxuryApp","LuxuryApp.Application.Modules.OperationsLuxuryApp.DireccionDashboard.AgendaSemanal.Interfaces","DireccionDashboard\AgendaSemanal\Interfaces\IAgendaSemanalAppService.cs"
"AgendaSemanalAppService","class","LuxuryApp.Application.Services","OperationsLuxuryApp","LuxuryApp.Application.Modules.OperationsLuxuryApp.DireccionDashboard.AgendaSemanal.Services","DireccionDashboard\AgendaSemanal\Services\AgendaSemanalAppService.cs"
"ContratosPorVencerResumenDTO","record","LuxuryApp.Application.DTOs","OperationsLuxuryApp","LuxuryApp.Application.Modules.OperationsLuxuryApp.DireccionDashboard.ContratosLegal.DTOs","DireccionDashboard\ContratosLegal\DTOs\ContratosLegalDTO.cs"
"ContratosLegalEndPoints","class","LuxuryApp.Application.EndPoints","OperationsLuxuryApp","LuxuryApp.Application.Modules.OperationsLuxuryApp.DireccionDashboard.ContratosLegal.EndPoints","DireccionDashboard\ContratosLegal\EndPoints\ContratosLegalEndpoints.cs"
"IContratosLegalAppService","interface","LuxuryApp.Application.Interfaces","OperationsLuxuryApp","LuxuryApp.Application.Modules.OperationsLuxuryApp.DireccionDashboard.ContratosLegal.Interfaces","DireccionDashboard\ContratosLegal\Interfaces\IContratosLegalAppService.cs"
"ContratosLegalAppService","class","LuxuryApp.Application.Services","OperationsLuxuryApp","LuxuryApp.Application.Modules.OperationsLuxuryApp.DireccionDashboard.ContratosLegal.Services","DireccionDashboard\ContratosLegal\Services\ContratosLegalAppService.cs"
"PersonalAusenteResumenDTO","record","LuxuryApp.Application.DTOs","OperationsLuxuryApp","LuxuryApp.Application.Modules.OperationsLuxuryApp.DireccionDashboard.PersonalAusente.DTOs","DireccionDashboard\PersonalAusente\DTOs\PersonalAusenteDTO.cs"
"PersonalAusenteEndPoints","class","LuxuryApp.Application.EndPoints","OperationsLuxuryApp","LuxuryApp.Application.Modules.OperationsLuxuryApp.DireccionDashboard.PersonalAusente.EndPoints","DireccionDashboard\PersonalAusente\EndPoints\PersonalAusenteEndpoints.cs"
"IPersonalAusenteAppService","interface","LuxuryApp.Application.Interfaces","OperationsLuxuryApp","LuxuryApp.Application.Modules.OperationsLuxuryApp.DireccionDashboard.PersonalAusente.Interfaces","DireccionDashboard\PersonalAusente\Interfaces\IPersonalAusenteAppService.cs"
"PersonalAusenteAppService","class","LuxuryApp.Application.Services","OperationsLuxuryApp","LuxuryApp.Application.Modules.OperationsLuxuryApp.DireccionDashboard.PersonalAusente.Services","DireccionDashboard\PersonalAusente\Services\PersonalAusenteAppService.cs"
"VacantesResumenDTO","record","LuxuryApp.Application.DTOs","OperationsLuxuryApp","LuxuryApp.Application.Modules.OperationsLuxuryApp.DireccionDashboard.ReclutamientoResumen.DTOs","DireccionDashboard\ReclutamientoResumen\DTOs\VacantesResumenDTO.cs"
"ReclutamientoResumenEndPoints","class","LuxuryApp.Application.EndPoints","OperationsLuxuryApp","LuxuryApp.Application.Modules.OperationsLuxuryApp.DireccionDashboard.ReclutamientoResumen.EndPoints","DireccionDashboard\ReclutamientoResumen\EndPoints\ReclutamientoResumenEndpoints.cs"
"IReclutamientoResumenAppService","interface","LuxuryApp.Application.Interfaces","OperationsLuxuryApp","LuxuryApp.Application.Modules.OperationsLuxuryApp.DireccionDashboard.ReclutamientoResumen.Interfaces","DireccionDashboard\ReclutamientoResumen\Interfaces\IReclutamientoResumenAppService.cs"
"ReclutamientoResumenAppService","class","LuxuryApp.Application.Services","OperationsLuxuryApp","LuxuryApp.Application.Modules.OperationsLuxuryApp.DireccionDashboard.ReclutamientoResumen.Services","DireccionDashboard\ReclutamientoResumen\Services\ReclutamientoResumenAppService.cs"
"TareasLegalResumenDTO","record","LuxuryApp.Application.DTOs","OperationsLuxuryApp","LuxuryApp.Application.Modules.OperationsLuxuryApp.DireccionDashboard.TareasLegal.DTOs","DireccionDashboard\TareasLegal\DTOs\TareasLegalDTO.cs"
"TareasLegalEndPoints","class","LuxuryApp.Application.EndPoints","OperationsLuxuryApp","LuxuryApp.Application.Modules.OperationsLuxuryApp.DireccionDashboard.TareasLegal.EndPoints","DireccionDashboard\TareasLegal\EndPoints\TareasLegalEndpoints.cs"
"ITareasLegalAppService","interface","LuxuryApp.Application.Interfaces","OperationsLuxuryApp","LuxuryApp.Application.Modules.OperationsLuxuryApp.DireccionDashboard.TareasLegal.Interfaces","DireccionDashboard\TareasLegal\Interfaces\ITareasLegalAppService.cs"
"TareasLegalAppService","class","LuxuryApp.Application.Services","OperationsLuxuryApp","LuxuryApp.Application.Modules.OperationsLuxuryApp.DireccionDashboard.TareasLegal.Services","DireccionDashboard\TareasLegal\Services\TareasLegalAppService.cs"
"AccessCredential","class","LuxuryApp.Infrastructure.Data.Entities","OperationsLuxuryApp","LuxuryApp.Application.Modules.OperationsLuxuryApp.Domain.Entities.AccessControl","Domain\Entities\AccessControl\AccessCredential.cs"
"AccessEvent","class","LuxuryApp.Infrastructure.Data.Entities","OperationsLuxuryApp","LuxuryApp.Application.Modules.OperationsLuxuryApp.Domain.Entities.AccessControl","Domain\Entities\AccessControl\AccessEvent.cs"
"AccessPoint","class","LuxuryApp.Infrastructure.Data.Entities","OperationsLuxuryApp","LuxuryApp.Application.Modules.OperationsLuxuryApp.Domain.Entities.AccessControl","Domain\Entities\AccessControl\AccessPoint.cs"
"GuardShift","class","LuxuryApp.Infrastructure.Data.Entities","OperationsLuxuryApp","LuxuryApp.Application.Modules.OperationsLuxuryApp.Domain.Entities.AccessControl","Domain\Entities\AccessControl\GuardShift.cs"
"Invitation","class","LuxuryApp.Infrastructure.Data.Entities","OperationsLuxuryApp","LuxuryApp.Application.Modules.OperationsLuxuryApp.Domain.Entities.AccessControl","Domain\Entities\AccessControl\Invitation.cs"
"Visit","class","LuxuryApp.Infrastructure.Data.Entities","OperationsLuxuryApp","LuxuryApp.Application.Modules.OperationsLuxuryApp.Domain.Entities.AccessControl","Domain\Entities\AccessControl\Visit.cs"
"Visitor","class","LuxuryApp.Infrastructure.Data.Entities","OperationsLuxuryApp","LuxuryApp.Application.Modules.OperationsLuxuryApp.Domain.Entities.AccessControl","Domain\Entities\AccessControl\Visitor.cs"
"Announcement","class","LuxuryApp.Infrastructure.Data.Entities","OperationsLuxuryApp","LuxuryApp.Application.Modules.OperationsLuxuryApp.Domain.Entities.Announcements","Domain\Entities\Announcements\Announcement.cs"
"AnnouncementAnalytics","class","LuxuryApp.Infrastructure.Data.Entities","OperationsLuxuryApp","LuxuryApp.Application.Modules.OperationsLuxuryApp.Domain.Entities.Announcements","Domain\Entities\Announcements\AnnouncementAnalytics.cs"
"AnnouncementAttachments","class","LuxuryApp.Infrastructure.Data.Entities","OperationsLuxuryApp","LuxuryApp.Application.Modules.OperationsLuxuryApp.Domain.Entities.Announcements","Domain\Entities\Announcements\AnnouncementAttachments.cs"
"AnnouncementCustomers","class","LuxuryApp.Infrastructure.Data.Entities","OperationsLuxuryApp","LuxuryApp.Application.Modules.OperationsLuxuryApp.Domain.Entities.Announcements","Domain\Entities\Announcements\AnnouncementCustomers.cs"
"AnnouncementRoles","class","LuxuryApp.Infrastructure.Data.Entities","OperationsLuxuryApp","LuxuryApp.Application.Modules.OperationsLuxuryApp.Domain.Entities.Announcements","Domain\Entities\Announcements\AnnouncementRoles.cs"
"AsambleaChecklistExecution","class","LuxuryApp.Infrastructure.Data.Entities","OperationsLuxuryApp","LuxuryApp.Application.Modules.OperationsLuxuryApp.Domain.Entities.AsambleasyPlanificacin","Domain\Entities\AsambleasyPlanificacin\AsambleaChecklistExecution.cs"
"AsambleaChecklistTemplate","class","LuxuryApp.Infrastructure.Data.Entities","OperationsLuxuryApp","LuxuryApp.Application.Modules.OperationsLuxuryApp.Domain.Entities.AsambleasyPlanificacin","Domain\Entities\AsambleasyPlanificacin\AsambleaChecklistTemplate.cs"
"AsambleaInvitado","class","LuxuryApp.Infrastructure.Data.Entities","OperationsLuxuryApp","LuxuryApp.Application.Modules.OperationsLuxuryApp.Domain.Entities.AsambleasyPlanificacin","Domain\Entities\AsambleasyPlanificacin\AsambleaInvitado.cs"
"AsambleaPlan","class","LuxuryApp.Infrastructure.Data.Entities","OperationsLuxuryApp","LuxuryApp.Application.Modules.OperationsLuxuryApp.Domain.Entities.AsambleasyPlanificacin","Domain\Entities\AsambleasyPlanificacin\AsambleaPlan.cs"
"AsambleaSupportRequest","class","LuxuryApp.Infrastructure.Data.Entities","OperationsLuxuryApp","LuxuryApp.Application.Modules.OperationsLuxuryApp.Domain.Entities.AsambleasyPlanificacin","Domain\Entities\AsambleasyPlanificacin\AsambleaSupportRequest.cs"
"CustomDocument","class","LuxuryApp.Infrastructure.Data.Entities","OperationsLuxuryApp","LuxuryApp.Application.Modules.OperationsLuxuryApp.Domain.Entities.CustomDocuments","Domain\Entities\CustomDocuments\CustomDocument.cs"
"CustomDocumentRole","class","LuxuryApp.Infrastructure.Data.Entities","OperationsLuxuryApp","LuxuryApp.Application.Modules.OperationsLuxuryApp.Domain.Entities.CustomDocuments","Domain\Entities\CustomDocuments\CustomDocumentRole.cs"
"DiagramDraw","class","LuxuryApp.Infrastructure.Data.Entities","OperationsLuxuryApp","LuxuryApp.Application.Modules.OperationsLuxuryApp.Domain.Entities.Diagrams","Domain\Entities\Diagrams\DiagramDraw.cs"
"DiagramDrawTargetCustomer","class","LuxuryApp.Infrastructure.Data.Entities","OperationsLuxuryApp","LuxuryApp.Application.Modules.OperationsLuxuryApp.Domain.Entities.Diagrams","Domain\Entities\Diagrams\DiagramDrawTargetCustomer.cs"
"DiagramDrawTargetRole","class","LuxuryApp.Infrastructure.Data.Entities","OperationsLuxuryApp","LuxuryApp.Application.Modules.OperationsLuxuryApp.Domain.Entities.Diagrams","Domain\Entities\Diagrams\DiagramDrawTargetRole.cs"
"ServiceOrder","class","LuxuryApp.Infrastructure.Data.Entities","OperationsLuxuryApp","LuxuryApp.Application.Modules.OperationsLuxuryApp.Domain.Entities.FieldService","Domain\Entities\FieldService\ServiceOrder.cs"
"ServiceOrderDocument","class","LuxuryApp.Infrastructure.Data.Entities","OperationsLuxuryApp","LuxuryApp.Application.Modules.OperationsLuxuryApp.Domain.Entities.FieldService","Domain\Entities\FieldService\ServiceOrderDocument.cs"
"ServiceOrderImg","class","LuxuryApp.Infrastructure.Data.Entities","OperationsLuxuryApp","LuxuryApp.Application.Modules.OperationsLuxuryApp.Domain.Entities.FieldService","Domain\Entities\FieldService\ServiceOrderImg.cs"
"GoogleCalendarEvent","class","LuxuryApp.Infrastructure.Data.Entities","OperationsLuxuryApp","LuxuryApp.Application.Modules.OperationsLuxuryApp.Domain.Entities.GoogleCalendar","Domain\Entities\GoogleCalendar\GoogleCalendarEvent.cs"
"GoogleCalendarGuest","class","LuxuryApp.Infrastructure.Data.Entities","OperationsLuxuryApp","LuxuryApp.Application.Modules.OperationsLuxuryApp.Domain.Entities.GoogleCalendar","Domain\Entities\GoogleCalendar\GoogleCalendarGuest.cs"
"JuntaMensualSession","class","LuxuryApp.Infrastructure.Data.Entities","OperationsLuxuryApp","LuxuryApp.Application.Modules.OperationsLuxuryApp.Domain.Entities.GoogleCalendar","Domain\Entities\GoogleCalendar\JuntaMensualSession.cs"
"CustomerInspection","class","LuxuryApp.Infrastructure.Data.Entities","OperationsLuxuryApp","LuxuryApp.Application.Modules.OperationsLuxuryApp.Domain.Entities.InspeccionesyAuditora","Domain\Entities\InspeccionesyAuditora\CustomerInspection.cs"
"Inspection","class","LuxuryApp.Infrastructure.Data.Entities","OperationsLuxuryApp","LuxuryApp.Application.Modules.OperationsLuxuryApp.Domain.Entities.InspeccionesyAuditora","Domain\Entities\InspeccionesyAuditora\Inspection.cs"
"InspectionCondominiumAsset","class","LuxuryApp.Infrastructure.Data.Entities","OperationsLuxuryApp","LuxuryApp.Application.Modules.OperationsLuxuryApp.Domain.Entities.InspeccionesyAuditora","Domain\Entities\InspeccionesyAuditora\InspectionCondominiumAsset.cs"
"InspectionResult","class","LuxuryApp.Infrastructure.Data.Entities","OperationsLuxuryApp","LuxuryApp.Application.Modules.OperationsLuxuryApp.Domain.Entities.InspeccionesyAuditora","Domain\Entities\InspeccionesyAuditora\InspectionResult.cs"
"InspectionResultImage","class","LuxuryApp.Infrastructure.Data.Entities","OperationsLuxuryApp","LuxuryApp.Application.Modules.OperationsLuxuryApp.Domain.Entities.InspeccionesyAuditora","Domain\Entities\InspeccionesyAuditora\InspectionResultImage.cs"
"InspectionReviews","class","LuxuryApp.Infrastructure.Data.Entities","OperationsLuxuryApp","LuxuryApp.Application.Modules.OperationsLuxuryApp.Domain.Entities.InspeccionesyAuditora","Domain\Entities\InspeccionesyAuditora\InspectionReviews.cs"
"InspectionReviewsCatalog","class","LuxuryApp.Infrastructure.Data.Entities","OperationsLuxuryApp","LuxuryApp.Application.Modules.OperationsLuxuryApp.Domain.Entities.InspeccionesyAuditora","Domain\Entities\InspeccionesyAuditora\InspectionReviewsCatalog.cs"
"InspectionWeeklyDay","class","LuxuryApp.Infrastructure.Data.Entities","OperationsLuxuryApp","LuxuryApp.Application.Modules.OperationsLuxuryApp.Domain.Entities.InspeccionesyAuditora","Domain\Entities\InspeccionesyAuditora\InspectionWeeklyDay.cs"
"ReportDefinition","class","LuxuryApp.Infrastructure.Data.Entities","OperationsLuxuryApp","LuxuryApp.Application.Modules.OperationsLuxuryApp.Domain.Entities.InspeccionesyAuditora","Domain\Entities\InspeccionesyAuditora\ReportDefinition.cs"
"ReportSubmissionRecord","class","LuxuryApp.Infrastructure.Data.Entities","OperationsLuxuryApp","LuxuryApp.Application.Modules.OperationsLuxuryApp.Domain.Entities.InspeccionesyAuditora","Domain\Entities\InspeccionesyAuditora\ReportSubmissionRecord.cs"
"Almacen","class","LuxuryApp.Infrastructure.Data.Entities","OperationsLuxuryApp","LuxuryApp.Application.Modules.OperationsLuxuryApp.Domain.Entities.InventariosyAlmacn","Domain\Entities\InventariosyAlmacn\Almacen.cs"
"AlmacenUsuarioResponsable","class","LuxuryApp.Infrastructure.Data.Entities","OperationsLuxuryApp","LuxuryApp.Application.Modules.OperationsLuxuryApp.Domain.Entities.InventariosyAlmacn","Domain\Entities\InventariosyAlmacn\AlmacenUsuarioResponsable.cs"
"EntradaProducto","class","LuxuryApp.Infrastructure.Data.Entities","OperationsLuxuryApp","LuxuryApp.Application.Modules.OperationsLuxuryApp.Domain.Entities.InventariosyAlmacn","Domain\Entities\InventariosyAlmacn\EntradaProducto.cs"
"EquipoContraIncendioBase","class","LuxuryApp.Infrastructure.Data.Entities","OperationsLuxuryApp","LuxuryApp.Application.Modules.OperationsLuxuryApp.Domain.Entities.InventariosyAlmacn","Domain\Entities\InventariosyAlmacn\EquipoContraIncendioBase.cs"
"InventarioDetectorHumo","class","LuxuryApp.Infrastructure.Data.Entities","OperationsLuxuryApp","LuxuryApp.Application.Modules.OperationsLuxuryApp.Domain.Entities.InventariosyAlmacn","Domain\Entities\InventariosyAlmacn\InventarioDetectorHumo.cs"
"InventarioEstacionManual","class","LuxuryApp.Infrastructure.Data.Entities","OperationsLuxuryApp","LuxuryApp.Application.Modules.OperationsLuxuryApp.Domain.Entities.InventariosyAlmacn","Domain\Entities\InventariosyAlmacn\InventarioEstacionManual.cs"
"InventarioExtintor","class","LuxuryApp.Infrastructure.Data.Entities","OperationsLuxuryApp","LuxuryApp.Application.Modules.OperationsLuxuryApp.Domain.Entities.InventariosyAlmacn","Domain\Entities\InventariosyAlmacn\InventarioExtintor.cs"
"InventarioHidrante","class","LuxuryApp.Infrastructure.Data.Entities","OperationsLuxuryApp","LuxuryApp.Application.Modules.OperationsLuxuryApp.Domain.Entities.InventariosyAlmacn","Domain\Entities\InventariosyAlmacn\InventarioHidrante.cs"
"InventarioIluminacion","class","LuxuryApp.Infrastructure.Data.Entities","OperationsLuxuryApp","LuxuryApp.Application.Modules.OperationsLuxuryApp.Domain.Entities.InventariosyAlmacn","Domain\Entities\InventariosyAlmacn\InventarioIluminacion.cs"
"InventarioLlave","class","LuxuryApp.Infrastructure.Data.Entities","OperationsLuxuryApp","LuxuryApp.Application.Modules.OperationsLuxuryApp.Domain.Entities.InventariosyAlmacn","Domain\Entities\InventariosyAlmacn\InventarioLlave.cs"
"InventarioPintura","class","LuxuryApp.Infrastructure.Data.Entities","OperationsLuxuryApp","LuxuryApp.Application.Modules.OperationsLuxuryApp.Domain.Entities.InventariosyAlmacn","Domain\Entities\InventariosyAlmacn\InventarioPintura.cs"
"RadioComunicacion","class","LuxuryApp.Infrastructure.Data.Entities","OperationsLuxuryApp","LuxuryApp.Application.Modules.OperationsLuxuryApp.Domain.Entities.InventariosyAlmacn","Domain\Entities\InventariosyAlmacn\RadioComunicacion.cs"
"SalidaProducto","class","LuxuryApp.Infrastructure.Data.Entities","OperationsLuxuryApp","LuxuryApp.Application.Modules.OperationsLuxuryApp.Domain.Entities.InventariosyAlmacn","Domain\Entities\InventariosyAlmacn\SalidaProducto.cs"
"StockPorAlmacen","class","LuxuryApp.Infrastructure.Data.Entities","OperationsLuxuryApp","LuxuryApp.Application.Modules.OperationsLuxuryApp.Domain.Entities.InventariosyAlmacn","Domain\Entities\InventariosyAlmacn\StockPorAlmacen.cs"
"Tool","class","LuxuryApp.Infrastructure.Data.Entities","OperationsLuxuryApp","LuxuryApp.Application.Modules.OperationsLuxuryApp.Domain.Entities.InventariosyAlmacn","Domain\Entities\InventariosyAlmacn\Tool.cs"
"ManualDiagram","class","LuxuryApp.Infrastructure.Data.Entities","OperationsLuxuryApp","LuxuryApp.Application.Modules.OperationsLuxuryApp.Domain.Entities.Manuals","Domain\Entities\Manuals\ManualDiagram.cs"
"ManualPaso","class","LuxuryApp.Infrastructure.Data.Entities","OperationsLuxuryApp","LuxuryApp.Application.Modules.OperationsLuxuryApp.Domain.Entities.Manuals","Domain\Entities\Manuals\ManualPaso.cs"
"ManualPasoEnlace","class","LuxuryApp.Infrastructure.Data.Entities","OperationsLuxuryApp","LuxuryApp.Application.Modules.OperationsLuxuryApp.Domain.Entities.Manuals","Domain\Entities\Manuals\ManualPasoEnlace.cs"
"ManualPasoImagen","class","LuxuryApp.Infrastructure.Data.Entities","OperationsLuxuryApp","LuxuryApp.Application.Modules.OperationsLuxuryApp.Domain.Entities.Manuals","Domain\Entities\Manuals\ManualPasoImagen.cs"
"ManualPasoResponsable","class","LuxuryApp.Infrastructure.Data.Entities","OperationsLuxuryApp","LuxuryApp.Application.Modules.OperationsLuxuryApp.Domain.Entities.Manuals","Domain\Entities\Manuals\ManualPasoResponsable.cs"
"ManualTemplate","class","LuxuryApp.Infrastructure.Data.Entities","OperationsLuxuryApp","LuxuryApp.Application.Modules.OperationsLuxuryApp.Domain.Entities.Manuals","Domain\Entities\Manuals\ManualTemplate.cs"
"ManualTemplateAttachment","class","LuxuryApp.Infrastructure.Data.Entities","OperationsLuxuryApp","LuxuryApp.Application.Modules.OperationsLuxuryApp.Domain.Entities.Manuals","Domain\Entities\Manuals\ManualTemplateAttachment.cs"
"ManualTemplateCustomer","class","LuxuryApp.Infrastructure.Data.Entities","OperationsLuxuryApp","LuxuryApp.Application.Modules.OperationsLuxuryApp.Domain.Entities.Manuals","Domain\Entities\Manuals\ManualTemplateCustomer.cs"
"ManualTemplateRole","class","LuxuryApp.Infrastructure.Data.Entities","OperationsLuxuryApp","LuxuryApp.Application.Modules.OperationsLuxuryApp.Domain.Entities.Manuals","Domain\Entities\Manuals\ManualTemplateRole.cs"
"ManualTemplateVersion","class","LuxuryApp.Infrastructure.Data.Entities","OperationsLuxuryApp","LuxuryApp.Application.Modules.OperationsLuxuryApp.Domain.Entities.Manuals","Domain\Entities\Manuals\ManualTemplateVersion.cs"
"ComiteVigilancia","class","LuxuryApp.Infrastructure.Data.Entities","OperationsLuxuryApp","LuxuryApp.Application.Modules.OperationsLuxuryApp.Domain.Entities.Meetings","Domain\Entities\Meetings\ComiteVigilancia.cs"
"Meeting","class","LuxuryApp.Infrastructure.Data.Entities","OperationsLuxuryApp","LuxuryApp.Application.Modules.OperationsLuxuryApp.Domain.Entities.Meetings","Domain\Entities\Meetings\Meeting.cs"
"MeetingAdministracion","class","LuxuryApp.Infrastructure.Data.Entities","OperationsLuxuryApp","LuxuryApp.Application.Modules.OperationsLuxuryApp.Domain.Entities.Meetings","Domain\Entities\Meetings\MeetingAdministracion.cs"
"MeetingComite","class","LuxuryApp.Infrastructure.Data.Entities","OperationsLuxuryApp","LuxuryApp.Application.Modules.OperationsLuxuryApp.Domain.Entities.Meetings","Domain\Entities\Meetings\MeetingComite.cs"
"MeetingDetails","class","LuxuryApp.Infrastructure.Data.Entities","OperationsLuxuryApp","LuxuryApp.Application.Modules.OperationsLuxuryApp.Domain.Entities.Meetings","Domain\Entities\Meetings\MeetingDetails.cs"
"MeetingDetailsSeguimiento","class","LuxuryApp.Infrastructure.Data.Entities","OperationsLuxuryApp","LuxuryApp.Application.Modules.OperationsLuxuryApp.Domain.Entities.Meetings","Domain\Entities\Meetings\MeetingDetailsSeguimiento.cs"
"MeetingInvitado","class","LuxuryApp.Infrastructure.Data.Entities","OperationsLuxuryApp","LuxuryApp.Application.Modules.OperationsLuxuryApp.Domain.Entities.Meetings","Domain\Entities\Meetings\MeetingInvitado.cs"
"PresentacionJuntaComite","class","LuxuryApp.Infrastructure.Data.Entities","OperationsLuxuryApp","LuxuryApp.Application.Modules.OperationsLuxuryApp.Domain.Entities.Meetings","Domain\Entities\Meetings\PresentacionJuntaComite.cs"
"TaskMeetings","class","LuxuryApp.Infrastructure.Data.Entities","OperationsLuxuryApp","LuxuryApp.Application.Modules.OperationsLuxuryApp.Domain.Entities.Meetings","Domain\Entities\Meetings\TaskMeetings.cs"
"PanicAlert","class","LuxuryApp.Infrastructure.Data.Entities","OperationsLuxuryApp","LuxuryApp.Application.Modules.OperationsLuxuryApp.Domain.Entities.PanicAlert","Domain\Entities\PanicAlert\PanicAlert.cs"
"CatalogoEntregaRecepcionDescripcion","class","LuxuryApp.Infrastructure.Data.Entities","OperationsLuxuryApp","LuxuryApp.Application.Modules.OperationsLuxuryApp.Domain.Entities.Properties","Domain\Entities\Properties\CatalogoEntregaRecepcionDescripcion.cs"
"EntregaRecepcionCliente","class","LuxuryApp.Infrastructure.Data.Entities","OperationsLuxuryApp","LuxuryApp.Application.Modules.OperationsLuxuryApp.Domain.Entities.Properties","Domain\Entities\Properties\EntregaRecepcionCliente.cs"
"EntregaRecepcionDescripcion","class","LuxuryApp.Infrastructure.Data.Entities","OperationsLuxuryApp","LuxuryApp.Application.Modules.OperationsLuxuryApp.Domain.Entities.Properties","Domain\Entities\Properties\EntregaRecepcionDescripcion.cs"
"Property","class","LuxuryApp.Infrastructure.Data.Entities","OperationsLuxuryApp","LuxuryApp.Application.Modules.OperationsLuxuryApp.Domain.Entities.Properties","Domain\Entities\Properties\Property.cs"
"PropertyMember","class","LuxuryApp.Infrastructure.Data.Entities","OperationsLuxuryApp","LuxuryApp.Application.Modules.OperationsLuxuryApp.Domain.Entities.Properties","Domain\Entities\Properties\PropertyMember.cs"
"PropertyOccupant","class","LuxuryApp.Infrastructure.Data.Entities","OperationsLuxuryApp","LuxuryApp.Application.Modules.OperationsLuxuryApp.Domain.Entities.Properties","Domain\Entities\Properties\PropertyOccupant.cs"
"AgendaSupervision","class","LuxuryApp.Infrastructure.Data.Entities","OperationsLuxuryApp","LuxuryApp.Application.Modules.OperationsLuxuryApp.Domain.Entities.Supervision","Domain\Entities\Supervision\AgendaSupervision.cs"
"CustomerTaskItemConfig","class","LuxuryApp.Infrastructure.Data.Entities","OperationsLuxuryApp","LuxuryApp.Application.Modules.OperationsLuxuryApp.Domain.Entities.TaskEngine","Domain\Entities\TaskEngine\CustomerTaskItemConfig.cs"
"RecurringTaskTemplate","class","LuxuryApp.Infrastructure.Data.Entities","OperationsLuxuryApp","LuxuryApp.Application.Modules.OperationsLuxuryApp.Domain.Entities.TaskEngine","Domain\Entities\TaskEngine\RecurringTaskTemplate.cs"
"TaskAlertLog","class","LuxuryApp.Infrastructure.Data.Entities","OperationsLuxuryApp","LuxuryApp.Application.Modules.OperationsLuxuryApp.Domain.Entities.TaskEngine","Domain\Entities\TaskEngine\TaskAlertLog.cs"
"TaskAttachment","class","LuxuryApp.Infrastructure.Data.Entities","OperationsLuxuryApp","LuxuryApp.Application.Modules.OperationsLuxuryApp.Domain.Entities.TaskEngine","Domain\Entities\TaskEngine\TaskAttachment.cs"
"TaskChangeLog","class","LuxuryApp.Infrastructure.Data.Entities","OperationsLuxuryApp","LuxuryApp.Application.Modules.OperationsLuxuryApp.Domain.Entities.TaskEngine","Domain\Entities\TaskEngine\TaskChangeLog.cs"
"TaskChecklistItem","class","LuxuryApp.Infrastructure.Data.Entities","OperationsLuxuryApp","LuxuryApp.Application.Modules.OperationsLuxuryApp.Domain.Entities.TaskEngine","Domain\Entities\TaskEngine\TaskChecklistItem.cs"
"TaskComment","class","LuxuryApp.Infrastructure.Data.Entities","OperationsLuxuryApp","LuxuryApp.Application.Modules.OperationsLuxuryApp.Domain.Entities.TaskEngine","Domain\Entities\TaskEngine\TaskComment.cs"
"TaskFollowUp","class","LuxuryApp.Infrastructure.Data.Entities","OperationsLuxuryApp","LuxuryApp.Application.Modules.OperationsLuxuryApp.Domain.Entities.TaskEngine","Domain\Entities\TaskEngine\TaskFollowUp.cs"
"TaskInstance","class","LuxuryApp.Infrastructure.Data.Entities","OperationsLuxuryApp","LuxuryApp.Application.Modules.OperationsLuxuryApp.Domain.Entities.TaskEngine","Domain\Entities\TaskEngine\TaskInstance.cs"
"TaskJustification","class","LuxuryApp.Infrastructure.Data.Entities","OperationsLuxuryApp","LuxuryApp.Application.Modules.OperationsLuxuryApp.Domain.Entities.TaskEngine","Domain\Entities\TaskEngine\TaskJustification.cs"
"TaskMessageReads","class","LuxuryApp.Infrastructure.Data.Entities","OperationsLuxuryApp","LuxuryApp.Application.Modules.OperationsLuxuryApp.Domain.Entities.TaskEngine","Domain\Entities\TaskEngine\TaskMessageReads.cs"
"Tasks","class","LuxuryApp.Infrastructure.Data.Entities","OperationsLuxuryApp","LuxuryApp.Application.Modules.OperationsLuxuryApp.Domain.Entities.TaskEngine","Domain\Entities\TaskEngine\Tasks.cs"
"TaskServiceOrder","class","LuxuryApp.Infrastructure.Data.Entities","OperationsLuxuryApp","LuxuryApp.Application.Modules.OperationsLuxuryApp.Domain.Entities.TaskEngine","Domain\Entities\TaskEngine\TaskServiceOrder.cs"
"TaskTemplate","class","LuxuryApp.Infrastructure.Data.Entities","OperationsLuxuryApp","LuxuryApp.Application.Modules.OperationsLuxuryApp.Domain.Entities.TaskEngine","Domain\Entities\TaskEngine\TaskTemplate.cs"
"TaskTemplateCustomer","class","LuxuryApp.Infrastructure.Data.Entities","OperationsLuxuryApp","LuxuryApp.Application.Modules.OperationsLuxuryApp.Domain.Entities.TaskEngine","Domain\Entities\TaskEngine\TaskTemplateCustomer.cs"
"TaskTemplateItem","class","LuxuryApp.Infrastructure.Data.Entities","OperationsLuxuryApp","LuxuryApp.Application.Modules.OperationsLuxuryApp.Domain.Entities.TaskEngine","Domain\Entities\TaskEngine\TaskTemplateItem.cs"
"TaskWeeklyWork","class","LuxuryApp.Infrastructure.Data.Entities","OperationsLuxuryApp","LuxuryApp.Application.Modules.OperationsLuxuryApp.Domain.Entities.TaskEngine","Domain\Entities\TaskEngine\TaskWeeklyWork.cs"
"TaskWorkPlan","class","LuxuryApp.Infrastructure.Data.Entities","OperationsLuxuryApp","LuxuryApp.Application.Modules.OperationsLuxuryApp.Domain.Entities.TaskEngine","Domain\Entities\TaskEngine\TaskWorkPlan.cs"
"WorkGroup","class","LuxuryApp.Infrastructure.Data.Entities","OperationsLuxuryApp","LuxuryApp.Application.Modules.OperationsLuxuryApp.Domain.Entities.TaskEngine","Domain\Entities\TaskEngine\WorkGroup.cs"
"WorkGroupMembers","class","LuxuryApp.Infrastructure.Data.Entities","OperationsLuxuryApp","LuxuryApp.Application.Modules.OperationsLuxuryApp.Domain.Entities.TaskEngine","Domain\Entities\TaskEngine\WorkGroupMembers.cs"
"GoogleCalendarAssemblyChecklistExecutionDTO","record","LuxuryApp.Application.DTOs","OperationsLuxuryApp","LuxuryApp.Application.Modules.OperationsLuxuryApp.GoogleCalendar.DTOs","GoogleCalendar\DTOs\GoogleCalendarAssemblyChecklistExecutionDTO.cs"
"GoogleCalendarAssemblyInviteeDTO","record","LuxuryApp.Application.DTOs","OperationsLuxuryApp","LuxuryApp.Application.Modules.OperationsLuxuryApp.GoogleCalendar.DTOs","GoogleCalendar\DTOs\GoogleCalendarAssemblyInviteeDTO.cs"
"GoogleCalendarAssemblyPlanDTO","record","LuxuryApp.Application.DTOs","OperationsLuxuryApp","LuxuryApp.Application.Modules.OperationsLuxuryApp.GoogleCalendar.DTOs","GoogleCalendar\DTOs\GoogleCalendarAssemblyPlanDTO.cs"
"GoogleCalendarAssemblySupportRequestDTO","record","LuxuryApp.Application.DTOs","OperationsLuxuryApp","LuxuryApp.Application.Modules.OperationsLuxuryApp.GoogleCalendar.DTOs","GoogleCalendar\DTOs\GoogleCalendarAssemblySupportRequestDTO.cs"
"GoogleCalendarConnectionStatusDTO","record","LuxuryApp.Application.DTOs","OperationsLuxuryApp","LuxuryApp.Application.Modules.OperationsLuxuryApp.GoogleCalendar.DTOs","GoogleCalendar\DTOs\GoogleCalendarConnectionStatusDTO.cs"
"GoogleCalendarEventAddOrEditDTO","record","LuxuryApp.Application.DTOs","OperationsLuxuryApp","LuxuryApp.Application.Modules.OperationsLuxuryApp.GoogleCalendar.DTOs","GoogleCalendar\DTOs\GoogleCalendarEventAddOrEditDTO.cs"
"GoogleCalendarEventDetailDTO","record","LuxuryApp.Application.DTOs","OperationsLuxuryApp","LuxuryApp.Application.Modules.OperationsLuxuryApp.GoogleCalendar.DTOs","GoogleCalendar\DTOs\GoogleCalendarEventDetailDTO.cs"
"GoogleCalendarEventListItemDTO","record","LuxuryApp.Application.DTOs","OperationsLuxuryApp","LuxuryApp.Application.Modules.OperationsLuxuryApp.GoogleCalendar.DTOs","GoogleCalendar\DTOs\GoogleCalendarEventListItemDTO.cs"
"GoogleCalendarEventRealTimeUpdateDTO","record","LuxuryApp.Application.DTOs","OperationsLuxuryApp","LuxuryApp.Application.Modules.OperationsLuxuryApp.GoogleCalendar.DTOs","GoogleCalendar\DTOs\GoogleCalendarEventRealTimeUpdateDTO.cs"
"GoogleCalendarEventSyncRequestDTO","record","LuxuryApp.Application.DTOs","OperationsLuxuryApp","LuxuryApp.Application.Modules.OperationsLuxuryApp.GoogleCalendar.DTOs","GoogleCalendar\DTOs\GoogleCalendarEventSyncRequestDTO.cs"
"GoogleCalendarGuestDTO","record","LuxuryApp.Application.DTOs","OperationsLuxuryApp","LuxuryApp.Application.Modules.OperationsLuxuryApp.GoogleCalendar.DTOs","GoogleCalendar\DTOs\GoogleCalendarGuestDTO.cs"
"GoogleCalendarGuestSyncDTO","record","LuxuryApp.Application.DTOs","OperationsLuxuryApp","LuxuryApp.Application.Modules.OperationsLuxuryApp.GoogleCalendar.DTOs","GoogleCalendar\DTOs\GoogleCalendarGuestSyncDTO.cs"
"GoogleCalendarSyncResultDTO","record","LuxuryApp.Application.DTOs","OperationsLuxuryApp","LuxuryApp.Application.Modules.OperationsLuxuryApp.GoogleCalendar.DTOs","GoogleCalendar\DTOs\GoogleCalendarSyncResultDTO.cs"
"GoogleCalendarEventsEndPoints","class","LuxuryApp.Application.EndPoints","OperationsLuxuryApp","LuxuryApp.Application.Modules.OperationsLuxuryApp.GoogleCalendar.EndPoints","GoogleCalendar\EndPoints\GoogleCalendarEventsEndpoints.cs"
"GoogleCalendarEventOccurrenceData","record","LuxuryApp.Application.Events","OperationsLuxuryApp","LuxuryApp.Application.Modules.OperationsLuxuryApp.GoogleCalendar.Events","GoogleCalendar\Events\GoogleCalendarEventOccurrenceData.cs"
"IGoogleCalendarEventAppService","interface","LuxuryApp.Application.Interfaces","OperationsLuxuryApp","LuxuryApp.Application.Modules.OperationsLuxuryApp.GoogleCalendar.Interfaces","GoogleCalendar\Interfaces\IGoogleCalendarEventAppService.cs"
"IGoogleCalendarService","interface","LuxuryApp.Application.Interfaces","OperationsLuxuryApp","LuxuryApp.Application.Modules.OperationsLuxuryApp.GoogleCalendar.Interfaces","GoogleCalendar\Interfaces\IGoogleCalendarService.cs"
"GoogleCalendarEventAppService","class","LuxuryApp.Application.Services","OperationsLuxuryApp","LuxuryApp.Application.Modules.OperationsLuxuryApp.GoogleCalendar.Services","GoogleCalendar\Services\GoogleCalendarEventAppService.cs"
"GoogleCalendarService","class","LuxuryApp.Application.Services","OperationsLuxuryApp","LuxuryApp.Application.Modules.OperationsLuxuryApp.GoogleCalendar.Services","GoogleCalendar\Services\GoogleCalendarService.cs"
"AccessCredentialConfiguration","class","LuxuryApp.Infrastructure.Data.EntityConfigurations","OperationsLuxuryApp","LuxuryApp.Application.Modules.OperationsLuxuryApp.Infrastructure.Persistence.AccessControl","Infrastructure\Persistence\AccessControl\AccessCredentialConfiguration.cs"
"AccessEventConfiguration","class","LuxuryApp.Infrastructure.Data.EntityConfigurations","OperationsLuxuryApp","LuxuryApp.Application.Modules.OperationsLuxuryApp.Infrastructure.Persistence.AccessControl","Infrastructure\Persistence\AccessControl\AccessEventConfiguration.cs"
"AccessPointConfiguration","class","LuxuryApp.Infrastructure.Data.EntityConfigurations","OperationsLuxuryApp","LuxuryApp.Application.Modules.OperationsLuxuryApp.Infrastructure.Persistence.AccessControl","Infrastructure\Persistence\AccessControl\AccessPointConfiguration.cs"
"GuardShiftConfiguration","class","LuxuryApp.Infrastructure.Data.EntityConfigurations","OperationsLuxuryApp","LuxuryApp.Application.Modules.OperationsLuxuryApp.Infrastructure.Persistence.AccessControl","Infrastructure\Persistence\AccessControl\GuardShiftConfiguration.cs"
"InvitationConfiguration","class","LuxuryApp.Infrastructure.Data.EntityConfigurations","OperationsLuxuryApp","LuxuryApp.Application.Modules.OperationsLuxuryApp.Infrastructure.Persistence.AccessControl","Infrastructure\Persistence\AccessControl\InvitationConfiguration.cs"
"VisitConfiguration","class","LuxuryApp.Infrastructure.Data.EntityConfigurations","OperationsLuxuryApp","LuxuryApp.Application.Modules.OperationsLuxuryApp.Infrastructure.Persistence.AccessControl","Infrastructure\Persistence\AccessControl\VisitConfiguration.cs"
"VisitorConfiguration","class","LuxuryApp.Infrastructure.Data.EntityConfigurations","OperationsLuxuryApp","LuxuryApp.Application.Modules.OperationsLuxuryApp.Infrastructure.Persistence.AccessControl","Infrastructure\Persistence\AccessControl\VisitorConfiguration.cs"
"ManualDiagramConfiguration","class","LuxuryApp.Infrastructure.Data.EntityConfigurations","OperationsLuxuryApp","LuxuryApp.Application.Modules.OperationsLuxuryApp.Infrastructure.Persistence.Comite","Infrastructure\Persistence\Comite\ManualDiagramConfiguration.cs"
"ManualPasoConfiguration","class","LuxuryApp.Infrastructure.Data.EntityConfigurations","OperationsLuxuryApp","LuxuryApp.Application.Modules.OperationsLuxuryApp.Infrastructure.Persistence.Comite","Infrastructure\Persistence\Comite\ManualPasoConfiguration.cs"
"ManualPasoImagenConfiguration","class","LuxuryApp.Infrastructure.Data.EntityConfigurations","OperationsLuxuryApp","LuxuryApp.Application.Modules.OperationsLuxuryApp.Infrastructure.Persistence.Comite","Infrastructure\Persistence\Comite\ManualPasoImagenConfiguration.cs"
"ManualPasoResponsableConfiguration","class","LuxuryApp.Infrastructure.Data.EntityConfigurations","OperationsLuxuryApp","LuxuryApp.Application.Modules.OperationsLuxuryApp.Infrastructure.Persistence.Comite","Infrastructure\Persistence\Comite\ManualPasoResponsableConfiguration.cs"
"AsambleaPlanConfiguration","class","LuxuryApp.Infrastructure.Data.EntityConfigurations.JuntasMensuales","OperationsLuxuryApp","LuxuryApp.Application.Modules.OperationsLuxuryApp.Infrastructure.Persistence.JuntasMensuales","Infrastructure\Persistence\JuntasMensuales\AsambleaConfigurations.cs"
"JuntaMensualSessionConfiguration","class","LuxuryApp.Infrastructure.Data.EntityConfigurations.JuntasMensuales","OperationsLuxuryApp","LuxuryApp.Application.Modules.OperationsLuxuryApp.Infrastructure.Persistence.JuntasMensuales","Infrastructure\Persistence\JuntasMensuales\JuntaMensualSessionConfigurations.cs"
"CotizacionProveedorConfiguration","class","LuxuryApp.Infrastructure.Data.EntityConfigurations","OperationsLuxuryApp","LuxuryApp.Application.Modules.OperationsLuxuryApp.Infrastructure.Persistence.Operaciones","Infrastructure\Persistence\Operaciones\CotizacionProveedorConfiguration.cs"
"GoogleCalendarEventConfiguration","class","LuxuryApp.Infrastructure.Data.EntityConfigurations.Operaciones","OperationsLuxuryApp","LuxuryApp.Application.Modules.OperationsLuxuryApp.Infrastructure.Persistence.Operaciones","Infrastructure\Persistence\Operaciones\GoogleCalendarConfigurations.cs"
"PanicAlertConfiguration","class","LuxuryApp.Infrastructure.Data.EntityConfigurations","OperationsLuxuryApp","LuxuryApp.Application.Modules.OperationsLuxuryApp.Infrastructure.Persistence.Operaciones","Infrastructure\Persistence\Operaciones\PanicAlertConfiguration.cs"
"RecepcionPipaAguaConfiguration","class","LuxuryApp.Infrastructure.Data.EntityConfigurations.Operaciones","OperationsLuxuryApp","LuxuryApp.Application.Modules.OperationsLuxuryApp.Infrastructure.Persistence.Operaciones","Infrastructure\Persistence\Operaciones\RecepcionPipaAguaConfiguration.cs"
"SolicitudCompraConfiguration","class","LuxuryApp.Infrastructure.Data.EntityConfigurations","OperationsLuxuryApp","LuxuryApp.Application.Modules.OperationsLuxuryApp.Infrastructure.Persistence.Operaciones","Infrastructure\Persistence\Operaciones\SolicitudCompraConfiguration.cs"
"TaskTemplateCustomerConfiguration","class","LuxuryApp.Infrastructure.Data.EntityConfigurations","OperationsLuxuryApp","LuxuryApp.Application.Modules.OperationsLuxuryApp.Infrastructure.Persistence.Operaciones","Infrastructure\Persistence\Operaciones\TaskOperationalConfigurations.cs"
"TasksConfiguration","class","LuxuryApp.Infrastructure.Data.EntityConfigurations","OperationsLuxuryApp","LuxuryApp.Application.Modules.OperationsLuxuryApp.Infrastructure.Persistence.Operaciones","Infrastructure\Persistence\Operaciones\TasksConfiguration.cs"
"AlmacenUsuarioResponsableConfiguration","class","LuxuryApp.Infrastructure.Data.EntityConfigurations","OperationsLuxuryApp","LuxuryApp.Application.Modules.OperationsLuxuryApp.Infrastructure.Persistence.Operaciones","Infrastructure\Persistence\Operaciones\UserAndLogisticsConfigurations.cs"
"CatalogInspectionAddOrEditDTO","record","LuxuryApp.Application.DTOs","OperationsLuxuryApp","LuxuryApp.Application.Modules.OperationsLuxuryApp.Inspections.DTOs","Inspections\DTOs\CatalogInspectionAddOrEditDTO.cs"
"CatalogInspectionDTO","record","LuxuryApp.Application.DTOs","OperationsLuxuryApp","LuxuryApp.Application.Modules.OperationsLuxuryApp.Inspections.DTOs","Inspections\DTOs\CatalogInspectionDTO.cs"
"CustomerInspectionDTO","record","LuxuryApp.Application.DTOs","OperationsLuxuryApp","LuxuryApp.Application.Modules.OperationsLuxuryApp.Inspections.DTOs","Inspections\DTOs\CustomerInspectionDTO.cs"
"CustomerInspectionReportDTO","record","LuxuryApp.Application.DTOs","OperationsLuxuryApp","LuxuryApp.Application.Modules.OperationsLuxuryApp.Inspections.DTOs","Inspections\DTOs\CustomerInspectionReportDTO.cs"
"GroupedInspectionDataDTO","record","LuxuryApp.Application.DTOs","OperationsLuxuryApp","LuxuryApp.Application.Modules.OperationsLuxuryApp.Inspections.DTOs","Inspections\DTOs\GroupedInspectionDataDTO.cs"
"InspectionAddOrEditDTO","record","LuxuryApp.Application.DTOs","OperationsLuxuryApp","LuxuryApp.Application.Modules.OperationsLuxuryApp.Inspections.DTOs","Inspections\DTOs\InspectionAddOrEditDTO.cs"
"InspectionCondominiumAssetAddOrEditDTO","record","LuxuryApp.Application.DTOs","OperationsLuxuryApp","LuxuryApp.Application.Modules.OperationsLuxuryApp.Inspections.DTOs","Inspections\DTOs\InspectionCondominiumAssetAddOrEditDTO.cs"
"InspectionCondominiumAssetDTO","record","LuxuryApp.Application.DTOs","OperationsLuxuryApp","LuxuryApp.Application.Modules.OperationsLuxuryApp.Inspections.DTOs","Inspections\DTOs\InspectionCondominiumAssetDTO.cs"
"InspectionDTO","record","LuxuryApp.Application.DTOs","OperationsLuxuryApp","LuxuryApp.Application.Modules.OperationsLuxuryApp.Inspections.DTOs","Inspections\DTOs\InspectionDTO.cs"
"InspectionEditDTO","record","LuxuryApp.Application.DTOs","OperationsLuxuryApp","LuxuryApp.Application.Modules.OperationsLuxuryApp.Inspections.DTOs","Inspections\DTOs\InspectionEditDTO.cs"
"InspectionImageDTO","record","LuxuryApp.Application.DTOs","OperationsLuxuryApp","LuxuryApp.Application.Modules.OperationsLuxuryApp.Inspections.DTOs","Inspections\DTOs\InspectionImageDTO.cs"
"InspectionImageListDTO","record","LuxuryApp.Application.DTOs","OperationsLuxuryApp","LuxuryApp.Application.Modules.OperationsLuxuryApp.Inspections.DTOs","Inspections\DTOs\InspectionImageListDTO.cs"
"InspectionItemUpdateDTO","record","LuxuryApp.Application.DTOs","OperationsLuxuryApp","LuxuryApp.Application.Modules.OperationsLuxuryApp.Inspections.DTOs","Inspections\DTOs\InspectionItemUpdateDTO.cs"
"InspectionListItemDTO","record","LuxuryApp.Application.DTOs","OperationsLuxuryApp","LuxuryApp.Application.Modules.OperationsLuxuryApp.Inspections.DTOs","Inspections\DTOs\InspectionListItemDTO.cs"
"InspectionResultItemDTO","record","LuxuryApp.Application.DTOs","OperationsLuxuryApp","LuxuryApp.Application.Modules.OperationsLuxuryApp.Inspections.DTOs","Inspections\DTOs\InspectionResultItemDTO.cs"
"InspectionSummaryDTO","record","LuxuryApp.Application.DTOs","OperationsLuxuryApp","LuxuryApp.Application.Modules.OperationsLuxuryApp.Inspections.DTOs","Inspections\DTOs\InspectionSummaryDTO.cs"
"ReportImageDTO","record","LuxuryApp.Application.DTOs","OperationsLuxuryApp","LuxuryApp.Application.Modules.OperationsLuxuryApp.Inspections.DTOs","Inspections\DTOs\ReportImageDTO.cs"
"ReportResultItemDTO","record","LuxuryApp.Application.DTOs","OperationsLuxuryApp","LuxuryApp.Application.Modules.OperationsLuxuryApp.Inspections.DTOs","Inspections\DTOs\ReportResultItemDTO.cs"
"InspectionCondominiumAssetEndPoints","class","LuxuryApp.Application.EndPoints","OperationsLuxuryApp","LuxuryApp.Application.Modules.OperationsLuxuryApp.Inspections.EndPoints","Inspections\EndPoints\InspectionCondominiumAssetEndpoints.cs"
"InspectionEndPoints","class","LuxuryApp.Application.EndPoints","OperationsLuxuryApp","LuxuryApp.Application.Modules.OperationsLuxuryApp.Inspections.EndPoints","Inspections\EndPoints\InspectionEndpoints.cs"
"InspectionResultEndPoints","class","LuxuryApp.Application.EndPoints","OperationsLuxuryApp","LuxuryApp.Application.Modules.OperationsLuxuryApp.Inspections.EndPoints","Inspections\EndPoints\InspectionResultEndpoints.cs"
"InspectionResultImagesEndPoints","class","LuxuryApp.Application.EndPoints","OperationsLuxuryApp","LuxuryApp.Application.Modules.OperationsLuxuryApp.Inspections.EndPoints","Inspections\EndPoints\InspectionResultImagesEndpoints.cs"
"InspectionReviewsCatalogEndPoints","class","LuxuryApp.Application.EndPoints","OperationsLuxuryApp","LuxuryApp.Application.Modules.OperationsLuxuryApp.Inspections.EndPoints","Inspections\EndPoints\InspectionReviewsCatalogEndpoints.cs"
"ICatalogInspectionAppService","interface","LuxuryApp.Application.Interfaces","OperationsLuxuryApp","LuxuryApp.Application.Modules.OperationsLuxuryApp.Inspections.Interfaces","Inspections\Interfaces\ICatalogInspectionAppService.cs"
"ICustomerInspectionAppService","interface","LuxuryApp.Application.Interfaces","OperationsLuxuryApp","LuxuryApp.Application.Modules.OperationsLuxuryApp.Inspections.Interfaces","Inspections\Interfaces\ICustomerInspectionAppService.cs"
"IInspectionAppService","interface","LuxuryApp.Application.Interfaces","OperationsLuxuryApp","LuxuryApp.Application.Modules.OperationsLuxuryApp.Inspections.Interfaces","Inspections\Interfaces\IInspectionAppService.cs"
"IInspectionCondominiumAssetAppService","interface","LuxuryApp.Application.Interfaces","OperationsLuxuryApp","LuxuryApp.Application.Modules.OperationsLuxuryApp.Inspections.Interfaces","Inspections\Interfaces\IInspectionCondominiumAssetAppService.cs"
"IInspectionResultImageAppService","interface","LuxuryApp.Application.Interfaces","OperationsLuxuryApp","LuxuryApp.Application.Modules.OperationsLuxuryApp.Inspections.Interfaces","Inspections\Interfaces\IInspectionResultImageAppService.cs"
"IInspectionReviewsCatalogAppService","interface","LuxuryApp.Application.Interfaces","OperationsLuxuryApp","LuxuryApp.Application.Modules.OperationsLuxuryApp.Inspections.Interfaces","Inspections\Interfaces\IInspectionReviewsCatalogAppService.cs"
"CatalogInspectionAppService","class","LuxuryApp.Application.Services","OperationsLuxuryApp","LuxuryApp.Application.Modules.OperationsLuxuryApp.Inspections.Services","Inspections\Services\CatalogInspectionAppService.cs"
"CustomerInspectionAppService","class","LuxuryApp.Application.Services","OperationsLuxuryApp","LuxuryApp.Application.Modules.OperationsLuxuryApp.Inspections.Services","Inspections\Services\CustomerInspectionAppService.cs"
"InspectionAppService","class","LuxuryApp.Application.Services","OperationsLuxuryApp","LuxuryApp.Application.Modules.OperationsLuxuryApp.Inspections.Services","Inspections\Services\InspectionAppService.cs"
"InspectionCondominiumAssetAppService","class","LuxuryApp.Application.Services","OperationsLuxuryApp","LuxuryApp.Application.Modules.OperationsLuxuryApp.Inspections.Services","Inspections\Services\InspectionCondominiumAssetAppService.cs"
"InspectionResultImageAppService","class","LuxuryApp.Application.Services","OperationsLuxuryApp","LuxuryApp.Application.Modules.OperationsLuxuryApp.Inspections.Services","Inspections\Services\InspectionResultImageAppService.cs"
"InspectionReviewsCatalogAppService","class","LuxuryApp.Application.Services","OperationsLuxuryApp","LuxuryApp.Application.Modules.OperationsLuxuryApp.Inspections.Services","Inspections\Services\InspectionReviewsCatalogAppService.cs"
"AlmacenAddOrEditDTO","record","LuxuryApp.Application.DTOs","OperationsLuxuryApp","LuxuryApp.Application.Modules.OperationsLuxuryApp.Inventory.DTOs","Inventory\DTOs\AlmacenAddOrEditDTO.cs"
"AlmacenDTO","record","LuxuryApp.Application.DTOs","OperationsLuxuryApp","LuxuryApp.Application.Modules.OperationsLuxuryApp.Inventory.DTOs","Inventory\DTOs\AlmacenDTO.cs"
"AsignarResponsablesDTO","record","LuxuryApp.Application.DTOs","OperationsLuxuryApp","LuxuryApp.Application.Modules.OperationsLuxuryApp.Inventory.DTOs","Inventory\DTOs\AsignarResponsablesDTO.cs"
"DevolucionProductoDTO","record","LuxuryApp.Application.DTOs","OperationsLuxuryApp","LuxuryApp.Application.Modules.OperationsLuxuryApp.Inventory.DTOs","Inventory\DTOs\DevolucionProductoDTO.cs"
"EntradaProductoAddOrEditDTO","record","LuxuryApp.Application.DTOs","OperationsLuxuryApp","LuxuryApp.Application.Modules.OperationsLuxuryApp.Inventory.DTOs","Inventory\DTOs\EntradaProductoAddOrEditDTO.cs"
"EntradaProductoDTO","record","LuxuryApp.Application.DTOs","OperationsLuxuryApp","LuxuryApp.Application.Modules.OperationsLuxuryApp.Inventory.DTOs","Inventory\DTOs\EntradaProductoDTO.cs"
"ListProductoToOrderDTO","record","LuxuryApp.Application.DTOs","OperationsLuxuryApp","LuxuryApp.Application.Modules.OperationsLuxuryApp.Inventory.DTOs","Inventory\DTOs\ListProductoToOrderDTO.cs"
"ListProductoToOrderPagedListDTO","record","LuxuryApp.Application.DTOs","OperationsLuxuryApp","LuxuryApp.Application.Modules.OperationsLuxuryApp.Inventory.DTOs","Inventory\DTOs\ListProductoToOrderPagedListDTO.cs"
"ProductoAddOrEditDTO","record","LuxuryApp.Application.DTOs","OperationsLuxuryApp","LuxuryApp.Application.Modules.OperationsLuxuryApp.Inventory.DTOs","Inventory\DTOs\ProductoAddOrEditDTO.cs"
"ProductoDTO","record","LuxuryApp.Application.DTOs","OperationsLuxuryApp","LuxuryApp.Application.Modules.OperationsLuxuryApp.Inventory.DTOs","Inventory\DTOs\ProductoDTO.cs"
"ProductoIndexDTO","record","LuxuryApp.Application.DTOs","OperationsLuxuryApp","LuxuryApp.Application.Modules.OperationsLuxuryApp.Inventory.DTOs","Inventory\DTOs\ProductoIndexDTO.cs"
"ProductoListAddDTO","record","LuxuryApp.Application.DTOs","OperationsLuxuryApp","LuxuryApp.Application.Modules.OperationsLuxuryApp.Inventory.DTOs","Inventory\DTOs\ProductoListAddDTO.cs"
"SalidaProductoAddOrEditDTO","record","LuxuryApp.Application.DTOs","OperationsLuxuryApp","LuxuryApp.Application.Modules.OperationsLuxuryApp.Inventory.DTOs","Inventory\DTOs\SalidaProductoAddOrEditDTO.cs"
"SalidaProductoDTO","record","LuxuryApp.Application.DTOs","OperationsLuxuryApp","LuxuryApp.Application.Modules.OperationsLuxuryApp.Inventory.DTOs","Inventory\DTOs\SalidaProductoDTO.cs"
"StockPorAlmacenAddOrEditDTO","record","LuxuryApp.Application.DTOs","OperationsLuxuryApp","LuxuryApp.Application.Modules.OperationsLuxuryApp.Inventory.DTOs","Inventory\DTOs\StockPorAlmacenAddOrEditDTO.cs"
"StockPorAlmacenDTO","record","LuxuryApp.Application.DTOs","OperationsLuxuryApp","LuxuryApp.Application.Modules.OperationsLuxuryApp.Inventory.DTOs","Inventory\DTOs\StockPorAlmacenDTO.cs"
"StockPorAlmacenIndexDTO","record","LuxuryApp.Application.DTOs","OperationsLuxuryApp","LuxuryApp.Application.Modules.OperationsLuxuryApp.Inventory.DTOs","Inventory\DTOs\StockPorAlmacenIndexDTO.cs"
"AlmacenEndPoints","class","LuxuryApp.Application.EndPoints","OperationsLuxuryApp","LuxuryApp.Application.Modules.OperationsLuxuryApp.Inventory.EndPoints","Inventory\EndPoints\AlmacenEndpoints.cs"
"EntradaProductoEndPoints","class","LuxuryApp.Application.EndPoints","OperationsLuxuryApp","LuxuryApp.Application.Modules.OperationsLuxuryApp.Inventory.EndPoints","Inventory\EndPoints\EntradaProductoEndpoints.cs"
"InventarioProductoEndPoints","class","LuxuryApp.Application.EndPoints","OperationsLuxuryApp","LuxuryApp.Application.Modules.OperationsLuxuryApp.Inventory.EndPoints","Inventory\EndPoints\InventarioProductoEndpoints.cs"
"ProductosEndPoints","class","LuxuryApp.Application.EndPoints","OperationsLuxuryApp","LuxuryApp.Application.Modules.OperationsLuxuryApp.Inventory.EndPoints","Inventory\EndPoints\ProductosEndpoints.cs"
"SalidasProductosEndPoints","class","LuxuryApp.Application.EndPoints","OperationsLuxuryApp","LuxuryApp.Application.Modules.OperationsLuxuryApp.Inventory.EndPoints","Inventory\EndPoints\SalidasProductosEndpoints.cs"
"IAlmacenAppService","interface","LuxuryApp.Application.Interfaces","OperationsLuxuryApp","LuxuryApp.Application.Modules.OperationsLuxuryApp.Inventory.Interfaces","Inventory\Interfaces\IAlmacenAppService.cs"
"IEntradaProductoAppService","interface","LuxuryApp.Application.Interfaces","OperationsLuxuryApp","LuxuryApp.Application.Modules.OperationsLuxuryApp.Inventory.Interfaces","Inventory\Interfaces\IEntradaProductoAppService.cs"
"IProductAppService","interface","LuxuryApp.Application.Interfaces","OperationsLuxuryApp","LuxuryApp.Application.Modules.OperationsLuxuryApp.Inventory.Interfaces","Inventory\Interfaces\IProductAppService.cs"
"ISalidaProductoAppService","interface","LuxuryApp.Application.Interfaces","OperationsLuxuryApp","LuxuryApp.Application.Modules.OperationsLuxuryApp.Inventory.Interfaces","Inventory\Interfaces\ISalidaProductoAppService.cs"
"IStockPorAlmacenAppService","interface","LuxuryApp.Application.Interfaces","OperationsLuxuryApp","LuxuryApp.Application.Modules.OperationsLuxuryApp.Inventory.Interfaces","Inventory\Interfaces\IStockPorAlmacenAppService.cs"
"IWarehouseAuthorizationService","interface","LuxuryApp.Application.Interfaces","OperationsLuxuryApp","LuxuryApp.Application.Modules.OperationsLuxuryApp.Inventory.Interfaces","Inventory\Interfaces\IWarehouseAuthorizationService.cs"
"InventoryEngineSystemEndPoints","class","LuxuryApp.Application.EndPoints","OperationsLuxuryApp","LuxuryApp.Application.Modules.OperationsLuxuryApp.Inventory.InventoryEngine.EndPoints","Inventory\InventoryEngine\EndPoints\InventoryEngineSystemEndpoints.cs"
"InventarioLlaveAddOrEditDTO","record","LuxuryApp.Application.DTOs","OperationsLuxuryApp","LuxuryApp.Application.Modules.OperationsLuxuryApp.Inventory.KeyInventory.DTOs","Inventory\KeyInventory\DTOs\InventarioLlaveAddOrEditDTO.cs"
"InventarioLlaveDTO","record","LuxuryApp.Application.DTOs","OperationsLuxuryApp","LuxuryApp.Application.Modules.OperationsLuxuryApp.Inventory.KeyInventory.DTOs","Inventory\KeyInventory\DTOs\InventarioLlaveDTO.cs"
"InventarioLlaveEndPoints","class","LuxuryApp.Application.EndPoints","OperationsLuxuryApp","LuxuryApp.Application.Modules.OperationsLuxuryApp.Inventory.KeyInventory.EndPoints","Inventory\KeyInventory\EndPoints\InventarioLlaveEndpoints.cs"
"IInventarioLlaveAppService","interface","LuxuryApp.Application.Interfaces","OperationsLuxuryApp","LuxuryApp.Application.Modules.OperationsLuxuryApp.Inventory.KeyInventory.Interfaces","Inventory\KeyInventory\Interfaces\IInventarioLlaveAppService.cs"
"InventarioLlaveMapper","class","LuxuryApp.Application.Mappings","OperationsLuxuryApp","LuxuryApp.Application.Modules.OperationsLuxuryApp.Inventory.KeyInventory.Mapping","Inventory\KeyInventory\Mapping\InventarioLlaveMapper.cs"
"InventarioLlaveAppService","class","LuxuryApp.Application.Services","OperationsLuxuryApp","LuxuryApp.Application.Modules.OperationsLuxuryApp.Inventory.KeyInventory.Services","Inventory\KeyInventory\Services\InventarioLlaveAppService.cs"
"InventarioIluminacionAddOrEditDTO","record","LuxuryApp.Application.DTOs","OperationsLuxuryApp","LuxuryApp.Application.Modules.OperationsLuxuryApp.Inventory.LightingInventory.DTOs","Inventory\LightingInventory\DTOs\InventarioIluminacionAddOrEditDTO.cs"
"InventarioIluminacionDTO","record","LuxuryApp.Application.DTOs","OperationsLuxuryApp","LuxuryApp.Application.Modules.OperationsLuxuryApp.Inventory.LightingInventory.DTOs","Inventory\LightingInventory\DTOs\InventarioIluminacionDTO.cs"
"InventarioIluminacionEndPoints","class","LuxuryApp.Application.EndPoints","OperationsLuxuryApp","LuxuryApp.Application.Modules.OperationsLuxuryApp.Inventory.LightingInventory.EndPoints","Inventory\LightingInventory\EndPoints\InventarioIluminacionEndpoints.cs"
"IInventarioIluminacionAppService","interface","LuxuryApp.Application.Interfaces","OperationsLuxuryApp","LuxuryApp.Application.Modules.OperationsLuxuryApp.Inventory.LightingInventory.Interfaces","Inventory\LightingInventory\Interfaces\IInventarioIluminacionAppService.cs"
"InventarioIluminacionMapper","class","LuxuryApp.Application.Mappings","OperationsLuxuryApp","LuxuryApp.Application.Modules.OperationsLuxuryApp.Inventory.LightingInventory.Mapping","Inventory\LightingInventory\Mapping\InventarioIluminacionMapper.cs"
"InventarioIluminacionAppService","class","LuxuryApp.Application.Services","OperationsLuxuryApp","LuxuryApp.Application.Modules.OperationsLuxuryApp.Inventory.LightingInventory.Services","Inventory\LightingInventory\Services\InventarioIluminacionAppService.cs"
"AlmacenMapper","class","LuxuryApp.Application.Mappings","OperationsLuxuryApp","LuxuryApp.Application.Modules.OperationsLuxuryApp.Inventory.Mapping","Inventory\Mapping\AlmacenMapper.cs"
"EntradaProductoMapper","class","LuxuryApp.Application.Mappings","OperationsLuxuryApp","LuxuryApp.Application.Modules.OperationsLuxuryApp.Inventory.Mapping","Inventory\Mapping\EntradaProductoMapper.cs"
"ProductoMapper","class","LuxuryApp.Application.Mappings","OperationsLuxuryApp","LuxuryApp.Application.Modules.OperationsLuxuryApp.Inventory.Mapping","Inventory\Mapping\ProductoMapper.cs"
"SalidaProductoMapper","class","LuxuryApp.Application.Mappings","OperationsLuxuryApp","LuxuryApp.Application.Modules.OperationsLuxuryApp.Inventory.Mapping","Inventory\Mapping\SalidaProductoMapper.cs"
"StockPorAlmacenMapper","class","LuxuryApp.Application.Mappings","OperationsLuxuryApp","LuxuryApp.Application.Modules.OperationsLuxuryApp.Inventory.Mapping","Inventory\Mapping\StockPorAlmacenMapper.cs"
"InventarioPinturaAddOrEditDTO","record","LuxuryApp.Application.DTOs","OperationsLuxuryApp","LuxuryApp.Application.Modules.OperationsLuxuryApp.Inventory.PaintInventory.DTOs","Inventory\PaintInventory\DTOs\InventarioPinturaAddOrEditDTO.cs"
"InventarioPinturaDTO","record","LuxuryApp.Application.DTOs","OperationsLuxuryApp","LuxuryApp.Application.Modules.OperationsLuxuryApp.Inventory.PaintInventory.DTOs","Inventory\PaintInventory\DTOs\InventarioPinturaDTO.cs"
"InventarioPinturaEndPoints","class","LuxuryApp.Application.EndPoints","OperationsLuxuryApp","LuxuryApp.Application.Modules.OperationsLuxuryApp.Inventory.PaintInventory.EndPoints","Inventory\PaintInventory\EndPoints\InventarioPinturaEndpoints.cs"
"IInventarioPinturaAppService","interface","LuxuryApp.Application.Interfaces","OperationsLuxuryApp","LuxuryApp.Application.Modules.OperationsLuxuryApp.Inventory.PaintInventory.Interfaces","Inventory\PaintInventory\Interfaces\IInventarioPinturaAppService.cs"
"InventarioPinturaMapper","class","LuxuryApp.Application.Mappings","OperationsLuxuryApp","LuxuryApp.Application.Modules.OperationsLuxuryApp.Inventory.PaintInventory.Mapping","Inventory\PaintInventory\Mapping\InventarioPinturaMapper.cs"
"InventarioPinturaAppService","class","LuxuryApp.Application.Services","OperationsLuxuryApp","LuxuryApp.Application.Modules.OperationsLuxuryApp.Inventory.PaintInventory.Services","Inventory\PaintInventory\Services\InventarioPinturaAppService.cs"
"RadioComunicacionAddOrEditDTO","record","LuxuryApp.Application.DTOs","OperationsLuxuryApp","LuxuryApp.Application.Modules.OperationsLuxuryApp.Inventory.RadioComunicacion.DTOs","Inventory\RadioComunicacion\DTOs\RadioComunicacionAddOrEditDTO.cs"
"RadioComunicacionDTO","record","LuxuryApp.Application.DTOs","OperationsLuxuryApp","LuxuryApp.Application.Modules.OperationsLuxuryApp.Inventory.RadioComunicacion.DTOs","Inventory\RadioComunicacion\DTOs\RadioComunicacionDTO.cs"
"RadiosComunicacionEndPoints","class","LuxuryApp.Application.EndPoints","OperationsLuxuryApp","LuxuryApp.Application.Modules.OperationsLuxuryApp.Inventory.RadioComunicacion.EndPoints","Inventory\RadioComunicacion\EndPoints\RadiosComunicacionEndpoints.cs"
"IRadioComunicacionAppService","interface","LuxuryApp.Application.Interfaces","OperationsLuxuryApp","LuxuryApp.Application.Modules.OperationsLuxuryApp.Inventory.RadioComunicacion.Interfaces","Inventory\RadioComunicacion\Interfaces\IRadioComunicacionAppService.cs"
"RadioComunicacionMapper","class","LuxuryApp.Application.Mappings","OperationsLuxuryApp","LuxuryApp.Application.Modules.OperationsLuxuryApp.Inventory.RadioComunicacion.Mapping","Inventory\RadioComunicacion\Mapping\RadioComunicacionMapper.cs"
"RadioComunicacionAppService","class","LuxuryApp.Application.Services","OperationsLuxuryApp","LuxuryApp.Application.Modules.OperationsLuxuryApp.Inventory.RadioComunicacion.Services","Inventory\RadioComunicacion\Services\RadioComunicacionAppService.cs"
"AlmacenAppService","class","LuxuryApp.Application.Services","OperationsLuxuryApp","LuxuryApp.Application.Modules.OperationsLuxuryApp.Inventory.Services","Inventory\Services\AlmacenAppService.cs"
"EntradaProductoAppService","class","LuxuryApp.Application.Services","OperationsLuxuryApp","LuxuryApp.Application.Modules.OperationsLuxuryApp.Inventory.Services","Inventory\Services\EntradaProductoAppService.cs"
"ProductAppService","class","LuxuryApp.Application.Interfaces","OperationsLuxuryApp","LuxuryApp.Application.Modules.OperationsLuxuryApp.Inventory.Services","Inventory\Services\ProductAppService.cs"
"SalidaProductoAppService","class","LuxuryApp.Application.Services","OperationsLuxuryApp","LuxuryApp.Application.Modules.OperationsLuxuryApp.Inventory.Services","Inventory\Services\SalidaProductoAppService.cs"
"StockPorAlmacenAppService","class","LuxuryApp.Application.Services","OperationsLuxuryApp","LuxuryApp.Application.Modules.OperationsLuxuryApp.Inventory.Services","Inventory\Services\StockPorAlmacenAppService.cs"
"WarehouseAuthorizationService","class","LuxuryApp.Application.Services","OperationsLuxuryApp","LuxuryApp.Application.Modules.OperationsLuxuryApp.Inventory.Services","Inventory\Services\WarehouseAuthorizationService.cs"
"ToolsEndPoints","class","LuxuryApp.Application.EndPoints","OperationsLuxuryApp","LuxuryApp.Application.Modules.OperationsLuxuryApp.Inventory.Tools.EndPoints","Inventory\Tools\EndPoints\ToolsEndpoints.cs"
"JuntaMensualSessionBackfillApplyDTO","record","LuxuryApp.Application.DTOs","OperationsLuxuryApp","LuxuryApp.Application.Modules.OperationsLuxuryApp.JuntasMensuales.Backfill.DTOs","JuntasMensuales\Backfill\DTOs\JuntaMensualSessionBackfillApplyDTO.cs"
"JuntaMensualSessionBackfillCandidateDTO","record","LuxuryApp.Application.DTOs","OperationsLuxuryApp","LuxuryApp.Application.Modules.OperationsLuxuryApp.JuntasMensuales.Backfill.DTOs","JuntasMensuales\Backfill\DTOs\JuntaMensualSessionBackfillCandidateDTO.cs"
"JuntaMensualSessionBackfillMatchDTO","record","LuxuryApp.Application.DTOs","OperationsLuxuryApp","LuxuryApp.Application.Modules.OperationsLuxuryApp.JuntasMensuales.Backfill.DTOs","JuntasMensuales\Backfill\DTOs\JuntaMensualSessionBackfillMatchDTO.cs"
"JuntaMensualSessionBackfillEndPoints","class","LuxuryApp.Application.EndPoints","OperationsLuxuryApp","LuxuryApp.Application.Modules.OperationsLuxuryApp.JuntasMensuales.Backfill.EndPoints","JuntasMensuales\Backfill\EndPoints\JuntaMensualSessionBackfillEndpoints.cs"
"IJuntaMensualSessionBackfillAppService","interface","LuxuryApp.Application.Interfaces","OperationsLuxuryApp","LuxuryApp.Application.Modules.OperationsLuxuryApp.JuntasMensuales.Backfill.Interfaces","JuntasMensuales\Backfill\Interfaces\IJuntaMensualSessionBackfillAppService.cs"
"JuntaMensualSessionBackfillAppService","class","LuxuryApp.Application.Services","OperationsLuxuryApp","LuxuryApp.Application.Modules.OperationsLuxuryApp.JuntasMensuales.Backfill.Services","JuntasMensuales\Backfill\Services\JuntaMensualSessionBackfillAppService.cs"
"MeetingAdministracionBoardDirectorsDTO","record","LuxuryApp.Application.DTOs","OperationsLuxuryApp","LuxuryApp.Application.Modules.OperationsLuxuryApp.JuntasMensuales.Minuta.DTOs","JuntasMensuales\Minuta\DTOs\MeetingAdministracionBoardDirectorsDTO.cs"
"MeetingBoardDirectorsDTO","record","LuxuryApp.Application.DTOs","OperationsLuxuryApp","LuxuryApp.Application.Modules.OperationsLuxuryApp.JuntasMensuales.Minuta.DTOs","JuntasMensuales\Minuta\DTOs\MeetingBoardDirectorsDTO.cs"
"MeetingComiteBoardDirectorsDTO","record","LuxuryApp.Application.DTOs","OperationsLuxuryApp","LuxuryApp.Application.Modules.OperationsLuxuryApp.JuntasMensuales.Minuta.DTOs","JuntasMensuales\Minuta\DTOs\MeetingComiteBoardDirectorsDTO.cs"
"MeetingDetailDTO","record","LuxuryApp.Application.DTOs","OperationsLuxuryApp","LuxuryApp.Application.Modules.OperationsLuxuryApp.JuntasMensuales.Minuta.DTOs","JuntasMensuales\Minuta\DTOs\MeetingDetailDTO.cs"
"MeetingDetailFollowUpDTO","record","LuxuryApp.Application.DTOs","OperationsLuxuryApp","LuxuryApp.Application.Modules.OperationsLuxuryApp.JuntasMensuales.Minuta.DTOs","JuntasMensuales\Minuta\DTOs\MeetingDetailFollowUpDTO.cs"
"MeetingDetailFollowUpsAddOrEditDTO","record","LuxuryApp.Application.DTOs","OperationsLuxuryApp","LuxuryApp.Application.Modules.OperationsLuxuryApp.JuntasMensuales.Minuta.DTOs","JuntasMensuales\Minuta\DTOs\MeetingDetailFollowUpsAddOrEditDTO.cs"
"MeetingDetailFollowUpsDTO","record","LuxuryApp.Application.DTOs","OperationsLuxuryApp","LuxuryApp.Application.Modules.OperationsLuxuryApp.JuntasMensuales.Minuta.DTOs","JuntasMensuales\Minuta\DTOs\MeetingDetailFollowUpsDTO.cs"
"MeetingDetailFollowUpsLegalDTO","record","LuxuryApp.Application.DTOs","OperationsLuxuryApp","LuxuryApp.Application.Modules.OperationsLuxuryApp.JuntasMensuales.Minuta.DTOs","JuntasMensuales\Minuta\DTOs\MeetingDetailFollowUpsLegalDTO.cs"
"MeetingDetailsAddOrEditDTO","record","LuxuryApp.Application.DTOs","OperationsLuxuryApp","LuxuryApp.Application.Modules.OperationsLuxuryApp.JuntasMensuales.Minuta.DTOs","JuntasMensuales\Minuta\DTOs\MeetingDetailsAddOrEditDTO.cs"
"MeetingDetailsBoardDirectorsDTO","record","LuxuryApp.Application.DTOs","OperationsLuxuryApp","LuxuryApp.Application.Modules.OperationsLuxuryApp.JuntasMensuales.Minuta.DTOs","JuntasMensuales\Minuta\DTOs\MeetingDetailsBoardDirectorsDTO.cs"
"MeetingDetailsReportDTO","record","LuxuryApp.Application.DTOs","OperationsLuxuryApp","LuxuryApp.Application.Modules.OperationsLuxuryApp.JuntasMensuales.Minuta.DTOs","JuntasMensuales\Minuta\DTOs\MeetingDetailsReportDTO.cs"
"MeetingDTO","record","LuxuryApp.Application.DTOs","OperationsLuxuryApp","LuxuryApp.Application.Modules.OperationsLuxuryApp.JuntasMensuales.Minuta.DTOs","JuntasMensuales\Minuta\DTOs\MeetingDTO.cs"
"MeetingHeaderDTO","record","LuxuryApp.Application.DTOs","OperationsLuxuryApp","LuxuryApp.Application.Modules.OperationsLuxuryApp.JuntasMensuales.Minuta.DTOs","JuntasMensuales\Minuta\DTOs\MeetingHeaderDTO.cs"
"MeetingInvitadoBoardDirectorsDTO","record","LuxuryApp.Application.DTOs","OperationsLuxuryApp","LuxuryApp.Application.Modules.OperationsLuxuryApp.JuntasMensuales.Minuta.DTOs","JuntasMensuales\Minuta\DTOs\MeetingInvitadoBoardDirectorsDTO.cs"
"MeetingLegalDTO","record","LuxuryApp.Application.DTOs","OperationsLuxuryApp","LuxuryApp.Application.Modules.OperationsLuxuryApp.JuntasMensuales.Minuta.DTOs","JuntasMensuales\Minuta\DTOs\MeetingLegalDTO.cs"
"MeetingParticipantAdministracionDTO","record","LuxuryApp.Application.DTOs","OperationsLuxuryApp","LuxuryApp.Application.Modules.OperationsLuxuryApp.JuntasMensuales.Minuta.DTOs","JuntasMensuales\Minuta\DTOs\MeetingParticipantAdministracionDTO.cs"
"MeetingParticipantsReportDTO","record","LuxuryApp.Application.DTOs","OperationsLuxuryApp","LuxuryApp.Application.Modules.OperationsLuxuryApp.JuntasMensuales.Minuta.DTOs","JuntasMensuales\Minuta\DTOs\MeetingParticipantsReportDTO.cs"
"MeetingPendientesDTO","record","LuxuryApp.Application.DTOs","OperationsLuxuryApp","LuxuryApp.Application.Modules.OperationsLuxuryApp.JuntasMensuales.Minuta.DTOs","JuntasMensuales\Minuta\DTOs\MeetingPendientesDTO.cs"
"MeetingPendingFollowUpDTO","record","LuxuryApp.Application.DTOs","OperationsLuxuryApp","LuxuryApp.Application.Modules.OperationsLuxuryApp.JuntasMensuales.Minuta.DTOs","JuntasMensuales\Minuta\DTOs\MeetingPendingFollowUpDTO.cs"
"MeetingReportDTO","record","LuxuryApp.Application.DTOs","OperationsLuxuryApp","LuxuryApp.Application.Modules.OperationsLuxuryApp.JuntasMensuales.Minuta.DTOs","JuntasMensuales\Minuta\DTOs\MeetingReportDTO.cs"
"MeetingResponsibleItemDTO","record","LuxuryApp.Application.DTOs","OperationsLuxuryApp","LuxuryApp.Application.Modules.OperationsLuxuryApp.JuntasMensuales.Minuta.DTOs","JuntasMensuales\Minuta\DTOs\MeetingResponsibleItemDTO.cs"
"MettingetailsDTO","record","LuxuryApp.Application.DTOs","OperationsLuxuryApp","LuxuryApp.Application.Modules.OperationsLuxuryApp.JuntasMensuales.Minuta.DTOs","JuntasMensuales\Minuta\DTOs\MettingetailsDTO.cs"
"CreateMinutaPdfDTO","record","LuxuryApp.Application.DTOs","OperationsLuxuryApp","LuxuryApp.Application.Modules.OperationsLuxuryApp.JuntasMensuales.Minuta.DTOs","JuntasMensuales\Minuta\DTOs\ReporteMinutaIndividualDTO.cs"
"SeguimientoDTO","record","LuxuryApp.Application.DTOs","OperationsLuxuryApp","LuxuryApp.Application.Modules.OperationsLuxuryApp.JuntasMensuales.Minuta.DTOs","JuntasMensuales\Minuta\DTOs\SeguimientoDTO.cs"
"SeguimientoMinutasDTO","record","LuxuryApp.Application.DTOs","OperationsLuxuryApp","LuxuryApp.Application.Modules.OperationsLuxuryApp.JuntasMensuales.Minuta.DTOs","JuntasMensuales\Minuta\DTOs\SeguimientoMinutasDTO.cs"
"MeetingAdministracionEndPoints","class","LuxuryApp.Application.EndPoints","OperationsLuxuryApp","LuxuryApp.Application.Modules.OperationsLuxuryApp.JuntasMensuales.Minuta.EndPoints","JuntasMensuales\Minuta\EndPoints\MeetingAdministracionEndpoints.cs"
"MeetingComiteEndPoints","class","LuxuryApp.Application.EndPoints","OperationsLuxuryApp","LuxuryApp.Application.Modules.OperationsLuxuryApp.JuntasMensuales.Minuta.EndPoints","JuntasMensuales\Minuta\EndPoints\MeetingComiteEndpoints.cs"
"MeetingDetailsSeguimientosEndPoints","class","LuxuryApp.Application.EndPoints","OperationsLuxuryApp","LuxuryApp.Application.Modules.OperationsLuxuryApp.JuntasMensuales.Minuta.EndPoints","JuntasMensuales\Minuta\EndPoints\MeetingDetailsSeguimientosEndpoints.cs"
"MeetingInvitadoEndPoints","class","LuxuryApp.Application.EndPoints","OperationsLuxuryApp","LuxuryApp.Application.Modules.OperationsLuxuryApp.JuntasMensuales.Minuta.EndPoints","JuntasMensuales\Minuta\EndPoints\MeetingInvitadoEndpoints.cs"
"MeetingsDetailsEndPoints","class","LuxuryApp.Application.EndPoints","OperationsLuxuryApp","LuxuryApp.Application.Modules.OperationsLuxuryApp.JuntasMensuales.Minuta.EndPoints","JuntasMensuales\Minuta\EndPoints\MeetingsDetailsEndpoints.cs"
"MeetingsEndPoints","class","LuxuryApp.Application.EndPoints","OperationsLuxuryApp","LuxuryApp.Application.Modules.OperationsLuxuryApp.JuntasMensuales.Minuta.EndPoints","JuntasMensuales\Minuta\EndPoints\MeetingsEndpoints.cs"
"IMeetingAdministracionAppService","interface","LuxuryApp.Application.Interfaces","OperationsLuxuryApp","LuxuryApp.Application.Modules.OperationsLuxuryApp.JuntasMensuales.Minuta.Interfaces","JuntasMensuales\Minuta\Interfaces\IMeetingAdministracionAppService.cs"
"IMeetingAppService","interface","LuxuryApp.Application.Interfaces","OperationsLuxuryApp","LuxuryApp.Application.Modules.OperationsLuxuryApp.JuntasMensuales.Minuta.Interfaces","JuntasMensuales\Minuta\Interfaces\IMeetingAppService.cs"
"IMeetingComiteAppService","interface","LuxuryApp.Application.Interfaces","OperationsLuxuryApp","LuxuryApp.Application.Modules.OperationsLuxuryApp.JuntasMensuales.Minuta.Interfaces","JuntasMensuales\Minuta\Interfaces\IMeetingComiteAppService.cs"
"IMeetingDetailsAppService","interface","LuxuryApp.Application.Interfaces","OperationsLuxuryApp","LuxuryApp.Application.Modules.OperationsLuxuryApp.JuntasMensuales.Minuta.Interfaces","JuntasMensuales\Minuta\Interfaces\IMeetingDetailsAppService.cs"
"IMeetingDetailsSeguimientoAppService","interface","LuxuryApp.Application.Interfaces","OperationsLuxuryApp","LuxuryApp.Application.Modules.OperationsLuxuryApp.JuntasMensuales.Minuta.Interfaces","JuntasMensuales\Minuta\Interfaces\IMeetingDetailsSeguimientoAppService.cs"
"IMeetingInvitadoAppService","interface","LuxuryApp.Application.Interfaces","OperationsLuxuryApp","LuxuryApp.Application.Modules.OperationsLuxuryApp.JuntasMensuales.Minuta.Interfaces","JuntasMensuales\Minuta\Interfaces\IMeetingInvitadoAppService.cs"
"MeetingMapper","class","LuxuryApp.Application.Mappings","OperationsLuxuryApp","LuxuryApp.Application.Modules.OperationsLuxuryApp.JuntasMensuales.Minuta.Mapping","JuntasMensuales\Minuta\Mapping\MeetingMapper.cs"
"MeetingAdministracionAppService","class","LuxuryApp.Application.Services","OperationsLuxuryApp","LuxuryApp.Application.Modules.OperationsLuxuryApp.JuntasMensuales.Minuta.Services","JuntasMensuales\Minuta\Services\MeetingAdministracionAppService.cs"
"MeetingAppService","class","LuxuryApp.Application.Services","OperationsLuxuryApp","LuxuryApp.Application.Modules.OperationsLuxuryApp.JuntasMensuales.Minuta.Services","JuntasMensuales\Minuta\Services\MeetingAppService.cs"
"MeetingComiteAppService","class","LuxuryApp.Application.Services","OperationsLuxuryApp","LuxuryApp.Application.Modules.OperationsLuxuryApp.JuntasMensuales.Minuta.Services","JuntasMensuales\Minuta\Services\MeetingComiteAppService.cs"
"MeetingDertailsSeguimientoAppService","class","LuxuryApp.Application.Services","OperationsLuxuryApp","LuxuryApp.Application.Modules.OperationsLuxuryApp.JuntasMensuales.Minuta.Services","JuntasMensuales\Minuta\Services\MeetingDertailsSeguimientoAppService.cs"
"MeetingDetailsAppService","class","LuxuryApp.Application.Services","OperationsLuxuryApp","LuxuryApp.Application.Modules.OperationsLuxuryApp.JuntasMensuales.Minuta.Services","JuntasMensuales\Minuta\Services\MeetingDetailsAppService.cs"
"MeetingInvitadoAppService","class","LuxuryApp.Application.Services","OperationsLuxuryApp","LuxuryApp.Application.Modules.OperationsLuxuryApp.JuntasMensuales.Minuta.Services","JuntasMensuales\Minuta\Services\MeetingInvitadoAppService.cs"
"MeetingReportEmailViewModel","class","LuxuryApp.Application.ViewModels","OperationsLuxuryApp","LuxuryApp.Application.Modules.OperationsLuxuryApp.JuntasMensuales.Minuta.ViewModels","JuntasMensuales\Minuta\ViewModels\MeetingReportEmailViewModel.cs"
"IJuntaMensualNotificationOrchestrator","interface","LuxuryApp.Application.Interfaces","OperationsLuxuryApp","LuxuryApp.Application.Modules.OperationsLuxuryApp.JuntasMensuales.Notifications.Interfaces","JuntasMensuales\Notifications\Interfaces\IJuntaMensualNotificationOrchestrator.cs"
"JuntaMensualNotificationOrchestrator","class","LuxuryApp.Application.Services","OperationsLuxuryApp","LuxuryApp.Application.Modules.OperationsLuxuryApp.JuntasMensuales.Notifications.Services","JuntasMensuales\Notifications\Services\JuntaMensualNotificationOrchestrator.cs"
"PresentacionJuntaComiteAdd","record","LuxuryApp.Application.DTOs","OperationsLuxuryApp","LuxuryApp.Application.Modules.OperationsLuxuryApp.JuntasMensuales.Presentacion.DTOs","JuntasMensuales\Presentacion\DTOs\PresentacionJuntaComiteAdd.cs"
"PresentacionJuntaComiteAddOrEditDTO","record","LuxuryApp.Application.DTOs","OperationsLuxuryApp","LuxuryApp.Application.Modules.OperationsLuxuryApp.JuntasMensuales.Presentacion.DTOs","JuntasMensuales\Presentacion\DTOs\PresentacionJuntaComiteAddOrEditDTO.cs"
"PresentacionJuntaComiteAddPdf","record","LuxuryApp.Application.DTOs","OperationsLuxuryApp","LuxuryApp.Application.Modules.OperationsLuxuryApp.JuntasMensuales.Presentacion.DTOs","JuntasMensuales\Presentacion\DTOs\PresentacionJuntaComiteAddPdf.cs"
"PresentacionJuntaComiteDTO","record","LuxuryApp.Application.DTOs","OperationsLuxuryApp","LuxuryApp.Application.Modules.OperationsLuxuryApp.JuntasMensuales.Presentacion.DTOs","JuntasMensuales\Presentacion\DTOs\PresentacionJuntaComiteDTO.cs"
"PresentacionesJuntaComiteEndPoints","class","LuxuryApp.Application.EndPoints","OperationsLuxuryApp","LuxuryApp.Application.Modules.OperationsLuxuryApp.JuntasMensuales.Presentacion.EndPoints","JuntasMensuales\Presentacion\EndPoints\PresentacionesJuntaComiteEndpoints.cs"
"IPresentacionJuntaComiteAppService","interface","LuxuryApp.Application.Interfaces","OperationsLuxuryApp","LuxuryApp.Application.Modules.OperationsLuxuryApp.JuntasMensuales.Presentacion.Interfaces","JuntasMensuales\Presentacion\Interfaces\IPresentacionJuntaComiteAppService.cs"
"PresentacionJuntaComiteMapper","class","LuxuryApp.Application.Mappings","OperationsLuxuryApp","LuxuryApp.Application.Modules.OperationsLuxuryApp.JuntasMensuales.Presentacion.Mapping","JuntasMensuales\Presentacion\Mapping\PresentacionJuntaComiteMapper.cs"
"PresentacionJuntaComiteAppService","class","LuxuryApp.Application.Services","OperationsLuxuryApp","LuxuryApp.Application.Modules.OperationsLuxuryApp.JuntasMensuales.Presentacion.Services","JuntasMensuales\Presentacion\Services\PresentacionJuntaComiteAppService.cs"
"CommitteePresentationEmailViewModel","class","LuxuryApp.Application.ViewModels","OperationsLuxuryApp","LuxuryApp.Application.Modules.OperationsLuxuryApp.JuntasMensuales.Presentacion.ViewModels","JuntasMensuales\Presentacion\ViewModels\CommitteePresentationEmailViewModel.cs"
"FinancialStatementsEmailViewModel","class","LuxuryApp.Application.ViewModels","OperationsLuxuryApp","LuxuryApp.Application.Modules.OperationsLuxuryApp.JuntasMensuales.Presentacion.ViewModels","JuntasMensuales\Presentacion\ViewModels\FinancialStatementsEmailViewModel.cs"
"JuntaMensualSessionAgendaSummaryDTO","record","LuxuryApp.Application.DTOs","OperationsLuxuryApp","LuxuryApp.Application.Modules.OperationsLuxuryApp.JuntasMensuales.Session.DTOs","JuntasMensuales\Session\DTOs\JuntaMensualSessionAgendaSummaryDTO.cs"
"JuntaMensualSessionAssemblyChecklistSummaryDTO","record","LuxuryApp.Application.DTOs","OperationsLuxuryApp","LuxuryApp.Application.Modules.OperationsLuxuryApp.JuntasMensuales.Session.DTOs","JuntasMensuales\Session\DTOs\JuntaMensualSessionAssemblyChecklistSummaryDTO.cs"
"JuntaMensualSessionAssemblySummaryDTO","record","LuxuryApp.Application.DTOs","OperationsLuxuryApp","LuxuryApp.Application.Modules.OperationsLuxuryApp.JuntasMensuales.Session.DTOs","JuntasMensuales\Session\DTOs\JuntaMensualSessionAssemblySummaryDTO.cs"
"JuntaMensualSessionCancelDTO","record","LuxuryApp.Application.DTOs","OperationsLuxuryApp","LuxuryApp.Application.Modules.OperationsLuxuryApp.JuntasMensuales.Session.DTOs","JuntasMensuales\Session\DTOs\JuntaMensualSessionCancelDTO.cs"
"JuntaMensualSessionCreateFromAgendaDTO","record","LuxuryApp.Application.DTOs","OperationsLuxuryApp","LuxuryApp.Application.Modules.OperationsLuxuryApp.JuntasMensuales.Session.DTOs","JuntasMensuales\Session\DTOs\JuntaMensualSessionCreateFromAgendaDTO.cs"
"JuntaMensualSessionCreateMeetingDTO","record","LuxuryApp.Application.DTOs","OperationsLuxuryApp","LuxuryApp.Application.Modules.OperationsLuxuryApp.JuntasMensuales.Session.DTOs","JuntasMensuales\Session\DTOs\JuntaMensualSessionCreateMeetingDTO.cs"
"JuntaMensualSessionDetailDTO","record","LuxuryApp.Application.DTOs","OperationsLuxuryApp","LuxuryApp.Application.Modules.OperationsLuxuryApp.JuntasMensuales.Session.DTOs","JuntasMensuales\Session\DTOs\JuntaMensualSessionDetailDTO.cs"
"JuntaMensualSessionDTO","record","LuxuryApp.Application.DTOs","OperationsLuxuryApp","LuxuryApp.Application.Modules.OperationsLuxuryApp.JuntasMensuales.Session.DTOs","JuntasMensuales\Session\DTOs\JuntaMensualSessionDTO.cs"
"JuntaMensualSessionLinkMeetingDTO","record","LuxuryApp.Application.DTOs","OperationsLuxuryApp","LuxuryApp.Application.Modules.OperationsLuxuryApp.JuntasMensuales.Session.DTOs","JuntasMensuales\Session\DTOs\JuntaMensualSessionLinkMeetingDTO.cs"
"JuntaMensualSessionLinkPresentationDTO","record","LuxuryApp.Application.DTOs","OperationsLuxuryApp","LuxuryApp.Application.Modules.OperationsLuxuryApp.JuntasMensuales.Session.DTOs","JuntasMensuales\Session\DTOs\JuntaMensualSessionLinkPresentationDTO.cs"
"JuntaMensualSessionMeetingSummaryDTO","record","LuxuryApp.Application.DTOs","OperationsLuxuryApp","LuxuryApp.Application.Modules.OperationsLuxuryApp.JuntasMensuales.Session.DTOs","JuntasMensuales\Session\DTOs\JuntaMensualSessionMeetingSummaryDTO.cs"
"JuntaMensualSessionPresentationSummaryDTO","record","LuxuryApp.Application.DTOs","OperationsLuxuryApp","LuxuryApp.Application.Modules.OperationsLuxuryApp.JuntasMensuales.Session.DTOs","JuntasMensuales\Session\DTOs\JuntaMensualSessionPresentationSummaryDTO.cs"
"JuntaMensualSessionRescheduleDTO","record","LuxuryApp.Application.DTOs","OperationsLuxuryApp","LuxuryApp.Application.Modules.OperationsLuxuryApp.JuntasMensuales.Session.DTOs","JuntasMensuales\Session\DTOs\JuntaMensualSessionRescheduleDTO.cs"
"JuntaMensualSessionsEndPoints","class","LuxuryApp.Application.EndPoints","OperationsLuxuryApp","LuxuryApp.Application.Modules.OperationsLuxuryApp.JuntasMensuales.Session.EndPoints","JuntasMensuales\Session\EndPoints\JuntaMensualSessionsEndpoints.cs"
"IJuntaMensualSessionAppService","interface","LuxuryApp.Application.Interfaces","OperationsLuxuryApp","LuxuryApp.Application.Modules.OperationsLuxuryApp.JuntasMensuales.Session.Interfaces","JuntasMensuales\Session\Interfaces\IJuntaMensualSessionAppService.cs"
"IJuntaMensualSessionMaintenanceAppService","interface","LuxuryApp.Application.Interfaces","OperationsLuxuryApp","LuxuryApp.Application.Modules.OperationsLuxuryApp.JuntasMensuales.Session.Interfaces","JuntasMensuales\Session\Interfaces\IJuntaMensualSessionMaintenanceAppService.cs"
"JuntaMensualSessionAppService","class","LuxuryApp.Application.Services","OperationsLuxuryApp","LuxuryApp.Application.Modules.OperationsLuxuryApp.JuntasMensuales.Session.Services","JuntasMensuales\Session\Services\JuntaMensualSessionAppService.cs"
"JuntaMensualSessionMaintenanceAppService","class","LuxuryApp.Application.Services","OperationsLuxuryApp","LuxuryApp.Application.Modules.OperationsLuxuryApp.JuntasMensuales.Session.Services","JuntasMensuales\Session\Services\JuntaMensualSessionMaintenanceAppService.cs"
"CaratulaDTO","record","LuxuryApp.Application.DTOs","OperationsLuxuryApp","LuxuryApp.Application.Modules.OperationsLuxuryApp.MiEdificio.DTOs","MiEdificio\DTOs\CaratulaDTO.cs"
"PersonalGroupDTO","record","LuxuryApp.Application.DTOs","OperationsLuxuryApp","LuxuryApp.Application.Modules.OperationsLuxuryApp.MiEdificio.DTOs","MiEdificio\DTOs\PersonalGroupDTO.cs"
"UpdateSortOrderDTO","record","LuxuryApp.Application.DTOs","OperationsLuxuryApp","LuxuryApp.Application.Modules.OperationsLuxuryApp.MiEdificio.DTOs","MiEdificio\DTOs\UpdateSortOrderDTO.cs"
"MiEdificioEndPoints","class","LuxuryApp.Application.EndPoints","OperationsLuxuryApp","LuxuryApp.Application.Modules.OperationsLuxuryApp.MiEdificio.EndPoints","MiEdificio\EndPoints\MiEdificioEndpoints.cs"
"OwnerAddOrEditDTO","record","LuxuryApp.Application.DTOs","OperationsLuxuryApp","LuxuryApp.Application.Modules.OperationsLuxuryApp.Owner.DTOs","Owner\DTOs\OwnerAddOrEditDTO.cs"
"OwnerDTO","record","LuxuryApp.Application.DTOs","OperationsLuxuryApp","LuxuryApp.Application.Modules.OperationsLuxuryApp.Owner.DTOs","Owner\DTOs\OwnerDTO.cs"
"OwnersEndPoints","class","LuxuryApp.Application.EndPoints","OperationsLuxuryApp","LuxuryApp.Application.Modules.OperationsLuxuryApp.Owner.EndPoints","Owner\EndPoints\OwnersEndpoints.cs"
"IOwnerAppService","interface","LuxuryApp.Application.Interfaces","OperationsLuxuryApp","LuxuryApp.Application.Modules.OperationsLuxuryApp.Owner.Interfaces","Owner\Interfaces\IOwnerAppService.cs"
"OwnerMapper","class","LuxuryApp.Application.Mappings","OperationsLuxuryApp","LuxuryApp.Application.Modules.OperationsLuxuryApp.Owner.Mapping","Owner\Mapping\OwnerMapper.cs"
"OwnerAppService","class","LuxuryApp.Application.Services","OperationsLuxuryApp","LuxuryApp.Application.Modules.OperationsLuxuryApp.Owner.Services","Owner\Services\OwnerAppService.cs"
"PanicAlertRoles","class","LuxuryApp.Application.Constants","OperationsLuxuryApp","LuxuryApp.Application.Modules.OperationsLuxuryApp.PanicAlert","PanicAlert\PanicAlertRoles.cs"
"PanicAlertCreateDTO","record","LuxuryApp.Application.DTOs","OperationsLuxuryApp","LuxuryApp.Application.Modules.OperationsLuxuryApp.PanicAlert.DTOs","PanicAlert\DTOs\PanicAlertCreateDTO.cs"
"PanicAlertDTO","record","LuxuryApp.Application.DTOs","OperationsLuxuryApp","LuxuryApp.Application.Modules.OperationsLuxuryApp.PanicAlert.DTOs","PanicAlert\DTOs\PanicAlertDTO.cs"
"PanicAlertRealTimeDTO","record","LuxuryApp.Application.DTOs","OperationsLuxuryApp","LuxuryApp.Application.Modules.OperationsLuxuryApp.PanicAlert.DTOs","PanicAlert\DTOs\PanicAlertRealTimeDTO.cs"
"PanicAlertResolveDTO","record","LuxuryApp.Application.DTOs","OperationsLuxuryApp","LuxuryApp.Application.Modules.OperationsLuxuryApp.PanicAlert.DTOs","PanicAlert\DTOs\PanicAlertResolveDTO.cs"
"PanicAlertsEndPoints","class","LuxuryApp.Application.EndPoints","OperationsLuxuryApp","LuxuryApp.Application.Modules.OperationsLuxuryApp.PanicAlert.EndPoints","PanicAlert\EndPoints\PanicAlertsEndpoints.cs"
"IPanicAlertAppService","interface","LuxuryApp.Application.Interfaces","OperationsLuxuryApp","LuxuryApp.Application.Modules.OperationsLuxuryApp.PanicAlert.Interfaces","PanicAlert\Interfaces\IPanicAlertAppService.cs"
"IPanicAlertNotificationService","interface","LuxuryApp.Application.Interfaces","OperationsLuxuryApp","LuxuryApp.Application.Modules.OperationsLuxuryApp.PanicAlert.Interfaces","PanicAlert\Interfaces\IPanicAlertNotificationService.cs"
"PanicAlertAppService","class","LuxuryApp.Application.Services","OperationsLuxuryApp","LuxuryApp.Application.Modules.OperationsLuxuryApp.PanicAlert.Services","PanicAlert\Services\PanicAlertAppService.cs"
"PanicAlertNotificationService","class","LuxuryApp.Application.Services","OperationsLuxuryApp","LuxuryApp.Application.Modules.OperationsLuxuryApp.PanicAlert.Services","PanicAlert\Services\PanicAlertNotificationService.cs"
"PropertyAddOrEditDTO","record","LuxuryApp.Application.DTOs","OperationsLuxuryApp","LuxuryApp.Application.Modules.OperationsLuxuryApp.Property.DTOs","Property\DTOs\PropertyAddOrEditDTO.cs"
"PropertyAssignAccountDTO","record","LuxuryApp.Application.DTOs","OperationsLuxuryApp","LuxuryApp.Application.Modules.OperationsLuxuryApp.Property.DTOs","Property\DTOs\PropertyAssignAccountDTO.cs"
"PropertyDTO","record","LuxuryApp.Application.DTOs","OperationsLuxuryApp","LuxuryApp.Application.Modules.OperationsLuxuryApp.Property.DTOs","Property\DTOs\PropertyDTO.cs"
"PropertyOccupantDTO","record","LuxuryApp.Application.DTOs","OperationsLuxuryApp","LuxuryApp.Application.Modules.OperationsLuxuryApp.Property.DTOs","Property\DTOs\PropertyOccupantDTO.cs"
"PropertiesEndPoints","class","LuxuryApp.Application.EndPoints","OperationsLuxuryApp","LuxuryApp.Application.Modules.OperationsLuxuryApp.Property.EndPoints","Property\EndPoints\PropertiesEndpoints.cs"
"IPropertyAppService","interface","LuxuryApp.Application.Interfaces","OperationsLuxuryApp","LuxuryApp.Application.Modules.OperationsLuxuryApp.Property.Interfaces","Property\Interfaces\IPropertyAppService.cs"
"PropertyMapper","class","LuxuryApp.Application.Mappings","OperationsLuxuryApp","LuxuryApp.Application.Modules.OperationsLuxuryApp.Property.Mapping","Property\Mapping\PropertyMapper.cs"
"PropertyAppService","class","LuxuryApp.Application.Services","OperationsLuxuryApp","LuxuryApp.Application.Modules.OperationsLuxuryApp.Property.Services","Property\Services\PropertyAppService.cs"
"CreatePropertyOccupantDTO","record","LuxuryApp.Application.DTOs","OperationsLuxuryApp","LuxuryApp.Application.Modules.OperationsLuxuryApp.PropertyOccupant.DTOs","PropertyOccupant\DTOs\CreatePropertyOccupantDTO.cs"
"UpdatePropertyOccupantDTO","record","LuxuryApp.Application.DTOs","OperationsLuxuryApp","LuxuryApp.Application.Modules.OperationsLuxuryApp.PropertyOccupant.DTOs","PropertyOccupant\DTOs\UpdatePropertyOccupantDTO.cs"
"PropertyOccupantEndPoints","class","LuxuryApp.Application.EndPoints","OperationsLuxuryApp","LuxuryApp.Application.Modules.OperationsLuxuryApp.PropertyOccupant.EndPoints","PropertyOccupant\EndPoints\PropertyOccupantEndpoints.cs"
"IPropertyOccupantAppService","interface","LuxuryApp.Application.Interfaces","OperationsLuxuryApp","LuxuryApp.Application.Modules.OperationsLuxuryApp.PropertyOccupant.Interfaces","PropertyOccupant\Interfaces\IPropertyOccupantAppService.cs"
"PropertyOccupantAppService","class","LuxuryApp.Application.Services","OperationsLuxuryApp","LuxuryApp.Application.Modules.OperationsLuxuryApp.PropertyOccupant.Services","PropertyOccupant\Services\PropertyOccupantAppService.cs"
"ResumenGeneralEndPoints","class","LuxuryApp.Application.EndPoints","OperationsLuxuryApp","LuxuryApp.Application.Modules.OperationsLuxuryApp.ResumenGeneral.EndPoints","ResumenGeneral\EndPoints\ResumenGeneralEndpoints.cs"
"IGeneralSummaryService","interface","LuxuryApp.Application.Interfaces","OperationsLuxuryApp","LuxuryApp.Application.Modules.OperationsLuxuryApp.ResumenGeneral.Interfaces","ResumenGeneral\Interfaces\IGeneralSummaryService.cs"
"GeneralSummaryService","class","LuxuryApp.Application.Services","OperationsLuxuryApp","LuxuryApp.Application.Modules.OperationsLuxuryApp.ResumenGeneral.Services","ResumenGeneral\Services\GeneralSummaryService.cs"
"IScheduledTaskEmailGenerator","interface","LuxuryApp.Application.Interfaces","OperationsLuxuryApp","LuxuryApp.Application.Modules.OperationsLuxuryApp.ScheduledTasks.Interface","ScheduledTasks\Interface\IScheduledTaskEmailGenerator.cs"
"IScheduledTaskService","interface","LuxuryApp.CommonServices.Interfaces","OperationsLuxuryApp","LuxuryApp.Application.Modules.OperationsLuxuryApp.ScheduledTasks.Interface","ScheduledTasks\Interface\IScheduledTaskService.cs"
"ScheduledTaskMapping","class","LuxuryApp.Application.Mapping","OperationsLuxuryApp","LuxuryApp.Application.Modules.OperationsLuxuryApp.ScheduledTasks.Mapping","ScheduledTasks\Mapping\ScheduledTaskMapping.cs"
"ScheduledTaskEmailGenerator","class","LuxuryApp.Application.Interfaces","OperationsLuxuryApp","LuxuryApp.Application.Modules.OperationsLuxuryApp.ScheduledTasks.Services","ScheduledTasks\Services\ScheduledTaskEmailGenerator.cs"
"ScheduledTaskService","class","LuxuryApp.Application.Services","OperationsLuxuryApp","LuxuryApp.Application.Modules.OperationsLuxuryApp.ScheduledTasks.Services","ScheduledTasks\Services\ScheduledTaskService.cs"
"ContractsPoliciesExpirationEmailViewModel","class","LuxuryApp.Application.ViewModels","OperationsLuxuryApp","LuxuryApp.Application.Modules.OperationsLuxuryApp.ScheduledTasks.ViewModels","ScheduledTasks\ViewModels\ContractsPoliciesExpirationEmailViewModel.cs"
"LegalPendingTaskEmailItemDTO","record","LuxuryApp.Application.ViewModels","OperationsLuxuryApp","LuxuryApp.Application.Modules.OperationsLuxuryApp.ScheduledTasks.ViewModels","ScheduledTasks\ViewModels\LegalPendingTaskEmailItemDTO.cs"
"LegalReportEmailViewModel","class","LuxuryApp.Application.ViewModels","OperationsLuxuryApp","LuxuryApp.Application.Modules.OperationsLuxuryApp.ScheduledTasks.ViewModels","ScheduledTasks\ViewModels\LegalReportEmailViewModel.cs"
"LegalTicketReportToCustomerEmailViewModel","class","LuxuryApp.Application.ViewModels","OperationsLuxuryApp","LuxuryApp.Application.Modules.OperationsLuxuryApp.ScheduledTasks.ViewModels","ScheduledTasks\ViewModels\LegalTicketReportToCustomerEmailViewModel.cs"
"RecruitmentTestEmailViewModel","class","LuxuryApp.Application.ViewModels","OperationsLuxuryApp","LuxuryApp.Application.Modules.OperationsLuxuryApp.ScheduledTasks.ViewModels","ScheduledTasks\ViewModels\RecruitmentTestEmailViewModel.cs"
"TaskNotificationEmailViewModel","class","LuxuryApp.Application.ViewModels","OperationsLuxuryApp","LuxuryApp.Application.Modules.OperationsLuxuryApp.ScheduledTasks.ViewModels","ScheduledTasks\ViewModels\TaskNotificationEmailViewModel.cs"
"VacanciesReportEmailViewModel","class","LuxuryApp.Application.ViewModels","OperationsLuxuryApp","LuxuryApp.Application.Modules.OperationsLuxuryApp.ScheduledTasks.ViewModels","ScheduledTasks\ViewModels\VacanciesReportEmailViewModel.cs"
"ServiceOrderAddOrEditDTO","record","LuxuryApp.Application.DTOs","OperationsLuxuryApp","LuxuryApp.Application.Modules.OperationsLuxuryApp.ServiceOrder.DTOs","ServiceOrder\DTOs\ServiceOrderAddOrEditDTO.cs"
"ServiceOrderDocumentDTO","record","LuxuryApp.Application.DTOs","OperationsLuxuryApp","LuxuryApp.Application.Modules.OperationsLuxuryApp.ServiceOrder.DTOs","ServiceOrder\DTOs\ServiceOrderDocumentDTO.cs"
"ServiceOrderDTO","record","LuxuryApp.Application.DTOs","OperationsLuxuryApp","LuxuryApp.Application.Modules.OperationsLuxuryApp.ServiceOrder.DTOs","ServiceOrder\DTOs\ServiceOrderDTO.cs"
"ServiceOrderImgDTO","record","LuxuryApp.Application.DTOs","OperationsLuxuryApp","LuxuryApp.Application.Modules.OperationsLuxuryApp.ServiceOrder.DTOs","ServiceOrder\DTOs\ServiceOrderImgDTO.cs"
"ServiceOrderInformeDTO","record","LuxuryApp.Application.DTOs","OperationsLuxuryApp","LuxuryApp.Application.Modules.OperationsLuxuryApp.ServiceOrder.DTOs","ServiceOrder\DTOs\ServiceOrderInformeDTO.cs"
"ServiceOrdersEndPoints","class","LuxuryApp.Application.EndPoints","OperationsLuxuryApp","LuxuryApp.Application.Modules.OperationsLuxuryApp.ServiceOrder.EndPoints","ServiceOrder\EndPoints\ServiceOrdersEndpoints.cs"
"IServiceOrderAppService","interface","LuxuryApp.Application.Interfaces","OperationsLuxuryApp","LuxuryApp.Application.Modules.OperationsLuxuryApp.ServiceOrder.Interfaces","ServiceOrder\Interfaces\IServiceOrderAppService.cs"
"ServiceOrderMapper","class","LuxuryApp.Application.Mappings","OperationsLuxuryApp","LuxuryApp.Application.Modules.OperationsLuxuryApp.ServiceOrder.Mapping","ServiceOrder\Mapping\ServiceOrderMapper.cs"
"ServiceOrderAppService","class","LuxuryApp.Application.Services","OperationsLuxuryApp","LuxuryApp.Application.Modules.OperationsLuxuryApp.ServiceOrder.Services","ServiceOrder\Services\ServiceOrderAppService.cs"
"AgendaSupervisionAddOrEditDTO","record","LuxuryApp.Application.DTOs","OperationsLuxuryApp","LuxuryApp.Application.Modules.OperationsLuxuryApp.Supervision.Supervision.DTOs","Supervision\Supervision\DTOs\AgendaSupervisionAddOrEditDTO.cs"
"AgendaSupervisionDTO","record","LuxuryApp.Application.DTOs","OperationsLuxuryApp","LuxuryApp.Application.Modules.OperationsLuxuryApp.Supervision.Supervision.DTOs","Supervision\Supervision\DTOs\AgendaSupervisionDTO.cs"
"AgendaSupervisionEndPoints","class","LuxuryApp.Application.EndPoints","OperationsLuxuryApp","LuxuryApp.Application.Modules.OperationsLuxuryApp.Supervision.Supervision.EndPoints","Supervision\Supervision\EndPoints\AgendaSupervisionEndpoints.cs"
"IAgendaSupervisionAppService","interface","LuxuryApp.Application.Interfaces","OperationsLuxuryApp","LuxuryApp.Application.Modules.OperationsLuxuryApp.Supervision.Supervision.Interfaces","Supervision\Supervision\Interfaces\IAgendaSupervisionAppService.cs"
"AgendaSupervisionMapper","class","LuxuryApp.Application.Mappings","OperationsLuxuryApp","LuxuryApp.Application.Modules.OperationsLuxuryApp.Supervision.Supervision.Mapping","Supervision\Supervision\Mapping\AgendaSupervisionMapper.cs"
"AgendaSupervisionAppService","class","LuxuryApp.Application.Services","OperationsLuxuryApp","LuxuryApp.Application.Modules.OperationsLuxuryApp.Supervision.Supervision.Services","Supervision\Supervision\Services\AgendaSupervisionAppService.cs"
"SupervisionReportsEndPoints","class","LuxuryApp.Application.EndPoints","OperationsLuxuryApp","LuxuryApp.Application.Modules.OperationsLuxuryApp.Supervision.SupervisionReport.EndPoints","Supervision\SupervisionReport\EndPoints\SupervisionReportsEndpoints.cs"
"ISupervisionReportsAppService","interface","LuxuryApp.Application.Interfaces","OperationsLuxuryApp","LuxuryApp.Application.Modules.OperationsLuxuryApp.Supervision.SupervisionReport.Interfaces","Supervision\SupervisionReport\Interfaces\ISupervisionReportsAppService.cs"
"SupervisionReportsAppService","class","LuxuryApp.Application.Services","OperationsLuxuryApp","LuxuryApp.Application.Modules.OperationsLuxuryApp.Supervision.SupervisionReport.Services","Supervision\SupervisionReport\Services\SupervisionReportsAppService.cs"
"ITaskAlertEngineService","interface","LuxuryApp.Application.Interfaces","OperationsLuxuryApp","LuxuryApp.Application.Modules.OperationsLuxuryApp.Tasks.RecurringTaskAlerting.Interfaces","Tasks\RecurringTaskAlerting\Interfaces\ITaskAlertEngineService.cs"
"TaskAlertEngineService","class","LuxuryApp.Application.Interfaces","OperationsLuxuryApp","LuxuryApp.Application.Modules.OperationsLuxuryApp.Tasks.RecurringTaskAlerting.Services","Tasks\RecurringTaskAlerting\Services\TaskAlertEngineService.cs"
"RecurringTaskTemplateAddOrEditDTO","record","LuxuryApp.Application.DTOs","OperationsLuxuryApp","LuxuryApp.Application.Modules.OperationsLuxuryApp.Tasks.RecurringTaskCatalog.DTOs","Tasks\RecurringTaskCatalog\DTOs\RecurringTaskTemplateAddOrEditDTO.cs"
"RecurringTaskTemplateDTO","record","LuxuryApp.Application.DTOs","OperationsLuxuryApp","LuxuryApp.Application.Modules.OperationsLuxuryApp.Tasks.RecurringTaskCatalog.DTOs","Tasks\RecurringTaskCatalog\DTOs\RecurringTaskTemplateDTO.cs"
"RecurringTaskTemplatesEndPoints","class","LuxuryApp.Application.EndPoints","OperationsLuxuryApp","LuxuryApp.Application.Modules.OperationsLuxuryApp.Tasks.RecurringTaskCatalog.EndPoints","Tasks\RecurringTaskCatalog\EndPoints\RecurringTaskTemplatesEndPoints.cs"
"IRecurringTaskCatalogAppService","interface","LuxuryApp.Application.Interfaces","OperationsLuxuryApp","LuxuryApp.Application.Modules.OperationsLuxuryApp.Tasks.RecurringTaskCatalog.Interfaces","Tasks\RecurringTaskCatalog\Interfaces\IRecurringTaskCatalogAppService.cs"
"RecurringTaskCatalogMapper","class","LuxuryApp.Application.Tickets.Mapping","OperationsLuxuryApp","LuxuryApp.Application.Modules.OperationsLuxuryApp.Tasks.RecurringTaskCatalog.Mapping","Tasks\RecurringTaskCatalog\Mapping\RecurringTaskCatalogMapper.cs"
"RecurringTaskCatalogAppService","class","LuxuryApp.Application.Interfaces","OperationsLuxuryApp","LuxuryApp.Application.Modules.OperationsLuxuryApp.Tasks.RecurringTaskCatalog.Services","Tasks\RecurringTaskCatalog\Services\RecurringTaskCatalogAppService.cs"
"ComplianceDashboardDTO","class","LuxuryApp.Application.DTOs","OperationsLuxuryApp","LuxuryApp.Application.Modules.OperationsLuxuryApp.Tasks.RecurringTaskCompliance.DTOs","Tasks\RecurringTaskCompliance\DTOs\ComplianceDashboardDTO.cs"
"ComplianceGroupDTO","class","LuxuryApp.Application.DTOs","OperationsLuxuryApp","LuxuryApp.Application.Modules.OperationsLuxuryApp.Tasks.RecurringTaskCompliance.DTOs","Tasks\RecurringTaskCompliance\DTOs\ComplianceGroupDTO.cs"
"RecurringTaskComplianceEndPoints","class","LuxuryApp.Application.EndPoints","OperationsLuxuryApp","LuxuryApp.Application.Modules.OperationsLuxuryApp.Tasks.RecurringTaskCompliance.EndPoints","Tasks\RecurringTaskCompliance\EndPoints\RecurringTaskComplianceEndPoints.cs"
"IRecurringTaskComplianceAppService","interface","LuxuryApp.Application.Interfaces","OperationsLuxuryApp","LuxuryApp.Application.Modules.OperationsLuxuryApp.Tasks.RecurringTaskCompliance.Interfaces","Tasks\RecurringTaskCompliance\Interfaces\IRecurringTaskComplianceAppService.cs"
"RecurringTaskComplianceAppService","class","LuxuryApp.Application.Interfaces","OperationsLuxuryApp","LuxuryApp.Application.Modules.OperationsLuxuryApp.Tasks.RecurringTaskCompliance.Services","Tasks\RecurringTaskCompliance\Services\RecurringTaskComplianceAppService.cs"
"ITaskEscalationService","interface","LuxuryApp.Application.Interfaces","OperationsLuxuryApp","LuxuryApp.Application.Modules.OperationsLuxuryApp.Tasks.RecurringTaskEscalation.Interfaces","Tasks\RecurringTaskEscalation\Interfaces\ITaskEscalationService.cs"
"TaskEscalationService","class","LuxuryApp.Application.Interfaces","OperationsLuxuryApp","LuxuryApp.Application.Modules.OperationsLuxuryApp.Tasks.RecurringTaskEscalation.Services","Tasks\RecurringTaskEscalation\Services\TaskEscalationService.cs"
"IRecurringTaskGenerationService","interface","LuxuryApp.Application.Interfaces","OperationsLuxuryApp","LuxuryApp.Application.Modules.OperationsLuxuryApp.Tasks.RecurringTaskGeneration.Interfaces","Tasks\RecurringTaskGeneration\Interfaces\IRecurringTaskGenerationService.cs"
"RecurringTaskGenerationService","class","LuxuryApp.Application.Interfaces","OperationsLuxuryApp","LuxuryApp.Application.Modules.OperationsLuxuryApp.Tasks.RecurringTaskGeneration.Services","Tasks\RecurringTaskGeneration\Services\RecurringTaskGenerationService.cs"
"TaskAttachmentFileDTO","record","LuxuryApp.Application.DTOs","OperationsLuxuryApp","LuxuryApp.Application.Modules.OperationsLuxuryApp.Tasks.TaskAttachment.DTOs","Tasks\TaskAttachment\DTOs\TaskAttachmentFileDTO.cs"
"TaskAttachmentUploadDTO","record","LuxuryApp.Application.DTOs","OperationsLuxuryApp","LuxuryApp.Application.Modules.OperationsLuxuryApp.Tasks.TaskAttachment.DTOs","Tasks\TaskAttachment\DTOs\TaskAttachmentUploadDTO.cs"
"TaskAttachmentsEndPoints","class","LuxuryApp.Application.EndPoints","OperationsLuxuryApp","LuxuryApp.Application.Modules.OperationsLuxuryApp.Tasks.TaskAttachment.EndPoints","Tasks\TaskAttachment\EndPoints\TaskAttachmentsEndPoints.cs"
"ITaskAttachmentAppService","interface","LuxuryApp.Application.Interfaces","OperationsLuxuryApp","LuxuryApp.Application.Modules.OperationsLuxuryApp.Tasks.TaskAttachment.Interfaces","Tasks\TaskAttachment\Interfaces\ITaskAttachmentAppService.cs"
"TaskAttachmentMapper","class","LuxuryApp.Application.Tickets.Mapping","OperationsLuxuryApp","LuxuryApp.Application.Modules.OperationsLuxuryApp.Tasks.TaskAttachment.Mapping","Tasks\TaskAttachment\Mapping\TaskAttachmentMapper.cs"
"TaskAttachmentAppService","class","LuxuryApp.Application.Interfaces","OperationsLuxuryApp","LuxuryApp.Application.Modules.OperationsLuxuryApp.Tasks.TaskAttachment.Services","Tasks\TaskAttachment\Services\TaskAttachmentAppService.cs"
"TaskChecklistItemAddDTO","record","LuxuryApp.Application.DTOs","OperationsLuxuryApp","LuxuryApp.Application.Modules.OperationsLuxuryApp.Tasks.TaskChecklist.DTOs","Tasks\TaskChecklist\DTOs\TaskChecklistItemAddDTO.cs"
"TaskChecklistItemDTO","record","LuxuryApp.Application.DTOs","OperationsLuxuryApp","LuxuryApp.Application.Modules.OperationsLuxuryApp.Tasks.TaskChecklist.DTOs","Tasks\TaskChecklist\DTOs\TaskChecklistItemDTO.cs"
"TaskChecklistItemsEndPoints","class","LuxuryApp.Application.EndPoints","OperationsLuxuryApp","LuxuryApp.Application.Modules.OperationsLuxuryApp.Tasks.TaskChecklist.EndPoints","Tasks\TaskChecklist\EndPoints\TaskChecklistItemsEndPoints.cs"
"ITaskChecklistAppService","interface","LuxuryApp.Application.Interfaces","OperationsLuxuryApp","LuxuryApp.Application.Modules.OperationsLuxuryApp.Tasks.TaskChecklist.Interfaces","Tasks\TaskChecklist\Interfaces\ITaskChecklistAppService.cs"
"TaskChecklistMapper","class","LuxuryApp.Application.Tickets.Mapping","OperationsLuxuryApp","LuxuryApp.Application.Modules.OperationsLuxuryApp.Tasks.TaskChecklist.Mapping","Tasks\TaskChecklist\Mapping\TaskChecklistMapper.cs"
"TaskChecklistAppService","class","LuxuryApp.Application.Interfaces","OperationsLuxuryApp","LuxuryApp.Application.Modules.OperationsLuxuryApp.Tasks.TaskChecklist.Services","Tasks\TaskChecklist\Services\TaskChecklistAppService.cs"
"TaskFollowUpAddOrEditDTO","record","LuxuryApp.Application.DTOs","OperationsLuxuryApp","LuxuryApp.Application.Modules.OperationsLuxuryApp.Tasks.TaskFollowUp.DTOs","Tasks\TaskFollowUp\DTOs\TaskFollowUpAddOrEditDTO.cs"
"TaskFollowUpDTO","record","LuxuryApp.Application.DTOs","OperationsLuxuryApp","LuxuryApp.Application.Modules.OperationsLuxuryApp.Tasks.TaskFollowUp.DTOs","Tasks\TaskFollowUp\DTOs\TaskFollowUpDTO.cs"
"TaskMessageFollowUpEndPoints","class","LuxuryApp.Application.EndPoints","OperationsLuxuryApp","LuxuryApp.Application.Modules.OperationsLuxuryApp.Tasks.TaskFollowUp.EndPoints","Tasks\TaskFollowUp\EndPoints\TaskMessageFollowUpEndpoints.cs"
"ITaskFollowUpAppService","interface","LuxuryApp.Application.Interfaces","OperationsLuxuryApp","LuxuryApp.Application.Modules.OperationsLuxuryApp.Tasks.TaskFollowUp.Interfaces","Tasks\TaskFollowUp\Interfaces\ITaskFollowUpAppService.cs"
"TaskFollowUpAppService","class","LuxuryApp.Application.Interfaces","OperationsLuxuryApp","LuxuryApp.Application.Modules.OperationsLuxuryApp.Tasks.TaskFollowUp.Services","Tasks\TaskFollowUp\Services\TaskFollowUpAppService.cs"
"TaskJustificationDTO","record","LuxuryApp.Application.DTOs","OperationsLuxuryApp","LuxuryApp.Application.Modules.OperationsLuxuryApp.Tasks.TaskJustification.DTOs","Tasks\TaskJustification\DTOs\TaskJustificationDTO.cs"
"TaskJustificationRequestDTO","record","LuxuryApp.Application.DTOs","OperationsLuxuryApp","LuxuryApp.Application.Modules.OperationsLuxuryApp.Tasks.TaskJustification.DTOs","Tasks\TaskJustification\DTOs\TaskJustificationRequestDTO.cs"
"TaskJustificationsEndPoints","class","LuxuryApp.Application.EndPoints","OperationsLuxuryApp","LuxuryApp.Application.Modules.OperationsLuxuryApp.Tasks.TaskJustification.EndPoints","Tasks\TaskJustification\EndPoints\TaskJustificationsEndPoints.cs"
"ITaskJustificationService","interface","LuxuryApp.Application.Interfaces","OperationsLuxuryApp","LuxuryApp.Application.Modules.OperationsLuxuryApp.Tasks.TaskJustification.Interfaces","Tasks\TaskJustification\Interfaces\ITaskJustificationService.cs"
"TaskJustificationMapper","class","LuxuryApp.Application.Tickets.Mapping","OperationsLuxuryApp","LuxuryApp.Application.Modules.OperationsLuxuryApp.Tasks.TaskJustification.Mapping","Tasks\TaskJustification\Mapping\TaskJustificationMapper.cs"
"TaskJustificationAppService","class","LuxuryApp.Application.Interfaces","OperationsLuxuryApp","LuxuryApp.Application.Modules.OperationsLuxuryApp.Tasks.TaskJustification.Services","Tasks\TaskJustification\Services\TaskJustificationAppService.cs"
"TaskLegalAddDTO","record","LuxuryApp.Application.DTOs","OperationsLuxuryApp","LuxuryApp.Application.Modules.OperationsLuxuryApp.Tasks.TaskLegal.DTOs","Tasks\TaskLegal\DTOs\TaskLegalAddDTO.cs"
"ITaskLegalAppService","interface","LuxuryApp.Application.Interfaces","OperationsLuxuryApp","LuxuryApp.Application.Modules.OperationsLuxuryApp.Tasks.TaskLegal.Interfaces","Tasks\TaskLegal\Interfaces\ITaskLegalAppService.cs"
"TaskLegalMapper","class","LuxuryApp.Application.Tickets.Mapping","OperationsLuxuryApp","LuxuryApp.Application.Modules.OperationsLuxuryApp.Tasks.TaskLegal.Mapping","Tasks\TaskLegal\Mapping\TaskLegalMapper.cs"
"TaskLegalAppService","class","LuxuryApp.Application.Interfaces","OperationsLuxuryApp","LuxuryApp.Application.Modules.OperationsLuxuryApp.Tasks.TaskLegal.Services","Tasks\TaskLegal\Services\TaskLegalAppService.cs"
"TaskMessageReadEndPoints","class","LuxuryApp.Application.EndPoints","OperationsLuxuryApp","LuxuryApp.Application.Modules.OperationsLuxuryApp.Tasks.TaskMessageRead.EndPoints","Tasks\TaskMessageRead\EndPoints\TaskMessageReadEndpoints.cs"
"ITaskMessageReadAppService","interface","LuxuryApp.Application.Interfaces","OperationsLuxuryApp","LuxuryApp.Application.Modules.OperationsLuxuryApp.Tasks.TaskMessageRead.Interfaces","Tasks\TaskMessageRead\Interfaces\ITaskMessageReadAppService.cs"
"TaskMessageReadAppService","class","LuxuryApp.Application.Interfaces","OperationsLuxuryApp","LuxuryApp.Application.Modules.OperationsLuxuryApp.Tasks.TaskMessageRead.Services","Tasks\TaskMessageRead\Services\TaskMessageReadAppService.cs"
"TaskReportEndPoints","class","LuxuryApp.Application.EndPoints","OperationsLuxuryApp","LuxuryApp.Application.Modules.OperationsLuxuryApp.Tasks.TaskReport.EndPoints","Tasks\TaskReport\EndPoints\TaskReportEndpoints.cs"
"IPendingTaskReportAppService","interface","LuxuryApp.Application.Interfaces","OperationsLuxuryApp","LuxuryApp.Application.Modules.OperationsLuxuryApp.Tasks.TaskReport.Interfaces","Tasks\TaskReport\Interfaces\IPendingTaskReportAppService.cs"
"PendingTaskReportAppService","class","LuxuryApp.Application.Services","OperationsLuxuryApp","LuxuryApp.Application.Modules.OperationsLuxuryApp.Tasks.TaskReport.Services","Tasks\TaskReport\Services\PendingTaskReportAppService.cs"
"GanttTaskDTO","record","LuxuryApp.Application.DTOs","OperationsLuxuryApp","LuxuryApp.Application.Modules.OperationsLuxuryApp.Tasks.Tasks.DTOs","Tasks\Tasks\DTOs\GanttTaskDTO.cs"
"LegalTaskListItemDTO","record","LuxuryApp.Application.DTOs","OperationsLuxuryApp","LuxuryApp.Application.Modules.OperationsLuxuryApp.Tasks.Tasks.DTOs","Tasks\Tasks\DTOs\LegalTaskListItemDTO.cs"
"MyAssignedTasksDTO","record","LuxuryApp.Application.DTOs","OperationsLuxuryApp","LuxuryApp.Application.Modules.OperationsLuxuryApp.Tasks.Tasks.DTOs","Tasks\Tasks\DTOs\MyAssignedTasksDTO.cs"
"MyRequestTasksDTO","record","LuxuryApp.Application.DTOs","OperationsLuxuryApp","LuxuryApp.Application.Modules.OperationsLuxuryApp.Tasks.Tasks.DTOs","Tasks\Tasks\DTOs\MyRequestTasksDTO.cs"
"MyTasksProgramationDTO","record","LuxuryApp.Application.DTOs","OperationsLuxuryApp","LuxuryApp.Application.Modules.OperationsLuxuryApp.Tasks.Tasks.DTOs","Tasks\Tasks\DTOs\MyTasksProgramationDTO.cs"
"TasksAddOrEditDTO","record","LuxuryApp.Application.DTOs","OperationsLuxuryApp","LuxuryApp.Application.Modules.OperationsLuxuryApp.Tasks.Tasks.DTOs","Tasks\Tasks\DTOs\TasksAddOrEditDTO.cs"
"TasksCloseDTO","record","LuxuryApp.Application.DTOs","OperationsLuxuryApp","LuxuryApp.Application.Modules.OperationsLuxuryApp.Tasks.Tasks.DTOs","Tasks\Tasks\DTOs\TasksCloseDTO.cs"
"TasksItemDTO","record","LuxuryApp.Application.DTOs","OperationsLuxuryApp","LuxuryApp.Application.Modules.OperationsLuxuryApp.Tasks.Tasks.DTOs","Tasks\Tasks\DTOs\TasksItemDTO.cs"
"TasksListDTO","record","LuxuryApp.Application.DTOs","OperationsLuxuryApp","LuxuryApp.Application.Modules.OperationsLuxuryApp.Tasks.Tasks.DTOs","Tasks\Tasks\DTOs\TasksListDTO.cs"
"TasksProgramationDTO","record","LuxuryApp.Application.DTOs","OperationsLuxuryApp","LuxuryApp.Application.Modules.OperationsLuxuryApp.Tasks.Tasks.DTOs","Tasks\Tasks\DTOs\TasksProgramationDTO.cs"
"TasksReopenDTO","record","LuxuryApp.Application.DTOs","OperationsLuxuryApp","LuxuryApp.Application.Modules.OperationsLuxuryApp.Tasks.Tasks.DTOs","Tasks\Tasks\DTOs\TasksReopenDTO.cs"
"TasksViewDTO","record","LuxuryApp.Application.DTOs","OperationsLuxuryApp","LuxuryApp.Application.Modules.OperationsLuxuryApp.Tasks.Tasks.DTOs","Tasks\Tasks\DTOs\TasksViewDTO.cs"
"GanttEndPoints","class","LuxuryApp.Application.EndPoints","OperationsLuxuryApp","LuxuryApp.Application.Modules.OperationsLuxuryApp.Tasks.Tasks.EndPoints","Tasks\Tasks\EndPoints\GanttEndpoints.cs"
"TasksEndPoints","class","LuxuryApp.Application.EndPoints","OperationsLuxuryApp","LuxuryApp.Application.Modules.OperationsLuxuryApp.Tasks.Tasks.EndPoints","Tasks\Tasks\EndPoints\TasksEndpoints.cs"
"IGanttAppService","interface","LuxuryApp.Application.Interfaces","OperationsLuxuryApp","LuxuryApp.Application.Modules.OperationsLuxuryApp.Tasks.Tasks.Interfaces","Tasks\Tasks\Interfaces\IGanttAppService.cs"
"ITaskAppService","interface","LuxuryApp.Application.Interfaces","OperationsLuxuryApp","LuxuryApp.Application.Modules.OperationsLuxuryApp.Tasks.Tasks.Interfaces","Tasks\Tasks\Interfaces\ITaskAppService.cs"
"ITasksReportAppService","interface","LuxuryApp.Application.Interfaces","OperationsLuxuryApp","LuxuryApp.Application.Modules.OperationsLuxuryApp.Tasks.Tasks.Interfaces","Tasks\Tasks\Interfaces\ITasksReportAppService.cs"
"TasksMapper","class","LuxuryApp.Application.Tickets.Mapping","OperationsLuxuryApp","LuxuryApp.Application.Modules.OperationsLuxuryApp.Tasks.Tasks.Mapping","Tasks\Tasks\Mapping\TasksMapper.cs"
"GanttAppService","class","LuxuryApp.Application.Interfaces","OperationsLuxuryApp","LuxuryApp.Application.Modules.OperationsLuxuryApp.Tasks.Tasks.Services","Tasks\Tasks\Services\GanttAppService.cs"
"TaskAppService","class","LuxuryApp.Application.Interfaces","OperationsLuxuryApp","LuxuryApp.Application.Modules.OperationsLuxuryApp.Tasks.Tasks.Services","Tasks\Tasks\Services\TaskAppService.cs"
"TasksReportAppService","class","LuxuryApp.Application.Interfaces","OperationsLuxuryApp","LuxuryApp.Application.Modules.OperationsLuxuryApp.Tasks.Tasks.Services","Tasks\Tasks\Services\TasksReportAppService.cs"
"TaskWorkPlanEndPoints","class","LuxuryApp.Application.EndPoints","OperationsLuxuryApp","LuxuryApp.Application.Modules.OperationsLuxuryApp.Tasks.TaskWorkPlan.EndPoints","Tasks\TaskWorkPlan\EndPoints\TaskWorkPlanEndpoints.cs"
"ITaskWorkPlanAppService","interface","LuxuryApp.Application.Interfaces","OperationsLuxuryApp","LuxuryApp.Application.Modules.OperationsLuxuryApp.Tasks.TaskWorkPlan.Interfaces","Tasks\TaskWorkPlan\Interfaces\ITaskWorkPlanAppService.cs"
"TaskWorkPlanAppService","class","LuxuryApp.Application.Interfaces","OperationsLuxuryApp","LuxuryApp.Application.Modules.OperationsLuxuryApp.Tasks.TaskWorkPlan.Services","Tasks\TaskWorkPlan\Services\TaskWorkPlanAppService.cs"
"TaskGroupAddOrEditDTO","record","LuxuryApp.Application.DTOs","OperationsLuxuryApp","LuxuryApp.Application.Modules.OperationsLuxuryApp.Tasks.WorkGroup.DTOs","Tasks\WorkGroup\DTOs\TaskGroupAddOrEditDTO.cs"
"TaskGroupDTO","record","LuxuryApp.Application.DTOs","OperationsLuxuryApp","LuxuryApp.Application.Modules.OperationsLuxuryApp.Tasks.WorkGroup.DTOs","Tasks\WorkGroup\DTOs\TaskGroupDTO.cs"
"TaskGroupsEndPoints","class","LuxuryApp.Application.EndPoints","OperationsLuxuryApp","LuxuryApp.Application.Modules.OperationsLuxuryApp.Tasks.WorkGroup.EndPoints","Tasks\WorkGroup\EndPoints\TaskGroupsEndpoints.cs"
"ITaskGroupAppService","interface","LuxuryApp.Application.Interfaces","OperationsLuxuryApp","LuxuryApp.Application.Modules.OperationsLuxuryApp.Tasks.WorkGroup.Interfaces","Tasks\WorkGroup\Interfaces\ITaskGroupAppService.cs"
"WorkGroupMapper","class","LuxuryApp.Application.Tickets.Mapping","OperationsLuxuryApp","LuxuryApp.Application.Modules.OperationsLuxuryApp.Tasks.WorkGroup.Mapping","Tasks\WorkGroup\Mapping\WorkGroupMapper.cs"
"TaskGroupAppService","class","LuxuryApp.Application.Interfaces","OperationsLuxuryApp","LuxuryApp.Application.Modules.OperationsLuxuryApp.Tasks.WorkGroup.Services","Tasks\WorkGroup\Services\TaskGroupAppService.cs"
"TaskGroupCategoryDTO","record","LuxuryApp.Application.DTOs","OperationsLuxuryApp","LuxuryApp.Application.Modules.OperationsLuxuryApp.Tasks.WorkGroupCategories.DTOs","Tasks\WorkGroupCategories\DTOs\TaskGroupCategoryDTO.cs"
"TaskGroupCategoryAddOrEditDTO","record","LuxuryApp.Application.DTOs","OperationsLuxuryApp","LuxuryApp.Application.Modules.OperationsLuxuryApp.Tasks.WorkGroupCategories.DTOs","Tasks\WorkGroupCategories\DTOs\WorkGroupCategoriesAddOrEditDTO.cs"
"TaskGroupCategoriesEndPoints","class","LuxuryApp.Application.EndPoints","OperationsLuxuryApp","LuxuryApp.Application.Modules.OperationsLuxuryApp.Tasks.WorkGroupCategories.EndPoints","Tasks\WorkGroupCategories\EndPoints\TaskGroupCategoriesEndpoints.cs"
"ITaskGroupCategoryAppService","interface","LuxuryApp.Application.Interfaces","OperationsLuxuryApp","LuxuryApp.Application.Modules.OperationsLuxuryApp.Tasks.WorkGroupCategories.Interfaces","Tasks\WorkGroupCategories\Interfaces\ITaskGroupCategoryAppService.cs"
"TaskGroupCategoryMapper","class","LuxuryApp.Application.Tickets.Mapping","OperationsLuxuryApp","LuxuryApp.Application.Modules.OperationsLuxuryApp.Tasks.WorkGroupCategories.Mapping","Tasks\WorkGroupCategories\Mapping\WorkGroupCategoriesMapper.cs"
"TaskGroupCategoryAppService","class","LuxuryApp.Application.Interfaces","OperationsLuxuryApp","LuxuryApp.Application.Modules.OperationsLuxuryApp.Tasks.WorkGroupCategories.Services","Tasks\WorkGroupCategories\Services\TaskGroupCategoryAppService.cs"
"WorkGroupMembersAddOrEditDTO","record","LuxuryApp.Application.DTOs","OperationsLuxuryApp","LuxuryApp.Application.Modules.OperationsLuxuryApp.Tasks.WorkGroupMember.DTOs","Tasks\WorkGroupMember\DTOs\WorkGroupMembersAddOrEditDTO.cs"
"WorkGroupMembersDTO","record","LuxuryApp.Application.DTOs","OperationsLuxuryApp","LuxuryApp.Application.Modules.OperationsLuxuryApp.Tasks.WorkGroupMember.DTOs","Tasks\WorkGroupMember\DTOs\WorkGroupMembersDTO.cs"
"TaskGroupParticipantEndPoints","class","LuxuryApp.Application.EndPoints","OperationsLuxuryApp","LuxuryApp.Application.Modules.OperationsLuxuryApp.Tasks.WorkGroupMember.EndPoints","Tasks\WorkGroupMember\EndPoints\TaskGroupParticipantEndpoints.cs"
"ITaskGroupMemberAppService","interface","LuxuryApp.Application.Interfaces","OperationsLuxuryApp","LuxuryApp.Application.Modules.OperationsLuxuryApp.Tasks.WorkGroupMember.Interfaces","Tasks\WorkGroupMember\Interfaces\ITaskGroupMemberAppService.cs"
"TaskGroupMemberAppService","class","LuxuryApp.Application.Interfaces","OperationsLuxuryApp","LuxuryApp.Application.Modules.OperationsLuxuryApp.Tasks.WorkGroupMember.Services","Tasks\WorkGroupMember\Services\TaskGroupMemberAppService.cs"
"Candidate","class","LuxuryApp.Infrastructure.Data.Entities","ReclutamientoLuxuryApp","LuxuryApp.Application.Modules.ReclutamientoLuxuryApp.Candidate.Domain.Entities","Candidate\Domain\Entities\Candidate.cs"
"CandidateApplicationRole","class","LuxuryApp.Infrastructure.Data.Entities","ReclutamientoLuxuryApp","LuxuryApp.Application.Modules.ReclutamientoLuxuryApp.Candidate.Domain.Entities","Candidate\Domain\Entities\CandidateApplicationRole.cs"
"CandidateInterview","class","LuxuryApp.Infrastructure.Data.Entities","ReclutamientoLuxuryApp","LuxuryApp.Application.Modules.ReclutamientoLuxuryApp.Candidate.Domain.Entities","Candidate\Domain\Entities\CandidateInterview.cs"
"CandidateStageHistory","class","LuxuryApp.Infrastructure.Data.Entities","ReclutamientoLuxuryApp","LuxuryApp.Application.Modules.ReclutamientoLuxuryApp.Candidate.Domain.Entities","Candidate\Domain\Entities\CandidateStageHistory.cs"
"CandidateCreateOrUpdateDto","record","LuxuryApp.Application.DTOs","ReclutamientoLuxuryApp","LuxuryApp.Application.Modules.ReclutamientoLuxuryApp.Candidate.DTOs","Candidate\DTOs\CandidateCreateOrUpdateDto.cs"
"CandidateDeleteImpactDto","record","LuxuryApp.Application.DTOs","ReclutamientoLuxuryApp","LuxuryApp.Application.Modules.ReclutamientoLuxuryApp.Candidate.DTOs","Candidate\DTOs\CandidateDeleteImpactDto.cs"
"CandidateDetailDto","record","LuxuryApp.Application.DTOs","ReclutamientoLuxuryApp","LuxuryApp.Application.Modules.ReclutamientoLuxuryApp.Candidate.DTOs","Candidate\DTOs\CandidateDetailDto.cs"
"CandidateDuplicateCheckInputDto","record","LuxuryApp.Application.DTOs","ReclutamientoLuxuryApp","LuxuryApp.Application.Modules.ReclutamientoLuxuryApp.Candidate.DTOs","Candidate\DTOs\CandidateDuplicateCheckInputDto.cs"
"CandidateDuplicateCheckResultDto","record","LuxuryApp.Application.DTOs","ReclutamientoLuxuryApp","LuxuryApp.Application.Modules.ReclutamientoLuxuryApp.Candidate.DTOs","Candidate\DTOs\CandidateDuplicateCheckResultDto.cs"
"CandidateDuplicateMatchType","enum","LuxuryApp.Application.DTOs","ReclutamientoLuxuryApp","LuxuryApp.Application.Modules.ReclutamientoLuxuryApp.Candidate.DTOs","Candidate\DTOs\CandidateDuplicateMatchType.cs"
"CandidateListItemDto","record","LuxuryApp.Application.DTOs","ReclutamientoLuxuryApp","LuxuryApp.Application.Modules.ReclutamientoLuxuryApp.Candidate.DTOs","Candidate\DTOs\CandidateListItemDto.cs"
"CandidateStageHistoryItemDto","record","LuxuryApp.Application.DTOs","ReclutamientoLuxuryApp","LuxuryApp.Application.Modules.ReclutamientoLuxuryApp.Candidate.DTOs","Candidate\DTOs\CandidateStageHistoryItemDto.cs"
"CandidateUserDataForImportDto","record","LuxuryApp.Application.DTOs","ReclutamientoLuxuryApp","LuxuryApp.Application.Modules.ReclutamientoLuxuryApp.Candidate.DTOs","Candidate\DTOs\CandidateUserDataForImportDto.cs"
"FormerEmployeeCandidateResultDto","record","LuxuryApp.Application.DTOs","ReclutamientoLuxuryApp","LuxuryApp.Application.Modules.ReclutamientoLuxuryApp.Candidate.DTOs","Candidate\DTOs\FormerEmployeeCandidateResultDto.cs"
"FormerEmployeeTalentPoolItemDto","record","LuxuryApp.Application.DTOs","ReclutamientoLuxuryApp","LuxuryApp.Application.Modules.ReclutamientoLuxuryApp.Candidate.DTOs","Candidate\DTOs\FormerEmployeeTalentPoolItemDto.cs"
"CandidateEndPoint","class","LuxuryApp.Application.EndPoints","ReclutamientoLuxuryApp","LuxuryApp.Application.Modules.ReclutamientoLuxuryApp.Candidate.EndPoints","Candidate\EndPoints\CandidateEndPoint.cs"
"ICandidateAppService","interface","LuxuryApp.Application.Interfaces","ReclutamientoLuxuryApp","LuxuryApp.Application.Modules.ReclutamientoLuxuryApp.Candidate.Interfaces","Candidate\Interfaces\ICandidateAppService.cs"
"CandidateMapping","class","LuxuryApp.Application.Mappings","ReclutamientoLuxuryApp","LuxuryApp.Application.Modules.ReclutamientoLuxuryApp.Candidate.Mappings","Candidate\Mappings\CandidateMapping.cs"
"CandidateAppService","class","LuxuryApp.Application.Services","ReclutamientoLuxuryApp","LuxuryApp.Application.Modules.ReclutamientoLuxuryApp.Candidate.Services","Candidate\Services\CandidateAppService.cs"
"ICandidateAutomationService","interface","LuxuryApp.Application.Interfaces","ReclutamientoLuxuryApp","LuxuryApp.Application.Modules.ReclutamientoLuxuryApp.CandidateApplication.Interfaces","CandidateApplication\Interfaces\ICandidateAutomationService.cs"
"CandidateAutomationService","class","LuxuryApp.Application.Services","ReclutamientoLuxuryApp","LuxuryApp.Application.Modules.ReclutamientoLuxuryApp.CandidateApplication.Services","CandidateApplication\Services\CandidateAutomationService.cs"
"CandidateInterviewResult","class","LuxuryApp.Infrastructure.Data.Entities","ReclutamientoLuxuryApp","LuxuryApp.Application.Modules.ReclutamientoLuxuryApp.CandidateInterviewResult.Domain.Entities","CandidateInterviewResult\Domain\Entities\CandidateInterviewResult.cs"
"CandidateInterviewResultCreateDto","record","LuxuryApp.Application.DTOs","ReclutamientoLuxuryApp","LuxuryApp.Application.Modules.ReclutamientoLuxuryApp.CandidateInterviewResult.DTOs","CandidateInterviewResult\DTOs\CandidateInterviewResultCreateDto.cs"
"CandidateInterviewResultItemDto","record","LuxuryApp.Application.DTOs","ReclutamientoLuxuryApp","LuxuryApp.Application.Modules.ReclutamientoLuxuryApp.CandidateInterviewResult.DTOs","CandidateInterviewResult\DTOs\CandidateInterviewResultItemDto.cs"
"CandidateInterviewResultEndPoint","class","LuxuryApp.Application.EndPoints","ReclutamientoLuxuryApp","LuxuryApp.Application.Modules.ReclutamientoLuxuryApp.CandidateInterviewResult.EndPoints","CandidateInterviewResult\EndPoints\CandidateInterviewResultEndPoint.cs"
"ICandidateInterviewResultAppService","interface","LuxuryApp.Application.Interfaces","ReclutamientoLuxuryApp","LuxuryApp.Application.Modules.ReclutamientoLuxuryApp.CandidateInterviewResult.Interfaces","CandidateInterviewResult\Interfaces\ICandidateInterviewResultAppService.cs"
"CandidateInterviewResultMapping","class","LuxuryApp.Application.Mappings","ReclutamientoLuxuryApp","LuxuryApp.Application.Modules.ReclutamientoLuxuryApp.CandidateInterviewResult.Mappings","CandidateInterviewResult\Mappings\CandidateInterviewResultMapping.cs"
"CandidateInterviewResultAppService","class","LuxuryApp.Application.Services","ReclutamientoLuxuryApp","LuxuryApp.Application.Modules.ReclutamientoLuxuryApp.CandidateInterviewResult.Services","CandidateInterviewResult\Services\CandidateInterviewResultAppService.cs"
"CandidateProcess","class","LuxuryApp.Infrastructure.Data.Entities","ReclutamientoLuxuryApp","LuxuryApp.Application.Modules.ReclutamientoLuxuryApp.CandidateProcess.Domain.Entities","CandidateProcess\Domain\Entities\CandidateProcess.cs"
"CandidateApplicationCreateOrUpdateDto","record","LuxuryApp.Application.DTOs","ReclutamientoLuxuryApp","LuxuryApp.Application.Modules.ReclutamientoLuxuryApp.CandidateProcess.DTOs","CandidateProcess\DTOs\CandidateApplicationCreateOrUpdateDto.cs"
"CandidateApplicationProcessHiringDto","record","LuxuryApp.Application.DTOs","ReclutamientoLuxuryApp","LuxuryApp.Application.Modules.ReclutamientoLuxuryApp.CandidateProcess.DTOs","CandidateProcess\DTOs\CandidateApplicationProcessHiringDto.cs"
"CandidateDecisionRequest","record","LuxuryApp.Application.DTOs","ReclutamientoLuxuryApp","LuxuryApp.Application.Modules.ReclutamientoLuxuryApp.CandidateProcess.DTOs","CandidateProcess\DTOs\CandidateDecisionRequest.cs"
"CandidateHiringDocumentListItemDto","record","LuxuryApp.Application.DTOs","ReclutamientoLuxuryApp","LuxuryApp.Application.Modules.ReclutamientoLuxuryApp.CandidateProcess.DTOs","CandidateProcess\DTOs\CandidateHiringDocumentListItemDto.cs"
"CandidateHiringDocumentUploadDto","record","LuxuryApp.Application.DTOs","ReclutamientoLuxuryApp","LuxuryApp.Application.Modules.ReclutamientoLuxuryApp.CandidateProcess.DTOs","CandidateProcess\DTOs\CandidateHiringDocumentUploadDto.cs"
"CandidateHiringDocumentValidateDto","record","LuxuryApp.Application.DTOs","ReclutamientoLuxuryApp","LuxuryApp.Application.Modules.ReclutamientoLuxuryApp.CandidateProcess.DTOs","CandidateProcess\DTOs\CandidateHiringDocumentValidateDto.cs"
"CandidateInterviewerQueueDto","record","LuxuryApp.Application.DTOs","ReclutamientoLuxuryApp","LuxuryApp.Application.Modules.ReclutamientoLuxuryApp.CandidateProcess.DTOs","CandidateProcess\DTOs\CandidateInterviewerQueueDto.cs"
"CandidateInterviewerQueueItemDto","record","LuxuryApp.Application.DTOs","ReclutamientoLuxuryApp","LuxuryApp.Application.Modules.ReclutamientoLuxuryApp.CandidateProcess.DTOs","CandidateProcess\DTOs\CandidateInterviewerQueueItemDto.cs"
"CandidateInterviewResponseDto","record","LuxuryApp.Application.DTOs","ReclutamientoLuxuryApp","LuxuryApp.Application.Modules.ReclutamientoLuxuryApp.CandidateProcess.DTOs","CandidateProcess\DTOs\CandidateInterviewResponseDto.cs"
"CandidateInterviewTimelineItem","record","LuxuryApp.Application.DTOs","ReclutamientoLuxuryApp","LuxuryApp.Application.Modules.ReclutamientoLuxuryApp.CandidateProcess.DTOs","CandidateProcess\DTOs\CandidateInterviewTimelineItem.cs"
"CandidateProcessCreateOrUpdateDto","record","LuxuryApp.Application.DTOs","ReclutamientoLuxuryApp","LuxuryApp.Application.Modules.ReclutamientoLuxuryApp.CandidateProcess.DTOs","CandidateProcess\DTOs\CandidateProcessCreateOrUpdateDto.cs"
"CandidateProcessDetailDto","record","LuxuryApp.Application.DTOs","ReclutamientoLuxuryApp","LuxuryApp.Application.Modules.ReclutamientoLuxuryApp.CandidateProcess.DTOs","CandidateProcess\DTOs\CandidateProcessDetailDto.cs"
"CandidateProcessKpisDto","record","LuxuryApp.Application.DTOs","ReclutamientoLuxuryApp","LuxuryApp.Application.Modules.ReclutamientoLuxuryApp.CandidateProcess.DTOs","CandidateProcess\DTOs\CandidateProcessKpisDto.cs"
"CandidateProcessListItemDto","record","LuxuryApp.Application.DTOs","ReclutamientoLuxuryApp","LuxuryApp.Application.Modules.ReclutamientoLuxuryApp.CandidateProcess.DTOs","CandidateProcess\DTOs\CandidateProcessListItemDto.cs"
"CandidateProcessVacancyDetailDto","record","LuxuryApp.Application.DTOs","ReclutamientoLuxuryApp","LuxuryApp.Application.Modules.ReclutamientoLuxuryApp.CandidateProcess.DTOs","CandidateProcess\DTOs\CandidateProcessVacancyDetailDto.cs"
"CandidateProcessWorkPositionDetailDto","record","LuxuryApp.Application.DTOs","ReclutamientoLuxuryApp","LuxuryApp.Application.Modules.ReclutamientoLuxuryApp.CandidateProcess.DTOs","CandidateProcess\DTOs\CandidateProcessWorkPositionDetailDto.cs"
"CandidateRecruitmentAgendaItemDto","record","LuxuryApp.Application.DTOs","ReclutamientoLuxuryApp","LuxuryApp.Application.Modules.ReclutamientoLuxuryApp.CandidateProcess.DTOs","CandidateProcess\DTOs\CandidateRecruitmentAgendaItemDto.cs"
"CandidateRecruitmentInterviewBoardDto","record","LuxuryApp.Application.DTOs","ReclutamientoLuxuryApp","LuxuryApp.Application.Modules.ReclutamientoLuxuryApp.CandidateProcess.DTOs","CandidateProcess\DTOs\CandidateRecruitmentInterviewBoardDto.cs"
"CandidateRecruitmentInterviewBoardItemDto","record","LuxuryApp.Application.DTOs","ReclutamientoLuxuryApp","LuxuryApp.Application.Modules.ReclutamientoLuxuryApp.CandidateProcess.DTOs","CandidateProcess\DTOs\CandidateRecruitmentInterviewBoardItemDto.cs"
"ChangeStageApplicationRequest","record","LuxuryApp.Application.DTOs","ReclutamientoLuxuryApp","LuxuryApp.Application.Modules.ReclutamientoLuxuryApp.CandidateProcess.DTOs","CandidateProcess\DTOs\ChangeStageApplicationRequest.cs"
"ConfirmPresentationRequestDto","record","LuxuryApp.Application.DTOs","ReclutamientoLuxuryApp","LuxuryApp.Application.Modules.ReclutamientoLuxuryApp.CandidateProcess.DTOs","CandidateProcess\DTOs\ConfirmPresentationRequestDto.cs"
"FuenteKpiItem","record","LuxuryApp.Application.DTOs","ReclutamientoLuxuryApp","LuxuryApp.Application.Modules.ReclutamientoLuxuryApp.CandidateProcess.DTOs","CandidateProcess\DTOs\FuenteKpiItem.cs"
"InterviewerActionRequest","record","LuxuryApp.Application.DTOs","ReclutamientoLuxuryApp","LuxuryApp.Application.Modules.ReclutamientoLuxuryApp.CandidateProcess.DTOs","CandidateProcess\DTOs\InterviewerActionRequest.cs"
"InterviewerApplicationViewDto","record","LuxuryApp.Application.DTOs","ReclutamientoLuxuryApp","LuxuryApp.Application.Modules.ReclutamientoLuxuryApp.CandidateProcess.DTOs","CandidateProcess\DTOs\InterviewerApplicationViewDto.cs"
"ScheduleRecruitmentInterviewRequest","record","LuxuryApp.Application.DTOs","ReclutamientoLuxuryApp","LuxuryApp.Application.Modules.ReclutamientoLuxuryApp.CandidateProcess.DTOs","CandidateProcess\DTOs\ScheduleRecruitmentInterviewRequest.cs"
"VacancyCandidateTimelineDTO","record","LuxuryApp.Application.DTOs","ReclutamientoLuxuryApp","LuxuryApp.Application.Modules.ReclutamientoLuxuryApp.CandidateProcess.DTOs","CandidateProcess\DTOs\VacancyTimelineEventDTO.cs"
"CandidateProcessEndPoint","class","LuxuryApp.Application.EndPoints","ReclutamientoLuxuryApp","LuxuryApp.Application.Modules.ReclutamientoLuxuryApp.CandidateProcess.EndPoints","CandidateProcess\EndPoints\CandidateProcessEndPoint.cs"
"ICandidateProcessAppService","interface","LuxuryApp.Application.Interfaces","ReclutamientoLuxuryApp","LuxuryApp.Application.Modules.ReclutamientoLuxuryApp.CandidateProcess.Interfaces","CandidateProcess\Interfaces\ICandidateProcessAppService.cs"
"CandidateProcessAppService","class","LuxuryApp.Application.Services","ReclutamientoLuxuryApp","LuxuryApp.Application.Modules.ReclutamientoLuxuryApp.CandidateProcess.Services","CandidateProcess\Services\CandidateProcessAppService.cs"
"CandidateWorkExperience","class","LuxuryApp.Infrastructure.Data.Entities","ReclutamientoLuxuryApp","LuxuryApp.Application.Modules.ReclutamientoLuxuryApp.CandidateWorkExperience.Domain.Entities","CandidateWorkExperience\Domain\Entities\CandidateWorkExperience.cs"
"CandidateWorkExperienceCreateOrUpdateDto","record","LuxuryApp.Application.DTOs","ReclutamientoLuxuryApp","LuxuryApp.Application.Modules.ReclutamientoLuxuryApp.CandidateWorkExperience.DTOs","CandidateWorkExperience\DTOs\CandidateWorkExperienceCreateOrUpdateDto.cs"
"CandidateWorkExperienceItemDto","record","LuxuryApp.Application.DTOs","ReclutamientoLuxuryApp","LuxuryApp.Application.Modules.ReclutamientoLuxuryApp.CandidateWorkExperience.DTOs","CandidateWorkExperience\DTOs\CandidateWorkExperienceItemDto.cs"
"CandidateWorkExperienceEndPoint","class","LuxuryApp.Application.EndPoints","ReclutamientoLuxuryApp","LuxuryApp.Application.Modules.ReclutamientoLuxuryApp.CandidateWorkExperience.EndPoints","CandidateWorkExperience\EndPoints\CandidateWorkExperienceEndPoint.cs"
"ICandidateWorkExperienceAppService","interface","LuxuryApp.Application.Interfaces","ReclutamientoLuxuryApp","LuxuryApp.Application.Modules.ReclutamientoLuxuryApp.CandidateWorkExperience.Interfaces","CandidateWorkExperience\Interfaces\ICandidateWorkExperienceAppService.cs"
"CandidateWorkExperienceMapping","class","LuxuryApp.Application.Mappings","ReclutamientoLuxuryApp","LuxuryApp.Application.Modules.ReclutamientoLuxuryApp.CandidateWorkExperience.Mappings","CandidateWorkExperience\Mappings\CandidateWorkExperienceMapping.cs"
"CandidateWorkExperienceAppService","class","LuxuryApp.Application.Services","ReclutamientoLuxuryApp","LuxuryApp.Application.Modules.ReclutamientoLuxuryApp.CandidateWorkExperience.Services","CandidateWorkExperience\Services\CandidateWorkExperienceAppService.cs"
"WorkPositionScheduleConfiguration","class","LuxuryApp.Infrastructure.Data.EntityConfigurations","ReclutamientoLuxuryApp","LuxuryApp.Application.Modules.ReclutamientoLuxuryApp.Infrastructure.Persistence.Recruitment","Infrastructure\Persistence\Recruitment\WorkPositionScheduleConfiguration.cs"
"InterviewerMatrix","class","LuxuryApp.Infrastructure.Data.Entities","ReclutamientoLuxuryApp","LuxuryApp.Application.Modules.ReclutamientoLuxuryApp.InterviewerMatrix.Domain.Entities","InterviewerMatrix\Domain\Entities\InterviewerMatrix.cs"
"EligibleInterviewerOptionDto","class","LuxuryApp.Application.DTOs","ReclutamientoLuxuryApp","LuxuryApp.Application.Modules.ReclutamientoLuxuryApp.InterviewerMatrix.DTOs","InterviewerMatrix\DTOs\EligibleInterviewerOptionDto.cs"
"InterviewerMatrixBoardDto","record","LuxuryApp.Application.DTOs","ReclutamientoLuxuryApp","LuxuryApp.Application.Modules.ReclutamientoLuxuryApp.InterviewerMatrix.DTOs","InterviewerMatrix\DTOs\InterviewerMatrixBoardDto.cs"
"InterviewerMatrixCreateOrUpdateDto","record","LuxuryApp.Application.DTOs","ReclutamientoLuxuryApp","LuxuryApp.Application.Modules.ReclutamientoLuxuryApp.InterviewerMatrix.DTOs","InterviewerMatrix\DTOs\InterviewerMatrixCreateOrUpdateDto.cs"
"InterviewerMatrixItemDto","record","LuxuryApp.Application.DTOs","ReclutamientoLuxuryApp","LuxuryApp.Application.Modules.ReclutamientoLuxuryApp.InterviewerMatrix.DTOs","InterviewerMatrix\DTOs\InterviewerMatrixItemDto.cs"
"InterviewerMatrixRoleOptionDto","record","LuxuryApp.Application.DTOs","ReclutamientoLuxuryApp","LuxuryApp.Application.Modules.ReclutamientoLuxuryApp.InterviewerMatrix.DTOs","InterviewerMatrix\DTOs\InterviewerMatrixRoleOptionDto.cs"
"InterviewerMatrixEndPoint","class","LuxuryApp.Application.EndPoints","ReclutamientoLuxuryApp","LuxuryApp.Application.Modules.ReclutamientoLuxuryApp.InterviewerMatrix.EndPoints","InterviewerMatrix\EndPoints\InterviewerMatrixEndPoint.cs"
"IInterviewerMatrixAppService","interface","LuxuryApp.Application.Interfaces","ReclutamientoLuxuryApp","LuxuryApp.Application.Modules.ReclutamientoLuxuryApp.InterviewerMatrix.Interfaces","InterviewerMatrix\Interfaces\IInterviewerMatrixAppService.cs"
"InterviewerMatrixMapping","class","LuxuryApp.Application.Mappings","ReclutamientoLuxuryApp","LuxuryApp.Application.Modules.ReclutamientoLuxuryApp.InterviewerMatrix.Mappings","InterviewerMatrix\Mappings\InterviewerMatrixMapping.cs"
"InterviewerMatrixAppService","class","LuxuryApp.Application.Services","ReclutamientoLuxuryApp","LuxuryApp.Application.Modules.ReclutamientoLuxuryApp.InterviewerMatrix.Services","InterviewerMatrix\Services\InterviewerMatrixAppService.cs"
"ICandidateNotificationCoordinatorService","interface","LuxuryApp.Application.Interfaces","ReclutamientoLuxuryApp","LuxuryApp.Application.Modules.ReclutamientoLuxuryApp.Notifications.Interfaces","Notifications\Interfaces\ICandidateNotificationCoordinatorService.cs"
"IMultiChannelAlertService","interface","LuxuryApp.Application.Interfaces","ReclutamientoLuxuryApp","LuxuryApp.Application.Modules.ReclutamientoLuxuryApp.Notifications.Interfaces","Notifications\Interfaces\IMultiChannelAlertService.cs"
"CandidateNotificationCoordinatorService","class","LuxuryApp.Application.Services","ReclutamientoLuxuryApp","LuxuryApp.Application.Modules.ReclutamientoLuxuryApp.Notifications.Services","Notifications\Services\CandidateNotificationCoordinatorService.cs"
"MultiChannelAlertService","class","LuxuryApp.Application.Services","ReclutamientoLuxuryApp","LuxuryApp.Application.Modules.ReclutamientoLuxuryApp.Notifications.Services","Notifications\Services\MultiChannelAlertService.cs"
"BusquedaProveedorDTO","record","LuxuryApp.Application.DTOs","ReclutamientoLuxuryApp","LuxuryApp.Application.Modules.ReclutamientoLuxuryApp.Reclutamiento.CustomerProvider.DTOs","Reclutamiento\CustomerProvider\DTOs\BusquedaProveedorDTO.cs"
"CustomerProviderAddOrEditDTO","record","LuxuryApp.Application.DTOs","ReclutamientoLuxuryApp","LuxuryApp.Application.Modules.ReclutamientoLuxuryApp.Reclutamiento.CustomerProvider.DTOs","Reclutamiento\CustomerProvider\DTOs\CustomerProviderAddOrEditDTO.cs"
"CustomerProviderListDTO","record","LuxuryApp.Application.DTOs","ReclutamientoLuxuryApp","LuxuryApp.Application.Modules.ReclutamientoLuxuryApp.Reclutamiento.CustomerProvider.DTOs","Reclutamiento\CustomerProvider\DTOs\CustomerProviderListDTO.cs"
"ProviderIndexDTO","record","LuxuryApp.Application.DTOs","ReclutamientoLuxuryApp","LuxuryApp.Application.Modules.ReclutamientoLuxuryApp.Reclutamiento.CustomerProvider.DTOs","Reclutamiento\CustomerProvider\DTOs\ProviderIndexDTO.cs"
"ProviderIndexDTOCategoriaDTO","record","LuxuryApp.Application.DTOs","ReclutamientoLuxuryApp","LuxuryApp.Application.Modules.ReclutamientoLuxuryApp.Reclutamiento.CustomerProvider.DTOs","Reclutamiento\CustomerProvider\DTOs\ProviderIndexDTOCategoriaDTO.cs"
"CustomerProviderEndPoints","class","LuxuryApp.Application.EndPoints","ReclutamientoLuxuryApp","LuxuryApp.Application.Modules.ReclutamientoLuxuryApp.Reclutamiento.CustomerProvider.EndPoints","Reclutamiento\CustomerProvider\EndPoints\CustomerProviderEndPoints.cs"
"ICustomerProviderAppService","interface","LuxuryApp.Application.Interfaces","ReclutamientoLuxuryApp","LuxuryApp.Application.Modules.ReclutamientoLuxuryApp.Reclutamiento.CustomerProvider.Interfaces","Reclutamiento\CustomerProvider\Interfaces\ICustomerProviderAppService.cs"
"CustomerProviderMapper","class","LuxuryApp.Application.Mappings","ReclutamientoLuxuryApp","LuxuryApp.Application.Modules.ReclutamientoLuxuryApp.Reclutamiento.CustomerProvider.Mapping","Reclutamiento\CustomerProvider\Mapping\CustomerProviderMapper.cs"
"CustomerProviderAppService","class","LuxuryApp.Application.Services","ReclutamientoLuxuryApp","LuxuryApp.Application.Modules.ReclutamientoLuxuryApp.Reclutamiento.CustomerProvider.Services","Reclutamiento\CustomerProvider\Services\CustomerProviderAppService.cs"
"JobDescription","class","LuxuryApp.Infrastructure.Data.Entities","ReclutamientoLuxuryApp","LuxuryApp.Application.Modules.ReclutamientoLuxuryApp.Reclutamiento.JobDescription.Domain.Entities","Reclutamiento\JobDescription\Domain\Entities\JobDescription.cs"
"JobDescriptionAddOrEditDTO","record","LuxuryApp.Application.DTOs","ReclutamientoLuxuryApp","LuxuryApp.Application.Modules.ReclutamientoLuxuryApp.Reclutamiento.JobDescription.DTOs","Reclutamiento\JobDescription\DTOs\JobDescriptionAddOrEditDTO.cs"
"JobDescriptionAnalysisRequestDTO","record","LuxuryApp.Application.DTOs","ReclutamientoLuxuryApp","LuxuryApp.Application.Modules.ReclutamientoLuxuryApp.Reclutamiento.JobDescription.DTOs","Reclutamiento\JobDescription\DTOs\JobDescriptionAnalysisRequestDTO.cs"
"JobDescriptionDTO","record","LuxuryApp.Application.DTOs","ReclutamientoLuxuryApp","LuxuryApp.Application.Modules.ReclutamientoLuxuryApp.Reclutamiento.JobDescription.DTOs","Reclutamiento\JobDescription\DTOs\JobDescriptionDTO.cs"
"JobDescriptionProposalRequestDTO","record","LuxuryApp.Application.EndPoints","ReclutamientoLuxuryApp","LuxuryApp.Application.Modules.ReclutamientoLuxuryApp.Reclutamiento.JobDescription.DTOs","Reclutamiento\JobDescription\DTOs\JobDescriptionProposalRequestDTO.cs"
"JobDescriptionEndPoints","class","LuxuryApp.Application.EndPoints","ReclutamientoLuxuryApp","LuxuryApp.Application.Modules.ReclutamientoLuxuryApp.Reclutamiento.JobDescription.EndPoints","Reclutamiento\JobDescription\EndPoints\JobDescriptionEndPoints.cs"
"IJobDescriptionAppService","interface","LuxuryApp.Application.Interfaces","ReclutamientoLuxuryApp","LuxuryApp.Application.Modules.ReclutamientoLuxuryApp.Reclutamiento.JobDescription.Interfaces","Reclutamiento\JobDescription\Interfaces\IJobDescriptionAppService.cs"
"JobDescriptionMapper","class","LuxuryApp.Application.Mappings","ReclutamientoLuxuryApp","LuxuryApp.Application.Modules.ReclutamientoLuxuryApp.Reclutamiento.JobDescription.Mapping","Reclutamiento\JobDescription\Mapping\JobDescriptionMapper.cs"
"JobDescriptionAppService","class","LuxuryApp.Application.Services","ReclutamientoLuxuryApp","LuxuryApp.Application.Modules.ReclutamientoLuxuryApp.Reclutamiento.JobDescription.Services","Reclutamiento\JobDescription\Services\JobDescriptionAppService.cs"
"ProviderSupportAddOrEditDTO","record","LuxuryApp.Application.DTOs","ReclutamientoLuxuryApp","LuxuryApp.Application.Modules.ReclutamientoLuxuryApp.Reclutamiento.ProviderSupport.DTOs","Reclutamiento\ProviderSupport\DTOs\ProviderSupportAddOrEditDTO.cs"
"ProviderSupportListDTO","record","LuxuryApp.Application.DTOs","ReclutamientoLuxuryApp","LuxuryApp.Application.Modules.ReclutamientoLuxuryApp.Reclutamiento.ProviderSupport.DTOs","Reclutamiento\ProviderSupport\DTOs\ProviderSupportListDTO.cs"
"ProviderSupportEndPoints","class","LuxuryApp.Application.EndPoints","ReclutamientoLuxuryApp","LuxuryApp.Application.Modules.ReclutamientoLuxuryApp.Reclutamiento.ProviderSupport.EndPoints","Reclutamiento\ProviderSupport\EndPoints\ProviderSupportEndPoints.cs"
"IPersonProviderSupportAppService","interface","LuxuryApp.Application.Interfaces","ReclutamientoLuxuryApp","LuxuryApp.Application.Modules.ReclutamientoLuxuryApp.Reclutamiento.ProviderSupport.Interfaces","Reclutamiento\ProviderSupport\Interfaces\IPersonProviderSupportAppService.cs"
"PersonProviderSupportAppService","class","LuxuryApp.Application.Services","ReclutamientoLuxuryApp","LuxuryApp.Application.Modules.ReclutamientoLuxuryApp.Reclutamiento.ProviderSupport.Services","Reclutamiento\ProviderSupport\Services\PersonProviderSupportAppService.cs"
"SolicitudesVacanteListDTO","record","LuxuryApp.Application.DTOs","ReclutamientoLuxuryApp","LuxuryApp.Application.Modules.ReclutamientoLuxuryApp.Reclutamiento.Recruitment.RecruitmentRequests.Dtos","Reclutamiento\Recruitment\RecruitmentRequests\Dtos\SolicitudesVacanteListDTO.cs"
"SolicitudesReclutamientoEndPoints","class","LuxuryApp.Application.EndPoints","ReclutamientoLuxuryApp","LuxuryApp.Application.Modules.ReclutamientoLuxuryApp.Reclutamiento.Recruitment.RecruitmentRequests.EndPoints","Reclutamiento\Recruitment\RecruitmentRequests\EndPoints\SolicitudesReclutamientoEndPoints.cs"
"IReclutamientoIntegrationService","interface","LuxuryApp.Application.Interfaces","ReclutamientoLuxuryApp","LuxuryApp.Application.Modules.ReclutamientoLuxuryApp.Reclutamiento.Recruitment.RecruitmentRequests.Interfaces","Reclutamiento\Recruitment\RecruitmentRequests\Interfaces\IReclutamientoIntegrationService.cs"
"IReclutamientoQueryService","interface","LuxuryApp.Application.Interfaces","ReclutamientoLuxuryApp","LuxuryApp.Application.Modules.ReclutamientoLuxuryApp.Reclutamiento.Recruitment.RecruitmentRequests.Interfaces","Reclutamiento\Recruitment\RecruitmentRequests\Interfaces\IReclutamientoQueryService.cs"
"ReclutamientoIntegrationService","class","LuxuryApp.Application.Services","ReclutamientoLuxuryApp","LuxuryApp.Application.Modules.ReclutamientoLuxuryApp.Reclutamiento.Recruitment.RecruitmentRequests.Services","Reclutamiento\Recruitment\RecruitmentRequests\Services\ReclutamientoIntegrationService.cs"
"ReclutamientoQueryService","class","LuxuryApp.Application.Services","ReclutamientoLuxuryApp","LuxuryApp.Application.Modules.ReclutamientoLuxuryApp.Reclutamiento.Recruitment.RecruitmentRequests.Services","Reclutamiento\Recruitment\RecruitmentRequests\Services\ReclutamientoQueryService.cs"
"CompleteTaskInstanceDTO","record","LuxuryApp.Application.DTOs","ReclutamientoLuxuryApp","LuxuryApp.Application.Modules.ReclutamientoLuxuryApp.Reclutamiento.Recruitment.RecurringTasks.DTOs","Reclutamiento\Recruitment\RecurringTasks\DTOs\CompleteTaskInstanceDTO.cs"
"CreateTaskCommentDTO","record","LuxuryApp.Application.DTOs","ReclutamientoLuxuryApp","LuxuryApp.Application.Modules.ReclutamientoLuxuryApp.Reclutamiento.Recruitment.RecurringTasks.DTOs","Reclutamiento\Recruitment\RecurringTasks\DTOs\CreateTaskCommentDTO.cs"
"CreateTaskTemplateDTO","record","LuxuryApp.Application.DTOs","ReclutamientoLuxuryApp","LuxuryApp.Application.Modules.ReclutamientoLuxuryApp.Reclutamiento.Recruitment.RecurringTasks.DTOs","Reclutamiento\Recruitment\RecurringTasks\DTOs\CreateTaskTemplateDTO.cs"
"CreateTaskTemplateItemDTO","record","LuxuryApp.Application.DTOs","ReclutamientoLuxuryApp","LuxuryApp.Application.Modules.ReclutamientoLuxuryApp.Reclutamiento.Recruitment.RecurringTasks.DTOs","Reclutamiento\Recruitment\RecurringTasks\DTOs\CreateTaskTemplateItemDTO.cs"
"CustomerTaskItemConfigDto","record","LuxuryApp.Application.DTOs","ReclutamientoLuxuryApp","LuxuryApp.Application.Modules.ReclutamientoLuxuryApp.Reclutamiento.Recruitment.RecurringTasks.DTOs","Reclutamiento\Recruitment\RecurringTasks\DTOs\CustomerTaskItemConfigDTO.cs"
"TaskAttachmentDTO","record","LuxuryApp.Application.DTOs","ReclutamientoLuxuryApp","LuxuryApp.Application.Modules.ReclutamientoLuxuryApp.Reclutamiento.Recruitment.RecurringTasks.DTOs","Reclutamiento\Recruitment\RecurringTasks\DTOs\TaskAttachmentDTO.cs"
"TaskCommentDTO","record","LuxuryApp.Application.DTOs","ReclutamientoLuxuryApp","LuxuryApp.Application.Modules.ReclutamientoLuxuryApp.Reclutamiento.Recruitment.RecurringTasks.DTOs","Reclutamiento\Recruitment\RecurringTasks\DTOs\TaskCommentDTO.cs"
"TaskInstanceDTO","record","LuxuryApp.Application.DTOs","ReclutamientoLuxuryApp","LuxuryApp.Application.Modules.ReclutamientoLuxuryApp.Reclutamiento.Recruitment.RecurringTasks.DTOs","Reclutamiento\Recruitment\RecurringTasks\DTOs\TaskInstanceDTO.cs"
"TaskTemplateDTO","record","LuxuryApp.Application.DTOs","ReclutamientoLuxuryApp","LuxuryApp.Application.Modules.ReclutamientoLuxuryApp.Reclutamiento.Recruitment.RecurringTasks.DTOs","Reclutamiento\Recruitment\RecurringTasks\DTOs\TaskTemplateDTO.cs"
"TaskTemplateItemDTO","record","LuxuryApp.Application.DTOs","ReclutamientoLuxuryApp","LuxuryApp.Application.Modules.ReclutamientoLuxuryApp.Reclutamiento.Recruitment.RecurringTasks.DTOs","Reclutamiento\Recruitment\RecurringTasks\DTOs\TaskTemplateItemDTO.cs"
"TaskTemplateItemsReorderDTO","record","LuxuryApp.Application.DTOs","ReclutamientoLuxuryApp","LuxuryApp.Application.Modules.ReclutamientoLuxuryApp.Reclutamiento.Recruitment.RecurringTasks.DTOs","Reclutamiento\Recruitment\RecurringTasks\DTOs\TaskTemplateItemsReorderDTO.cs"
"UpdateTaskTemplateDTO","record","LuxuryApp.Application.DTOs","ReclutamientoLuxuryApp","LuxuryApp.Application.Modules.ReclutamientoLuxuryApp.Reclutamiento.Recruitment.RecurringTasks.DTOs","Reclutamiento\Recruitment\RecurringTasks\DTOs\UpdateTaskTemplateDTO.cs"
"UpdateTaskTemplateItemDto","record","LuxuryApp.Application.DTOs","ReclutamientoLuxuryApp","LuxuryApp.Application.Modules.ReclutamientoLuxuryApp.Reclutamiento.Recruitment.RecurringTasks.DTOs","Reclutamiento\Recruitment\RecurringTasks\DTOs\UpdateTaskTemplateItemDTO.cs"
"TaskInstancesEndPoints","class","LuxuryApp.Application.EndPoints","ReclutamientoLuxuryApp","LuxuryApp.Application.Modules.ReclutamientoLuxuryApp.Reclutamiento.Recruitment.RecurringTasks.Endpoints","Reclutamiento\Recruitment\RecurringTasks\Endpoints\TaskInstancesEndPoints.cs"
"TaskTemplatesEndPoints","class","LuxuryApp.Application.EndPoints","ReclutamientoLuxuryApp","LuxuryApp.Application.Modules.ReclutamientoLuxuryApp.Reclutamiento.Recruitment.RecurringTasks.Endpoints","Reclutamiento\Recruitment\RecurringTasks\Endpoints\TaskTemplatesEndPoints.cs"
"IRecurringTaskGeneratorService","interface","LuxuryApp.Application.Interfaces","ReclutamientoLuxuryApp","LuxuryApp.Application.Modules.ReclutamientoLuxuryApp.Reclutamiento.Recruitment.RecurringTasks.Interfaces","Reclutamiento\Recruitment\RecurringTasks\Interfaces\IRecurringTaskGeneratorService.cs"
"ITaskInstanceAppService","interface","LuxuryApp.Application.Interfaces","ReclutamientoLuxuryApp","LuxuryApp.Application.Modules.ReclutamientoLuxuryApp.Reclutamiento.Recruitment.RecurringTasks.Interfaces","Reclutamiento\Recruitment\RecurringTasks\Interfaces\ITaskInstanceAppService.cs"
"ITaskTemplateAppService","interface","LuxuryApp.Application.Interfaces","ReclutamientoLuxuryApp","LuxuryApp.Application.Modules.ReclutamientoLuxuryApp.Reclutamiento.Recruitment.RecurringTasks.Interfaces","Reclutamiento\Recruitment\RecurringTasks\Interfaces\ITaskTemplateAppService.cs"
"RecurringTasksProfile","class","LuxuryApp.Application.Mappings","ReclutamientoLuxuryApp","LuxuryApp.Application.Modules.ReclutamientoLuxuryApp.Reclutamiento.Recruitment.RecurringTasks.Mapping","Reclutamiento\Recruitment\RecurringTasks\Mapping\RecurringTasksProfile.cs"
"RecurringTaskGeneratorService","class","LuxuryApp.Application.Services","ReclutamientoLuxuryApp","LuxuryApp.Application.Modules.ReclutamientoLuxuryApp.Reclutamiento.Recruitment.RecurringTasks.Services","Reclutamiento\Recruitment\RecurringTasks\Services\RecurringTaskGeneratorService.cs"
"TaskInstanceAppService","class","LuxuryApp.Application.Services","ReclutamientoLuxuryApp","LuxuryApp.Application.Modules.ReclutamientoLuxuryApp.Reclutamiento.Recruitment.RecurringTasks.Services","Reclutamiento\Recruitment\RecurringTasks\Services\TaskInstanceAppService.cs"
"TaskTemplateAppService","class","LuxuryApp.Application.Services","ReclutamientoLuxuryApp","LuxuryApp.Application.Modules.ReclutamientoLuxuryApp.Reclutamiento.Recruitment.RecurringTasks.Services","Reclutamiento\Recruitment\RecurringTasks\Services\TaskTemplateAppService.cs"
"RequestDismissal","class","LuxuryApp.Infrastructure.Data.Entities","ReclutamientoLuxuryApp","LuxuryApp.Application.Modules.ReclutamientoLuxuryApp.Reclutamiento.Recruitment.RequestDismissal.Domain.Entities","Reclutamiento\Recruitment\RequestDismissal\Domain\Entities\RequestDismissal.cs"
"RequestDismissalEvaluation","class","LuxuryApp.Infrastructure.Data.Entities","ReclutamientoLuxuryApp","LuxuryApp.Application.Modules.ReclutamientoLuxuryApp.Reclutamiento.Recruitment.RequestDismissal.Domain.Entities","Reclutamiento\Recruitment\RequestDismissal\Domain\Entities\RequestDismissalEvaluation.cs"
"RequestDismissalFile","class","LuxuryApp.Infrastructure.Data.Entities","ReclutamientoLuxuryApp","LuxuryApp.Application.Modules.ReclutamientoLuxuryApp.Reclutamiento.Recruitment.RequestDismissal.Domain.Entities","Reclutamiento\Recruitment\RequestDismissal\Domain\Entities\RequestDismissalFile.cs"
"RequestDismissalIncident","class","LuxuryApp.Infrastructure.Data.Entities","ReclutamientoLuxuryApp","LuxuryApp.Application.Modules.ReclutamientoLuxuryApp.Reclutamiento.Recruitment.RequestDismissal.Domain.Entities","Reclutamiento\Recruitment\RequestDismissal\Domain\Entities\RequestDismissalIncident.cs"
"RequestDismissalAddOrEditDTO","record","LuxuryApp.Application.DTOs","ReclutamientoLuxuryApp","LuxuryApp.Application.Modules.ReclutamientoLuxuryApp.Reclutamiento.Recruitment.RequestDismissal.DTOs","Reclutamiento\Recruitment\RequestDismissal\DTOs\RequestDismissalAddOrEditDTO.cs"
"RequestDismissalDTO","record","LuxuryApp.Application.DTOs","ReclutamientoLuxuryApp","LuxuryApp.Application.Modules.ReclutamientoLuxuryApp.Reclutamiento.Recruitment.RequestDismissal.DTOs","Reclutamiento\Recruitment\RequestDismissal\DTOs\RequestDismissalDTO.cs"
"RequestDismissalEvaluationDTO","record","LuxuryApp.Application.DTOs","ReclutamientoLuxuryApp","LuxuryApp.Application.Modules.ReclutamientoLuxuryApp.Reclutamiento.Recruitment.RequestDismissal.DTOs","Reclutamiento\Recruitment\RequestDismissal\DTOs\RequestDismissalEvaluationDTO.cs"
"RequestDismissalFileDTO","record","LuxuryApp.Application.DTOs","ReclutamientoLuxuryApp","LuxuryApp.Application.Modules.ReclutamientoLuxuryApp.Reclutamiento.Recruitment.RequestDismissal.DTOs","Reclutamiento\Recruitment\RequestDismissal\DTOs\RequestDismissalFileDTO.cs"
"RequestDismissalIncidentDTO","record","LuxuryApp.Application.DTOs","ReclutamientoLuxuryApp","LuxuryApp.Application.Modules.ReclutamientoLuxuryApp.Reclutamiento.Recruitment.RequestDismissal.DTOs","Reclutamiento\Recruitment\RequestDismissal\DTOs\RequestDismissalIncidentDTO.cs"
"RequestDismissalListDTO","record","LuxuryApp.Application.DTOs","ReclutamientoLuxuryApp","LuxuryApp.Application.Modules.ReclutamientoLuxuryApp.Reclutamiento.Recruitment.RequestDismissal.DTOs","Reclutamiento\Recruitment\RequestDismissal\DTOs\RequestDismissalListDTO.cs"
"RequestDismissalSendRequestDTO","record","LuxuryApp.Application.DTOs","ReclutamientoLuxuryApp","LuxuryApp.Application.Modules.ReclutamientoLuxuryApp.Reclutamiento.Recruitment.RequestDismissal.DTOs","Reclutamiento\Recruitment\RequestDismissal\DTOs\RequestDismissalSendRequestDTO.cs"
"RequestDismissalStatusUpdateDTO","record","LuxuryApp.Application.DTOs","ReclutamientoLuxuryApp","LuxuryApp.Application.Modules.ReclutamientoLuxuryApp.Reclutamiento.Recruitment.RequestDismissal.DTOs","Reclutamiento\Recruitment\RequestDismissal\DTOs\RequestDismissalStatusUpdateDTO.cs"
"SolicitudBajaEmailDTO","record","LuxuryApp.Application.DTOs","ReclutamientoLuxuryApp","LuxuryApp.Application.Modules.ReclutamientoLuxuryApp.Reclutamiento.Recruitment.RequestDismissal.DTOs","Reclutamiento\Recruitment\RequestDismissal\DTOs\SolicitudBajaEmailDTO.cs"
"RequestDismissalEndPoints","class","LuxuryApp.Application.EndPoints","ReclutamientoLuxuryApp","LuxuryApp.Application.Modules.ReclutamientoLuxuryApp.Reclutamiento.Recruitment.RequestDismissal.EndPoints","Reclutamiento\Recruitment\RequestDismissal\EndPoints\RequestDismissalEndPoints.cs"
"ISolicitudBajaAppService","interface","LuxuryApp.Application.Interfaces","ReclutamientoLuxuryApp","LuxuryApp.Application.Modules.ReclutamientoLuxuryApp.Reclutamiento.Recruitment.RequestDismissal.Interfaces","Reclutamiento\Recruitment\RequestDismissal\Interfaces\ISolicitudBajaAppService.cs"
"RequestDismissalMapper","class","LuxuryApp.Application.Mappings","ReclutamientoLuxuryApp","LuxuryApp.Application.Modules.ReclutamientoLuxuryApp.Reclutamiento.Recruitment.RequestDismissal.Mapping","Reclutamiento\Recruitment\RequestDismissal\Mapping\RequestDismissalMapper.cs"
"SolicitudBajaAppService","class","LuxuryApp.Application.Services","ReclutamientoLuxuryApp","LuxuryApp.Application.Modules.ReclutamientoLuxuryApp.Reclutamiento.Recruitment.RequestDismissal.Services","Reclutamiento\Recruitment\RequestDismissal\Services\SolicitudBajaAppService.cs"
"RequestDismissalDiscount","class","LuxuryApp.Infrastructure.Data.Entities","ReclutamientoLuxuryApp","LuxuryApp.Application.Modules.ReclutamientoLuxuryApp.Reclutamiento.Recruitment.RequestDismissalDiscount.Domain.Entities","Reclutamiento\Recruitment\RequestDismissalDiscount\Domain\Entities\RequestDismissalDiscount.cs"
"DiscountDescriptionDTO","record","LuxuryApp.Application.DTOs","ReclutamientoLuxuryApp","LuxuryApp.Application.Modules.ReclutamientoLuxuryApp.Reclutamiento.Recruitment.RequestDismissalDiscount.DTOs","Reclutamiento\Recruitment\RequestDismissalDiscount\DTOs\DiscountDescriptionDTO.cs"
"RequestDismissalDiscountAddOrEditDTO","record","LuxuryApp.Application.DTOs","ReclutamientoLuxuryApp","LuxuryApp.Application.Modules.ReclutamientoLuxuryApp.Reclutamiento.Recruitment.RequestDismissalDiscount.DTOs","Reclutamiento\Recruitment\RequestDismissalDiscount\DTOs\RequestDismissalDiscountAddOrEditDTO.cs"
"RequestDismissalDiscountDTO","record","LuxuryApp.Application.DTOs","ReclutamientoLuxuryApp","LuxuryApp.Application.Modules.ReclutamientoLuxuryApp.Reclutamiento.Recruitment.RequestDismissalDiscount.DTOs","Reclutamiento\Recruitment\RequestDismissalDiscount\DTOs\RequestDismissalDiscountDTO.cs"
"RequestDismissalDiscountEndPoints","class","LuxuryApp.Application.EndPoints","ReclutamientoLuxuryApp","LuxuryApp.Application.Modules.ReclutamientoLuxuryApp.Reclutamiento.Recruitment.RequestDismissalDiscount.EndPoints","Reclutamiento\Recruitment\RequestDismissalDiscount\EndPoints\RequestDismissalDiscountEndPoints.cs"
"IRequestDismissalDiscountAppService","interface","LuxuryApp.Application.Interfaces","ReclutamientoLuxuryApp","LuxuryApp.Application.Modules.ReclutamientoLuxuryApp.Reclutamiento.Recruitment.RequestDismissalDiscount.Interfaces","Reclutamiento\Recruitment\RequestDismissalDiscount\Interfaces\IRequestDismissalDiscountAppService.cs"
"RequestDismissalDiscountMappingProfile","class","LuxuryApp.Application.Mappings","ReclutamientoLuxuryApp","LuxuryApp.Application.Modules.ReclutamientoLuxuryApp.Reclutamiento.Recruitment.RequestDismissalDiscount.Mapping","Reclutamiento\Recruitment\RequestDismissalDiscount\Mapping\RequestDismissalDiscountMappingProfile.cs"
"RequestDismissalDiscountAppService","class","LuxuryApp.Application.Services","ReclutamientoLuxuryApp","LuxuryApp.Application.Modules.ReclutamientoLuxuryApp.Reclutamiento.Recruitment.RequestDismissalDiscount.Services","Reclutamiento\Recruitment\RequestDismissalDiscount\Services\RequestDismissalDiscountAppService.cs"
"RequestEmployeeRegister","class","LuxuryApp.Infrastructure.Data.Entities","ReclutamientoLuxuryApp","LuxuryApp.Application.Modules.ReclutamientoLuxuryApp.Reclutamiento.Recruitment.RequestEmployeeRegister.Domain.Entities","Reclutamiento\Recruitment\RequestEmployeeRegister\Domain\Entities\RequestEmployeeRegister.cs"
"RequestEmployeeRegisterFile","class","LuxuryApp.Infrastructure.Data.Entities","ReclutamientoLuxuryApp","LuxuryApp.Application.Modules.ReclutamientoLuxuryApp.Reclutamiento.Recruitment.RequestEmployeeRegister.Domain.Entities","Reclutamiento\Recruitment\RequestEmployeeRegister\Domain\Entities\RequestEmployeeRegisterFile.cs"
"DataToExcelRequestEmployeeRegisterDTO","record","LuxuryApp.Application.DTOs","ReclutamientoLuxuryApp","LuxuryApp.Application.Modules.ReclutamientoLuxuryApp.Reclutamiento.Recruitment.RequestEmployeeRegister.DTOs","Reclutamiento\Recruitment\RequestEmployeeRegister\DTOs\DataToExcelRequestEmployeeRegisterDTO.cs"
"DuplicateEmployeeMatchDTO","record","LuxuryApp.Application.DTOs","ReclutamientoLuxuryApp","LuxuryApp.Application.Modules.ReclutamientoLuxuryApp.Reclutamiento.Recruitment.RequestEmployeeRegister.DTOs","Reclutamiento\Recruitment\RequestEmployeeRegister\DTOs\DuplicateEmployeeMatchDTO.cs"
"GetRequestEmployeeRegisterDTO","record","LuxuryApp.Application.DTOs","ReclutamientoLuxuryApp","LuxuryApp.Application.Modules.ReclutamientoLuxuryApp.Reclutamiento.Recruitment.RequestEmployeeRegister.DTOs","Reclutamiento\Recruitment\RequestEmployeeRegister\DTOs\GetRequestEmployeeRegisterDTO.cs"
"IndividualRequestEmployee","record","LuxuryApp.Application.DTOs","ReclutamientoLuxuryApp","LuxuryApp.Application.Modules.ReclutamientoLuxuryApp.Reclutamiento.Recruitment.RequestEmployeeRegister.DTOs","Reclutamiento\Recruitment\RequestEmployeeRegister\DTOs\IndividualRequestEmployee.cs"
"ReactivateAndMigrateEmployeeDTO","record","LuxuryApp.Application.DTOs","ReclutamientoLuxuryApp","LuxuryApp.Application.Modules.ReclutamientoLuxuryApp.Reclutamiento.Recruitment.RequestEmployeeRegister.DTOs","Reclutamiento\Recruitment\RequestEmployeeRegister\DTOs\ReactivateAndMigrateEmployeeDTO.cs"
"RequestEmployeeRegisterAddOrEditDTO","record","LuxuryApp.Application.DTOs","ReclutamientoLuxuryApp","LuxuryApp.Application.Modules.ReclutamientoLuxuryApp.Reclutamiento.Recruitment.RequestEmployeeRegister.DTOs","Reclutamiento\Recruitment\RequestEmployeeRegister\DTOs\RequestEmployeeRegisterAddOrEditDTO.cs"
"RequestEmployeeRegisterBasicInfoDto","record","LuxuryApp.Application.DTOs","ReclutamientoLuxuryApp","LuxuryApp.Application.Modules.ReclutamientoLuxuryApp.Reclutamiento.Recruitment.RequestEmployeeRegister.DTOs","Reclutamiento\Recruitment\RequestEmployeeRegister\DTOs\RequestEmployeeRegisterBasicInfoDTO.cs"
"RequestEmployeeRegisterDTO","record","LuxuryApp.Application.DTOs","ReclutamientoLuxuryApp","LuxuryApp.Application.Modules.ReclutamientoLuxuryApp.Reclutamiento.Recruitment.RequestEmployeeRegister.DTOs","Reclutamiento\Recruitment\RequestEmployeeRegister\DTOs\RequestEmployeeRegisterDTO.cs"
"RequestEmployeeRegisterDuplicateSearchDTO","record","LuxuryApp.Application.DTOs","ReclutamientoLuxuryApp","LuxuryApp.Application.Modules.ReclutamientoLuxuryApp.Reclutamiento.Recruitment.RequestEmployeeRegister.DTOs","Reclutamiento\Recruitment\RequestEmployeeRegister\DTOs\RequestEmployeeRegisterDuplicateSearchDTO.cs"
"RequestEmployeeRegisterGetByIdDTO","record","LuxuryApp.Application.DTOs","ReclutamientoLuxuryApp","LuxuryApp.Application.Modules.ReclutamientoLuxuryApp.Reclutamiento.Recruitment.RequestEmployeeRegister.DTOs","Reclutamiento\Recruitment\RequestEmployeeRegister\DTOs\RequestEmployeeRegisterGetByIdDTO.cs"
"RequestEmployeeRegisterListDTO","record","LuxuryApp.Application.DTOs","ReclutamientoLuxuryApp","LuxuryApp.Application.Modules.ReclutamientoLuxuryApp.Reclutamiento.Recruitment.RequestEmployeeRegister.DTOs","Reclutamiento\Recruitment\RequestEmployeeRegister\DTOs\RequestEmployeeRegisterListDTO.cs"
"RequestEmployeeRegisterUpdateStatusDto","record","LuxuryApp.Application.DTOs","ReclutamientoLuxuryApp","LuxuryApp.Application.Modules.ReclutamientoLuxuryApp.Reclutamiento.Recruitment.RequestEmployeeRegister.DTOs","Reclutamiento\Recruitment\RequestEmployeeRegister\DTOs\RequestEmployeeRegisterUpdateStatusDTO.cs"
"RequestEmployeeRegisterEndPoints","class","LuxuryApp.Application.EndPoints","ReclutamientoLuxuryApp","LuxuryApp.Application.Modules.ReclutamientoLuxuryApp.Reclutamiento.Recruitment.RequestEmployeeRegister.EndPoints","Reclutamiento\Recruitment\RequestEmployeeRegister\EndPoints\RequestEmployeeRegisterEndPoints.cs"
"IRequestEmployeeRegisterAppService","interface","LuxuryApp.Application.Interfaces","ReclutamientoLuxuryApp","LuxuryApp.Application.Modules.ReclutamientoLuxuryApp.Reclutamiento.Recruitment.RequestEmployeeRegister.Interfaces","Reclutamiento\Recruitment\RequestEmployeeRegister\Interfaces\IRequestEmployeeRegisterAppService.cs"
"RequestEmployeeRegisterMappingProfile","class","LuxuryApp.Application.Mappings","ReclutamientoLuxuryApp","LuxuryApp.Application.Modules.ReclutamientoLuxuryApp.Reclutamiento.Recruitment.RequestEmployeeRegister.Mapping","Reclutamiento\Recruitment\RequestEmployeeRegister\Mapping\RequestEmployeeRegisterMappingProfile.cs"
"RequestEmployeeRegisterAppService","class","LuxuryApp.Application.Services","ReclutamientoLuxuryApp","LuxuryApp.Application.Modules.ReclutamientoLuxuryApp.Reclutamiento.Recruitment.RequestEmployeeRegister.Services","Reclutamiento\Recruitment\RequestEmployeeRegister\Services\RequestEmployeeRegisterAppService.cs"
"RequestPosition","class","LuxuryApp.Infrastructure.Data.Entities","ReclutamientoLuxuryApp","LuxuryApp.Application.Modules.ReclutamientoLuxuryApp.Reclutamiento.Recruitment.RequestPosition.Domain.Entities","Reclutamiento\Recruitment\RequestPosition\Domain\Entities\RequestPosition.cs"
"RequestPositionAddOrEditDTO","record","LuxuryApp.Application.DTOs","ReclutamientoLuxuryApp","LuxuryApp.Application.Modules.ReclutamientoLuxuryApp.Reclutamiento.Recruitment.RequestPosition.Dtos","Reclutamiento\Recruitment\RequestPosition\Dtos\RequestPositionAddOrEditDTO.cs"
"RequestPositionDeleteImpactDto","record","LuxuryApp.Application.DTOs","ReclutamientoLuxuryApp","LuxuryApp.Application.Modules.ReclutamientoLuxuryApp.Reclutamiento.Recruitment.RequestPosition.Dtos","Reclutamiento\Recruitment\RequestPosition\Dtos\RequestPositionDeleteImpactDto.cs"
"RequestPositionDTO","record","LuxuryApp.Application.DTOs","ReclutamientoLuxuryApp","LuxuryApp.Application.Modules.ReclutamientoLuxuryApp.Reclutamiento.Recruitment.RequestPosition.Dtos","Reclutamiento\Recruitment\RequestPosition\Dtos\RequestPositionDTO.cs"
"RequestPositionSendEmailDTO","record","LuxuryApp.Application.DTOs","ReclutamientoLuxuryApp","LuxuryApp.Application.Modules.ReclutamientoLuxuryApp.Reclutamiento.Recruitment.RequestPosition.Dtos","Reclutamiento\Recruitment\RequestPosition\Dtos\RequestPositionSendEmailDTO.cs"
"RequestPositionEndPoints","class","LuxuryApp.Application.EndPoints","ReclutamientoLuxuryApp","LuxuryApp.Application.Modules.ReclutamientoLuxuryApp.Reclutamiento.Recruitment.RequestPosition.EndPoints","Reclutamiento\Recruitment\RequestPosition\EndPoints\RequestPositionEndPoints.cs"
"IRequestPositionAppService","interface","LuxuryApp.Application.Interfaces","ReclutamientoLuxuryApp","LuxuryApp.Application.Modules.ReclutamientoLuxuryApp.Reclutamiento.Recruitment.RequestPosition.Interfaces","Reclutamiento\Recruitment\RequestPosition\Interfaces\IRequestPositionAppService.cs"
"RequestPositionMapper","class","LuxuryApp.Application.Mappings","ReclutamientoLuxuryApp","LuxuryApp.Application.Modules.ReclutamientoLuxuryApp.Reclutamiento.Recruitment.RequestPosition.Mapping","Reclutamiento\Recruitment\RequestPosition\Mapping\RequestPositionMapper.cs"
"RequestPositionAppService","class","LuxuryApp.Application.Services","ReclutamientoLuxuryApp","LuxuryApp.Application.Modules.ReclutamientoLuxuryApp.Reclutamiento.Recruitment.RequestPosition.Services","Reclutamiento\Recruitment\RequestPosition\Services\RequestPositionAppService.cs"
"RequestSalaryModification","class","LuxuryApp.Infrastructure.Data.Entities","ReclutamientoLuxuryApp","LuxuryApp.Application.Modules.ReclutamientoLuxuryApp.Reclutamiento.Recruitment.SalaryModification.Domain.Entities","Reclutamiento\Recruitment\SalaryModification\Domain\Entities\RequestSalaryModification.cs"
"GetDataForModificacionSalarioDTO","record","LuxuryApp.Application.DTOs","ReclutamientoLuxuryApp","LuxuryApp.Application.Modules.ReclutamientoLuxuryApp.Reclutamiento.Recruitment.SalaryModification.DTOs","Reclutamiento\Recruitment\SalaryModification\DTOs\GetDataForModificacionSalarioDTO.cs"
"RequestSalaryModificationAddOrEditDTO","record","LuxuryApp.Application.DTOs","ReclutamientoLuxuryApp","LuxuryApp.Application.Modules.ReclutamientoLuxuryApp.Reclutamiento.Recruitment.SalaryModification.DTOs","Reclutamiento\Recruitment\SalaryModification\DTOs\RequestSalaryModificationAddOrEditDTO.cs"
"RequestSalaryModificationDTO","record","LuxuryApp.Application.DTOs","ReclutamientoLuxuryApp","LuxuryApp.Application.Modules.ReclutamientoLuxuryApp.Reclutamiento.Recruitment.SalaryModification.DTOs","Reclutamiento\Recruitment\SalaryModification\DTOs\RequestSalaryModificationDTO.cs"
"RequestSalaryModificationListDTO","record","LuxuryApp.Application.DTOs","ReclutamientoLuxuryApp","LuxuryApp.Application.Modules.ReclutamientoLuxuryApp.Reclutamiento.Recruitment.SalaryModification.DTOs","Reclutamiento\Recruitment\SalaryModification\DTOs\RequestSalaryModificationListDTO.cs"
"StatusRequestSalaryModificationDTO","record","LuxuryApp.Application.DTOs","ReclutamientoLuxuryApp","LuxuryApp.Application.Modules.ReclutamientoLuxuryApp.Reclutamiento.Recruitment.SalaryModification.DTOs","Reclutamiento\Recruitment\SalaryModification\DTOs\StatusRequestSalaryModificationDTO.cs"
"RequestSalaryModificationEndPoints","class","LuxuryApp.Application.EndPoints","ReclutamientoLuxuryApp","LuxuryApp.Application.Modules.ReclutamientoLuxuryApp.Reclutamiento.Recruitment.SalaryModification.EndPoints","Reclutamiento\Recruitment\SalaryModification\EndPoints\RequestSalaryModificationEndPoints.cs"
"IRequestSalaryModificationAppService","interface","LuxuryApp.Application.Interfaces","ReclutamientoLuxuryApp","LuxuryApp.Application.Modules.ReclutamientoLuxuryApp.Reclutamiento.Recruitment.SalaryModification.Interfaces","Reclutamiento\Recruitment\SalaryModification\Interfaces\IRequestSalaryModificationAppService.cs"
"SalaryModificationMapper","class","LuxuryApp.Application.Mappings","ReclutamientoLuxuryApp","LuxuryApp.Application.Modules.ReclutamientoLuxuryApp.Reclutamiento.Recruitment.SalaryModification.Mapping","Reclutamiento\Recruitment\SalaryModification\Mapping\SalaryModificationMapper.cs"
"RequestSalaryModificationAppService","class","LuxuryApp.Application.Services","ReclutamientoLuxuryApp","LuxuryApp.Application.Modules.ReclutamientoLuxuryApp.Reclutamiento.Recruitment.SalaryModification.Services","Reclutamiento\Recruitment\SalaryModification\Services\RequestSalaryModificationAppService.cs"
"RecruitmentSourceCatalog","class","LuxuryApp.Infrastructure.Data.Entities","ReclutamientoLuxuryApp","LuxuryApp.Application.Modules.ReclutamientoLuxuryApp.RecruitmentSourceCatalog.Domain.Entities","RecruitmentSourceCatalog\Domain\Entities\RecruitmentSourceCatalog.cs"
"RecruitmentSourceCatalogListItemDto","record","LuxuryApp.Application.DTOs","ReclutamientoLuxuryApp","LuxuryApp.Application.Modules.ReclutamientoLuxuryApp.RecruitmentSourceCatalog.DTOs","RecruitmentSourceCatalog\DTOs\RecruitmentSourceCatalogDtos.cs"
"RecruitmentSourceCatalogEndpoints","class","LuxuryApp.Application.EndPoints","ReclutamientoLuxuryApp","LuxuryApp.Application.Modules.ReclutamientoLuxuryApp.RecruitmentSourceCatalog.EndPoints","RecruitmentSourceCatalog\EndPoints\RecruitmentSourceCatalogEndpoints.cs"
"IRecruitmentSourceCatalogAppService","interface","LuxuryApp.Application.Interfaces","ReclutamientoLuxuryApp","LuxuryApp.Application.Modules.ReclutamientoLuxuryApp.RecruitmentSourceCatalog.Interfaces","RecruitmentSourceCatalog\Interfaces\IRecruitmentSourceCatalogAppService.cs"
"RecruitmentSourceCatalogAppService","class","LuxuryApp.Application.Services","ReclutamientoLuxuryApp","LuxuryApp.Application.Modules.ReclutamientoLuxuryApp.RecruitmentSourceCatalog.Services","RecruitmentSourceCatalog\Services\RecruitmentSourceCatalogAppService.cs"
"IHrActionPolicyService","interface","LuxuryApp.Application.Interfaces","ReclutamientoLuxuryApp","LuxuryApp.Application.Modules.ReclutamientoLuxuryApp.Shared.Policies.Interfaces","Shared\Policies\Interfaces\IHrActionPolicyService.cs"
"HrActionPolicyService","class","LuxuryApp.Application.Services","ReclutamientoLuxuryApp","LuxuryApp.Application.Modules.ReclutamientoLuxuryApp.Shared.Policies.Services","Shared\Policies\Services\HrActionPolicyService.cs"
"RequestEmployeeRegisterCreatedEvent","record","LuxuryApp.Application.Events","ReclutamientoLuxuryApp","LuxuryApp.Application.Modules.ReclutamientoLuxuryApp.SolicitudAlta.Events","SolicitudAlta\Events\RequestEmployeeRegisterEvents.cs"
"RequestEmployeeRegisterHandler","class","LuxuryApp.Application.Handlers","ReclutamientoLuxuryApp","LuxuryApp.Application.Modules.ReclutamientoLuxuryApp.SolicitudAlta.Handlers","SolicitudAlta\Handlers\RequestEmployeeRegisterHandler.cs"
"RequestDismissalRequestedEvent","record","LuxuryApp.Application.Events","ReclutamientoLuxuryApp","LuxuryApp.Application.Modules.ReclutamientoLuxuryApp.SolicitudBaja.Events","SolicitudBaja\Events\RequestDismissalRequestedEvent.cs"
"RequestDismissalRequestedHandler","class","LuxuryApp.Application.Handlers","ReclutamientoLuxuryApp","LuxuryApp.Application.Modules.ReclutamientoLuxuryApp.SolicitudBaja.Handlers","SolicitudBaja\Handlers\RequestDismissalRequestedHandler.cs"
"RequestSalaryModificationCreatedEvent","record","LuxuryApp.Application.Events","ReclutamientoLuxuryApp","LuxuryApp.Application.Modules.ReclutamientoLuxuryApp.SolicitudModificacionSueldo.Events","SolicitudModificacionSueldo\Events\RequestSalaryModificationEvents.cs"
"RequestSalaryModificationHandler","class","LuxuryApp.Application.Handlers","ReclutamientoLuxuryApp","LuxuryApp.Application.Modules.ReclutamientoLuxuryApp.SolicitudModificacionSueldo.Handlers","SolicitudModificacionSueldo\Handlers\RequestSalaryModificationHandler.cs"
"RequestPositionCreatedEvent","record","LuxuryApp.Application.Events","ReclutamientoLuxuryApp","LuxuryApp.Application.Modules.ReclutamientoLuxuryApp.SolicitudVacante.Events","SolicitudVacante\Events\RequestPositionEvents.cs"
"RequestPositionHandler","class","LuxuryApp.Application.Handlers","ReclutamientoLuxuryApp","LuxuryApp.Application.Modules.ReclutamientoLuxuryApp.SolicitudVacante.Handlers","SolicitudVacante\Handlers\RequestPositionHandler.cs"
"WorkPosition","class","LuxuryApp.Infrastructure.Data.Entities","ReclutamientoLuxuryApp","LuxuryApp.Application.Modules.ReclutamientoLuxuryApp.WorkPosition.Domain.Entities","WorkPosition\Domain\Entities\WorkPosition.cs"
"WorkPositionSchedule","class","LuxuryApp.Infrastructure.Data.Entities","ReclutamientoLuxuryApp","LuxuryApp.Application.Modules.ReclutamientoLuxuryApp.WorkPosition.Domain.Entities","WorkPosition\Domain\Entities\WorkPositionSchedule.cs"
"WorkPositionAddOrEditDTO","record","LuxuryApp.Application.DTOs","ReclutamientoLuxuryApp","LuxuryApp.Application.Modules.ReclutamientoLuxuryApp.WorkPosition.DTOs","WorkPosition\DTOs\WorkPositionAddOrEditDTO.cs"
"WorkPositionDTO","record","LuxuryApp.Application.DTOs","ReclutamientoLuxuryApp","LuxuryApp.Application.Modules.ReclutamientoLuxuryApp.WorkPosition.DTOs","WorkPosition\DTOs\WorkPositionDTO.cs"
"WorkPositionHoursDTO","record","LuxuryApp.Application.DTOs","ReclutamientoLuxuryApp","LuxuryApp.Application.Modules.ReclutamientoLuxuryApp.WorkPosition.DTOs","WorkPosition\DTOs\WorkPositionHoursDTO.cs"
"WorkPositionListDto","record","LuxuryApp.Application.DTOs","ReclutamientoLuxuryApp","LuxuryApp.Application.Modules.ReclutamientoLuxuryApp.WorkPosition.DTOs","WorkPosition\DTOs\WorkPositionListDto.cs"
"WorkPositionEndPoints","class","LuxuryApp.Application.EndPoints","ReclutamientoLuxuryApp","LuxuryApp.Application.Modules.ReclutamientoLuxuryApp.WorkPosition.EndPoints","WorkPosition\EndPoints\WorkPositionEndPoints.cs"
"IWorkPositionAppService","interface","LuxuryApp.Application.Interfaces","ReclutamientoLuxuryApp","LuxuryApp.Application.Modules.ReclutamientoLuxuryApp.WorkPosition.Interfaces","WorkPosition\Interfaces\IWorkPositionAppService.cs"
"WorkPositionMapper","class","LuxuryApp.Application.Mappings","ReclutamientoLuxuryApp","LuxuryApp.Application.Modules.ReclutamientoLuxuryApp.WorkPosition.Mapping","WorkPosition\Mapping\WorkPositionMapper.cs"
"WorkPositionAppService","class","LuxuryApp.Application.Services","ReclutamientoLuxuryApp","LuxuryApp.Application.Modules.ReclutamientoLuxuryApp.WorkPosition.Services","WorkPosition\Services\WorkPositionAppService.cs"
"CrearRegistroChecadorDTO","record","LuxuryApp.Application.DTOs","RecursosHumanosLuxuryApp","LuxuryApp.Application.Modules.RecursosHumanosLuxuryApp.ChekadorEmpleados.DTOs","ChekadorEmpleados\DTOs\ChekadorEmpleadosDTOs.cs"
"ChekadorEmpleadosEndPoints","class","LuxuryApp.Application.EndPoints","RecursosHumanosLuxuryApp","LuxuryApp.Application.Modules.RecursosHumanosLuxuryApp.ChekadorEmpleados.EndPoints","ChekadorEmpleados\EndPoints\ChekadorEmpleadosEndpoints.cs"
"IChekadorEmpleadosAppService","interface","LuxuryApp.Application.Interfaces","RecursosHumanosLuxuryApp","LuxuryApp.Application.Modules.RecursosHumanosLuxuryApp.ChekadorEmpleados.Interfaces","ChekadorEmpleados\Interfaces\IChekadorEmpleadosAppService.cs"
"ChekadorEmpleadosAppService","class","LuxuryApp.Application.Services","RecursosHumanosLuxuryApp","LuxuryApp.Application.Modules.RecursosHumanosLuxuryApp.ChekadorEmpleados.Services","ChekadorEmpleados\Services\ChekadorEmpleadosAppService.cs"
"LeaveRequest","class","LuxuryApp.Infrastructure.Data.Entities","RecursosHumanosLuxuryApp","LuxuryApp.Application.Modules.RecursosHumanosLuxuryApp.Domain.Entities.AsistenciayVacaciones","Domain\Entities\AsistenciayVacaciones\LeaveRequest.cs"
"LeaveRequestHistory","class","LuxuryApp.Infrastructure.Data.Entities","RecursosHumanosLuxuryApp","LuxuryApp.Application.Modules.RecursosHumanosLuxuryApp.Domain.Entities.AsistenciayVacaciones","Domain\Entities\AsistenciayVacaciones\LeaveRequestHistory.cs"
"ManualBalanceChangeLog","class","LuxuryApp.Infrastructure.Data.Entities","RecursosHumanosLuxuryApp","LuxuryApp.Application.Modules.RecursosHumanosLuxuryApp.Domain.Entities.AsistenciayVacaciones","Domain\Entities\AsistenciayVacaciones\ManualBalanceChangeLog.cs"
"VacationBalance","class","LuxuryApp.Infrastructure.Data.Entities","RecursosHumanosLuxuryApp","LuxuryApp.Application.Modules.RecursosHumanosLuxuryApp.Domain.Entities.AsistenciayVacaciones","Domain\Entities\AsistenciayVacaciones\VacationBalance.cs"
"VacationRequest","class","LuxuryApp.Infrastructure.Data.Entities","RecursosHumanosLuxuryApp","LuxuryApp.Application.Modules.RecursosHumanosLuxuryApp.Domain.Entities.AsistenciayVacaciones","Domain\Entities\AsistenciayVacaciones\VacationRequest.cs"
"VacationRequestHistory","class","LuxuryApp.Infrastructure.Data.Entities","RecursosHumanosLuxuryApp","LuxuryApp.Application.Modules.RecursosHumanosLuxuryApp.Domain.Entities.AsistenciayVacaciones","Domain\Entities\AsistenciayVacaciones\VacationRequestHistory.cs"
"RegistroChecador","class","LuxuryApp.Infrastructure.Data.Entities","RecursosHumanosLuxuryApp","LuxuryApp.Application.Modules.RecursosHumanosLuxuryApp.Domain.Entities.ChekadorEmpleados","Domain\Entities\ChekadorEmpleados\RegistroChecador.cs"
"SedeChecador","class","LuxuryApp.Infrastructure.Data.Entities","RecursosHumanosLuxuryApp","LuxuryApp.Application.Modules.RecursosHumanosLuxuryApp.Domain.Entities.ChekadorEmpleados","Domain\Entities\ChekadorEmpleados\SedeChecador.cs"
"AddendumTemplate","class","LuxuryApp.Infrastructure.Data.Entities","RecursosHumanosLuxuryApp","LuxuryApp.Application.Modules.RecursosHumanosLuxuryApp.Domain.Entities.ContratacinyLegal","Domain\Entities\ContratacinyLegal\AddendumTemplate.cs"
"ContractAddendum","class","LuxuryApp.Infrastructure.Data.Entities","RecursosHumanosLuxuryApp","LuxuryApp.Application.Modules.RecursosHumanosLuxuryApp.Domain.Entities.ContratacinyLegal","Domain\Entities\ContratacinyLegal\ContractAddendum.cs"
"ContractRenewalStatus","enum","LuxuryApp.Infrastructure.Data.Entities","RecursosHumanosLuxuryApp","LuxuryApp.Application.Modules.RecursosHumanosLuxuryApp.Domain.Entities.ContratacinyLegal","Domain\Entities\ContratacinyLegal\ContractRenewalEnums.cs"
"ContractRenewalEvaluation","class","LuxuryApp.Infrastructure.Data.Entities","RecursosHumanosLuxuryApp","LuxuryApp.Application.Modules.RecursosHumanosLuxuryApp.Domain.Entities.ContratacinyLegal","Domain\Entities\ContratacinyLegal\ContractRenewalEvaluation.cs"
"ContractTemplate","class","LuxuryApp.Infrastructure.Data.Entities","RecursosHumanosLuxuryApp","LuxuryApp.Application.Modules.RecursosHumanosLuxuryApp.Domain.Entities.ContratacinyLegal","Domain\Entities\ContratacinyLegal\ContractTemplate.cs"
"EmployeeWorkContract","class","LuxuryApp.Infrastructure.Data.Entities","RecursosHumanosLuxuryApp","LuxuryApp.Application.Modules.RecursosHumanosLuxuryApp.Domain.Entities.ContratacinyLegal","Domain\Entities\ContratacinyLegal\EmployeeWorkContract.cs"
"WorkContract","class","LuxuryApp.Infrastructure.Data.Entities","RecursosHumanosLuxuryApp","LuxuryApp.Application.Modules.RecursosHumanosLuxuryApp.Domain.Entities.ContratacinyLegal","Domain\Entities\ContratacinyLegal\WorkContract.cs"
"OrgHierarchy","class","LuxuryApp.Infrastructure.Data.Entities","RecursosHumanosLuxuryApp","LuxuryApp.Application.Modules.RecursosHumanosLuxuryApp.Domain.Entities.EstructuraOrganizacional","Domain\Entities\EstructuraOrganizacional\OrgHierarchy.cs"
"EvaluationAnswer","class","LuxuryApp.Infrastructure.Data.Entities","RecursosHumanosLuxuryApp","LuxuryApp.Application.Modules.RecursosHumanosLuxuryApp.Domain.Entities.EvaluacionesdeDesempeo","Domain\Entities\EvaluacionesdeDesempeo\EvaluationAnswer.cs"
"PerformanceEvaluation","class","LuxuryApp.Infrastructure.Data.Entities","RecursosHumanosLuxuryApp","LuxuryApp.Application.Modules.RecursosHumanosLuxuryApp.Domain.Entities.EvaluacionesdeDesempeo","Domain\Entities\EvaluacionesdeDesempeo\PerformanceEvaluation.cs"
"TemplateCategory","class","LuxuryApp.Infrastructure.Data.Entities","RecursosHumanosLuxuryApp","LuxuryApp.Application.Modules.RecursosHumanosLuxuryApp.Domain.Entities.EvaluacionesdeDesempeo","Domain\Entities\EvaluacionesdeDesempeo\TemplateCategory.cs"
"TemplateEvaluation","class","LuxuryApp.Infrastructure.Data.Entities","RecursosHumanosLuxuryApp","LuxuryApp.Application.Modules.RecursosHumanosLuxuryApp.Domain.Entities.EvaluacionesdeDesempeo","Domain\Entities\EvaluacionesdeDesempeo\TemplateEvaluation.cs"
"TemplateQuestion","class","LuxuryApp.Infrastructure.Data.Entities","RecursosHumanosLuxuryApp","LuxuryApp.Application.Modules.RecursosHumanosLuxuryApp.Domain.Entities.EvaluacionesdeDesempeo","Domain\Entities\EvaluacionesdeDesempeo\TemplateQuestion.cs"
"ChecklistOptionCatalog","class","LuxuryApp.Infrastructure.Data.Entities","RecursosHumanosLuxuryApp","LuxuryApp.Application.Modules.RecursosHumanosLuxuryApp.Domain.Entities.ExpedientedelEmpleado","Domain\Entities\ExpedientedelEmpleado\ChecklistOptionCatalog.cs"
"ChecklistOptionCatalogRole","class","LuxuryApp.Infrastructure.Data.Entities","RecursosHumanosLuxuryApp","LuxuryApp.Application.Modules.RecursosHumanosLuxuryApp.Domain.Entities.ExpedientedelEmpleado","Domain\Entities\ExpedientedelEmpleado\ChecklistOptionCatalogRole.cs"
"DocumentCatalog","class","LuxuryApp.Infrastructure.Data.Entities","RecursosHumanosLuxuryApp","LuxuryApp.Application.Modules.RecursosHumanosLuxuryApp.Domain.Entities.ExpedientedelEmpleado","Domain\Entities\ExpedientedelEmpleado\DocumentCatalog.cs"
"Employee","class","LuxuryApp.Infrastructure.Data.Entities","RecursosHumanosLuxuryApp","LuxuryApp.Application.Modules.RecursosHumanosLuxuryApp.Domain.Entities.ExpedientedelEmpleado","Domain\Entities\ExpedientedelEmpleado\Employee.cs"
"EmployeeBankData","class","LuxuryApp.Infrastructure.Data.Entities","RecursosHumanosLuxuryApp","LuxuryApp.Application.Modules.RecursosHumanosLuxuryApp.Domain.Entities.ExpedientedelEmpleado","Domain\Entities\ExpedientedelEmpleado\EmployeeBankData.cs"
"EmployeeClinicalData","class","LuxuryApp.Infrastructure.Data.Entities","RecursosHumanosLuxuryApp","LuxuryApp.Application.Modules.RecursosHumanosLuxuryApp.Domain.Entities.ExpedientedelEmpleado","Domain\Entities\ExpedientedelEmpleado\EmployeeClinicalData.cs"
"EmployeeDocument","class","LuxuryApp.Infrastructure.Data.Entities","RecursosHumanosLuxuryApp","LuxuryApp.Application.Modules.RecursosHumanosLuxuryApp.Domain.Entities.ExpedientedelEmpleado","Domain\Entities\ExpedientedelEmpleado\EmployeeDocument.cs"
"EmployeeEmergencyContact","class","LuxuryApp.Infrastructure.Data.Entities","RecursosHumanosLuxuryApp","LuxuryApp.Application.Modules.RecursosHumanosLuxuryApp.Domain.Entities.ExpedientedelEmpleado","Domain\Entities\ExpedientedelEmpleado\EmployeeEmergencyContact.cs"
"EmployeeOnboardingChecklist","class","LuxuryApp.Infrastructure.Data.Entities","RecursosHumanosLuxuryApp","LuxuryApp.Application.Modules.RecursosHumanosLuxuryApp.Domain.Entities.ExpedientedelEmpleado","Domain\Entities\ExpedientedelEmpleado\EmployeeOnboardingChecklist.cs"
"PersonData","class","LuxuryApp.Infrastructure.Data.Entities","RecursosHumanosLuxuryApp","LuxuryApp.Application.Modules.RecursosHumanosLuxuryApp.Domain.Entities.ExpedientedelEmpleado","Domain\Entities\ExpedientedelEmpleado\PersonData.cs"
"EmployeeExternal","class","LuxuryApp.Infrastructure.Data.Entities","RecursosHumanosLuxuryApp","LuxuryApp.Application.Modules.RecursosHumanosLuxuryApp.Domain.Entities.ExternalStaff","Domain\Entities\ExternalStaff\EmployeeExternal.cs"
"Incident","class","LuxuryApp.Infrastructure.Data.Entities","RecursosHumanosLuxuryApp","LuxuryApp.Application.Modules.RecursosHumanosLuxuryApp.Domain.Entities.GestindeIncidentesySanciones","Domain\Entities\GestindeIncidentesySanciones\Incident.cs"
"IncidentAttachment","class","LuxuryApp.Infrastructure.Data.Entities","RecursosHumanosLuxuryApp","LuxuryApp.Application.Modules.RecursosHumanosLuxuryApp.Domain.Entities.GestindeIncidentesySanciones","Domain\Entities\GestindeIncidentesySanciones\IncidentAttachment.cs"
"IncidentType","class","LuxuryApp.Infrastructure.Data.Entities","RecursosHumanosLuxuryApp","LuxuryApp.Application.Modules.RecursosHumanosLuxuryApp.Domain.Entities.GestindeIncidentesySanciones","Domain\Entities\GestindeIncidentesySanciones\IncidentType.cs"
"IncidentWitness","class","LuxuryApp.Infrastructure.Data.Entities","RecursosHumanosLuxuryApp","LuxuryApp.Application.Modules.RecursosHumanosLuxuryApp.Domain.Entities.GestindeIncidentesySanciones","Domain\Entities\GestindeIncidentesySanciones\IncidentWitness.cs"
"Sanction","class","LuxuryApp.Infrastructure.Data.Entities","RecursosHumanosLuxuryApp","LuxuryApp.Application.Modules.RecursosHumanosLuxuryApp.Domain.Entities.GestindeIncidentesySanciones","Domain\Entities\GestindeIncidentesySanciones\Sanction.cs"
"SanctionType","class","LuxuryApp.Infrastructure.Data.Entities","RecursosHumanosLuxuryApp","LuxuryApp.Application.Modules.RecursosHumanosLuxuryApp.Domain.Entities.GestindeIncidentesySanciones","Domain\Entities\GestindeIncidentesySanciones\SanctionType.cs"
"SuspensionDay","class","LuxuryApp.Infrastructure.Data.Entities","RecursosHumanosLuxuryApp","LuxuryApp.Application.Modules.RecursosHumanosLuxuryApp.Domain.Entities.GestindeIncidentesySanciones","Domain\Entities\GestindeIncidentesySanciones\SuspensionDay.cs"
"ConfiguracionNomina","class","LuxuryApp.Infrastructure.Data.Entities","RecursosHumanosLuxuryApp","LuxuryApp.Application.Modules.RecursosHumanosLuxuryApp.Domain.Entities.Payroll","Domain\Entities\Payroll\ConfiguracionNomina.cs"
"DiasNoHabiles","class","LuxuryApp.Infrastructure.Data.Entities","RecursosHumanosLuxuryApp","LuxuryApp.Application.Modules.RecursosHumanosLuxuryApp.Domain.Entities.Payroll","Domain\Entities\Payroll\DiasNoHabiles.cs"
"EvidenciaNomina","class","LuxuryApp.Infrastructure.Data.Entities","RecursosHumanosLuxuryApp","LuxuryApp.Application.Modules.RecursosHumanosLuxuryApp.Domain.Entities.Payroll","Domain\Entities\Payroll\EvidenciaNomina.cs"
"IncidenciaNomina","class","LuxuryApp.Infrastructure.Data.Entities","RecursosHumanosLuxuryApp","LuxuryApp.Application.Modules.RecursosHumanosLuxuryApp.Domain.Entities.Payroll","Domain\Entities\Payroll\IncidenciaNomina.cs"
"NominaDetalle","class","LuxuryApp.Infrastructure.Data.Entities","RecursosHumanosLuxuryApp","LuxuryApp.Application.Modules.RecursosHumanosLuxuryApp.Domain.Entities.Payroll","Domain\Entities\Payroll\NominaDetalle.cs"
"NominaEncabezado","class","LuxuryApp.Infrastructure.Data.Entities","RecursosHumanosLuxuryApp","LuxuryApp.Application.Modules.RecursosHumanosLuxuryApp.Domain.Entities.Payroll","Domain\Entities\Payroll\NominaEncabezado.cs"
"PagoPrestamoNomina","class","LuxuryApp.Infrastructure.Data.Entities","RecursosHumanosLuxuryApp","LuxuryApp.Application.Modules.RecursosHumanosLuxuryApp.Domain.Entities.Payroll","Domain\Entities\Payroll\PagoPrestamoNomina.cs"
"PeriodoNomina","class","LuxuryApp.Infrastructure.Data.Entities","RecursosHumanosLuxuryApp","LuxuryApp.Application.Modules.RecursosHumanosLuxuryApp.Domain.Entities.Payroll","Domain\Entities\Payroll\PeriodoNomina.cs"
"PrestamoEmpleado","class","LuxuryApp.Infrastructure.Data.Entities","RecursosHumanosLuxuryApp","LuxuryApp.Application.Modules.RecursosHumanosLuxuryApp.Domain.Entities.Payroll","Domain\Entities\Payroll\PrestamoEmpleado.cs"
"TiempoExtra","class","LuxuryApp.Infrastructure.Data.Entities","RecursosHumanosLuxuryApp","LuxuryApp.Application.Modules.RecursosHumanosLuxuryApp.Domain.Entities.Payroll","Domain\Entities\Payroll\TiempoExtra.cs"
"EmployeeAddressDataEditDTO","record","LuxuryApp.Application.DTOs","RecursosHumanosLuxuryApp","LuxuryApp.Application.Modules.RecursosHumanosLuxuryApp.Employee.DTOs","Employee\DTOs\EmployeeAddressDataEditDTO.cs"
"EmployeeDuplicateDTO","record","LuxuryApp.Application.DTOs","RecursosHumanosLuxuryApp","LuxuryApp.Application.Modules.RecursosHumanosLuxuryApp.Employee.DTOs","Employee\DTOs\EmployeeDuplicateDTO.cs"
"EmployeeLaboralDataEditDTO","record","LuxuryApp.Application.DTOs","RecursosHumanosLuxuryApp","LuxuryApp.Application.Modules.RecursosHumanosLuxuryApp.Employee.DTOs","Employee\DTOs\EmployeeLaboralDataEditDTO.cs"
"EmployeeOpenRequestsDTO","record","LuxuryApp.Application.DTOs","RecursosHumanosLuxuryApp","LuxuryApp.Application.Modules.RecursosHumanosLuxuryApp.Employee.DTOs","Employee\DTOs\EmployeeOpenRequestsDTO.cs"
"EmployeePersonalDataEditDTO","record","LuxuryApp.Application.DTOs","RecursosHumanosLuxuryApp","LuxuryApp.Application.Modules.RecursosHumanosLuxuryApp.Employee.DTOs","Employee\DTOs\EmployeePersonalDataEditDTO.cs"
"EmployeeRecoveryPasswordDTO","record","LuxuryApp.Application.DTOs","RecursosHumanosLuxuryApp","LuxuryApp.Application.Modules.RecursosHumanosLuxuryApp.Employee.DTOs","Employee\DTOs\EmployeeRecoveryPasswordDTO.cs"
"EmployeeUnifiedProfileEditDTO","record","LuxuryApp.Application.DTOs","RecursosHumanosLuxuryApp","LuxuryApp.Application.Modules.RecursosHumanosLuxuryApp.Employee.DTOs","Employee\DTOs\EmployeeUnifiedProfileEditDTO.cs"
"EmployeeInternalEndPoints","class","LuxuryApp.Application.EndPoints","RecursosHumanosLuxuryApp","LuxuryApp.Application.Modules.RecursosHumanosLuxuryApp.Employee.EndPoints","Employee\EndPoints\EmployeeInternalEndpoints.cs"
"IEmployeeInternalAppService","interface","LuxuryApp.Application.Interfaces","RecursosHumanosLuxuryApp","LuxuryApp.Application.Modules.RecursosHumanosLuxuryApp.Employee.Interfaces","Employee\Interfaces\IEmployeeInternalAppService.cs"
"EmployeeInternalMappingProfile","class","LuxuryApp.Application.Mappings","RecursosHumanosLuxuryApp","LuxuryApp.Application.Modules.RecursosHumanosLuxuryApp.Employee.Mapping","Employee\Mapping\EmployeeInternalMappingProfile.cs"
"EmployeeInternalAppService","class","LuxuryApp.Application.Services","RecursosHumanosLuxuryApp","LuxuryApp.Application.Modules.RecursosHumanosLuxuryApp.Employee.Services","Employee\Services\EmployeeInternalAppService.cs"
"EmployeeBankDataDTO","record","LuxuryApp.Application.DTOs","RecursosHumanosLuxuryApp","LuxuryApp.Application.Modules.RecursosHumanosLuxuryApp.EmployeeBankData.DTOs","EmployeeBankData\DTOs\EmployeeBankDataDTOs.cs"
"EmployeeBankDataEndPoints","class","LuxuryApp.Application.EndPoints","RecursosHumanosLuxuryApp","LuxuryApp.Application.Modules.RecursosHumanosLuxuryApp.EmployeeBankData.EndPoints","EmployeeBankData\EndPoints\EmployeeBankDataEndPoints.cs"
"IEmployeeBankDataAppService","interface","LuxuryApp.Application.Interfaces","RecursosHumanosLuxuryApp","LuxuryApp.Application.Modules.RecursosHumanosLuxuryApp.EmployeeBankData.Interfaces","EmployeeBankData\Interfaces\IEmployeeBankDataAppService.cs"
"EmployeeBankDataMappingProfile","class","LuxuryApp.Application.Mappings","RecursosHumanosLuxuryApp","LuxuryApp.Application.Modules.RecursosHumanosLuxuryApp.EmployeeBankData.Mapping","EmployeeBankData\Mapping\EmployeeBankDataMappingProfile.cs"
"EmployeeBankDataAppService","class","LuxuryApp.Application.Services","RecursosHumanosLuxuryApp","LuxuryApp.Application.Modules.RecursosHumanosLuxuryApp.EmployeeBankData.Services","EmployeeBankData\Services\EmployeeBankDataAppService.cs"
"EmployeeClinicalDataDTO","record","LuxuryApp.Application.DTOs","RecursosHumanosLuxuryApp","LuxuryApp.Application.Modules.RecursosHumanosLuxuryApp.EmployeeClinicalData.DTOs","EmployeeClinicalData\DTOs\EmployeeClinicalDataDTOs.cs"
"EmployeeClinicalDataEndPoints","class","LuxuryApp.Application.EndPoints","RecursosHumanosLuxuryApp","LuxuryApp.Application.Modules.RecursosHumanosLuxuryApp.EmployeeClinicalData.EndPoints","EmployeeClinicalData\EndPoints\EmployeeClinicalDataEndPoints.cs"
"IEmployeeClinicalDataAppService","interface","LuxuryApp.Application.Interfaces","RecursosHumanosLuxuryApp","LuxuryApp.Application.Modules.RecursosHumanosLuxuryApp.EmployeeClinicalData.Interfaces","EmployeeClinicalData\Interfaces\IEmployeeClinicalDataAppService.cs"
"EmployeeClinicalDataAppService","class","LuxuryApp.Application.Services","RecursosHumanosLuxuryApp","LuxuryApp.Application.Modules.RecursosHumanosLuxuryApp.EmployeeClinicalData.Services","EmployeeClinicalData\Services\EmployeeClinicalDataAppService.cs"
"DocumentCatalogSelectItemDto","record","LuxuryApp.Application.DTOs","RecursosHumanosLuxuryApp","LuxuryApp.Application.Modules.RecursosHumanosLuxuryApp.EmployeeDocument.DTOs","EmployeeDocument\DTOs\DocumentCatalogSelectItemDto.cs"
"EmployeeDocumentEndpoints","class","LuxuryApp.Application.EndPoints","RecursosHumanosLuxuryApp","LuxuryApp.Application.Modules.RecursosHumanosLuxuryApp.EmployeeDocument.EndPoints","EmployeeDocument\EndPoints\EmployeeDocumentEndpoints.cs"
"IEmployeeDocumentAppService","interface","LuxuryApp.Application.Interfaces","RecursosHumanosLuxuryApp","LuxuryApp.Application.Modules.RecursosHumanosLuxuryApp.EmployeeDocument.Interfaces","EmployeeDocument\Interfaces\IEmployeeDocumentAppService.cs"
"EmployeeDocumentAppService","class","LuxuryApp.Application.Services","RecursosHumanosLuxuryApp","LuxuryApp.Application.Modules.RecursosHumanosLuxuryApp.EmployeeDocument.Services","EmployeeDocument\Services\EmployeeDocumentAppService.cs"
"EmployeeEmergencyContactAddOrEditDTO","record","LuxuryApp.Application.DTOs","RecursosHumanosLuxuryApp","LuxuryApp.Application.Modules.RecursosHumanosLuxuryApp.EmployeeEmergenContact.DTOs","EmployeeEmergenContact\DTOs\EmployeeEmergencyContactAddOrEditDTO.cs"
"EmployeeEmergencyContactDTO","record","LuxuryApp.Application.DTOs","RecursosHumanosLuxuryApp","LuxuryApp.Application.Modules.RecursosHumanosLuxuryApp.EmployeeEmergenContact.DTOs","EmployeeEmergenContact\DTOs\EmployeeEmergencyContactDTO.cs"
"EmployeeEmergencyContactEndPoints","class","LuxuryApp.Application.EndPoints","RecursosHumanosLuxuryApp","LuxuryApp.Application.Modules.RecursosHumanosLuxuryApp.EmployeeEmergenContact.EndPoints","EmployeeEmergenContact\EndPoints\EmployeeEmergencyContactEndPoints.cs"
"IEmployeeEmergencyContactAppService","interface","LuxuryApp.Application.Interfaces","RecursosHumanosLuxuryApp","LuxuryApp.Application.Modules.RecursosHumanosLuxuryApp.EmployeeEmergenContact.Interfaces","EmployeeEmergenContact\Interfaces\IEmployeeEmergencyContactAppService.cs"
"EmployeeEmergencyContactMapper","class","LuxuryApp.Application.Mappings","RecursosHumanosLuxuryApp","LuxuryApp.Application.Modules.RecursosHumanosLuxuryApp.EmployeeEmergenContact.Mapping","EmployeeEmergenContact\Mapping\EmployeeEmergencyContactMapper.cs"
"EmployeeEmergencyContactAppService","class","LuxuryApp.Application.Services","RecursosHumanosLuxuryApp","LuxuryApp.Application.Modules.RecursosHumanosLuxuryApp.EmployeeEmergenContact.Services","EmployeeEmergenContact\Services\EmployeeEmergencyContactAppService.cs"
"EmployeeFileBankDataDTO","record","LuxuryApp.Application.DTOs","RecursosHumanosLuxuryApp","LuxuryApp.Application.Modules.RecursosHumanosLuxuryApp.EmployeeFile.DTOs","EmployeeFile\DTOs\EmployeeFileBankDataDTO.cs"
"EmployeeFileClinicalDataDTO","record","LuxuryApp.Application.DTOs","RecursosHumanosLuxuryApp","LuxuryApp.Application.Modules.RecursosHumanosLuxuryApp.EmployeeFile.DTOs","EmployeeFile\DTOs\EmployeeFileClinicalDataDTO.cs"
"EmployeeFileContractDTO","record","LuxuryApp.Application.DTOs","RecursosHumanosLuxuryApp","LuxuryApp.Application.Modules.RecursosHumanosLuxuryApp.EmployeeFile.DTOs","EmployeeFile\DTOs\EmployeeFileContractDTO.cs"
"EmployeeFileEmergencyContactDTO","record","LuxuryApp.Application.DTOs","RecursosHumanosLuxuryApp","LuxuryApp.Application.Modules.RecursosHumanosLuxuryApp.EmployeeFile.DTOs","EmployeeFile\DTOs\EmployeeFileEmergencyContactDTO.cs"
"EmployeeFileEvaluationDTO","record","LuxuryApp.Application.DTOs","RecursosHumanosLuxuryApp","LuxuryApp.Application.Modules.RecursosHumanosLuxuryApp.EmployeeFile.DTOs","EmployeeFile\DTOs\EmployeeFileEvaluationDTO.cs"
"EmployeeFileHeaderDTO","record","LuxuryApp.Application.DTOs","RecursosHumanosLuxuryApp","LuxuryApp.Application.Modules.RecursosHumanosLuxuryApp.EmployeeFile.DTOs","EmployeeFile\DTOs\EmployeeFileHeaderDTO.cs"
"EmployeeFileIncidentDTO","record","LuxuryApp.Application.DTOs","RecursosHumanosLuxuryApp","LuxuryApp.Application.Modules.RecursosHumanosLuxuryApp.EmployeeFile.DTOs","EmployeeFile\DTOs\EmployeeFileIncidentDTO.cs"
"EmployeeFilePersonalDataDTO","record","LuxuryApp.Application.DTOs","RecursosHumanosLuxuryApp","LuxuryApp.Application.Modules.RecursosHumanosLuxuryApp.EmployeeFile.DTOs","EmployeeFile\DTOs\EmployeeFilePersonalDataDTO.cs"
"EmployeeFileRequestsDTO","record","LuxuryApp.Application.DTOs","RecursosHumanosLuxuryApp","LuxuryApp.Application.Modules.RecursosHumanosLuxuryApp.EmployeeFile.DTOs","EmployeeFile\DTOs\EmployeeFileRequestsDTO.cs"
"EmployeeFileSummaryDTO","record","LuxuryApp.Application.DTOs","RecursosHumanosLuxuryApp","LuxuryApp.Application.Modules.RecursosHumanosLuxuryApp.EmployeeFile.DTOs","EmployeeFile\DTOs\EmployeeFileSummaryDTO.cs"
"EmployeeFileVacationsLeavesDTO","record","LuxuryApp.Application.DTOs","RecursosHumanosLuxuryApp","LuxuryApp.Application.Modules.RecursosHumanosLuxuryApp.EmployeeFile.DTOs","EmployeeFile\DTOs\EmployeeFileVacationsLeavesDTO.cs"
"EmployeeFileWorkPositionDTO","record","LuxuryApp.Application.DTOs","RecursosHumanosLuxuryApp","LuxuryApp.Application.Modules.RecursosHumanosLuxuryApp.EmployeeFile.DTOs","EmployeeFile\DTOs\EmployeeFileWorkPositionDTO.cs"
"EmployeeFileEndPoints","class","LuxuryApp.Application.EndPoints","RecursosHumanosLuxuryApp","LuxuryApp.Application.Modules.RecursosHumanosLuxuryApp.EmployeeFile.EndPoints","EmployeeFile\EndPoints\EmployeeFileEndPoints.cs"
"IEmployeeFileAppService","interface","LuxuryApp.Application.Interfaces","RecursosHumanosLuxuryApp","LuxuryApp.Application.Modules.RecursosHumanosLuxuryApp.EmployeeFile.Interfaces","EmployeeFile\Interfaces\IEmployeeFileAppService.cs"
"EmployeeFileMappingProfile","class","LuxuryApp.Application.Mappings","RecursosHumanosLuxuryApp","LuxuryApp.Application.Modules.RecursosHumanosLuxuryApp.EmployeeFile.Mapping","EmployeeFile\Mapping\EmployeeFileMappingProfile.cs"
"EmployeeFileAppService","class","LuxuryApp.Application.Services","RecursosHumanosLuxuryApp","LuxuryApp.Application.Modules.RecursosHumanosLuxuryApp.EmployeeFile.Services","EmployeeFile\Services\EmployeeFileAppService.cs"
"ContractRenewalEvaluationDTO","record","LuxuryApp.Application.DTOs","RecursosHumanosLuxuryApp","LuxuryApp.Application.Modules.RecursosHumanosLuxuryApp.Employees.DTOs","Employees\DTOs\ContractRenewalDTOs.cs"
"EmployeeWorkContractCreateDTO","record","LuxuryApp.Application.DTOs","RecursosHumanosLuxuryApp","LuxuryApp.Application.Modules.RecursosHumanosLuxuryApp.Employees.DTOs","Employees\DTOs\EmployeeWorkContractCreateDTO.cs"
"EmployeeWorkContractDTO","record","LuxuryApp.Application.DTOs","RecursosHumanosLuxuryApp","LuxuryApp.Application.Modules.RecursosHumanosLuxuryApp.Employees.DTOs","Employees\DTOs\EmployeeWorkContractDTO.cs"
"EmployeeWorkContractTerminateDTO","record","LuxuryApp.Application.DTOs","RecursosHumanosLuxuryApp","LuxuryApp.Application.Modules.RecursosHumanosLuxuryApp.Employees.DTOs","Employees\DTOs\EmployeeWorkContractTerminateDTO.cs"
"EmployeeWorkContractUpdateDTO","record","LuxuryApp.Application.DTOs","RecursosHumanosLuxuryApp","LuxuryApp.Application.Modules.RecursosHumanosLuxuryApp.Employees.DTOs","Employees\DTOs\EmployeeWorkContractUpdateDTO.cs"
"BirthdayEndPoints","class","LuxuryApp.Application.EndPoints","RecursosHumanosLuxuryApp","LuxuryApp.Application.Modules.RecursosHumanosLuxuryApp.Employees.EmployeeBirthday.EndPoints","Employees\EmployeeBirthday\EndPoints\BirthdayEndPoints.cs"
"IEmployeeBirthdayAppService","interface","LuxuryApp.Application.Interfaces","RecursosHumanosLuxuryApp","LuxuryApp.Application.Modules.RecursosHumanosLuxuryApp.Employees.EmployeeBirthday.Interfaces","Employees\EmployeeBirthday\Interfaces\IEmployeeBirthdayAppService.cs"
"EmployeeBirthdayMappingProfile","class","LuxuryApp.Application.Mappings","RecursosHumanosLuxuryApp","LuxuryApp.Application.Modules.RecursosHumanosLuxuryApp.Employees.EmployeeBirthday.Mapping","Employees\EmployeeBirthday\Mapping\EmployeeBirthdayMappingProfile.cs"
"EmployeeBirthdayAppService","class","LuxuryApp.Application.Services","RecursosHumanosLuxuryApp","LuxuryApp.Application.Modules.RecursosHumanosLuxuryApp.Employees.EmployeeBirthday.Services","Employees\EmployeeBirthday\Services\EmployeeBirthdayAppService.cs"
"ChecklistOptionCatalogCreateDto","record","LuxuryApp.Application.DTOs","RecursosHumanosLuxuryApp","LuxuryApp.Application.Modules.RecursosHumanosLuxuryApp.Employees.EmployeeOnboardingChecklist.DTOs","Employees\EmployeeOnboardingChecklist\DTOs\ChecklistOptionCatalogCreateDto.cs"
"ChecklistOptionCatalogListItemDto","record","LuxuryApp.Application.DTOs","RecursosHumanosLuxuryApp","LuxuryApp.Application.Modules.RecursosHumanosLuxuryApp.Employees.EmployeeOnboardingChecklist.DTOs","Employees\EmployeeOnboardingChecklist\DTOs\ChecklistOptionCatalogListItemDto.cs"
"ChecklistOptionCatalogUpdateDto","record","LuxuryApp.Application.DTOs","RecursosHumanosLuxuryApp","LuxuryApp.Application.Modules.RecursosHumanosLuxuryApp.Employees.EmployeeOnboardingChecklist.DTOs","Employees\EmployeeOnboardingChecklist\DTOs\ChecklistOptionCatalogUpdateDto.cs"
"EmployeeOnboardingChecklistItemDto","record","LuxuryApp.Application.DTOs","RecursosHumanosLuxuryApp","LuxuryApp.Application.Modules.RecursosHumanosLuxuryApp.Employees.EmployeeOnboardingChecklist.DTOs","Employees\EmployeeOnboardingChecklist\DTOs\EmployeeOnboardingChecklistItemDto.cs"
"EmployeeOnboardingChecklistUpdateDto","record","LuxuryApp.Application.DTOs","RecursosHumanosLuxuryApp","LuxuryApp.Application.Modules.RecursosHumanosLuxuryApp.Employees.EmployeeOnboardingChecklist.DTOs","Employees\EmployeeOnboardingChecklist\DTOs\EmployeeOnboardingChecklistUpdateDto.cs"
"ChecklistOptionCatalogEndpoints","class","LuxuryApp.Application.EndPoints","RecursosHumanosLuxuryApp","LuxuryApp.Application.Modules.RecursosHumanosLuxuryApp.Employees.EmployeeOnboardingChecklist.EndPoints","Employees\EmployeeOnboardingChecklist\EndPoints\ChecklistOptionCatalogEndpoints.cs"
"EmployeeOnboardingChecklistEndpoints","class","LuxuryApp.Application.EndPoints","RecursosHumanosLuxuryApp","LuxuryApp.Application.Modules.RecursosHumanosLuxuryApp.Employees.EmployeeOnboardingChecklist.EndPoints","Employees\EmployeeOnboardingChecklist\EndPoints\EmployeeOnboardingChecklistEndpoints.cs"
"IChecklistOptionCatalogAppService","interface","LuxuryApp.Application.Interfaces","RecursosHumanosLuxuryApp","LuxuryApp.Application.Modules.RecursosHumanosLuxuryApp.Employees.EmployeeOnboardingChecklist.Interfaces","Employees\EmployeeOnboardingChecklist\Interfaces\IChecklistOptionCatalogAppService.cs"
"IEmployeeOnboardingChecklistAppService","interface","LuxuryApp.Application.Interfaces","RecursosHumanosLuxuryApp","LuxuryApp.Application.Modules.RecursosHumanosLuxuryApp.Employees.EmployeeOnboardingChecklist.Interfaces","Employees\EmployeeOnboardingChecklist\Interfaces\IEmployeeOnboardingChecklistAppService.cs"
"ChecklistOptionCatalogAppService","class","LuxuryApp.Application.Services","RecursosHumanosLuxuryApp","LuxuryApp.Application.Modules.RecursosHumanosLuxuryApp.Employees.EmployeeOnboardingChecklist.Services","Employees\EmployeeOnboardingChecklist\Services\ChecklistOptionCatalogAppService.cs"
"EmployeeOnboardingChecklistAppService","class","LuxuryApp.Application.Services","RecursosHumanosLuxuryApp","LuxuryApp.Application.Modules.RecursosHumanosLuxuryApp.Employees.EmployeeOnboardingChecklist.Services","Employees\EmployeeOnboardingChecklist\Services\EmployeeOnboardingChecklistAppService.cs"
"OnboardingChecklistDeadlineCalculator","class","LuxuryApp.Application.Services","RecursosHumanosLuxuryApp","LuxuryApp.Application.Modules.RecursosHumanosLuxuryApp.Employees.EmployeeOnboardingChecklist.Services","Employees\EmployeeOnboardingChecklist\Services\OnboardingChecklistDeadlineCalculator.cs"
"RoleOrgChartMemberDto","record","LuxuryApp.Application.DTOs","RecursosHumanosLuxuryApp","LuxuryApp.Application.Modules.RecursosHumanosLuxuryApp.Employees.EmployeeOrganigrama.DTOs","Employees\EmployeeOrganigrama\DTOs\RoleOrgChartMemberDto.cs"
"RoleOrgChartNodeDto","record","LuxuryApp.Application.DTOs","RecursosHumanosLuxuryApp","LuxuryApp.Application.Modules.RecursosHumanosLuxuryApp.Employees.EmployeeOrganigrama.DTOs","Employees\EmployeeOrganigrama\DTOs\RoleOrgChartNodeDto.cs"
"RoleOrgChartReassignRequest","record","LuxuryApp.Application.DTOs","RecursosHumanosLuxuryApp","LuxuryApp.Application.Modules.RecursosHumanosLuxuryApp.Employees.EmployeeOrganigrama.DTOs","Employees\EmployeeOrganigrama\DTOs\RoleOrgChartReassignRequest.cs"
"WorkPositionReassignResponse","record","LuxuryApp.Application.DTOs","RecursosHumanosLuxuryApp","LuxuryApp.Application.Modules.RecursosHumanosLuxuryApp.Employees.EmployeeOrganigrama.DTOs","Employees\EmployeeOrganigrama\DTOs\WorkPositionReassignResponse.cs"
"WorkPositionOrgChartEndPoints","class","LuxuryApp.Application.EndPoints","RecursosHumanosLuxuryApp","LuxuryApp.Application.Modules.RecursosHumanosLuxuryApp.Employees.EmployeeOrganigrama.EndPoints","Employees\EmployeeOrganigrama\EndPoints\WorkPositionOrgChartEndPoints.cs"
"IWorkPositionOrgChartAppService","interface","LuxuryApp.Application.Interfaces","RecursosHumanosLuxuryApp","LuxuryApp.Application.Modules.RecursosHumanosLuxuryApp.Employees.EmployeeOrganigrama.Interfaces","Employees\EmployeeOrganigrama\Interfaces\IWorkPositionOrgChartAppService.cs"
"WorkPositionOrgChartMappingProfile","class","LuxuryApp.Application.Mappings","RecursosHumanosLuxuryApp","LuxuryApp.Application.Modules.RecursosHumanosLuxuryApp.Employees.EmployeeOrganigrama.Mapping","Employees\EmployeeOrganigrama\Mapping\WorkPositionOrgChartMappingProfile.cs"
"WorkPositionOrgChartAppService","class","LuxuryApp.Application.Services","RecursosHumanosLuxuryApp","LuxuryApp.Application.Modules.RecursosHumanosLuxuryApp.Employees.EmployeeOrganigrama.Services","Employees\EmployeeOrganigrama\Services\WorkPositionOrgChartAppService.cs"
"EmployeeAddOrEditDTO","record","LuxuryApp.Application.DTOs","RecursosHumanosLuxuryApp","LuxuryApp.Application.Modules.RecursosHumanosLuxuryApp.Employees.Employees.DTOs","Employees\Employees\DTOs\EmployeeAddOrEditDTO.cs"
"EmployeeAdminEditDTO","record","LuxuryApp.Application.DTOs","RecursosHumanosLuxuryApp","LuxuryApp.Application.Modules.RecursosHumanosLuxuryApp.Employees.Employees.DTOs","Employees\Employees\DTOs\EmployeeAdminEditDTO.cs"
"EmployeeCreateDTO","record","LuxuryApp.Application.DTOs","RecursosHumanosLuxuryApp","LuxuryApp.Application.Modules.RecursosHumanosLuxuryApp.Employees.Employees.DTOs","Employees\Employees\DTOs\EmployeeCreateDTO.cs"
"EmployeeDossierDto","class","LuxuryApp.Application.DTOs","RecursosHumanosLuxuryApp","LuxuryApp.Application.Modules.RecursosHumanosLuxuryApp.Employees.Employees.DTOs","Employees\Employees\DTOs\EmployeeDossierDto.cs"
"EmployeeExternalCreateOrUpdateDTO","record","LuxuryApp.Application.DTOs","RecursosHumanosLuxuryApp","LuxuryApp.Application.Modules.RecursosHumanosLuxuryApp.Employees.Employees.DTOs","Employees\Employees\DTOs\EmployeeExternalCreateOrUpdateDTO.cs"
"EmployeeExternalDTO","record","LuxuryApp.Application.DTOs","RecursosHumanosLuxuryApp","LuxuryApp.Application.Modules.RecursosHumanosLuxuryApp.Employees.Employees.DTOs","Employees\Employees\DTOs\EmployeeExternalDTO.cs"
"EmployeeExternalListDTO","record","LuxuryApp.Application.DTOs","RecursosHumanosLuxuryApp","LuxuryApp.Application.Modules.RecursosHumanosLuxuryApp.Employees.Employees.DTOs","Employees\Employees\DTOs\EmployeeExternalListDTO.cs"
"EmployeeExternalMatchDTO","record","LuxuryApp.Application.DTOs","RecursosHumanosLuxuryApp","LuxuryApp.Application.Modules.RecursosHumanosLuxuryApp.Employees.Employees.DTOs","Employees\Employees\DTOs\EmployeeExternalMatchDTO.cs"
"EmployeeGetDTO","record","LuxuryApp.Application.DTOs","RecursosHumanosLuxuryApp","LuxuryApp.Application.Modules.RecursosHumanosLuxuryApp.Employees.Employees.DTOs","Employees\Employees\DTOs\EmployeeGetDTO.cs"
"EmployeeExternalEndPoints","class","LuxuryApp.Application.EndPoints","RecursosHumanosLuxuryApp","LuxuryApp.Application.Modules.RecursosHumanosLuxuryApp.Employees.Employees.EndPoints","Employees\Employees\EndPoints\EmployeeExternalEndpoints.cs"
"EmployeesEndPoints","class","LuxuryApp.Application.EndPoints","RecursosHumanosLuxuryApp","LuxuryApp.Application.Modules.RecursosHumanosLuxuryApp.Employees.Employees.EndPoints","Employees\Employees\EndPoints\EmployeesEndpoints.cs"
"IEmployeeExternalAppService","interface","LuxuryApp.Application.Interfaces","RecursosHumanosLuxuryApp","LuxuryApp.Application.Modules.RecursosHumanosLuxuryApp.Employees.Employees.Interfaces","Employees\Employees\Interfaces\IEmployeeExternalAppService.cs"
"EmployeeMapper","class","LuxuryApp.Application.Mappings","RecursosHumanosLuxuryApp","LuxuryApp.Application.Modules.RecursosHumanosLuxuryApp.Employees.Employees.Mapping","Employees\Employees\Mapping\EmployeeMapper.cs"
"EmployeeExternalAppService","class","LuxuryApp.Application.Services","RecursosHumanosLuxuryApp","LuxuryApp.Application.Modules.RecursosHumanosLuxuryApp.Employees.Employees.Services","Employees\Employees\Services\EmployeeExternalAppService.cs"
"EmployeeWorkContractsEndPoints","class","LuxuryApp.Application.Moduls.RecursosHumanosLuxuryApp.Employees.EndPoints","RecursosHumanosLuxuryApp","LuxuryApp.Application.Modules.RecursosHumanosLuxuryApp.Employees.EndPoints","Employees\EndPoints\EmployeeWorkContractsEndPoints.cs"
"IContractRenewalAppService","interface","LuxuryApp.Application.Interfaces","RecursosHumanosLuxuryApp","LuxuryApp.Application.Modules.RecursosHumanosLuxuryApp.Employees.Interfaces","Employees\Interfaces\IContractRenewalAppService.cs"
"IEmployeeContractGeneratorService","interface","LuxuryApp.Application.Interfaces","RecursosHumanosLuxuryApp","LuxuryApp.Application.Modules.RecursosHumanosLuxuryApp.Employees.Interfaces","Employees\Interfaces\IEmployeeContractGeneratorService.cs"
"IEmployeeWorkContractAppService","interface","LuxuryApp.Application.Interfaces","RecursosHumanosLuxuryApp","LuxuryApp.Application.Modules.RecursosHumanosLuxuryApp.Employees.Interfaces","Employees\Interfaces\IEmployeeWorkContractAppService.cs"
"ContractRenewalAppService","class","LuxuryApp.Application.Services","RecursosHumanosLuxuryApp","LuxuryApp.Application.Modules.RecursosHumanosLuxuryApp.Employees.Services","Employees\Services\ContractRenewalAppService.cs"
"EmployeeContractGeneratorService","class","LuxuryApp.Application.Services","RecursosHumanosLuxuryApp","LuxuryApp.Application.Modules.RecursosHumanosLuxuryApp.Employees.Services","Employees\Services\EmployeeContractGeneratorService.cs"
"EmployeeWorkContractAppService","class","LuxuryApp.Application.Services","RecursosHumanosLuxuryApp","LuxuryApp.Application.Modules.RecursosHumanosLuxuryApp.Employees.Services","Employees\Services\EmployeeWorkContractAppService.cs"
"EvaluationQuestionFormDTO","record","LuxuryApp.Application.DTOs","RecursosHumanosLuxuryApp","LuxuryApp.Application.Modules.RecursosHumanosLuxuryApp.Evaluacion.EvaluationTemplate.DTOs","Evaluacion\EvaluationTemplate\DTOs\EvaluationQuestionFormDTO.cs"
"EvaluationTemplateSummaryDTO","record","LuxuryApp.Application.DTOs","RecursosHumanosLuxuryApp","LuxuryApp.Application.Modules.RecursosHumanosLuxuryApp.Evaluacion.EvaluationTemplate.DTOs","Evaluacion\EvaluationTemplate\DTOs\EvaluationTemplateSummaryDTO.cs"
"SaveEvaluationTemplateRequestDTO","record","LuxuryApp.Application.DTOs","RecursosHumanosLuxuryApp","LuxuryApp.Application.Modules.RecursosHumanosLuxuryApp.Evaluacion.EvaluationTemplate.DTOs","Evaluacion\EvaluationTemplate\DTOs\SaveEvaluationTemplateRequestDTO.cs"
"SaveTemplateCategoryDTO","record","LuxuryApp.Application.DTOs","RecursosHumanosLuxuryApp","LuxuryApp.Application.Modules.RecursosHumanosLuxuryApp.Evaluacion.EvaluationTemplate.DTOs","Evaluacion\EvaluationTemplate\DTOs\SaveTemplateCategoryDTO.cs"
"SaveTemplateQuestionDTO","record","LuxuryApp.Application.DTOs","RecursosHumanosLuxuryApp","LuxuryApp.Application.Modules.RecursosHumanosLuxuryApp.Evaluacion.EvaluationTemplate.DTOs","Evaluacion\EvaluationTemplate\DTOs\SaveTemplateQuestionDTO.cs"
"TemplateEvaluationEndPoints","class","LuxuryApp.Application.EndPoints","RecursosHumanosLuxuryApp","LuxuryApp.Application.Modules.RecursosHumanosLuxuryApp.Evaluacion.EvaluationTemplate.EndPoints","Evaluacion\EvaluationTemplate\EndPoints\TemplateEvaluationEndPoints.cs"
"ITemplateEvaluationAppService","interface","LuxuryApp.Application.Interfaces","RecursosHumanosLuxuryApp","LuxuryApp.Application.Modules.RecursosHumanosLuxuryApp.Evaluacion.EvaluationTemplate.Interfaces","Evaluacion\EvaluationTemplate\Interfaces\ITemplateEvaluationAppService.cs"
"EmployeeEvaluationMapper","class","LuxuryApp.Application.Mappings","RecursosHumanosLuxuryApp","LuxuryApp.Application.Modules.RecursosHumanosLuxuryApp.Evaluacion.EvaluationTemplate.Mapping","Evaluacion\EvaluationTemplate\Mapping\EmployeeEvaluationMapper.cs"
"TemplateEvaluationAppService","class","LuxuryApp.Application.Services","RecursosHumanosLuxuryApp","LuxuryApp.Application.Modules.RecursosHumanosLuxuryApp.Evaluacion.EvaluationTemplate.Services","Evaluacion\EvaluationTemplate\Services\TemplateEvaluationAppService.cs"
"CategoryCommentDTO","record","LuxuryApp.Application.DTOs","RecursosHumanosLuxuryApp","LuxuryApp.Application.Modules.RecursosHumanosLuxuryApp.Evaluacion.PerformanceEvaluation.DTOs","Evaluacion\PerformanceEvaluation\DTOs\CategoryCommentDTO.cs"
"CreateEvaluationAnswerDTO","record","LuxuryApp.Application.DTOs","RecursosHumanosLuxuryApp","LuxuryApp.Application.Modules.RecursosHumanosLuxuryApp.Evaluacion.PerformanceEvaluation.DTOs","Evaluacion\PerformanceEvaluation\DTOs\CreateEvaluationAnswerDTO.cs"
"CreatePerformanceEvaluationDTO","record","LuxuryApp.Application.DTOs","RecursosHumanosLuxuryApp","LuxuryApp.Application.Modules.RecursosHumanosLuxuryApp.Evaluacion.PerformanceEvaluation.DTOs","Evaluacion\PerformanceEvaluation\DTOs\CreatePerformanceEvaluationDTO.cs"
"EvaluationAnswerDTO","record","LuxuryApp.Application.DTOs","RecursosHumanosLuxuryApp","LuxuryApp.Application.Modules.RecursosHumanosLuxuryApp.Evaluacion.PerformanceEvaluation.DTOs","Evaluacion\PerformanceEvaluation\DTOs\EvaluationAnswerDTO.cs"
"EvaluationHistoryForCustomerDTO","record","LuxuryApp.Application.DTOs","RecursosHumanosLuxuryApp","LuxuryApp.Application.Modules.RecursosHumanosLuxuryApp.Evaluacion.PerformanceEvaluation.DTOs","Evaluacion\PerformanceEvaluation\DTOs\EvaluationHistoryForCustomerDTO.cs"
"EvaluationHistoryItemDTO","record","LuxuryApp.Application.DTOs","RecursosHumanosLuxuryApp","LuxuryApp.Application.Modules.RecursosHumanosLuxuryApp.Evaluacion.PerformanceEvaluation.DTOs","Evaluacion\PerformanceEvaluation\DTOs\EvaluationHistoryItemDTO.cs"
"EvaluationResultDTO","record","LuxuryApp.Application.DTOs","RecursosHumanosLuxuryApp","LuxuryApp.Application.Modules.RecursosHumanosLuxuryApp.Evaluacion.PerformanceEvaluation.DTOs","Evaluacion\PerformanceEvaluation\DTOs\EvaluationResultDTO.cs"
"ResultAnswerDTO","record","LuxuryApp.Application.DTOs","RecursosHumanosLuxuryApp","LuxuryApp.Application.Modules.RecursosHumanosLuxuryApp.Evaluacion.PerformanceEvaluation.DTOs","Evaluacion\PerformanceEvaluation\DTOs\ResultAnswerDTO.cs"
"ResultCategoryDTO","record","LuxuryApp.Application.DTOs","RecursosHumanosLuxuryApp","LuxuryApp.Application.Modules.RecursosHumanosLuxuryApp.Evaluacion.PerformanceEvaluation.DTOs","Evaluacion\PerformanceEvaluation\DTOs\ResultCategoryDTO.cs"
"UpdateEvaluationAnswerDTO","record","LuxuryApp.Application.DTOs","RecursosHumanosLuxuryApp","LuxuryApp.Application.Modules.RecursosHumanosLuxuryApp.Evaluacion.PerformanceEvaluation.DTOs","Evaluacion\PerformanceEvaluation\DTOs\UpdateEvaluationAnswerDTO.cs"
"UpdatePerformanceEvaluationDTO","record","LuxuryApp.Application.DTOs","RecursosHumanosLuxuryApp","LuxuryApp.Application.Modules.RecursosHumanosLuxuryApp.Evaluacion.PerformanceEvaluation.DTOs","Evaluacion\PerformanceEvaluation\DTOs\UpdatePerformanceEvaluationDTO.cs"
"PerformanceEvaluationsEndPoints","class","LuxuryApp.Application.EndPoints","RecursosHumanosLuxuryApp","LuxuryApp.Application.Modules.RecursosHumanosLuxuryApp.Evaluacion.PerformanceEvaluation.EndPoints","Evaluacion\PerformanceEvaluation\EndPoints\PerformanceEvaluationsEndPoints.cs"
"IPerformanceEvaluationAppService","interface","LuxuryApp.Application.Interfaces","RecursosHumanosLuxuryApp","LuxuryApp.Application.Modules.RecursosHumanosLuxuryApp.Evaluacion.PerformanceEvaluation.Interfaces","Evaluacion\PerformanceEvaluation\Interfaces\IPerformanceEvaluationAppService.cs"
"PerformanceEvaluationMappingProfile","class","LuxuryApp.Application.Mappings","RecursosHumanosLuxuryApp","LuxuryApp.Application.Modules.RecursosHumanosLuxuryApp.Evaluacion.PerformanceEvaluation.Mapping","Evaluacion\PerformanceEvaluation\Mapping\PerformanceEvaluationMappingProfile.cs"
"PerformanceEvaluationAppService","class","LuxuryApp.Application.Services","RecursosHumanosLuxuryApp","LuxuryApp.Application.Modules.RecursosHumanosLuxuryApp.Evaluacion.PerformanceEvaluation.Services","Evaluacion\PerformanceEvaluation\Services\PerformanceEvaluationAppService.cs"
"CancelIncidentDTO","record","LuxuryApp.Application.DTOs","RecursosHumanosLuxuryApp","LuxuryApp.Application.Modules.RecursosHumanosLuxuryApp.IncidenciasAdministrativas.HRIncident.DTOs","IncidenciasAdministrativas\HRIncident\DTOs\CancelIncidentDTO.cs"
"IncidentAddOrEditDTO","record","LuxuryApp.Application.DTOs","RecursosHumanosLuxuryApp","LuxuryApp.Application.Modules.RecursosHumanosLuxuryApp.IncidenciasAdministrativas.HRIncident.DTOs","IncidenciasAdministrativas\HRIncident\DTOs\IncidentAddOrEditDTO.cs"
"IncidentAttachmentAddDTO","record","LuxuryApp.Application.DTOs","RecursosHumanosLuxuryApp","LuxuryApp.Application.Modules.RecursosHumanosLuxuryApp.IncidenciasAdministrativas.HRIncident.DTOs","IncidenciasAdministrativas\HRIncident\DTOs\IncidentAttachmentAddDTO.cs"
"IncidentAttachmentListDTO","record","LuxuryApp.Application.DTOs","RecursosHumanosLuxuryApp","LuxuryApp.Application.Modules.RecursosHumanosLuxuryApp.IncidenciasAdministrativas.HRIncident.DTOs","IncidenciasAdministrativas\HRIncident\DTOs\IncidentAttachmentListDTO.cs"
"IncidentDashboardCountDTO","record","LuxuryApp.Application.DTOs","RecursosHumanosLuxuryApp","LuxuryApp.Application.Modules.RecursosHumanosLuxuryApp.IncidenciasAdministrativas.HRIncident.DTOs","IncidenciasAdministrativas\HRIncident\DTOs\IncidentDashboardCountDTO.cs"
"IncidentDashboardDTO","record","LuxuryApp.Application.DTOs","RecursosHumanosLuxuryApp","LuxuryApp.Application.Modules.RecursosHumanosLuxuryApp.IncidenciasAdministrativas.HRIncident.DTOs","IncidenciasAdministrativas\HRIncident\DTOs\IncidentDashboardDTO.cs"
"IncidentDashboardEmployeeCountDTO","record","LuxuryApp.Application.DTOs","RecursosHumanosLuxuryApp","LuxuryApp.Application.Modules.RecursosHumanosLuxuryApp.IncidenciasAdministrativas.HRIncident.DTOs","IncidenciasAdministrativas\HRIncident\DTOs\IncidentDashboardEmployeeCountDTO.cs"
"IncidentDashboardFilterDTO","record","LuxuryApp.Application.DTOs","RecursosHumanosLuxuryApp","LuxuryApp.Application.Modules.RecursosHumanosLuxuryApp.IncidenciasAdministrativas.HRIncident.DTOs","IncidenciasAdministrativas\HRIncident\DTOs\IncidentDashboardFilterDTO.cs"
"IncidentDashboardMonthCountDTO","record","LuxuryApp.Application.DTOs","RecursosHumanosLuxuryApp","LuxuryApp.Application.Modules.RecursosHumanosLuxuryApp.IncidenciasAdministrativas.HRIncident.DTOs","IncidenciasAdministrativas\HRIncident\DTOs\IncidentDashboardMonthCountDTO.cs"
"IncidentDetailDTO","record","LuxuryApp.Application.DTOs","RecursosHumanosLuxuryApp","LuxuryApp.Application.Modules.RecursosHumanosLuxuryApp.IncidenciasAdministrativas.HRIncident.DTOs","IncidenciasAdministrativas\HRIncident\DTOs\IncidentDetailDTO.cs"
"IncidentListDTO","record","LuxuryApp.Application.DTOs","RecursosHumanosLuxuryApp","LuxuryApp.Application.Modules.RecursosHumanosLuxuryApp.IncidenciasAdministrativas.HRIncident.DTOs","IncidenciasAdministrativas\HRIncident\DTOs\IncidentListDTO.cs"
"IncidentResolveDTO","record","LuxuryApp.Application.DTOs","RecursosHumanosLuxuryApp","LuxuryApp.Application.Modules.RecursosHumanosLuxuryApp.IncidenciasAdministrativas.HRIncident.DTOs","IncidenciasAdministrativas\HRIncident\DTOs\IncidentResolveDTO.cs"
"IncidentWitnessAddOrEditDTO","record","LuxuryApp.Application.DTOs","RecursosHumanosLuxuryApp","LuxuryApp.Application.Modules.RecursosHumanosLuxuryApp.IncidenciasAdministrativas.HRIncident.DTOs","IncidenciasAdministrativas\HRIncident\DTOs\IncidentWitnessAddOrEditDTO.cs"
"IncidentWitnessDetailDTO","record","LuxuryApp.Application.DTOs","RecursosHumanosLuxuryApp","LuxuryApp.Application.Modules.RecursosHumanosLuxuryApp.IncidenciasAdministrativas.HRIncident.DTOs","IncidenciasAdministrativas\HRIncident\DTOs\IncidentWitnessDetailDTO.cs"
"IncidentWitnessListDTO","record","LuxuryApp.Application.DTOs","RecursosHumanosLuxuryApp","LuxuryApp.Application.Modules.RecursosHumanosLuxuryApp.IncidenciasAdministrativas.HRIncident.DTOs","IncidenciasAdministrativas\HRIncident\DTOs\IncidentWitnessListDTO.cs"
"SuspensionDayAddDTO","record","LuxuryApp.Application.DTOs","RecursosHumanosLuxuryApp","LuxuryApp.Application.Modules.RecursosHumanosLuxuryApp.IncidenciasAdministrativas.HRIncident.DTOs","IncidenciasAdministrativas\HRIncident\DTOs\SuspensionDayAddDTO.cs"
"SuspensionDayDetailDTO","record","LuxuryApp.Application.DTOs","RecursosHumanosLuxuryApp","LuxuryApp.Application.Modules.RecursosHumanosLuxuryApp.IncidenciasAdministrativas.HRIncident.DTOs","IncidenciasAdministrativas\HRIncident\DTOs\SuspensionDayDetailDTO.cs"
"IncidentEndPoints","class","LuxuryApp.Application.EndPoints","RecursosHumanosLuxuryApp","LuxuryApp.Application.Modules.RecursosHumanosLuxuryApp.IncidenciasAdministrativas.HRIncident.EndPoints","IncidenciasAdministrativas\HRIncident\EndPoints\IncidentEndpoints.cs"
"IIncidentAppService","interface","LuxuryApp.Application.Interfaces","RecursosHumanosLuxuryApp","LuxuryApp.Application.Modules.RecursosHumanosLuxuryApp.IncidenciasAdministrativas.HRIncident.Interfaces","IncidenciasAdministrativas\HRIncident\Interfaces\IIncidentAppService.cs"
"IIncidentAttachmentAppService","interface","LuxuryApp.Application.Interfaces","RecursosHumanosLuxuryApp","LuxuryApp.Application.Modules.RecursosHumanosLuxuryApp.IncidenciasAdministrativas.HRIncident.Interfaces","IncidenciasAdministrativas\HRIncident\Interfaces\IIncidentAttachmentAppService.cs"
"IIncidentPdfService","interface","LuxuryApp.Application.Interfaces","RecursosHumanosLuxuryApp","LuxuryApp.Application.Modules.RecursosHumanosLuxuryApp.IncidenciasAdministrativas.HRIncident.Interfaces","IncidenciasAdministrativas\HRIncident\Interfaces\IIncidentPdfService.cs"
"IIncidentWitnessAppService","interface","LuxuryApp.Application.Interfaces","RecursosHumanosLuxuryApp","LuxuryApp.Application.Modules.RecursosHumanosLuxuryApp.IncidenciasAdministrativas.HRIncident.Interfaces","IncidenciasAdministrativas\HRIncident\Interfaces\IIncidentWitnessAppService.cs"
"ISuspensionDayAppService","interface","LuxuryApp.Application.Interfaces","RecursosHumanosLuxuryApp","LuxuryApp.Application.Modules.RecursosHumanosLuxuryApp.IncidenciasAdministrativas.HRIncident.Interfaces","IncidenciasAdministrativas\HRIncident\Interfaces\ISuspensionDayAppService.cs"
"IncidentMappingProfile","class","LuxuryApp.Application.Mappings","RecursosHumanosLuxuryApp","LuxuryApp.Application.Modules.RecursosHumanosLuxuryApp.IncidenciasAdministrativas.HRIncident.Mapping","IncidenciasAdministrativas\HRIncident\Mapping\IncidentMappingProfile.cs"
"IIncidentNotificationService","interface","LuxuryApp.Application.Services","RecursosHumanosLuxuryApp","LuxuryApp.Application.Modules.RecursosHumanosLuxuryApp.IncidenciasAdministrativas.HRIncident.Notifications","IncidenciasAdministrativas\HRIncident\Notifications\IIncidentNotificationService.cs"
"IncidentNotificationService","class","LuxuryApp.Application.Services","RecursosHumanosLuxuryApp","LuxuryApp.Application.Modules.RecursosHumanosLuxuryApp.IncidenciasAdministrativas.HRIncident.Notifications","IncidenciasAdministrativas\HRIncident\Notifications\IncidentNotificationService.cs"
"IncidentAppService","class","LuxuryApp.Application.Services","RecursosHumanosLuxuryApp","LuxuryApp.Application.Modules.RecursosHumanosLuxuryApp.IncidenciasAdministrativas.HRIncident.Services","IncidenciasAdministrativas\HRIncident\Services\IncidentAppService.cs"
"IncidentAttachmentAppService","class","LuxuryApp.Application.Services","RecursosHumanosLuxuryApp","LuxuryApp.Application.Modules.RecursosHumanosLuxuryApp.IncidenciasAdministrativas.HRIncident.Services","IncidenciasAdministrativas\HRIncident\Services\IncidentAttachmentAppService.cs"
"IncidentPdfService","class","LuxuryApp.Application.Services","RecursosHumanosLuxuryApp","LuxuryApp.Application.Modules.RecursosHumanosLuxuryApp.IncidenciasAdministrativas.HRIncident.Services","IncidenciasAdministrativas\HRIncident\Services\IncidentPdfService.cs"
"IncidentWitnessAppService","class","LuxuryApp.Application.Services","RecursosHumanosLuxuryApp","LuxuryApp.Application.Modules.RecursosHumanosLuxuryApp.IncidenciasAdministrativas.HRIncident.Services","IncidenciasAdministrativas\HRIncident\Services\IncidentWitnessAppService.cs"
"SuspensionDayAppService","class","LuxuryApp.Application.Services","RecursosHumanosLuxuryApp","LuxuryApp.Application.Modules.RecursosHumanosLuxuryApp.IncidenciasAdministrativas.HRIncident.Services","IncidenciasAdministrativas\HRIncident\Services\SuspensionDayAppService.cs"
"IncidentReportFilterDTO","record","LuxuryApp.Application.DTOs","RecursosHumanosLuxuryApp","LuxuryApp.Application.Modules.RecursosHumanosLuxuryApp.IncidenciasAdministrativas.HRIncidentReport.DTOs","IncidenciasAdministrativas\HRIncidentReport\DTOs\IncidentReportDTOs.cs"
"IncidentReportEndPoints","class","LuxuryApp.Application.EndPoints","RecursosHumanosLuxuryApp","LuxuryApp.Application.Modules.RecursosHumanosLuxuryApp.IncidenciasAdministrativas.HRIncidentReport.EndPoints","IncidenciasAdministrativas\HRIncidentReport\EndPoints\IncidentReportEndPoints.cs"
"IIncidentReportAppService","interface","LuxuryApp.Application.Interfaces","RecursosHumanosLuxuryApp","LuxuryApp.Application.Modules.RecursosHumanosLuxuryApp.IncidenciasAdministrativas.HRIncidentReport.Interfaces","IncidenciasAdministrativas\HRIncidentReport\Interfaces\IIncidentReportAppService.cs"
"HRIncidentReportMappingProfile","class","LuxuryApp.Application.Mappings","RecursosHumanosLuxuryApp","LuxuryApp.Application.Modules.RecursosHumanosLuxuryApp.IncidenciasAdministrativas.HRIncidentReport.Mapping","IncidenciasAdministrativas\HRIncidentReport\Mapping\HRIncidentReportMappingProfile.cs"
"IncidentReportAppService","class","LuxuryApp.Application.Services","RecursosHumanosLuxuryApp","LuxuryApp.Application.Modules.RecursosHumanosLuxuryApp.IncidenciasAdministrativas.HRIncidentReport.Services","IncidenciasAdministrativas\HRIncidentReport\Services\IncidentReportAppService.cs"
"SanctionAddOrEditDTO","record","LuxuryApp.Application.DTOs","RecursosHumanosLuxuryApp","LuxuryApp.Application.Modules.RecursosHumanosLuxuryApp.IncidenciasAdministrativas.HrSanction.DTOs","IncidenciasAdministrativas\HrSanction\DTOs\SanctionAddOrEditDTO.cs"
"SanctionListDTO","record","LuxuryApp.Application.DTOs","RecursosHumanosLuxuryApp","LuxuryApp.Application.Modules.RecursosHumanosLuxuryApp.IncidenciasAdministrativas.HrSanction.DTOs","IncidenciasAdministrativas\HrSanction\DTOs\SanctionDTOs.cs"
"SanctionEndPoints","class","LuxuryApp.Application.EndPoints","RecursosHumanosLuxuryApp","LuxuryApp.Application.Modules.RecursosHumanosLuxuryApp.IncidenciasAdministrativas.HrSanction.EndPoints","IncidenciasAdministrativas\HrSanction\EndPoints\SanctionEndPoints.cs"
"ISanctionAppService","interface","LuxuryApp.Application.Interfaces","RecursosHumanosLuxuryApp","LuxuryApp.Application.Modules.RecursosHumanosLuxuryApp.IncidenciasAdministrativas.HrSanction.Interfaces","IncidenciasAdministrativas\HrSanction\Interfaces\ISanctionAppService.cs"
"SanctionMappingProfile","class","LuxuryApp.Application.Mappings","RecursosHumanosLuxuryApp","LuxuryApp.Application.Modules.RecursosHumanosLuxuryApp.IncidenciasAdministrativas.HrSanction.Mapping","IncidenciasAdministrativas\HrSanction\Mapping\SanctionMappingProfile.cs"
"ISanctionNotificationService","interface","LuxuryApp.Application.Interfaces","RecursosHumanosLuxuryApp","LuxuryApp.Application.Modules.RecursosHumanosLuxuryApp.IncidenciasAdministrativas.HrSanction.Notifications","IncidenciasAdministrativas\HrSanction\Notifications\ISanctionNotificationService.cs"
"SanctionNotificationService","class","LuxuryApp.Application.Services","RecursosHumanosLuxuryApp","LuxuryApp.Application.Modules.RecursosHumanosLuxuryApp.IncidenciasAdministrativas.HrSanction.Notifications","IncidenciasAdministrativas\HrSanction\Notifications\SanctionNotificationService.cs"
"SanctionAppService","class","LuxuryApp.Application.Services","RecursosHumanosLuxuryApp","LuxuryApp.Application.Modules.RecursosHumanosLuxuryApp.IncidenciasAdministrativas.HrSanction.Services","IncidenciasAdministrativas\HrSanction\Services\SanctionAppService.cs"
"IncidentTypeListDTO","record","LuxuryApp.Application.DTOs","RecursosHumanosLuxuryApp","LuxuryApp.Application.Modules.RecursosHumanosLuxuryApp.IncidenciasAdministrativas.IncidentType.DTOs","IncidenciasAdministrativas\IncidentType\DTOs\IncidentTypeDTOs.cs"
"IncidentTypeEndPoints","class","LuxuryApp.Application.EndPoints","RecursosHumanosLuxuryApp","LuxuryApp.Application.Modules.RecursosHumanosLuxuryApp.IncidenciasAdministrativas.IncidentType.EndPoints","IncidenciasAdministrativas\IncidentType\EndPoints\IncidentTypeEndPoints.cs"
"IIncidentTypeAppService","interface","LuxuryApp.Application.Interfaces","RecursosHumanosLuxuryApp","LuxuryApp.Application.Modules.RecursosHumanosLuxuryApp.IncidenciasAdministrativas.IncidentType.Interfaces","IncidenciasAdministrativas\IncidentType\Interfaces\IIncidentTypeAppService.cs"
"IncidentTypeMappingProfile","class","LuxuryApp.Application.Mappings","RecursosHumanosLuxuryApp","LuxuryApp.Application.Modules.RecursosHumanosLuxuryApp.IncidenciasAdministrativas.IncidentType.Mapping","IncidenciasAdministrativas\IncidentType\Mapping\IncidentTypeMappingProfile.cs"
"IncidentTypeAppService","class","LuxuryApp.Application.Services","RecursosHumanosLuxuryApp","LuxuryApp.Application.Modules.RecursosHumanosLuxuryApp.IncidenciasAdministrativas.IncidentType.Services","IncidenciasAdministrativas\IncidentType\Services\IncidentTypeAppService.cs"
"SanctionTypeListDTO","record","LuxuryApp.Application.DTOs","RecursosHumanosLuxuryApp","LuxuryApp.Application.Modules.RecursosHumanosLuxuryApp.IncidenciasAdministrativas.SanctionType.DTOs","IncidenciasAdministrativas\SanctionType\DTOs\SanctionTypeDTOs.cs"
"SanctionTypeEndPoints","class","LuxuryApp.Application.EndPoints","RecursosHumanosLuxuryApp","LuxuryApp.Application.Modules.RecursosHumanosLuxuryApp.IncidenciasAdministrativas.SanctionType.EndPoints","IncidenciasAdministrativas\SanctionType\EndPoints\SanctionTypeEndPoints.cs"
"ISanctionTypeAppService","interface","LuxuryApp.Application.Interfaces","RecursosHumanosLuxuryApp","LuxuryApp.Application.Modules.RecursosHumanosLuxuryApp.IncidenciasAdministrativas.SanctionType.Interfaces","IncidenciasAdministrativas\SanctionType\Interfaces\ISanctionTypeAppService.cs"
"SanctionTypeMappingProfile","class","LuxuryApp.Application.Mappings","RecursosHumanosLuxuryApp","LuxuryApp.Application.Modules.RecursosHumanosLuxuryApp.IncidenciasAdministrativas.SanctionType.Mapping","IncidenciasAdministrativas\SanctionType\Mapping\SanctionTypeMappingProfile.cs"
"SanctionTypeAppService","class","LuxuryApp.Application.Services","RecursosHumanosLuxuryApp","LuxuryApp.Application.Modules.RecursosHumanosLuxuryApp.IncidenciasAdministrativas.SanctionType.Services","IncidenciasAdministrativas\SanctionType\Services\SanctionTypeAppService.cs"
"SedeChecadorConfiguration","class","LuxuryApp.Infrastructure.Data.EntityConfigurations","RecursosHumanosLuxuryApp","LuxuryApp.Application.Modules.RecursosHumanosLuxuryApp.Infrastructure.Persistence.RecursosHumanos","Infrastructure\Persistence\RecursosHumanos\CheckadorConfiguration.cs"
"PeriodoNominaConfiguration","class","LuxuryApp.Infrastructure.Data.EntityConfigurations","RecursosHumanosLuxuryApp","LuxuryApp.Application.Modules.RecursosHumanosLuxuryApp.Infrastructure.Persistence.RecursosHumanos","Infrastructure\Persistence\RecursosHumanos\NominaEntityConfigurations.cs"
"ManualTemplateSimpleDTO","record","LuxuryApp.Application.DTOs","RecursosHumanosLuxuryApp","LuxuryApp.Application.Modules.RecursosHumanosLuxuryApp.ManualsAndProcesses.DTOs","ManualsAndProcesses\DTOs\ManualPasoDTO.cs"
"ManualPasoEnlaceDTO","record","LuxuryApp.Application.DTOs","RecursosHumanosLuxuryApp","LuxuryApp.Application.Modules.RecursosHumanosLuxuryApp.ManualsAndProcesses.DTOs","ManualsAndProcesses\DTOs\ManualPasoEnlaceDTO.cs"
"ManualPasosEndPoints","class","LuxuryApp.Application.EndPoints","RecursosHumanosLuxuryApp","LuxuryApp.Application.Modules.RecursosHumanosLuxuryApp.ManualsAndProcesses.EndPoints","ManualsAndProcesses\EndPoints\ManualPasosEndPoints.cs"
"IManualTemplateService","interface","LuxuryApp.Application.Interfaces","RecursosHumanosLuxuryApp","LuxuryApp.Application.Modules.RecursosHumanosLuxuryApp.ManualsAndProcesses.Interfaces","ManualsAndProcesses\Interfaces\IManualTemplateService.cs"
"ManualTemplateService","class","LuxuryApp.Application.Services","RecursosHumanosLuxuryApp","LuxuryApp.Application.Modules.RecursosHumanosLuxuryApp.ManualsAndProcesses.Services","ManualsAndProcesses\Services\ManualTemplateService.cs"
"ConfiguracionNominaDTO","record","LuxuryApp.Application.DTOs","RecursosHumanosLuxuryApp","LuxuryApp.Application.Modules.RecursosHumanosLuxuryApp.Nomina.Configuracion.DTOs","Nomina\Configuracion\DTOs\ConfiguracionNominaDTO.cs"
"ConfiguracionNominaUpdateDTO","record","LuxuryApp.Application.DTOs","RecursosHumanosLuxuryApp","LuxuryApp.Application.Modules.RecursosHumanosLuxuryApp.Nomina.Configuracion.DTOs","Nomina\Configuracion\DTOs\ConfiguracionNominaUpdateDTO.cs"
"ConfiguracionNominaEndPoints","class","LuxuryApp.Application.EndPoints","RecursosHumanosLuxuryApp","LuxuryApp.Application.Modules.RecursosHumanosLuxuryApp.Nomina.Configuracion.EndPoints","Nomina\Configuracion\EndPoints\ConfiguracionNominaEndPoints.cs"
"IConfiguracionNominaAppService","interface","LuxuryApp.Application.Interfaces","RecursosHumanosLuxuryApp","LuxuryApp.Application.Modules.RecursosHumanosLuxuryApp.Nomina.Configuracion.Interfaces","Nomina\Configuracion\Interfaces\IConfiguracionNominaAppService.cs"
"ConfiguracionNominaMappingProfile","class","LuxuryApp.Application.Mappings","RecursosHumanosLuxuryApp","LuxuryApp.Application.Modules.RecursosHumanosLuxuryApp.Nomina.Configuracion.Mapping","Nomina\Configuracion\Mapping\ConfiguracionNominaMappingProfile.cs"
"ConfiguracionNominaAppService","class","LuxuryApp.Application.Services","RecursosHumanosLuxuryApp","LuxuryApp.Application.Modules.RecursosHumanosLuxuryApp.Nomina.Configuracion.Services","Nomina\Configuracion\Services\ConfiguracionNominaAppService.cs"
"EvidenciaNominaCreateDTO","record","LuxuryApp.Application.DTOs","RecursosHumanosLuxuryApp","LuxuryApp.Application.Modules.RecursosHumanosLuxuryApp.Nomina.Evidencias.DTOs","Nomina\Evidencias\DTOs\EvidenciaNominaCreateDTO.cs"
"EvidenciaNominaDTO","record","LuxuryApp.Application.DTOs","RecursosHumanosLuxuryApp","LuxuryApp.Application.Modules.RecursosHumanosLuxuryApp.Nomina.Evidencias.DTOs","Nomina\Evidencias\DTOs\EvidenciaNominaDTO.cs"
"EvidenciasNominaEndPoints","class","LuxuryApp.Application.EndPoints","RecursosHumanosLuxuryApp","LuxuryApp.Application.Modules.RecursosHumanosLuxuryApp.Nomina.Evidencias.EndPoints","Nomina\Evidencias\EndPoints\EvidenciasNominaEndPoints.cs"
"IEvidenciaNominaAppService","interface","LuxuryApp.Application.Interfaces","RecursosHumanosLuxuryApp","LuxuryApp.Application.Modules.RecursosHumanosLuxuryApp.Nomina.Evidencias.Interfaces","Nomina\Evidencias\Interfaces\IEvidenciaNominaAppService.cs"
"EvidenciasNominaMappingProfile","class","LuxuryApp.Application.Mappings","RecursosHumanosLuxuryApp","LuxuryApp.Application.Modules.RecursosHumanosLuxuryApp.Nomina.Evidencias.Mapping","Nomina\Evidencias\Mapping\EvidenciasNominaMappingProfile.cs"
"EvidenciaNominaAppService","class","LuxuryApp.Application.Services","RecursosHumanosLuxuryApp","LuxuryApp.Application.Modules.RecursosHumanosLuxuryApp.Nomina.Evidencias.Services","Nomina\Evidencias\Services\EvidenciaNominaAppService.cs"
"GuardarHojaIncidenciasDTO","record","LuxuryApp.Application.DTOs","RecursosHumanosLuxuryApp","LuxuryApp.Application.Modules.RecursosHumanosLuxuryApp.Nomina.IncidenciaNomina.DTOs","Nomina\IncidenciaNomina\DTOs\GuardarHojaIncidenciasDTO.cs"
"HojaIncidenciasDTO","record","LuxuryApp.Application.DTOs","RecursosHumanosLuxuryApp","LuxuryApp.Application.Modules.RecursosHumanosLuxuryApp.Nomina.IncidenciaNomina.DTOs","Nomina\IncidenciaNomina\DTOs\HojaIncidenciasDTO.cs"
"IncidenciaNominaDTO","record","LuxuryApp.Application.DTOs","RecursosHumanosLuxuryApp","LuxuryApp.Application.Modules.RecursosHumanosLuxuryApp.Nomina.IncidenciaNomina.DTOs","Nomina\IncidenciaNomina\DTOs\IncidenciaNominaDTO.cs"
"IncidenciaNominaEndPoints","class","LuxuryApp.Application.EndPoints","RecursosHumanosLuxuryApp","LuxuryApp.Application.Modules.RecursosHumanosLuxuryApp.Nomina.IncidenciaNomina.EndPoints","Nomina\IncidenciaNomina\EndPoints\IncidenciaNominaEndPoints.cs"
"IIncidenciaNominaAppService","interface","LuxuryApp.Application.Interfaces","RecursosHumanosLuxuryApp","LuxuryApp.Application.Modules.RecursosHumanosLuxuryApp.Nomina.IncidenciaNomina.Interfaces","Nomina\IncidenciaNomina\Interfaces\IIncidenciaNominaAppService.cs"
"IncidenciaNominaMappingProfile","class","LuxuryApp.Application.Mappings","RecursosHumanosLuxuryApp","LuxuryApp.Application.Modules.RecursosHumanosLuxuryApp.Nomina.IncidenciaNomina.Mapping","Nomina\IncidenciaNomina\Mapping\IncidenciaNominaMappingProfile.cs"
"IncidenciaNominaAppService","class","LuxuryApp.Application.Services","RecursosHumanosLuxuryApp","LuxuryApp.Application.Modules.RecursosHumanosLuxuryApp.Nomina.IncidenciaNomina.Services","Nomina\IncidenciaNomina\Services\IncidenciaNominaAppService.cs"
"NominaDetalleDTO","record","LuxuryApp.Application.DTOs","RecursosHumanosLuxuryApp","LuxuryApp.Application.Modules.RecursosHumanosLuxuryApp.Nomina.NominaDetalle.DTOs","Nomina\NominaDetalle\DTOs\NominaDetalleDTO.cs"
"NominaDetalleEndPoints","class","LuxuryApp.Application.EndPoints","RecursosHumanosLuxuryApp","LuxuryApp.Application.Modules.RecursosHumanosLuxuryApp.Nomina.NominaDetalle.EndPoints","Nomina\NominaDetalle\EndPoints\NominaDetalleEndPoints.cs"
"INominaDetalleAppService","interface","LuxuryApp.Application.Interfaces","RecursosHumanosLuxuryApp","LuxuryApp.Application.Modules.RecursosHumanosLuxuryApp.Nomina.NominaDetalle.Interfaces","Nomina\NominaDetalle\Interfaces\INominaDetalleAppService.cs"
"NominaDetalleMappingProfile","class","LuxuryApp.Application.Mappings","RecursosHumanosLuxuryApp","LuxuryApp.Application.Modules.RecursosHumanosLuxuryApp.Nomina.NominaDetalle.Mapping","Nomina\NominaDetalle\Mapping\NominaDetalleMappingProfile.cs"
"NominaDetalleAppService","class","LuxuryApp.Application.Services","RecursosHumanosLuxuryApp","LuxuryApp.Application.Modules.RecursosHumanosLuxuryApp.Nomina.NominaDetalle.Services","Nomina\NominaDetalle\Services\NominaDetalleAppService.cs"
"NominaEncabezadoDTO","record","LuxuryApp.Application.DTOs","RecursosHumanosLuxuryApp","LuxuryApp.Application.Modules.RecursosHumanosLuxuryApp.Nomina.NominaEncabezado.DTOs","Nomina\NominaEncabezado\DTOs\NominaEncabezadoDTO.cs"
"NominaEncabezadoEndPoints","class","LuxuryApp.Application.EndPoints","RecursosHumanosLuxuryApp","LuxuryApp.Application.Modules.RecursosHumanosLuxuryApp.Nomina.NominaEncabezado.EndPoints","Nomina\NominaEncabezado\EndPoints\NominaEncabezadoEndPoints.cs"
"INominaEncabezadoAppService","interface","LuxuryApp.Application.Interfaces","RecursosHumanosLuxuryApp","LuxuryApp.Application.Modules.RecursosHumanosLuxuryApp.Nomina.NominaEncabezado.Interfaces","Nomina\NominaEncabezado\Interfaces\INominaEncabezadoAppService.cs"
"NominaEncabezadoMappingProfile","class","LuxuryApp.Application.Mappings","RecursosHumanosLuxuryApp","LuxuryApp.Application.Modules.RecursosHumanosLuxuryApp.Nomina.NominaEncabezado.Mapping","Nomina\NominaEncabezado\Mapping\NominaEncabezadoMappingProfile.cs"
"NominaEncabezadoAppService","class","LuxuryApp.Application.Services","RecursosHumanosLuxuryApp","LuxuryApp.Application.Modules.RecursosHumanosLuxuryApp.Nomina.NominaEncabezado.Services","Nomina\NominaEncabezado\Services\NominaEncabezadoAppService.cs"
"PeriodoNominaCreateDTO","record","LuxuryApp.Application.DTOs","RecursosHumanosLuxuryApp","LuxuryApp.Application.Modules.RecursosHumanosLuxuryApp.Nomina.PeriodoNomina.DTOs","Nomina\PeriodoNomina\DTOs\PeriodoNominaCreateDTO.cs"
"PeriodoNominaDTO","record","LuxuryApp.Application.DTOs","RecursosHumanosLuxuryApp","LuxuryApp.Application.Modules.RecursosHumanosLuxuryApp.Nomina.PeriodoNomina.DTOs","Nomina\PeriodoNomina\DTOs\PeriodoNominaDTO.cs"
"PeriodoNominaEndPoints","class","LuxuryApp.Application.EndPoints","RecursosHumanosLuxuryApp","LuxuryApp.Application.Modules.RecursosHumanosLuxuryApp.Nomina.PeriodoNomina.EndPoints","Nomina\PeriodoNomina\EndPoints\PeriodoNominaEndPoints.cs"
"IPeriodoNominaAppService","interface","LuxuryApp.Application.Interfaces","RecursosHumanosLuxuryApp","LuxuryApp.Application.Modules.RecursosHumanosLuxuryApp.Nomina.PeriodoNomina.Interfaces","Nomina\PeriodoNomina\Interfaces\IPeriodoNominaAppService.cs"
"PeriodoNominaMappingProfile","class","LuxuryApp.Application.Mappings","RecursosHumanosLuxuryApp","LuxuryApp.Application.Modules.RecursosHumanosLuxuryApp.Nomina.PeriodoNomina.Mapping","Nomina\PeriodoNomina\Mapping\PeriodoNominaMappingProfile.cs"
"PeriodoNominaAppService","class","LuxuryApp.Application.Services","RecursosHumanosLuxuryApp","LuxuryApp.Application.Modules.RecursosHumanosLuxuryApp.Nomina.PeriodoNomina.Services","Nomina\PeriodoNomina\Services\PeriodoNominaAppService.cs"
"PrestamoEmpleadoDTO","record","LuxuryApp.Application.DTOs","RecursosHumanosLuxuryApp","LuxuryApp.Application.Modules.RecursosHumanosLuxuryApp.Nomina.Prestamos.DTOs","Nomina\Prestamos\DTOs\PrestamoEmpleadoDTO.cs"
"PrestamosEndPoints","class","LuxuryApp.Application.EndPoints","RecursosHumanosLuxuryApp","LuxuryApp.Application.Modules.RecursosHumanosLuxuryApp.Nomina.Prestamos.EndPoints","Nomina\Prestamos\EndPoints\PrestamosEndPoints.cs"
"IPrestamoEmpleadoAppService","interface","LuxuryApp.Application.Interfaces","RecursosHumanosLuxuryApp","LuxuryApp.Application.Modules.RecursosHumanosLuxuryApp.Nomina.Prestamos.Interfaces","Nomina\Prestamos\Interfaces\IPrestamoEmpleadoAppService.cs"
"PrestamosMappingProfile","class","LuxuryApp.Application.Mappings","RecursosHumanosLuxuryApp","LuxuryApp.Application.Modules.RecursosHumanosLuxuryApp.Nomina.Prestamos.Mapping","Nomina\Prestamos\Mapping\PrestamosMappingProfile.cs"
"PrestamoEmpleadoAppService","class","LuxuryApp.Application.Services","RecursosHumanosLuxuryApp","LuxuryApp.Application.Modules.RecursosHumanosLuxuryApp.Nomina.Prestamos.Services","Nomina\Prestamos\Services\PrestamoEmpleadoAppService.cs"
"ImssCalculatorService","class","LuxuryApp.Application.Services","RecursosHumanosLuxuryApp","LuxuryApp.Application.Modules.RecursosHumanosLuxuryApp.Nomina.Shared","Nomina\Shared\ImssCalculatorService.cs"
"IsrCalculatorService","class","LuxuryApp.Application.Services","RecursosHumanosLuxuryApp","LuxuryApp.Application.Modules.RecursosHumanosLuxuryApp.Nomina.Shared","Nomina\Shared\IsrCalculatorService.cs"
"NominaCalculatorService","class","LuxuryApp.Application.Services","RecursosHumanosLuxuryApp","LuxuryApp.Application.Modules.RecursosHumanosLuxuryApp.Nomina.Shared","Nomina\Shared\NominaCalculatorService.cs"
"NominaDraftRecalculationService","class","LuxuryApp.Application.Services","RecursosHumanosLuxuryApp","LuxuryApp.Application.Modules.RecursosHumanosLuxuryApp.Nomina.Shared","Nomina\Shared\NominaDraftRecalculationService.cs"
"PeriodoNominaHelperService","class","LuxuryApp.Application.Services","RecursosHumanosLuxuryApp","LuxuryApp.Application.Modules.RecursosHumanosLuxuryApp.Nomina.Shared","Nomina\Shared\PeriodoNominaHelperService.cs"
"TiempoExtraDTO","record","LuxuryApp.Application.DTOs","RecursosHumanosLuxuryApp","LuxuryApp.Application.Modules.RecursosHumanosLuxuryApp.Nomina.TiempoExtra.DTOs","Nomina\TiempoExtra\DTOs\TiempoExtraDTO.cs"
"TiempoExtraEndPoints","class","LuxuryApp.Application.EndPoints","RecursosHumanosLuxuryApp","LuxuryApp.Application.Modules.RecursosHumanosLuxuryApp.Nomina.TiempoExtra.EndPoints","Nomina\TiempoExtra\EndPoints\TiempoExtraEndpoints.cs"
"ITiempoExtraAppService","interface","LuxuryApp.Application.Interfaces","RecursosHumanosLuxuryApp","LuxuryApp.Application.Modules.RecursosHumanosLuxuryApp.Nomina.TiempoExtra.Interfaces","Nomina\TiempoExtra\Interfaces\ITiempoExtraAppService.cs"
"TiempoExtraMappingProfile","class","LuxuryApp.Application.Mappings","RecursosHumanosLuxuryApp","LuxuryApp.Application.Modules.RecursosHumanosLuxuryApp.Nomina.TiempoExtra.Mapping","Nomina\TiempoExtra\Mapping\TiempoExtraMappingProfile.cs"
"TiempoExtraAppService","class","LuxuryApp.Application.Services","RecursosHumanosLuxuryApp","LuxuryApp.Application.Modules.RecursosHumanosLuxuryApp.Nomina.TiempoExtra.Services","Nomina\TiempoExtra\Services\TiempoExtraAppService.cs"
"NotificationRequestDataDTO","record","LuxuryApp.Application.DTOs","RecursosHumanosLuxuryApp","LuxuryApp.Application.Modules.RecursosHumanosLuxuryApp.Notifications.DTOs","Notifications\DTOs\NotificationRequestDataDTO.cs"
"IHrNotificationCoordinatorService","interface","LuxuryApp.Application.Interfaces","RecursosHumanosLuxuryApp","LuxuryApp.Application.Modules.RecursosHumanosLuxuryApp.Notifications.Interfaces","Notifications\Interfaces\IHrNotificationCoordinatorService.cs"
"HrNotificationCoordinatorService","class","LuxuryApp.Application.Services","RecursosHumanosLuxuryApp","LuxuryApp.Application.Modules.RecursosHumanosLuxuryApp.Notifications.Services","Notifications\Services\HrNotificationCoordinatorService.cs"
"IApprovalRuleService","interface","LuxuryApp.Application.Interfaces","RecursosHumanosLuxuryApp","LuxuryApp.Application.Modules.RecursosHumanosLuxuryApp.TimeOff.ApprovalRules.Interfaces","TimeOff\ApprovalRules\Interfaces\IApprovalRuleService.cs"
"ApprovalRuleService","class","LuxuryApp.Application.Services","RecursosHumanosLuxuryApp","LuxuryApp.Application.Modules.RecursosHumanosLuxuryApp.TimeOff.ApprovalRules.Services","TimeOff\ApprovalRules\Services\ApprovalRuleService.cs"
"LeaveRequestAddOrEditDTO","record","LuxuryApp.Application.DTOs","RecursosHumanosLuxuryApp","LuxuryApp.Application.Modules.RecursosHumanosLuxuryApp.TimeOff.LeaveRequest.DTOs","TimeOff\LeaveRequest\DTOs\LeaveRequestAddOrEditDTO.cs"
"LeaveRequestApproveDTO","record","LuxuryApp.Application.DTOs","RecursosHumanosLuxuryApp","LuxuryApp.Application.Modules.RecursosHumanosLuxuryApp.TimeOff.LeaveRequest.DTOs","TimeOff\LeaveRequest\DTOs\LeaveRequestApproveDTO.cs"
"LeaveRequestDetailDTO","record","LuxuryApp.Application.DTOs","RecursosHumanosLuxuryApp","LuxuryApp.Application.Modules.RecursosHumanosLuxuryApp.TimeOff.LeaveRequest.DTOs","TimeOff\LeaveRequest\DTOs\LeaveRequestDetailDTO.cs"
"LeaveRequestDTO","record","LuxuryApp.Application.DTOs","RecursosHumanosLuxuryApp","LuxuryApp.Application.Modules.RecursosHumanosLuxuryApp.TimeOff.LeaveRequest.DTOs","TimeOff\LeaveRequest\DTOs\LeaveRequestDTO.cs"
"LeaveRequestFilterDTO","record","LuxuryApp.Application.DTOs","RecursosHumanosLuxuryApp","LuxuryApp.Application.Modules.RecursosHumanosLuxuryApp.TimeOff.LeaveRequest.DTOs","TimeOff\LeaveRequest\DTOs\LeaveRequestFilterDTO.cs"
"LeaveRequestMyDTO","record","LuxuryApp.Application.DTOs","RecursosHumanosLuxuryApp","LuxuryApp.Application.Modules.RecursosHumanosLuxuryApp.TimeOff.LeaveRequest.DTOs","TimeOff\LeaveRequest\DTOs\LeaveRequestMyDTO.cs"
"MyLeaveRequestsEndPoints","class","LuxuryApp.Application.EndPoints","RecursosHumanosLuxuryApp","LuxuryApp.Application.Modules.RecursosHumanosLuxuryApp.TimeOff.LeaveRequest.EndPoints","TimeOff\LeaveRequest\EndPoints\MyLeaveRequestsEndpoints.cs"
"ILeaveRequestEmailGenerator","interface","LuxuryApp.Application.Interfaces","RecursosHumanosLuxuryApp","LuxuryApp.Application.Modules.RecursosHumanosLuxuryApp.TimeOff.LeaveRequest.Interfaces","TimeOff\LeaveRequest\Interfaces\ILeaveRequestEmailGenerator.cs"
"ILeaveRequestService","interface","LuxuryApp.Application.Interfaces","RecursosHumanosLuxuryApp","LuxuryApp.Application.Modules.RecursosHumanosLuxuryApp.TimeOff.LeaveRequest.Interfaces","TimeOff\LeaveRequest\Interfaces\ILeaveRequestService.cs"
"LeaveRequestMapping","class","LuxuryApp.Application.Mappings","RecursosHumanosLuxuryApp","LuxuryApp.Application.Modules.RecursosHumanosLuxuryApp.TimeOff.LeaveRequest.Mapping","TimeOff\LeaveRequest\Mapping\LeaveRequestMapping.cs"
"LeaveRequestEmailGenerator","class","LuxuryApp.Application.Services","RecursosHumanosLuxuryApp","LuxuryApp.Application.Modules.RecursosHumanosLuxuryApp.TimeOff.LeaveRequest.Services","TimeOff\LeaveRequest\Services\LeaveRequestEmailGenerator.cs"
"LeaveRequestService","class","LuxuryApp.Application.Services","RecursosHumanosLuxuryApp","LuxuryApp.Application.Modules.RecursosHumanosLuxuryApp.TimeOff.LeaveRequest.Services","TimeOff\LeaveRequest\Services\LeaveRequestService.cs"
"LeaveRequestApprovalEndPoints","class","LuxuryApp.Application.EndPoints","RecursosHumanosLuxuryApp","LuxuryApp.Application.Modules.RecursosHumanosLuxuryApp.TimeOff.LeaveRequestApproval.EndPoints","TimeOff\LeaveRequestApproval\EndPoints\LeaveRequestApprovalEndPoints.cs"
"IAprobacionPermisoService","interface","LuxuryApp.Application.Interfaces","RecursosHumanosLuxuryApp","LuxuryApp.Application.Modules.RecursosHumanosLuxuryApp.TimeOff.LeaveRequestApproval.Interfaces","TimeOff\LeaveRequestApproval\Interfaces\IAprobacionPermisoService.cs"
"LeaveRequestApprovalMappingProfile","class","LuxuryApp.Application.Mappings","RecursosHumanosLuxuryApp","LuxuryApp.Application.Modules.RecursosHumanosLuxuryApp.TimeOff.LeaveRequestApproval.Mapping","TimeOff\LeaveRequestApproval\Mapping\LeaveRequestApprovalMappingProfile.cs"
"AprobacionPermisoService","class","LuxuryApp.Application.Services","RecursosHumanosLuxuryApp","LuxuryApp.Application.Modules.RecursosHumanosLuxuryApp.TimeOff.LeaveRequestApproval.Services","TimeOff\LeaveRequestApproval\Services\AprobacionPermisoService.cs"
"VacationRequestMyDTO","record","LuxuryApp.Application.DTOs","RecursosHumanosLuxuryApp","LuxuryApp.Application.Modules.RecursosHumanosLuxuryApp.TimeOff.Vacations.MyVacationRequests.DTOs","TimeOff\Vacations\MyVacationRequests\DTOs\VacationRequestMyDTO.cs"
"MyVacationRequestsEndPoints","class","LuxuryApp.Application.EndPoints","RecursosHumanosLuxuryApp","LuxuryApp.Application.Modules.RecursosHumanosLuxuryApp.TimeOff.Vacations.MyVacationRequests.Endpoints","TimeOff\Vacations\MyVacationRequests\Endpoints\MyVacationRequestsEndpoints.cs"
"ISolicitudVacacionesService","interface","LuxuryApp.Application.Interfaces","RecursosHumanosLuxuryApp","LuxuryApp.Application.Modules.RecursosHumanosLuxuryApp.TimeOff.Vacations.MyVacationRequests.Interfaces","TimeOff\Vacations\MyVacationRequests\Interfaces\ISolicitudVacacionesService.cs"
"MyVacationRequestsMappingProfile","class","LuxuryApp.Application.Mappings","RecursosHumanosLuxuryApp","LuxuryApp.Application.Modules.RecursosHumanosLuxuryApp.TimeOff.Vacations.MyVacationRequests.Mappings","TimeOff\Vacations\MyVacationRequests\Mappings\MyVacationRequestsMappingProfile.cs"
"SolicitudVacacionesService","class","LuxuryApp.Application.Interfaces","RecursosHumanosLuxuryApp","LuxuryApp.Application.Modules.RecursosHumanosLuxuryApp.TimeOff.Vacations.MyVacationRequests.Services","TimeOff\Vacations\MyVacationRequests\Services\SolicitudVacacionesService.cs"
"RegisterPastVacationDTO","record","LuxuryApp.Application.DTOs","RecursosHumanosLuxuryApp","LuxuryApp.Application.Modules.RecursosHumanosLuxuryApp.TimeOff.Vacations.PastVacations.DTOs","TimeOff\Vacations\PastVacations\DTOs\RegisterPastVacationDTO.cs"
"PastVacationsEndPoints","class","LuxuryApp.Application.EndPoints","RecursosHumanosLuxuryApp","LuxuryApp.Application.Modules.RecursosHumanosLuxuryApp.TimeOff.Vacations.PastVacations.EndPoints","TimeOff\Vacations\PastVacations\EndPoints\PastVacationsEndPoints.cs"
"IPastVacationsAppService","interface","LuxuryApp.Application.Interfaces","RecursosHumanosLuxuryApp","LuxuryApp.Application.Modules.RecursosHumanosLuxuryApp.TimeOff.Vacations.PastVacations.Interfaces","TimeOff\Vacations\PastVacations\Interfaces\IPastVacationsAppService.cs"
"PastVacationsMappingProfile","class","LuxuryApp.Application.Mappings","RecursosHumanosLuxuryApp","LuxuryApp.Application.Modules.RecursosHumanosLuxuryApp.TimeOff.Vacations.PastVacations.Mappings","TimeOff\Vacations\PastVacations\Mappings\PastVacationsMappingProfile.cs"
"PastVacationsAppService","class","LuxuryApp.Application.Services","RecursosHumanosLuxuryApp","LuxuryApp.Application.Modules.RecursosHumanosLuxuryApp.TimeOff.Vacations.PastVacations.Service","TimeOff\Vacations\PastVacations\Service\PastVacationsAppService.cs"
"VacationBalanceAdminViewDto","record","LuxuryApp.Application.DTOs","RecursosHumanosLuxuryApp","LuxuryApp.Application.Modules.RecursosHumanosLuxuryApp.TimeOff.Vacations.VacationBalanceAdmin.DTOs","TimeOff\Vacations\VacationBalanceAdmin\DTOs\VacationBalanceAdminViewDTO.cs"
"VacationBalanceAdminEndPoints","class","LuxuryApp.Application.EndPoints","RecursosHumanosLuxuryApp","LuxuryApp.Application.Modules.RecursosHumanosLuxuryApp.TimeOff.Vacations.VacationBalanceAdmin.Endpoints","TimeOff\Vacations\VacationBalanceAdmin\Endpoints\VacationBalanceAdminEndpoints.cs"
"IVacationBalanceAdminService","interface","LuxuryApp.Application.Interfaces","RecursosHumanosLuxuryApp","LuxuryApp.Application.Modules.RecursosHumanosLuxuryApp.TimeOff.Vacations.VacationBalanceAdmin.Interfaces","TimeOff\Vacations\VacationBalanceAdmin\Interfaces\IVacationBalanceAdminService.cs"
"VacationBalanceAdminMappingProfile","class","LuxuryApp.Application.Mappings","RecursosHumanosLuxuryApp","LuxuryApp.Application.Modules.RecursosHumanosLuxuryApp.TimeOff.Vacations.VacationBalanceAdmin.Mappings","TimeOff\Vacations\VacationBalanceAdmin\Mappings\VacationBalanceAdminMappingProfile.cs"
"VacationBalanceAdminService","class","LuxuryApp.Application.Services","RecursosHumanosLuxuryApp","LuxuryApp.Application.Modules.RecursosHumanosLuxuryApp.TimeOff.Vacations.VacationBalanceAdmin.Services","TimeOff\Vacations\VacationBalanceAdmin\Services\VacationBalanceAdminService.cs"
"VacationApproveDTO","record","LuxuryApp.Application.DTOs","RecursosHumanosLuxuryApp","LuxuryApp.Application.Modules.RecursosHumanosLuxuryApp.TimeOff.Vacations.VacationRequestApproval.DTOs","TimeOff\Vacations\VacationRequestApproval\DTOs\VacationApproveDTO.cs"
"VacationRequestApprovalEndPoints","class","LuxuryApp.Application.EndPoints","RecursosHumanosLuxuryApp","LuxuryApp.Application.Modules.RecursosHumanosLuxuryApp.TimeOff.Vacations.VacationRequestApproval.EndPoints","TimeOff\Vacations\VacationRequestApproval\EndPoints\VacationRequestApprovalEndPoints.cs"
"IAprobacionVacacionesService","interface","LuxuryApp.Application.Interfaces","RecursosHumanosLuxuryApp","LuxuryApp.Application.Modules.RecursosHumanosLuxuryApp.TimeOff.Vacations.VacationRequestApproval.Interfaces","TimeOff\Vacations\VacationRequestApproval\Interfaces\IAprobacionVacacionesService.cs"
"VacationRequestApprovalMappingProfile","class","LuxuryApp.Application.Mappings","RecursosHumanosLuxuryApp","LuxuryApp.Application.Modules.RecursosHumanosLuxuryApp.TimeOff.Vacations.VacationRequestApproval.Mappings","TimeOff\Vacations\VacationRequestApproval\Mappings\VacationRequestApprovalMappingProfile.cs"
"AprobacionVacacionesService","class","LuxuryApp.Application.Services","RecursosHumanosLuxuryApp","LuxuryApp.Application.Modules.RecursosHumanosLuxuryApp.TimeOff.Vacations.VacationRequestApproval.Services","TimeOff\Vacations\VacationRequestApproval\Services\AprobacionVacacionesService.cs"
"VacationBalanceDTO","record","LuxuryApp.Application.DTOs","RecursosHumanosLuxuryApp","LuxuryApp.Application.Modules.RecursosHumanosLuxuryApp.TimeOff.Vacations.VacationShared.DTOs","TimeOff\Vacations\VacationShared\DTOs\VacationBalanceDTO.cs"
"VacationHistoryItemDTO","record","LuxuryApp.Application.DTOs","RecursosHumanosLuxuryApp","LuxuryApp.Application.Modules.RecursosHumanosLuxuryApp.TimeOff.Vacations.VacationShared.DTOs","TimeOff\Vacations\VacationShared\DTOs\VacationHistoryItemDTO.cs"
"VacationRequestAddOrEditDTO","record","LuxuryApp.Application.DTOs","RecursosHumanosLuxuryApp","LuxuryApp.Application.Modules.RecursosHumanosLuxuryApp.TimeOff.Vacations.VacationShared.DTOs","TimeOff\Vacations\VacationShared\DTOs\VacationRequestAddOrEditDTO.cs"
"VacationRequestDetailDTO","record","LuxuryApp.Application.DTOs","RecursosHumanosLuxuryApp","LuxuryApp.Application.Modules.RecursosHumanosLuxuryApp.TimeOff.Vacations.VacationShared.DTOs","TimeOff\Vacations\VacationShared\DTOs\VacationRequestDetailDTO.cs"
"VacationRequestDTO","record","LuxuryApp.Application.DTOs","RecursosHumanosLuxuryApp","LuxuryApp.Application.Modules.RecursosHumanosLuxuryApp.TimeOff.Vacations.VacationShared.DTOs","TimeOff\Vacations\VacationShared\DTOs\VacationRequestDTO.cs"
"VacationRequestFilterDTO","record","LuxuryApp.Application.DTOs","RecursosHumanosLuxuryApp","LuxuryApp.Application.Modules.RecursosHumanosLuxuryApp.TimeOff.Vacations.VacationShared.DTOs","TimeOff\Vacations\VacationShared\DTOs\VacationRequestFilterDTO.cs"
"IVacationEmailGenerator","interface","LuxuryApp.Application.Interfaces","RecursosHumanosLuxuryApp","LuxuryApp.Application.Modules.RecursosHumanosLuxuryApp.TimeOff.Vacations.VacationShared.Interfaces","TimeOff\Vacations\VacationShared\Interfaces\IVacationEmailGenerator.cs"
"VacacionesProfile","class","LuxuryApp.Application.Mappings","RecursosHumanosLuxuryApp","LuxuryApp.Application.Modules.RecursosHumanosLuxuryApp.TimeOff.Vacations.VacationShared.Mappings","TimeOff\Vacations\VacationShared\Mappings\VacacionesProfile.cs"
"VacationBalanceMapping","class","LuxuryApp.Application.Mappings","RecursosHumanosLuxuryApp","LuxuryApp.Application.Modules.RecursosHumanosLuxuryApp.TimeOff.Vacations.VacationShared.Mappings","TimeOff\Vacations\VacationShared\Mappings\VacationBalanceMapping.cs"
"VacationEmailGenerator","class","LuxuryApp.Application.Services","RecursosHumanosLuxuryApp","LuxuryApp.Application.Modules.RecursosHumanosLuxuryApp.TimeOff.Vacations.VacationShared.Services","TimeOff\Vacations\VacationShared\Services\VacationEmailGenerator.cs"
"VacationHelperService","class","LuxuryApp.Application.Services","RecursosHumanosLuxuryApp","LuxuryApp.Application.Modules.RecursosHumanosLuxuryApp.TimeOff.Vacations.VacationShared.Services","TimeOff\Vacations\VacationShared\Services\VacationHelperService.cs"
"GenericEmailViewModel","class","LuxuryApp.Application.ViewModels","RecursosHumanosLuxuryApp","LuxuryApp.Application.Modules.RecursosHumanosLuxuryApp.TimeOff.Vacations.VacationShared.ViewModels","TimeOff\Vacations\VacationShared\ViewModels\GenericEmailViewModel.cs"
"FilesEndPoints","class","LuxuryApp.Application.EndPoints","SharedLuxuryApp","LuxuryApp.Application.Modules.SharedLuxuryApp.Endpoints","Endpoints\FilesEndpoints.cs"
"SelectItemEnumEndPoints","class","LuxuryApp.Application.EndPoints","SharedLuxuryApp","LuxuryApp.Application.Modules.SharedLuxuryApp.Endpoints","Endpoints\SelectItemEnumEndPoints.cs"
"AuditEntryConfiguration","class","LuxuryApp.Infrastructure.Data.EntityConfigurations","SharedLuxuryApp","LuxuryApp.Application.Modules.SharedLuxuryApp.Infrastructure.Persistence.Shared","Infrastructure\Persistence\Shared\AuditEntryConfiguration.cs"
"ProviderConfiguration","class","LuxuryApp.Infrastructure.Data.EntityConfigurations","SharedLuxuryApp","LuxuryApp.Application.Modules.SharedLuxuryApp.Infrastructure.Persistence.Shared","Infrastructure\Persistence\Shared\ProviderConfiguration.cs"
"IGenerateFolioService","interface","LuxuryApp.Application.Interfaces","SharedLuxuryApp","LuxuryApp.Application.Modules.SharedLuxuryApp.Interfaces","Interfaces\IGenerateFolioService.cs"
"ResponsablesClienteEndPoints","class","LuxuryApp.Application.EndPoints","SharedLuxuryApp","LuxuryApp.Application.Modules.SharedLuxuryApp.ResponsablesCliente.EndPoints","ResponsablesCliente\EndPoints\ResponsablesClienteEndpoints.cs"
"IResponsablesClienteAppService","interface","LuxuryApp.Application.Interfaces","SharedLuxuryApp","LuxuryApp.Application.Modules.SharedLuxuryApp.ResponsablesCliente.Interfaces","ResponsablesCliente\Interfaces\IResponsablesClienteAppService.cs"
"ResponsablesClienteAppService","class","LuxuryApp.Application.Services","SharedLuxuryApp","LuxuryApp.Application.Modules.SharedLuxuryApp.ResponsablesCliente.Services","ResponsablesCliente\Services\ResponsablesClienteAppService.cs"
"FileEndpointDownloadResult","record","LuxuryApp.Application.Services","SharedLuxuryApp","LuxuryApp.Application.Modules.SharedLuxuryApp.Services","Services\FileEndpointSupport.cs"
"GenerateFolioService","class","LuxuryApp.Application.Services","SharedLuxuryApp","LuxuryApp.Application.Modules.SharedLuxuryApp.Services","Services\GenerateFolioService.cs"
"CategoryProvider","class","LuxuryApp.Infrastructure.Data.Entities","SupplierLuxuryApp","LuxuryApp.Application.Modules.SupplierLuxuryApp.Domain.Entities.Providers","Domain\Entities\Providers\CategoryProvider.cs"
"PersonProviderSupport","class","LuxuryApp.Infrastructure.Data.Entities","SupplierLuxuryApp","LuxuryApp.Application.Modules.SupplierLuxuryApp.Domain.Entities.Providers","Domain\Entities\Providers\PersonProviderSupport.cs"
"Provider","class","LuxuryApp.Infrastructure.Data.Entities","SupplierLuxuryApp","LuxuryApp.Application.Modules.SupplierLuxuryApp.Domain.Entities.Providers","Domain\Entities\Providers\Provider.cs"
"QualificationProvider","class","LuxuryApp.Infrastructure.Data.Entities","SupplierLuxuryApp","LuxuryApp.Application.Modules.SupplierLuxuryApp.Domain.Entities.Providers","Domain\Entities\Providers\QualificationProvider.cs"
"BusquedaCategoriaDTO","record","LuxuryApp.Application.DTOs","SupplierLuxuryApp","LuxuryApp.Application.Modules.SupplierLuxuryApp.Provider.DTOs","Provider\DTOs\BusquedaCategoriaDTO.cs"
"ProviderAddOrEditDTO","record","LuxuryApp.Application.DTOs","SupplierLuxuryApp","LuxuryApp.Application.Modules.SupplierLuxuryApp.Provider.DTOs","Provider\DTOs\ProviderAddOrEditDTO.cs"
"ProviderCoincidenciaDTO","record","LuxuryApp.Application.DTOs","SupplierLuxuryApp","LuxuryApp.Application.Modules.SupplierLuxuryApp.Provider.DTOs","Provider\DTOs\ProviderCoincidenciaDTO.cs"
"ProviderDTO","record","LuxuryApp.Application.DTOs","SupplierLuxuryApp","LuxuryApp.Application.Modules.SupplierLuxuryApp.Provider.DTOs","Provider\DTOs\ProviderDTO.cs"
"ProvidersEndPoints","class","LuxuryApp.Application.EndPoints","SupplierLuxuryApp","LuxuryApp.Application.Modules.SupplierLuxuryApp.Provider.EndPoints","Provider\EndPoints\ProvidersEndPoints.cs"
"IProviderAppService","interface","LuxuryApp.Application.Interfaces","SupplierLuxuryApp","LuxuryApp.Application.Modules.SupplierLuxuryApp.Provider.Interfaces","Provider\Interfaces\IProviderAppService.cs"
"ProviderMapper","class","LuxuryApp.Application.Mappings","SupplierLuxuryApp","LuxuryApp.Application.Modules.SupplierLuxuryApp.Provider.Mapping","Provider\Mapping\ProviderMapper.cs"
"ProviderAppService","class","LuxuryApp.Application.Services","SupplierLuxuryApp","LuxuryApp.Application.Modules.SupplierLuxuryApp.Provider.Services","Provider\Services\ProviderAppService.cs"
"QualificationProviderAddOrEditDTO","record","LuxuryApp.Application.DTOs","SupplierLuxuryApp","LuxuryApp.Application.Modules.SupplierLuxuryApp.ProviderQualification.DTOs","ProviderQualification\DTOs\QualificationProviderAddOrEditDTO.cs"
"QualificationProviderDTO","record","LuxuryApp.Application.DTOs","SupplierLuxuryApp","LuxuryApp.Application.Modules.SupplierLuxuryApp.ProviderQualification.DTOs","ProviderQualification\DTOs\QualificationProviderDTO.cs"
"QualificationProviderEndPoints","class","LuxuryApp.Application.EndPoints","SupplierLuxuryApp","LuxuryApp.Application.Modules.SupplierLuxuryApp.ProviderQualification.EndPoints","ProviderQualification\EndPoints\QualificationProviderEndpoints.cs"
"IQualificationProviderAppService","interface","LuxuryApp.Application.Interfaces","SupplierLuxuryApp","LuxuryApp.Application.Modules.SupplierLuxuryApp.ProviderQualification.Interfaces","ProviderQualification\Interfaces\IQualificationProviderAppService.cs"
"QualificationProviderMapper","class","LuxuryApp.Application.Mappings","SupplierLuxuryApp","LuxuryApp.Application.Modules.SupplierLuxuryApp.ProviderQualification.Mapping","ProviderQualification\Mapping\QualificationProviderMapper.cs"
"QualificationProviderAppService","class","LuxuryApp.Application.Services","SupplierLuxuryApp","LuxuryApp.Application.Modules.SupplierLuxuryApp.ProviderQualification.Services","ProviderQualification\Services\QualificationProviderAppService.cs"
"PurchaseResponseOrderBudgetPdfDTO","record","LuxuryApp.Application.DTOs","SupplierLuxuryApp","LuxuryApp.Application.Modules.SupplierLuxuryApp.Purchases.DTOs.DTO-PENDIENTEMOVERs","Purchases\DTOs\DTO-PENDIENTEMOVERs\PurchaseResponseOrderBudgetPdfDTO.cs"
"SolicitudPagoAuthPdfDTO","record","LuxuryApp.Application.DTOs","SupplierLuxuryApp","LuxuryApp.Application.Modules.SupplierLuxuryApp.Purchases.DTOs.DTO-PENDIENTEMOVERs","Purchases\DTOs\DTO-PENDIENTEMOVERs\SolicitudPagoAuthPdfDTO.cs"
"SolicitudPagoDatosPagoPdfDTO","record","LuxuryApp.Application.DTOs","SupplierLuxuryApp","LuxuryApp.Application.Modules.SupplierLuxuryApp.Purchases.DTOs.DTO-PENDIENTEMOVERs","Purchases\DTOs\DTO-PENDIENTEMOVERs\SolicitudPagoDatosPagoPdfDTO.cs"
"SolicitudPagoDetallePdfDTO","record","LuxuryApp.Application.DTOs","SupplierLuxuryApp","LuxuryApp.Application.Modules.SupplierLuxuryApp.Purchases.DTOs.DTO-PENDIENTEMOVERs","Purchases\DTOs\DTO-PENDIENTEMOVERs\SolicitudPagoDetallePdfDTO.cs"
"SolicitudPagoPdfDTO","record","LuxuryApp.Application.DTOs","SupplierLuxuryApp","LuxuryApp.Application.Modules.SupplierLuxuryApp.Purchases.DTOs.DTO-PENDIENTEMOVERs","Purchases\DTOs\DTO-PENDIENTEMOVERs\SolicitudPagoPdfDTO.cs"
"SolicitudPagoPdfResponseDTO","record","LuxuryApp.Application.DTOs","SupplierLuxuryApp","LuxuryApp.Application.Modules.SupplierLuxuryApp.Purchases.DTOs.DTO-PENDIENTEMOVERs","Purchases\DTOs\DTO-PENDIENTEMOVERs\SolicitudPagoPdfResponseDTO.cs"
"SolicitudPagoPresupuestoPdfDTO","record","LuxuryApp.Application.DTOs","SupplierLuxuryApp","LuxuryApp.Application.Modules.SupplierLuxuryApp.Purchases.DTOs.DTO-PENDIENTEMOVERs","Purchases\DTOs\DTO-PENDIENTEMOVERs\SolicitudPagoPresupuestoPdfDTO.cs"
"SolicitudPagoResponseAuthPdfDTO","record","LuxuryApp.Application.DTOs","SupplierLuxuryApp","LuxuryApp.Application.Modules.SupplierLuxuryApp.Purchases.DTOs.DTO-PENDIENTEMOVERs","Purchases\DTOs\DTO-PENDIENTEMOVERs\SolicitudPagoResponseAuthPdfDTO.cs"
"SolicitudPagoResponseDatosPagoPdfDTO","record","LuxuryApp.Application.DTOs","SupplierLuxuryApp","LuxuryApp.Application.Modules.SupplierLuxuryApp.Purchases.DTOs.DTO-PENDIENTEMOVERs","Purchases\DTOs\DTO-PENDIENTEMOVERs\SolicitudPagoResponseDatosPagoPdfDTO.cs"
"SolicitudPagoResponseStatusDTO","record","LuxuryApp.Application.DTOs","SupplierLuxuryApp","LuxuryApp.Application.Modules.SupplierLuxuryApp.Purchases.DTOs.DTO-PENDIENTEMOVERs","Purchases\DTOs\DTO-PENDIENTEMOVERs\SolicitudPagoResponseStatusDTO.cs"
"SolicitudPagoStatusDTO","record","LuxuryApp.Application.DTOs","SupplierLuxuryApp","LuxuryApp.Application.Modules.SupplierLuxuryApp.Purchases.DTOs.DTO-PENDIENTEMOVERs","Purchases\DTOs\DTO-PENDIENTEMOVERs\SolicitudPagoStatusDTO.cs"
"SolicitudPagoMapper","class","LuxuryApp.Application.Mappings","SupplierLuxuryApp","LuxuryApp.Application.Modules.SupplierLuxuryApp.Purchases.Mapping","Purchases\Mapping\SolicitudPagoMapper.cs"
"AddInvoiceDto","record","LuxuryApp.Application.DTOs","SupplierLuxuryApp","LuxuryApp.Application.Modules.SupplierLuxuryApp.Purchases.OrdenCompra.DTOs","Purchases\OrdenCompra\DTOs\AddInvoiceDTO.cs"
"BudgetToPurchaseOrderDTO","record","LuxuryApp.Application.DTOs","SupplierLuxuryApp","LuxuryApp.Application.Modules.SupplierLuxuryApp.Purchases.OrdenCompra.DTOs","Purchases\OrdenCompra\DTOs\BudgetToPurchaseOrderDTO.cs"
"DetalleCompDTO","record","LuxuryApp.Application.DTOs","SupplierLuxuryApp","LuxuryApp.Application.Modules.SupplierLuxuryApp.Purchases.OrdenCompra.DTOs","Purchases\OrdenCompra\DTOs\DetalleCompDTO.cs"
"FueraFondeoOrdenCompraCreateDTO","record","LuxuryApp.Application.DTOs","SupplierLuxuryApp","LuxuryApp.Application.Modules.SupplierLuxuryApp.Purchases.OrdenCompra.DTOs","Purchases\OrdenCompra\DTOs\FueraFondeoOrdenCompraCreateDTO.cs"
"OrdenCompraAddOrEditDTO","record","LuxuryApp.Application.DTOs","SupplierLuxuryApp","LuxuryApp.Application.Modules.SupplierLuxuryApp.Purchases.OrdenCompra.DTOs","Purchases\OrdenCompra\DTOs\OrdenCompraAddOrEditDTO.cs"
"OrdenCompraDatosPagoAddOrEditDTO","record","LuxuryApp.Application.DTOs","SupplierLuxuryApp","LuxuryApp.Application.Modules.SupplierLuxuryApp.Purchases.OrdenCompra.DTOs","Purchases\OrdenCompra\DTOs\OrdenCompraDatosPagoAddOrEditDTO.cs"
"OrdenCompraDatosPagoDTO","record","LuxuryApp.Application.DTOs","SupplierLuxuryApp","LuxuryApp.Application.Modules.SupplierLuxuryApp.Purchases.OrdenCompra.DTOs","Purchases\OrdenCompra\DTOs\OrdenCompraDatosPagoDTO.cs"
"OrdenCompraDatosPagoPdfDTO","record","LuxuryApp.Application.DTOs","SupplierLuxuryApp","LuxuryApp.Application.Modules.SupplierLuxuryApp.Purchases.OrdenCompra.DTOs","Purchases\OrdenCompra\DTOs\OrdenCompraDatosPagoPdfDTO.cs"
"OrdenCompraDetalleCreateDTO","record","LuxuryApp.Application.DTOs","SupplierLuxuryApp","LuxuryApp.Application.Modules.SupplierLuxuryApp.Purchases.OrdenCompra.DTOs","Purchases\OrdenCompra\DTOs\OrdenCompraDetalleCreateDTO.cs"
"OrdenCompraDetalleDTO","record","LuxuryApp.Application.DTOs","SupplierLuxuryApp","LuxuryApp.Application.Modules.SupplierLuxuryApp.Purchases.OrdenCompra.DTOs","Purchases\OrdenCompra\DTOs\OrdenCompraDetalleDTO.cs"
"OrdenCompraDetallePdfDTO","record","LuxuryApp.Application.DTOs","SupplierLuxuryApp","LuxuryApp.Application.Modules.SupplierLuxuryApp.Purchases.OrdenCompra.DTOs","Purchases\OrdenCompra\DTOs\OrdenCompraDetallePdfDTO.cs"
"OrdenCompraDTO","record","LuxuryApp.Application.DTOs","SupplierLuxuryApp","LuxuryApp.Application.Modules.SupplierLuxuryApp.Purchases.OrdenCompra.DTOs","Purchases\OrdenCompra\DTOs\OrdenCompraDTO.cs"
"OrdenCompraFacturaDTO","record","LuxuryApp.Application.DTOs","SupplierLuxuryApp","LuxuryApp.Application.Modules.SupplierLuxuryApp.Purchases.OrdenCompra.DTOs","Purchases\OrdenCompra\DTOs\OrdenCompraFacturaDTO.cs"
"OrdenCompraIndividualAuthDTO","record","LuxuryApp.Application.DTOs","SupplierLuxuryApp","LuxuryApp.Application.Modules.SupplierLuxuryApp.Purchases.OrdenCompra.DTOs","Purchases\OrdenCompra\DTOs\OrdenCompraIndividualAuthDTO.cs"
"OrdenCompraIndividualDatosPagoDTO","record","LuxuryApp.Application.DTOs","SupplierLuxuryApp","LuxuryApp.Application.Modules.SupplierLuxuryApp.Purchases.OrdenCompra.DTOs","Purchases\OrdenCompra\DTOs\OrdenCompraIndividualDatosPagoDTO.cs"
"OrdenCompraIndividualDetalleDTO","record","LuxuryApp.Application.DTOs","SupplierLuxuryApp","LuxuryApp.Application.Modules.SupplierLuxuryApp.Purchases.OrdenCompra.DTOs","Purchases\OrdenCompra\DTOs\OrdenCompraIndividualDetalleDTO.cs"
"OrdenCompraIndividualDTO","record","LuxuryApp.Application.DTOs","SupplierLuxuryApp","LuxuryApp.Application.Modules.SupplierLuxuryApp.Purchases.OrdenCompra.DTOs","Purchases\OrdenCompra\DTOs\OrdenCompraIndividualDTO.cs"
"OrdenCompraIndividualPresupuestoDTO","record","LuxuryApp.Application.DTOs","SupplierLuxuryApp","LuxuryApp.Application.Modules.SupplierLuxuryApp.Purchases.OrdenCompra.DTOs","Purchases\OrdenCompra\DTOs\OrdenCompraIndividualPresupuestoDTO.cs"
"OrdenCompraIndividualStatusDTO","record","LuxuryApp.Application.DTOs","SupplierLuxuryApp","LuxuryApp.Application.Modules.SupplierLuxuryApp.Purchases.OrdenCompra.DTOs","Purchases\OrdenCompra\DTOs\OrdenCompraIndividualStatusDTO.cs"
"OrdenCompraLinkManagerDTO","record","LuxuryApp.Application.DTOs","SupplierLuxuryApp","LuxuryApp.Application.Modules.SupplierLuxuryApp.Purchases.OrdenCompra.DTOs","Purchases\OrdenCompra\DTOs\OrdenCompraLinkManagerDTO.cs"
"OrdenCompraPdfDTO","record","LuxuryApp.Application.DTOs","SupplierLuxuryApp","LuxuryApp.Application.Modules.SupplierLuxuryApp.Purchases.OrdenCompra.DTOs","Purchases\OrdenCompra\DTOs\OrdenCompraPdfDTO.cs"
"OrdenCompraStatusUpdateDTO","record","LuxuryApp.Application.DTOs","SupplierLuxuryApp","LuxuryApp.Application.Modules.SupplierLuxuryApp.Purchases.OrdenCompra.DTOs","Purchases\OrdenCompra\DTOs\OrdenCompraStatusUpdateDTO.cs"
"OrdenesCompraDTO","record","LuxuryApp.Application.DTOs","SupplierLuxuryApp","LuxuryApp.Application.Modules.SupplierLuxuryApp.Purchases.OrdenCompra.DTOs","Purchases\OrdenCompra\DTOs\OrdenesCompraDTO.cs"
"ProgressiveOrdenCompraCreateDTO","record","LuxuryApp.Application.DTOs","SupplierLuxuryApp","LuxuryApp.Application.Modules.SupplierLuxuryApp.Purchases.OrdenCompra.DTOs","Purchases\OrdenCompra\DTOs\ProgressiveOrdenCompraCreateDTO.cs"
"PurchaseDetailAsyncDTO","record","LuxuryApp.Application.DTOs","SupplierLuxuryApp","LuxuryApp.Application.Modules.SupplierLuxuryApp.Purchases.OrdenCompra.DTOs","Purchases\OrdenCompra\DTOs\PurchaseDetailDTO.cs"
"PurchaseHistoryDTO","record","LuxuryApp.Application.DTOs","SupplierLuxuryApp","LuxuryApp.Application.Modules.SupplierLuxuryApp.Purchases.OrdenCompra.DTOs","Purchases\OrdenCompra\DTOs\PurchaseHistoryDTO.cs"
"PurchaseOrderBudgetAddOrEditDTO","record","LuxuryApp.Application.DTOs","SupplierLuxuryApp","LuxuryApp.Application.Modules.SupplierLuxuryApp.Purchases.OrdenCompra.DTOs","Purchases\OrdenCompra\DTOs\PurchaseOrderBudgetAddOrEditDTO.cs"
"PurchaseOrderBudgetCreateDTO","record","LuxuryApp.Application.DTOs","SupplierLuxuryApp","LuxuryApp.Application.Modules.SupplierLuxuryApp.Purchases.OrdenCompra.DTOs","Purchases\OrdenCompra\DTOs\PurchaseOrderBudgetCreateDTO.cs"
"PurchaseOrderBudgetDTO","record","LuxuryApp.Application.DTOs","SupplierLuxuryApp","LuxuryApp.Application.Modules.SupplierLuxuryApp.Purchases.OrdenCompra.DTOs","Purchases\OrdenCompra\DTOs\PurchaseOrderBudgetDTO.cs"
"PurchaseOrderBudgetForOrdenCompraDTO","record","LuxuryApp.Application.DTOs","SupplierLuxuryApp","LuxuryApp.Application.Modules.SupplierLuxuryApp.Purchases.OrdenCompra.DTOs","Purchases\OrdenCompra\DTOs\PurchaseOrderBudgetForOrdenCompraDTO.cs"
"UnlinkedOrderDTO","record","LuxuryApp.Application.DTOs","SupplierLuxuryApp","LuxuryApp.Application.Modules.SupplierLuxuryApp.Purchases.OrdenCompra.DTOs","Purchases\OrdenCompra\DTOs\UnlinkedOrderDTO.cs"
"UpdateInvoiceFileDto","record","LuxuryApp.Application.DTOs","SupplierLuxuryApp","LuxuryApp.Application.Modules.SupplierLuxuryApp.Purchases.OrdenCompra.DTOs","Purchases\OrdenCompra\DTOs\UpdateInvoiceFileDTO.cs"
"UpdateInvoiceTypeDTO","record","LuxuryApp.Application.DTOs","SupplierLuxuryApp","LuxuryApp.Application.Modules.SupplierLuxuryApp.Purchases.OrdenCompra.DTOs","Purchases\OrdenCompra\DTOs\UpdateInvoiceTypeDTO.cs"
"UpdatePaidStatusRequest","record","LuxuryApp.Application.DTOs","SupplierLuxuryApp","LuxuryApp.Application.Modules.SupplierLuxuryApp.Purchases.OrdenCompra.DTOs","Purchases\OrdenCompra\DTOs\UpdatePaidStatusRequestDTO.cs"
"OrdenCompraEndPoints","class","LuxuryApp.Application.EndPoints","SupplierLuxuryApp","LuxuryApp.Application.Modules.SupplierLuxuryApp.Purchases.OrdenCompra.EndPoints","Purchases\OrdenCompra\EndPoints\OrdenCompraEndPoints.cs"
"CustomOrdenesCompra","class","LuxuryApp.Application.Helpers","SupplierLuxuryApp","LuxuryApp.Application.Modules.SupplierLuxuryApp.Purchases.OrdenCompra.Helpers","Purchases\OrdenCompra\Helpers\CustomOrdenesCompra.cs"
"IOrdenCompraAppService","interface","LuxuryApp.Application.Interfaces","SupplierLuxuryApp","LuxuryApp.Application.Modules.SupplierLuxuryApp.Purchases.OrdenCompra.Interfaces","Purchases\OrdenCompra\Interfaces\IOrdenCompraAppService.cs"
"PurchaseOrderBudgetMapping","class","LuxuryApp.Application.Mappings","SupplierLuxuryApp","LuxuryApp.Application.Modules.SupplierLuxuryApp.Purchases.OrdenCompra.Mapping","Purchases\OrdenCompra\Mapping\PurchaseOrderBudgetMapping.cs"
"OrdenCompraAppService","class","LuxuryApp.Application.Services","SupplierLuxuryApp","LuxuryApp.Application.Modules.SupplierLuxuryApp.Purchases.OrdenCompra.Services","Purchases\OrdenCompra\Services\OrdenCompraAppService.cs"
"OrdenCompraExtensions","class","LuxuryApp.Application.Services","SupplierLuxuryApp","LuxuryApp.Application.Modules.SupplierLuxuryApp.Purchases.OrdenCompra.Services","Purchases\OrdenCompra\Services\OrdenCompraExtensions.cs"
"OrdenCompraAuthEndPoints","class","LuxuryApp.Application.EndPoints","SupplierLuxuryApp","LuxuryApp.Application.Modules.SupplierLuxuryApp.Purchases.PurchaseOrderAuth.EndPoints","Purchases\PurchaseOrderAuth\EndPoints\OrdenCompraAuthEndPoints.cs"
"IOrdenCompraAuthAppService","interface","LuxuryApp.Application.Interfaces","SupplierLuxuryApp","LuxuryApp.Application.Modules.SupplierLuxuryApp.Purchases.PurchaseOrderAuth.Interfaces","Purchases\PurchaseOrderAuth\Interfaces\IOrdenCompraAuthAppService.cs"
"OrdenCompraAuthAppService","class","LuxuryApp.Application.Services","SupplierLuxuryApp","LuxuryApp.Application.Modules.SupplierLuxuryApp.Purchases.PurchaseOrderAuth.Services","Purchases\PurchaseOrderAuth\Services\OrdenCompraAuthAppService.cs"
"OrdenCompraPresupuestoEndPoints","class","LuxuryApp.Application.EndPoints","SupplierLuxuryApp","LuxuryApp.Application.Modules.SupplierLuxuryApp.Purchases.PurchaseOrderBudget.EndPoints","Purchases\PurchaseOrderBudget\EndPoints\OrdenCompraPresupuestoEndPoints.cs"
"IOrdenCompraPresupuestoAppService","interface","LuxuryApp.Application.Interfaces","SupplierLuxuryApp","LuxuryApp.Application.Modules.SupplierLuxuryApp.Purchases.PurchaseOrderBudget.Interfaces","Purchases\PurchaseOrderBudget\Interfaces\IOrdenCompraPresupuestoAppService.cs"
"OrdenCompraPresupuestoAppService","class","LuxuryApp.Application.Services","SupplierLuxuryApp","LuxuryApp.Application.Modules.SupplierLuxuryApp.Purchases.PurchaseOrderBudget.Services","Purchases\PurchaseOrderBudget\Services\OrdenCompraPresupuestoAppService.cs"
"OrdenCompraDetalleEndPoints","class","LuxuryApp.Application.EndPoints","SupplierLuxuryApp","LuxuryApp.Application.Modules.SupplierLuxuryApp.Purchases.PurchaseOrderDetail.EndPoints","Purchases\PurchaseOrderDetail\EndPoints\OrdenCompraDetalleEndPoints.cs"
"IOrdenCompraDetalleAppService","interface","LuxuryApp.Application.Interfaces","SupplierLuxuryApp","LuxuryApp.Application.Modules.SupplierLuxuryApp.Purchases.PurchaseOrderDetail.Interfaces","Purchases\PurchaseOrderDetail\Interfaces\IOrdenCompraDetalleAppService.cs"
"ITotalesOrdenCompraDetallleService","interface","LuxuryApp.Application.Interfaces","SupplierLuxuryApp","LuxuryApp.Application.Modules.SupplierLuxuryApp.Purchases.PurchaseOrderDetail.Interfaces","Purchases\PurchaseOrderDetail\Interfaces\ITotalesOrdenCompraDetallleService.cs"
"OrdenCompraDetalleAppService","class","LuxuryApp.Application.Services","SupplierLuxuryApp","LuxuryApp.Application.Modules.SupplierLuxuryApp.Purchases.PurchaseOrderDetail.Services","Purchases\PurchaseOrderDetail\Services\OrdenCompraDetalleAppService.cs"
"TotalesOrdenCompraDetallleService","class","LuxuryApp.Application.Services","SupplierLuxuryApp","LuxuryApp.Application.Modules.SupplierLuxuryApp.Purchases.PurchaseOrderDetail.Services","Purchases\PurchaseOrderDetail\Services\TotalesOrdenCompraDetallleService.cs"
"OrdenCompraComprobantePagoEndPoints","class","LuxuryApp.Application.EndPoints","SupplierLuxuryApp","LuxuryApp.Application.Modules.SupplierLuxuryApp.Purchases.PurchaseOrderPayment.EndPoints","Purchases\PurchaseOrderPayment\EndPoints\OrdenCompraComprobantePagoEndPoints.cs"
"OrdenCompraDatosPagoEndPoints","class","LuxuryApp.Application.EndPoints","SupplierLuxuryApp","LuxuryApp.Application.Modules.SupplierLuxuryApp.Purchases.PurchaseOrderPayment.EndPoints","Purchases\PurchaseOrderPayment\EndPoints\OrdenCompraDatosPagoEndPoints.cs"
"IOrdenCompraComprobantePagoAppService","interface","LuxuryApp.Application.Interfaces","SupplierLuxuryApp","LuxuryApp.Application.Modules.SupplierLuxuryApp.Purchases.PurchaseOrderPayment.Interfaces","Purchases\PurchaseOrderPayment\Interfaces\IOrdenCompraComprobantePagoAppService.cs"
"IOrdenCompraDatosPagoAppService","interface","LuxuryApp.Application.Interfaces","SupplierLuxuryApp","LuxuryApp.Application.Modules.SupplierLuxuryApp.Purchases.PurchaseOrderPayment.Interfaces","Purchases\PurchaseOrderPayment\Interfaces\IOrdenCompraDatosPagoAppService.cs"
"OrdenCompraComprobantePagoAppService","class","LuxuryApp.Application.Services","SupplierLuxuryApp","LuxuryApp.Application.Modules.SupplierLuxuryApp.Purchases.PurchaseOrderPayment.Services","Purchases\PurchaseOrderPayment\Services\OrdenCompraComprobantePagoAppService.cs"
"OrdenCompraDatosPagoAppService","class","LuxuryApp.Application.Services","SupplierLuxuryApp","LuxuryApp.Application.Modules.SupplierLuxuryApp.Purchases.PurchaseOrderPayment.Services","Purchases\PurchaseOrderPayment\Services\OrdenCompraDatosPagoAppService.cs"
"OrdenCompraStatusEndPoints","class","LuxuryApp.Application.EndPoints","SupplierLuxuryApp","LuxuryApp.Application.Modules.SupplierLuxuryApp.Purchases.PurchaseOrderStatus.EndPoints","Purchases\PurchaseOrderStatus\EndPoints\OrdenCompraStatusEndPoints.cs"
"IOrdenCompraStatusAppService","interface","LuxuryApp.Application.Interfaces","SupplierLuxuryApp","LuxuryApp.Application.Modules.SupplierLuxuryApp.Purchases.PurchaseOrderStatus.Interfaces","Purchases\PurchaseOrderStatus\Interfaces\IOrdenCompraStatusAppService.cs"
"OrdenCompraStatusAppService","class","LuxuryApp.Application.Services","SupplierLuxuryApp","LuxuryApp.Application.Modules.SupplierLuxuryApp.Purchases.PurchaseOrderStatus.Services","Purchases\PurchaseOrderStatus\Services\OrdenCompraStatusAppService.cs"
"ComparativeChartAnalysisInputDTO","record","LuxuryApp.Application.Features.PurchaseRequests.DTOs","SupplierLuxuryApp","LuxuryApp.Application.Modules.SupplierLuxuryApp.Purchases.SolicitudCompra.CotizacionProveedor.DTOs","Purchases\SolicitudCompra\CotizacionProveedor\DTOs\ComparativeChartAnalysisInputDTO.cs"
"CotizacionDetalleDTO","record","LuxuryApp.Application.DTOs","SupplierLuxuryApp","LuxuryApp.Application.Modules.SupplierLuxuryApp.Purchases.SolicitudCompra.CotizacionProveedor.DTOs","Purchases\SolicitudCompra\CotizacionProveedor\DTOs\CotizacionDetalleDTO.cs"
"CotizacionProveedorAddOrEditDTO","record","LuxuryApp.Application.DTOs","SupplierLuxuryApp","LuxuryApp.Application.Modules.SupplierLuxuryApp.Purchases.SolicitudCompra.CotizacionProveedor.DTOs","Purchases\SolicitudCompra\CotizacionProveedor\DTOs\CotizacionProveedorAddOrEditDTO.cs"
"CotizacionProveedorDTO","record","LuxuryApp.Application.DTOs","SupplierLuxuryApp","LuxuryApp.Application.Modules.SupplierLuxuryApp.Purchases.SolicitudCompra.CotizacionProveedor.DTOs","Purchases\SolicitudCompra\CotizacionProveedor\DTOs\CotizacionProveedorDTO.cs"
"CotizacionProveedorEvidenceCreateDTO","record","LuxuryApp.Application.DTOs","SupplierLuxuryApp","LuxuryApp.Application.Modules.SupplierLuxuryApp.Purchases.SolicitudCompra.CotizacionProveedor.DTOs","Purchases\SolicitudCompra\CotizacionProveedor\DTOs\CotizacionProveedorEvidenceCreateDTO.cs"
"CotizacionProveedorEvidenceDTO","record","LuxuryApp.Application.DTOs","SupplierLuxuryApp","LuxuryApp.Application.Modules.SupplierLuxuryApp.Purchases.SolicitudCompra.CotizacionProveedor.DTOs","Purchases\SolicitudCompra\CotizacionProveedor\DTOs\CotizacionProveedorEvidenceDTO.cs"
"CotizacionProveedorListDTO","record","LuxuryApp.Application.DTOs","SupplierLuxuryApp","LuxuryApp.Application.Modules.SupplierLuxuryApp.Purchases.SolicitudCompra.CotizacionProveedor.DTOs","Purchases\SolicitudCompra\CotizacionProveedor\DTOs\CotizacionProveedorListDTO.cs"
"GetPosicionCotizacionDTO","record","LuxuryApp.Application.DTOs","SupplierLuxuryApp","LuxuryApp.Application.Modules.SupplierLuxuryApp.Purchases.SolicitudCompra.CotizacionProveedor.DTOs","Purchases\SolicitudCompra\CotizacionProveedor\DTOs\GetPosicionCotizacionDTO.cs"
"SolicitudCompraCuadroComparativoDTO","record","LuxuryApp.Application.DTOs","SupplierLuxuryApp","LuxuryApp.Application.Modules.SupplierLuxuryApp.Purchases.SolicitudCompra.CotizacionProveedor.DTOs","Purchases\SolicitudCompra\CotizacionProveedor\DTOs\SolicitudCompraCuadroComparativoDTO.cs"
"CotizacionProveedorEndPoints","class","LuxuryApp.Application.EndPoints","SupplierLuxuryApp","LuxuryApp.Application.Modules.SupplierLuxuryApp.Purchases.SolicitudCompra.CotizacionProveedor.EndPoints","Purchases\SolicitudCompra\CotizacionProveedor\EndPoints\CotizacionProveedorEndPoints.cs"
"ICotizacionProveedorAppService","interface","LuxuryApp.Application.Interfaces","SupplierLuxuryApp","LuxuryApp.Application.Modules.SupplierLuxuryApp.Purchases.SolicitudCompra.CotizacionProveedor.Interfaces","Purchases\SolicitudCompra\CotizacionProveedor\Interfaces\ICotizacionProveedorAppService.cs"
"CotizacionProveedorAppService","class","LuxuryApp.Application.Services","SupplierLuxuryApp","LuxuryApp.Application.Modules.SupplierLuxuryApp.Purchases.SolicitudCompra.CotizacionProveedor.Services","Purchases\SolicitudCompra\CotizacionProveedor\Services\CotizacionProveedorAppService.cs"
"ISolicitudCompraDetalleAppService","interface","LuxuryApp.Application.Interfaces","SupplierLuxuryApp","LuxuryApp.Application.Modules.SupplierLuxuryApp.Purchases.SolicitudCompra.Detalle.Interfaces","Purchases\SolicitudCompra\Detalle\Interfaces\ISolicitudCompraDetalleAppService.cs"
"SolicitudCompraDetalleAppService","class","LuxuryApp.Application.Services","SupplierLuxuryApp","LuxuryApp.Application.Modules.SupplierLuxuryApp.Purchases.SolicitudCompra.Detalle.Services","Purchases\SolicitudCompra\Detalle\Services\SolicitudCompraDetalleAppService.cs"
"ComiteEventoDTO","record","LuxuryApp.Application.DTOs","SupplierLuxuryApp","LuxuryApp.Application.Modules.SupplierLuxuryApp.Purchases.SolicitudCompra.DTOs","Purchases\SolicitudCompra\DTOs\ComiteEventoDTO.cs"
"PurchaseRequestAddOrEditDTO","record","LuxuryApp.Application.DTOs","SupplierLuxuryApp","LuxuryApp.Application.Modules.SupplierLuxuryApp.Purchases.SolicitudCompra.DTOs","Purchases\SolicitudCompra\DTOs\PurchaseRequestAddOrEditDTO.cs"
"SCDetalleDTO","record","LuxuryApp.Application.DTOs","SupplierLuxuryApp","LuxuryApp.Application.Modules.SupplierLuxuryApp.Purchases.SolicitudCompra.DTOs","Purchases\SolicitudCompra\DTOs\SCDetalleDTO.cs"
"SCDTO","record","LuxuryApp.Application.DTOs","SupplierLuxuryApp","LuxuryApp.Application.Modules.SupplierLuxuryApp.Purchases.SolicitudCompra.DTOs","Purchases\SolicitudCompra\DTOs\SCDTO.cs"
"SearchProductToAddDTO","record","LuxuryApp.Application.DTOs","SupplierLuxuryApp","LuxuryApp.Application.Modules.SupplierLuxuryApp.Purchases.SolicitudCompra.DTOs","Purchases\SolicitudCompra\DTOs\SearchProductToAddDTO.cs"
"SolicitudCompraAddOrEditDTO","record","LuxuryApp.Application.DTOs","SupplierLuxuryApp","LuxuryApp.Application.Modules.SupplierLuxuryApp.Purchases.SolicitudCompra.DTOs","Purchases\SolicitudCompra\DTOs\SolicitudCompraAddOrEditDTO.cs"
"SolicitudCompraBudgetCreateDTO","record","LuxuryApp.Application.DTOs","SupplierLuxuryApp","LuxuryApp.Application.Modules.SupplierLuxuryApp.Purchases.SolicitudCompra.DTOs","Purchases\SolicitudCompra\DTOs\SolicitudCompraBudgetCreateDTO.cs"
"SolicitudCompraBudgetDTO","record","LuxuryApp.Application.DTOs","SupplierLuxuryApp","LuxuryApp.Application.Modules.SupplierLuxuryApp.Purchases.SolicitudCompra.DTOs","Purchases\SolicitudCompra\DTOs\SolicitudCompraBudgetDTO.cs"
"SolicitudCompraCuadroComparativoUpdateDTO","record","LuxuryApp.Application.DTOs","SupplierLuxuryApp","LuxuryApp.Application.Modules.SupplierLuxuryApp.Purchases.SolicitudCompra.DTOs","Purchases\SolicitudCompra\DTOs\SolicitudCompraCuadroComparativoUpdateDTO.cs"
"SolicitudCompraDetalleAddOrEditDTO","record","LuxuryApp.Application.DTOs","SupplierLuxuryApp","LuxuryApp.Application.Modules.SupplierLuxuryApp.Purchases.SolicitudCompra.DTOs","Purchases\SolicitudCompra\DTOs\SolicitudCompraDetalleAddOrEditDTO.cs"
"SolicitudCompraDetalleAddProductDTO","record","LuxuryApp.Application.DTOs","SupplierLuxuryApp","LuxuryApp.Application.Modules.SupplierLuxuryApp.Purchases.SolicitudCompra.DTOs","Purchases\SolicitudCompra\DTOs\SolicitudCompraDetalleAddProductDTO.cs"
"SolicitudCompraDetalleDTO","record","LuxuryApp.Application.DTOs","SupplierLuxuryApp","LuxuryApp.Application.Modules.SupplierLuxuryApp.Purchases.SolicitudCompra.DTOs","Purchases\SolicitudCompra\DTOs\SolicitudCompraDetalleDTO.cs"
"SolicitudCompraDetalleEditPriceDTO","record","LuxuryApp.Application.DTOs","SupplierLuxuryApp","LuxuryApp.Application.Modules.SupplierLuxuryApp.Purchases.SolicitudCompra.DTOs","Purchases\SolicitudCompra\DTOs\SolicitudCompraDetalleEditPriceDTO.cs"
"SolicitudCompraDetalleEditProductDTO","record","LuxuryApp.Application.DTOs","SupplierLuxuryApp","LuxuryApp.Application.Modules.SupplierLuxuryApp.Purchases.SolicitudCompra.DTOs","Purchases\SolicitudCompra\DTOs\SolicitudCompraDetalleEditProductDTO.cs"
"SolicitudCompraDetalleIndividualDTO","record","LuxuryApp.Application.DTOs","SupplierLuxuryApp","LuxuryApp.Application.Modules.SupplierLuxuryApp.Purchases.SolicitudCompra.DTOs","Purchases\SolicitudCompra\DTOs\SolicitudCompraDetalleIndividualDTO.cs"
"SolicitudCompraDetalleProductListAddDTO","record","LuxuryApp.Application.DTOs","SupplierLuxuryApp","LuxuryApp.Application.Modules.SupplierLuxuryApp.Purchases.SolicitudCompra.DTOs","Purchases\SolicitudCompra\DTOs\SolicitudCompraDetalleProductListAddDTO.cs"
"SolicitudCompraDTO","record","LuxuryApp.Application.DTOs","SupplierLuxuryApp","LuxuryApp.Application.Modules.SupplierLuxuryApp.Purchases.SolicitudCompra.DTOs","Purchases\SolicitudCompra\DTOs\SolicitudCompraDTO.cs"
"SolicitudCompraEvidenceCreateDTO","record","LuxuryApp.Application.DTOs","SupplierLuxuryApp","LuxuryApp.Application.Modules.SupplierLuxuryApp.Purchases.SolicitudCompra.DTOs","Purchases\SolicitudCompra\DTOs\SolicitudCompraEvidenceCreateDTO.cs"
"SolicitudCompraEvidenceDTO","record","LuxuryApp.Application.DTOs","SupplierLuxuryApp","LuxuryApp.Application.Modules.SupplierLuxuryApp.Purchases.SolicitudCompra.DTOs","Purchases\SolicitudCompra\DTOs\SolicitudCompraEvidenceDTO.cs"
"SolicitudCompraIndividualDTO","record","LuxuryApp.Application.DTOs","SupplierLuxuryApp","LuxuryApp.Application.Modules.SupplierLuxuryApp.Purchases.SolicitudCompra.DTOs","Purchases\SolicitudCompra\DTOs\SolicitudCompraIndividualDTO.cs"
"SolicitudCompraPresentationOrderDTO","record","LuxuryApp.Application.DTOs","SupplierLuxuryApp","LuxuryApp.Application.Modules.SupplierLuxuryApp.Purchases.SolicitudCompra.DTOs","Purchases\SolicitudCompra\DTOs\SolicitudCompraPresentationOrderDTO.cs"
"SolicitudCompraPresentationSelectionDTO","record","LuxuryApp.Application.DTOs","SupplierLuxuryApp","LuxuryApp.Application.Modules.SupplierLuxuryApp.Purchases.SolicitudCompra.DTOs","Purchases\SolicitudCompra\DTOs\SolicitudCompraPresentationSelectionDTO.cs"
"SolicitudesCompraIndexDTO","record","LuxuryApp.Application.DTOs","SupplierLuxuryApp","LuxuryApp.Application.Modules.SupplierLuxuryApp.Purchases.SolicitudCompra.DTOs","Purchases\SolicitudCompra\DTOs\SolicitudesCompraIndexDTO.cs"
"SolicitudCompraDetalleEndPoints","class","LuxuryApp.Application.EndPoints","SupplierLuxuryApp","LuxuryApp.Application.Modules.SupplierLuxuryApp.Purchases.SolicitudCompra.EndPoints","Purchases\SolicitudCompra\EndPoints\SolicitudCompraDetalleEndPoints.cs"
"SolicitudCompraEndPoints","class","LuxuryApp.Application.EndPoints","SupplierLuxuryApp","LuxuryApp.Application.Modules.SupplierLuxuryApp.Purchases.SolicitudCompra.EndPoints","Purchases\SolicitudCompra\EndPoints\SolicitudCompraEndPoints.cs"
"ISolicitudCompraAppService","interface","LuxuryApp.Application.Interfaces","SupplierLuxuryApp","LuxuryApp.Application.Modules.SupplierLuxuryApp.Purchases.SolicitudCompra.Interfaces","Purchases\SolicitudCompra\Interfaces\ISolicitudCompraAppService.cs"
"SolicitudCompraMapper","class","LuxuryApp.Application.Mappings","SupplierLuxuryApp","LuxuryApp.Application.Modules.SupplierLuxuryApp.Purchases.SolicitudCompra.Mapping","Purchases\SolicitudCompra\Mapping\SolicitudCompraMapper.cs"
"SolicitudCompraAppService","class","LuxuryApp.Application.Services","SupplierLuxuryApp","LuxuryApp.Application.Modules.SupplierLuxuryApp.Purchases.SolicitudCompra.Services","Purchases\SolicitudCompra\Services\SolicitudCompraAppService.cs"
"TenantApplicationMarker","class","LuxuryApp.Application","SystemLuxuryApp","LuxuryApp.Application.Modules.SystemLuxuryApp","TenantApplicationMarker.cs"
"TenantAssemblyMarker","class","LuxuryApp.Application.Tenant","SystemLuxuryApp","LuxuryApp.Application.Modules.SystemLuxuryApp","TenantAssemblyMarker.cs"
"AuditEntryDTO","record","LuxuryApp.Application.DTOs","SystemLuxuryApp","LuxuryApp.Application.Modules.SystemLuxuryApp.ConfiguracionSistema.AuditEntries.DTOs","ConfiguracionSistema\AuditEntries\DTOs\AuditEntryDTO.cs"
"AuditEntriesEndPoints","class","LuxuryApp.Application.EndPoints","SystemLuxuryApp","LuxuryApp.Application.Modules.SystemLuxuryApp.ConfiguracionSistema.AuditEntries.EndPoints","ConfiguracionSistema\AuditEntries\EndPoints\AuditEntriesEndPoints.cs"
"IAuditEntryAppService","interface","LuxuryApp.Application.Interfaces","SystemLuxuryApp","LuxuryApp.Application.Modules.SystemLuxuryApp.ConfiguracionSistema.AuditEntries.Interfaces","ConfiguracionSistema\AuditEntries\Interfaces\IAuditEntryAppService.cs"
"AuditEntryAppService","class","LuxuryApp.Application.Services","SystemLuxuryApp","LuxuryApp.Application.Modules.SystemLuxuryApp.ConfiguracionSistema.AuditEntries.Services","ConfiguracionSistema\AuditEntries\Services\AuditEntryAppService.cs"
"DatabaseBackupConfigDTO","record","LuxuryApp.Application.DTOs","SystemLuxuryApp","LuxuryApp.Application.Modules.SystemLuxuryApp.ConfiguracionSistema.DatabaseBackup.DTOs","ConfiguracionSistema\DatabaseBackup\DTOs\DatabaseBackupConfigDTO.cs"
"DatabaseBackupHistoryDTO","record","LuxuryApp.Application.DTOs","SystemLuxuryApp","LuxuryApp.Application.Modules.SystemLuxuryApp.ConfiguracionSistema.DatabaseBackup.DTOs","ConfiguracionSistema\DatabaseBackup\DTOs\DatabaseBackupHistoryDTO.cs"
"DatabaseBackupEndPoints","class","LuxuryApp.Application.EndPoints","SystemLuxuryApp","LuxuryApp.Application.Modules.SystemLuxuryApp.ConfiguracionSistema.DatabaseBackup.EndPoints","ConfiguracionSistema\DatabaseBackup\EndPoints\DatabaseBackupEndpoints.cs"
"IDatabaseBackupService","interface","LuxuryApp.Application.Interfaces","SystemLuxuryApp","LuxuryApp.Application.Modules.SystemLuxuryApp.ConfiguracionSistema.DatabaseBackup.Interfaces","ConfiguracionSistema\DatabaseBackup\Interfaces\IDatabaseBackupService.cs"
"IOneDriveGraphService","interface","LuxuryApp.Application.Interfaces","SystemLuxuryApp","LuxuryApp.Application.Modules.SystemLuxuryApp.ConfiguracionSistema.DatabaseBackup.Interfaces","ConfiguracionSistema\DatabaseBackup\Interfaces\IOneDriveGraphService.cs"
"DatabaseBackupService","class","LuxuryApp.Application.Services","SystemLuxuryApp","LuxuryApp.Application.Modules.SystemLuxuryApp.ConfiguracionSistema.DatabaseBackup.Services","ConfiguracionSistema\DatabaseBackup\Services\DatabaseBackupService.cs"
"OneDriveGraphService","class","LuxuryApp.Application.Services","SystemLuxuryApp","LuxuryApp.Application.Modules.SystemLuxuryApp.ConfiguracionSistema.DatabaseBackup.Services","ConfiguracionSistema\DatabaseBackup\Services\OneDriveGraphService.cs"
"AccesoCustomers","class","LuxuryApp.Infrastructure.Data.Entities","SystemLuxuryApp","LuxuryApp.Application.Modules.SystemLuxuryApp.Domain.Entities.Access","Domain\Entities\Access\AccesoCustomers.cs"
"ApplicationRole","class","LuxuryApp.Infrastructure.Data.Entities","SystemLuxuryApp","LuxuryApp.Application.Modules.SystemLuxuryApp.Domain.Entities.Access","Domain\Entities\Access\ApplicationRole.cs"
"ApplicationUser","class","LuxuryApp.Infrastructure.Data.Entities","SystemLuxuryApp","LuxuryApp.Application.Modules.SystemLuxuryApp.Domain.Entities.Access","Domain\Entities\Access\ApplicationUser.cs"
"CustomerModul","class","LuxuryApp.Infrastructure.Data.Entities","SystemLuxuryApp","LuxuryApp.Application.Modules.SystemLuxuryApp.Domain.Entities.Access","Domain\Entities\Access\CustomerModul.cs"
"ModuleApp","class","LuxuryApp.Infrastructure.Data.Entities","SystemLuxuryApp","LuxuryApp.Application.Modules.SystemLuxuryApp.Domain.Entities.Access","Domain\Entities\Access\ModuleApp.cs"
"ModuleAppRol","class","LuxuryApp.Infrastructure.Data.Entities","SystemLuxuryApp","LuxuryApp.Application.Modules.SystemLuxuryApp.Domain.Entities.Access","Domain\Entities\Access\ModuleAppRol.cs"
"PasswordRecoveryCode","class","LuxuryApp.Infrastructure.Data.Entities","SystemLuxuryApp","LuxuryApp.Application.Modules.SystemLuxuryApp.Domain.Entities.Access","Domain\Entities\Access\PasswordRecoveryCode.cs"
"UserRefreshToken","class","LuxuryApp.Infrastructure.Data.Entities","SystemLuxuryApp","LuxuryApp.Application.Modules.SystemLuxuryApp.Domain.Entities.Access","Domain\Entities\Access\UserRefreshToken.cs"
"DatabaseBackupConfig","class","LuxuryApp.Infrastructure.Data.Entities","SystemLuxuryApp","LuxuryApp.Application.Modules.SystemLuxuryApp.Domain.Entities.Backup","Domain\Entities\Backup\DatabaseBackupConfig.cs"
"DatabaseBackupHistory","class","LuxuryApp.Infrastructure.Data.Entities","SystemLuxuryApp","LuxuryApp.Application.Modules.SystemLuxuryApp.Domain.Entities.Backup","Domain\Entities\Backup\DatabaseBackupHistory.cs"
"Address","class","LuxuryApp.Infrastructure.Data.Entities","SystemLuxuryApp","LuxuryApp.Application.Modules.SystemLuxuryApp.Domain.Entities.Catalogs","Domain\Entities\Catalogs\Address.cs"
"ApprovalRoleHierarchy","class","LuxuryApp.Infrastructure.Data.Entities","SystemLuxuryApp","LuxuryApp.Application.Modules.SystemLuxuryApp.Domain.Entities.Catalogs","Domain\Entities\Catalogs\ApprovalRoleHierarchy.cs"
"Bank","class","LuxuryApp.Infrastructure.Data.Entities","SystemLuxuryApp","LuxuryApp.Application.Modules.SystemLuxuryApp.Domain.Entities.Catalogs","Domain\Entities\Catalogs\Bank.cs"
"CatalogAsset","class","LuxuryApp.Infrastructure.Data.Entities","SystemLuxuryApp","LuxuryApp.Application.Modules.SystemLuxuryApp.Domain.Entities.Catalogs","Domain\Entities\Catalogs\CatalogAsset.cs"
"Category","class","LuxuryApp.Infrastructure.Data.Entities","SystemLuxuryApp","LuxuryApp.Application.Modules.SystemLuxuryApp.Domain.Entities.Catalogs","Domain\Entities\Catalogs\Category.cs"
"EquipoClasificacion","class","LuxuryApp.Infrastructure.Data.Entities","SystemLuxuryApp","LuxuryApp.Application.Modules.SystemLuxuryApp.Domain.Entities.Catalogs","Domain\Entities\Catalogs\EquipoClasificacion.cs"
"FormaPago","class","LuxuryApp.Infrastructure.Data.Entities","SystemLuxuryApp","LuxuryApp.Application.Modules.SystemLuxuryApp.Domain.Entities.Catalogs","Domain\Entities\Catalogs\FormaPago.cs"
"LegalMatterCategory","class","LuxuryApp.Infrastructure.Data.Entities","SystemLuxuryApp","LuxuryApp.Application.Modules.SystemLuxuryApp.Domain.Entities.Catalogs","Domain\Entities\Catalogs\LegalMatterCategory.cs"
"MedidorCategoria","class","LuxuryApp.Infrastructure.Data.Entities","SystemLuxuryApp","LuxuryApp.Application.Modules.SystemLuxuryApp.Domain.Entities.Catalogs","Domain\Entities\Catalogs\MedidorCategoria.cs"
"MetodoDePago","class","LuxuryApp.Infrastructure.Data.Entities","SystemLuxuryApp","LuxuryApp.Application.Modules.SystemLuxuryApp.Domain.Entities.Catalogs","Domain\Entities\Catalogs\MetodoDePago.cs"
"Producto","class","LuxuryApp.Infrastructure.Data.Entities","SystemLuxuryApp","LuxuryApp.Application.Modules.SystemLuxuryApp.Domain.Entities.Catalogs","Domain\Entities\Catalogs\Producto.cs"
"TelefonosEmergencia","class","LuxuryApp.Infrastructure.Data.Entities","SystemLuxuryApp","LuxuryApp.Application.Modules.SystemLuxuryApp.Domain.Entities.Catalogs","Domain\Entities\Catalogs\TelefonosEmergencia.cs"
"UnidadMedida","class","LuxuryApp.Infrastructure.Data.Entities","SystemLuxuryApp","LuxuryApp.Application.Modules.SystemLuxuryApp.Domain.Entities.Catalogs","Domain\Entities\Catalogs\UnidadMedida.cs"
"UsoCFDI","class","LuxuryApp.Infrastructure.Data.Entities","SystemLuxuryApp","LuxuryApp.Application.Modules.SystemLuxuryApp.Domain.Entities.Catalogs","Domain\Entities\Catalogs\UsoCFDI.cs"
"WorkGroupCategories","class","LuxuryApp.Infrastructure.Data.Entities","SystemLuxuryApp","LuxuryApp.Application.Modules.SystemLuxuryApp.Domain.Entities.Catalogs","Domain\Entities\Catalogs\WorkGroupCategories.cs"
"Customer","class","LuxuryApp.Infrastructure.Data.Entities","SystemLuxuryApp","LuxuryApp.Application.Modules.SystemLuxuryApp.Domain.Entities.GestindeCliente","Domain\Entities\GestindeCliente\Customer.cs"
"CustomerAddress","class","LuxuryApp.Infrastructure.Data.Entities","SystemLuxuryApp","LuxuryApp.Application.Modules.SystemLuxuryApp.Domain.Entities.GestindeCliente","Domain\Entities\GestindeCliente\CustomerAddress.cs"
"CustomerEmailConfiguration","class","LuxuryApp.Infrastructure.Data.Entities","SystemLuxuryApp","LuxuryApp.Application.Modules.SystemLuxuryApp.Domain.Entities.GestindeCliente","Domain\Entities\GestindeCliente\CustomerEmailConfiguration.cs"
"CustomerImage","class","LuxuryApp.Infrastructure.Data.Entities","SystemLuxuryApp","LuxuryApp.Application.Modules.SystemLuxuryApp.Domain.Entities.GestindeCliente","Domain\Entities\GestindeCliente\CustomerImage.cs"
"CustomerLocation","class","LuxuryApp.Infrastructure.Data.Entities","SystemLuxuryApp","LuxuryApp.Application.Modules.SystemLuxuryApp.Domain.Entities.GestindeCliente","Domain\Entities\GestindeCliente\CustomerLocation.cs"
"CustomerProvider","class","LuxuryApp.Infrastructure.Data.Entities","SystemLuxuryApp","LuxuryApp.Application.Modules.SystemLuxuryApp.Domain.Entities.GestindeCliente","Domain\Entities\GestindeCliente\CustomerProvider.cs"
"AiChatMessage","class","LuxuryApp.Infrastructure.Data.Entities","SystemLuxuryApp","LuxuryApp.Application.Modules.SystemLuxuryApp.Domain.Entities.System-AI","Domain\Entities\System-AI\AiChatMessage.cs"
"AiChatSession","class","LuxuryApp.Infrastructure.Data.Entities","SystemLuxuryApp","LuxuryApp.Application.Modules.SystemLuxuryApp.Domain.Entities.System-AI","Domain\Entities\System-AI\AiChatSession.cs"
"AuditEntry","class","LuxuryApp.Infrastructure.Data.Entities","SystemLuxuryApp","LuxuryApp.Application.Modules.SystemLuxuryApp.Domain.Entities.System-AuditLogs","Domain\Entities\System-AuditLogs\AuditEntry.cs"
"LegacyIdMap","class","LuxuryApp.Infrastructure.Data.Entities","SystemLuxuryApp","LuxuryApp.Application.Modules.SystemLuxuryApp.Domain.Entities.System-AuditLogs","Domain\Entities\System-AuditLogs\LegacyIdMap.cs"
"MigrationVerificationLog","class","LuxuryApp.Infrastructure.Data.Entities","SystemLuxuryApp","LuxuryApp.Application.Modules.SystemLuxuryApp.Domain.Entities.System-AuditLogs","Domain\Entities\System-AuditLogs\MigrationVerificationLog.cs"
"NotificationLog","class","LuxuryApp.Infrastructure.Data.Entities","SystemLuxuryApp","LuxuryApp.Application.Modules.SystemLuxuryApp.Domain.Entities.System-AuditLogs","Domain\Entities\System-AuditLogs\NotificationLog.cs"
"NotificationUser","class","LuxuryApp.Infrastructure.Data.Entities","SystemLuxuryApp","LuxuryApp.Application.Modules.SystemLuxuryApp.Domain.Entities.System-AuditLogs","Domain\Entities\System-AuditLogs\NotificationUser.cs"
"PiscinafileWritePathServiceResolver","class","LuxuryApp.Application.Services","SystemLuxuryApp","LuxuryApp.Application.Modules.SystemLuxuryApp.Infrastructure.Common.Mapping","Infrastructure\Common\Mapping\UrlPathResolver.cs"
"DiagnosticsEndPoints","class","LuxuryApp.Application.EndPoints","SystemLuxuryApp","LuxuryApp.Application.Modules.SystemLuxuryApp.Infrastructure.Diagnostics.EndPoints","Infrastructure\Diagnostics\EndPoints\DiagnosticsEndPoints.cs"
"PasswordRecoveryCodeConfiguration","class","LuxuryApp.Infrastructure.Data.EntityConfigurations","SystemLuxuryApp","LuxuryApp.Application.Modules.SystemLuxuryApp.Infrastructure.Persistence.Auth","Infrastructure\Persistence\Auth\PasswordRecoveryCodeConfiguration.cs"
"SelectItemEndPoints","class","LuxuryApp.Application.EndPoints","SystemLuxuryApp","LuxuryApp.Application.Modules.SystemLuxuryApp.Infrastructure.SelectItem.EndPoints","Infrastructure\SelectItem\EndPoints\SelectItemEndPoints.cs"
"ISelectItemAppService","interface","LuxuryApp.Application.Interfaces","SystemLuxuryApp","LuxuryApp.Application.Modules.SystemLuxuryApp.Infrastructure.SelectItem.Interfaces","Infrastructure\SelectItem\Interfaces\ISelectItemAppService.cs"
"SelectItemAppService","class","LuxuryApp.Application.Services","SystemLuxuryApp","LuxuryApp.Application.Modules.SystemLuxuryApp.Infrastructure.SelectItem.Services","Infrastructure\SelectItem\Services\SelectItemAppService.cs"
"DataSmtpEmailDTO","record","LuxuryApp.Application.DTOs","SystemLuxuryApp","LuxuryApp.Application.Modules.SystemLuxuryApp.Infrastructure.SendEmail.DTOs","Infrastructure\SendEmail\DTOs\DataSmtpEmailDTO.cs"
"SendEmailEndPoints","class","LuxuryApp.Application.EndPoints","SystemLuxuryApp","LuxuryApp.Application.Modules.SystemLuxuryApp.Infrastructure.SendEmail.EndPoints","Infrastructure\SendEmail\EndPoints\SendEmailEndPoints.cs"
"IEmailMessageAppService","interface","LuxuryApp.Application.Interfaces","SystemLuxuryApp","LuxuryApp.Application.Modules.SystemLuxuryApp.Infrastructure.SendEmail.Interfaces","Infrastructure\SendEmail\Interfaces\IEmailMessageAppService.cs"
"ISendEmailAppService","interface","LuxuryApp.Application.Interfaces","SystemLuxuryApp","LuxuryApp.Application.Modules.SystemLuxuryApp.Infrastructure.SendEmail.Interfaces","Infrastructure\SendEmail\Interfaces\ISendEmailAppService.cs"
"EmailMessageAppService","class","LuxuryApp.Application.Services","SystemLuxuryApp","LuxuryApp.Application.Modules.SystemLuxuryApp.Infrastructure.SendEmail.Services","Infrastructure\SendEmail\Services\EmailMessageAppService.cs"
"SendEmailAppService","class","LuxuryApp.Application.Services","SystemLuxuryApp","LuxuryApp.Application.Modules.SystemLuxuryApp.Infrastructure.SendEmail.Services","Infrastructure\SendEmail\Services\SendEmailAppService.cs"
"GenericTestEmailViewModel","class","LuxuryApp.Application.ViewModels","SystemLuxuryApp","LuxuryApp.Application.Modules.SystemLuxuryApp.Infrastructure.SendEmail.ViewModels","Infrastructure\SendEmail\ViewModels\GenericTestEmailViewModel.cs"
"OperationReportEmailViewModel","class","LuxuryApp.Application.ViewModels","SystemLuxuryApp","LuxuryApp.Application.Modules.SystemLuxuryApp.Infrastructure.SendEmail.ViewModels","Infrastructure\SendEmail\ViewModels\OperationReportEmailViewModel.cs"
"ReportPendingTicketGroupEmailViewModel","class","LuxuryApp.Application.ViewModels","SystemLuxuryApp","LuxuryApp.Application.Modules.SystemLuxuryApp.Infrastructure.SendEmail.ViewModels","Infrastructure\SendEmail\ViewModels\ReportPendingTicketGroupEmailViewModel.cs"
"TestMailEmailViewModel","class","LuxuryApp.Application.ViewModels","SystemLuxuryApp","LuxuryApp.Application.Modules.SystemLuxuryApp.Infrastructure.SendEmail.ViewModels","Infrastructure\SendEmail\ViewModels\TestMailEmailViewModel.cs"
"TicketMessageEmailViewModel","class","LuxuryApp.Application.ViewModels","SystemLuxuryApp","LuxuryApp.Application.Modules.SystemLuxuryApp.Infrastructure.SendEmail.ViewModels","Infrastructure\SendEmail\ViewModels\TicketMessageEmailViewModel.cs"
"EmailTemplates","class","LuxuryApp.Application.SendEmailGlobal","SystemLuxuryApp","LuxuryApp.Application.Modules.SystemLuxuryApp.SendEmailGlobal","SendEmailGlobal\EmailTemplates.cs"
"EmailTemplateValidator","class","LuxuryApp.Application.SendEmailGlobal","SystemLuxuryApp","LuxuryApp.Application.Modules.SystemLuxuryApp.SendEmailGlobal","SendEmailGlobal\EmailTemplateValidator.cs"
"ICollectionEmailService","interface","LuxuryApp.Application.Interfaces","SystemLuxuryApp","LuxuryApp.Application.Modules.SystemLuxuryApp.SendEmailGlobal.Features.Accounting.SendEmail.Services","SendEmailGlobal\Features\Accounting\SendEmail\Services\CollectionNotificationServices.cs"
"CollectionNotificationEmailDTO","record","LuxuryApp.Application.SendEmailGlobal.Features.Accounting.SendEmail.ViewModels","SystemLuxuryApp","LuxuryApp.Application.Modules.SystemLuxuryApp.SendEmailGlobal.Features.Accounting.SendEmail.ViewModels","SendEmailGlobal\Features\Accounting\SendEmail\ViewModels\CollectionNotificationEmailDTO.cs"
"IAppImplementationEmailService","interface","LuxuryApp.Application.Interfaces","SystemLuxuryApp","LuxuryApp.Application.Modules.SystemLuxuryApp.SendEmailGlobal.Features.AppImplementationTracking.SendEmail.Interfaces","SendEmailGlobal\Features\AppImplementationTracking\SendEmail\Interfaces\IAppImplementationEmailService.cs"
"AppImplementationEmailService","class","LuxuryApp.Application.Services","SystemLuxuryApp","LuxuryApp.Application.Modules.SystemLuxuryApp.SendEmailGlobal.Features.AppImplementationTracking.SendEmail.Services","SendEmailGlobal\Features\AppImplementationTracking\SendEmail\Services\AppImplementationEmailService.cs"
"EmployeeMissingDataEmailDTO","record","LuxuryApp.Application.SendEmailGlobal.Features.AppImplementationTracking.SendEmail.ViewModels","SystemLuxuryApp","LuxuryApp.Application.Modules.SystemLuxuryApp.SendEmailGlobal.Features.AppImplementationTracking.SendEmail.ViewModels","SendEmailGlobal\Features\AppImplementationTracking\SendEmail\ViewModels\EmployeeMissingDataEmailDTO.cs"
"ICommitteeEmailService","interface","LuxuryApp.Application.Interfaces","SystemLuxuryApp","LuxuryApp.Application.Modules.SystemLuxuryApp.SendEmailGlobal.Features.Committee.SendEmail.Services","SendEmailGlobal\Features\Committee\SendEmail\Services\CommitteeNotificationServices.cs"
"CommitteeWelcomeEmailDTO","record","LuxuryApp.Application.SendEmailGlobal.Features.Committee.SendEmail.ViewModels","SystemLuxuryApp","LuxuryApp.Application.Modules.SystemLuxuryApp.SendEmailGlobal.Features.Committee.SendEmail.ViewModels","SendEmailGlobal\Features\Committee\SendEmail\ViewModels\CommitteeWelcomeEmailDTO.cs"
"IMeetingEmailService","interface","LuxuryApp.Application.Interfaces","SystemLuxuryApp","LuxuryApp.Application.Modules.SystemLuxuryApp.SendEmailGlobal.Features.CommitteeMeeting.SendEmail.Interfaces","SendEmailGlobal\Features\CommitteeMeeting\SendEmail\Interfaces\IMeetingEmailService.cs"
"MeetingEmailService","class","LuxuryApp.Application.Services","SystemLuxuryApp","LuxuryApp.Application.Modules.SystemLuxuryApp.SendEmailGlobal.Features.CommitteeMeeting.SendEmail.Services","SendEmailGlobal\Features\CommitteeMeeting\SendEmail\Services\MeetingNotificationServices.cs"
"MeetingPendingItemsEmailDTO","record","LuxuryApp.Application.SendEmailGlobal.Features.CommitteeMeeting.SendEmail.ViewModels","SystemLuxuryApp","LuxuryApp.Application.Modules.SystemLuxuryApp.SendEmailGlobal.Features.CommitteeMeeting.SendEmail.ViewModels","SendEmailGlobal\Features\CommitteeMeeting\SendEmail\ViewModels\MeetingPendingItemsEmailDTO.cs"
"MeetingResponsibleItemDTO","record","LuxuryApp.Application.SendEmailGlobal.Features.CommitteeMeeting.SendEmail.ViewModels","SystemLuxuryApp","LuxuryApp.Application.Modules.SystemLuxuryApp.SendEmailGlobal.Features.CommitteeMeeting.SendEmail.ViewModels","SendEmailGlobal\Features\CommitteeMeeting\SendEmail\ViewModels\MeetingResponsibleItemDTO.cs"
"ExecutivePendingReportEmailDTO","record","LuxuryApp.Application.SendEmailGlobal.Features.Dashboard.SendEmail.ViewModels","SystemLuxuryApp","LuxuryApp.Application.Modules.SystemLuxuryApp.SendEmailGlobal.Features.Dashboard.SendEmail.ViewModels","SendEmailGlobal\Features\Dashboard\SendEmail\ViewModels\ExecutivePendingReportEmailDTO.cs"
"IFinancialEmailService","interface","LuxuryApp.Application.SendEmailGlobal.Interfaces","SystemLuxuryApp","LuxuryApp.Application.Modules.SystemLuxuryApp.SendEmailGlobal.Features.Financial.SendEmail.Services","SendEmailGlobal\Features\Financial\SendEmail\Services\FinancialNotificationServices.cs"
"FinancialReportEmailDTO","record","LuxuryApp.Application.SendEmailGlobal.Features.Financial.SendEmail.ViewModels","SystemLuxuryApp","LuxuryApp.Application.Modules.SystemLuxuryApp.SendEmailGlobal.Features.Financial.SendEmail.ViewModels","SendEmailGlobal\Features\Financial\SendEmail\ViewModels\FinancialReportEmailDTO.cs"
"IFundingNotificationOrchestrator","interface","LuxuryApp.Application.SendEmailGlobal.Interfaces","SystemLuxuryApp","LuxuryApp.Application.Modules.SystemLuxuryApp.SendEmailGlobal.Features.Funding.Interfaces","SendEmailGlobal\Features\Funding\Interfaces\IFundingNotificationInterfaces.cs"
"FundingNotificationOrchestrator","class","LuxuryApp.Application.SendEmailGlobal.Features.Funding.Orchestrator","SystemLuxuryApp","LuxuryApp.Application.Modules.SystemLuxuryApp.SendEmailGlobal.Features.Funding.Orchestrator","SendEmailGlobal\Features\Funding\Orchestrator\FundingNotificationOrchestrator.cs"
"IBudgetProposalRealTimeService","interface","LuxuryApp.Application.Interfaces","SystemLuxuryApp","LuxuryApp.Application.Modules.SystemLuxuryApp.SendEmailGlobal.Features.PresupuestoPropuesta.Interfaces","SendEmailGlobal\Features\PresupuestoPropuesta\Interfaces\IBudgetProposalRealTimeService.cs"
"BudgetProposalRealTimeService","class","LuxuryApp.Application.Services","SystemLuxuryApp","LuxuryApp.Application.Modules.SystemLuxuryApp.SendEmailGlobal.Features.PresupuestoPropuesta.Services","SendEmailGlobal\Features\PresupuestoPropuesta\Services\BudgetProposalRealTimeService.cs"
"IProjectedExpenseRealTimeService","interface","LuxuryApp.Application.SendEmailGlobal.Interfaces","SystemLuxuryApp","LuxuryApp.Application.Modules.SystemLuxuryApp.SendEmailGlobal.Features.ProjectedExpenses.Interfaces","SendEmailGlobal\Features\ProjectedExpenses\Interfaces\IProjectedExpenseRealTimeService.cs"
"ProjectedExpenseRealTimeService","class","LuxuryApp.Application.SendEmailGlobal.Services","SystemLuxuryApp","LuxuryApp.Application.Modules.SystemLuxuryApp.SendEmailGlobal.Features.ProjectedExpenses.Services","SendEmailGlobal\Features\ProjectedExpenses\Services\ProjectedExpenseRealTimeService.cs"
"IRecruitmentEmailService","interface","LuxuryApp.Application.SendEmailGlobal.Interfaces","SystemLuxuryApp","LuxuryApp.Application.Modules.SystemLuxuryApp.SendEmailGlobal.Features.Recruitment.SendEmail.Interfaces","SendEmailGlobal\Features\Recruitment\SendEmail\Interfaces\IRecruitmentEmailService.cs"
"RecruitmentEmailService","class","LuxuryApp.Application.Services","SystemLuxuryApp","LuxuryApp.Application.Modules.SystemLuxuryApp.SendEmailGlobal.Features.Recruitment.SendEmail.Services","SendEmailGlobal\Features\Recruitment\SendEmail\Services\RecruitmentEmailService.cs"
"RecruitmentAltaSistemasEmailDTO","record","LuxuryApp.Application.SendEmailGlobal.Features.Recruitment.SendEmail.ViewModels","SystemLuxuryApp","LuxuryApp.Application.Modules.SystemLuxuryApp.SendEmailGlobal.Features.Recruitment.SendEmail.ViewModels","SendEmailGlobal\Features\Recruitment\SendEmail\ViewModels\RecruitmentAltaSistemasEmailDTO.cs"
"RecruitmentCandidateApplicationCreatedEmailDTO","record","LuxuryApp.Application.SendEmailGlobal.Features.Recruitment.SendEmail.ViewModels","SystemLuxuryApp","LuxuryApp.Application.Modules.SystemLuxuryApp.SendEmailGlobal.Features.Recruitment.SendEmail.ViewModels","SendEmailGlobal\Features\Recruitment\SendEmail\ViewModels\RecruitmentCandidateApplicationCreatedEmailDTO.cs"
"RecruitmentCandidateInterviewDecisionEmailDto","record","LuxuryApp.Application.SendEmailGlobal.Features.Recruitment.SendEmail.ViewModels","SystemLuxuryApp","LuxuryApp.Application.Modules.SystemLuxuryApp.SendEmailGlobal.Features.Recruitment.SendEmail.ViewModels","SendEmailGlobal\Features\Recruitment\SendEmail\ViewModels\RecruitmentCandidateInterviewDecisionEmailDto.cs"
"RecruitmentCandidateReceptionConfirmedEmailDTO","record","LuxuryApp.Application.SendEmailGlobal.Features.Recruitment.SendEmail.ViewModels","SystemLuxuryApp","LuxuryApp.Application.Modules.SystemLuxuryApp.SendEmailGlobal.Features.Recruitment.SendEmail.ViewModels","SendEmailGlobal\Features\Recruitment\SendEmail\ViewModels\RecruitmentCandidateReceptionConfirmedEmailDTO.cs"
"RecruitmentCandidateSentToInterviewEmailDTO","record","LuxuryApp.Application.SendEmailGlobal.Features.Recruitment.SendEmail.ViewModels","SystemLuxuryApp","LuxuryApp.Application.Modules.SystemLuxuryApp.SendEmailGlobal.Features.Recruitment.SendEmail.ViewModels","SendEmailGlobal\Features\Recruitment\SendEmail\ViewModels\RecruitmentCandidateSentToInterviewEmailDTO.cs"
"RecruitmentModificacionSalarioEmailDTO","record","LuxuryApp.Application.SendEmailGlobal.Features.Recruitment.SendEmail.ViewModels","SystemLuxuryApp","LuxuryApp.Application.Modules.SystemLuxuryApp.SendEmailGlobal.Features.Recruitment.SendEmail.ViewModels","SendEmailGlobal\Features\Recruitment\SendEmail\ViewModels\RecruitmentModificacionSalarioEmailDTO.cs"
"RecruitmentSolicitudAltaEmailDTO","record","LuxuryApp.Application.SendEmailGlobal.Features.Recruitment.SendEmail.ViewModels","SystemLuxuryApp","LuxuryApp.Application.Modules.SystemLuxuryApp.SendEmailGlobal.Features.Recruitment.SendEmail.ViewModels","SendEmailGlobal\Features\Recruitment\SendEmail\ViewModels\RecruitmentSolicitudAltaEmailDTO.cs"
"RecruitmentSolicitudBajaEmailDTO","record","LuxuryApp.Application.SendEmailGlobal.Features.Recruitment.SendEmail.ViewModels","SystemLuxuryApp","LuxuryApp.Application.Modules.SystemLuxuryApp.SendEmailGlobal.Features.Recruitment.SendEmail.ViewModels","SendEmailGlobal\Features\Recruitment\SendEmail\ViewModels\RecruitmentSolicitudBajaEmailDTO.cs"
"RecruitmentSolicitudVacanteEmailDTO","record","LuxuryApp.Application.SendEmailGlobal.Features.Recruitment.SendEmail.ViewModels","SystemLuxuryApp","LuxuryApp.Application.Modules.SystemLuxuryApp.SendEmailGlobal.Features.Recruitment.SendEmail.ViewModels","SendEmailGlobal\Features\Recruitment\SendEmail\ViewModels\RecruitmentSolicitudVacanteEmailDTO.cs"
"IHrNotificationOrchestrator","interface","LuxuryApp.Application.SendEmailGlobal.Features.RecursosHumanos.Orchestrator","SystemLuxuryApp","LuxuryApp.Application.Modules.SystemLuxuryApp.SendEmailGlobal.Features.RecursosHumanos.Orchestrator","SendEmailGlobal\Features\RecursosHumanos\Orchestrator\HrNotificationOrchestrator.cs"
"IHrEmailService","interface","LuxuryApp.Application.SendEmailGlobal.Interfaces","SystemLuxuryApp","LuxuryApp.Application.Modules.SystemLuxuryApp.SendEmailGlobal.Features.RecursosHumanos.SendEmail.Interfaces","SendEmailGlobal\Features\RecursosHumanos\SendEmail\Interfaces\IHrNotificationInterfaces.cs"
"HrEmailService","class","LuxuryApp.Application.Services","SystemLuxuryApp","LuxuryApp.Application.Modules.SystemLuxuryApp.SendEmailGlobal.Features.RecursosHumanos.SendEmail.Services","SendEmailGlobal\Features\RecursosHumanos\SendEmail\Services\HrNotificationServices.cs"
"HrGenericNotificationDTO","record","LuxuryApp.Application.SendEmailGlobal.Features.RecursosHumanos.SendEmail.ViewModels","SystemLuxuryApp","LuxuryApp.Application.Modules.SystemLuxuryApp.SendEmailGlobal.Features.RecursosHumanos.SendEmail.ViewModels","SendEmailGlobal\Features\RecursosHumanos\SendEmail\ViewModels\HrGenericNotificationDTO.cs"
"VacationExpiringReminderEmailDTO","record","LuxuryApp.Application.SendEmailGlobal.Features.RecursosHumanos.SendEmail.ViewModels","SystemLuxuryApp","LuxuryApp.Application.Modules.SystemLuxuryApp.SendEmailGlobal.Features.RecursosHumanos.SendEmail.ViewModels","SendEmailGlobal\Features\RecursosHumanos\SendEmail\ViewModels\VacationExpiringReminderEmailDTO.cs"
"IScheduledTaskEmailService","interface","LuxuryApp.Application.SendEmailGlobal.Interfaces","SystemLuxuryApp","LuxuryApp.Application.Modules.SystemLuxuryApp.SendEmailGlobal.Features.ScheduledTasks.SendEmail.Interfaces","SendEmailGlobal\Features\ScheduledTasks\SendEmail\Interfaces\IScheduledTaskEmailService.cs"
"ScheduledTaskEmailService","class","LuxuryApp.Application.Services","SystemLuxuryApp","LuxuryApp.Application.Modules.SystemLuxuryApp.SendEmailGlobal.Features.ScheduledTasks.SendEmail.Services","SendEmailGlobal\Features\ScheduledTasks\SendEmail\Services\ScheduledTaskEmailService.cs"
"TaskNotificationEmailDTO","record","LuxuryApp.Application.SendEmailGlobal.Features.ScheduledTasks.SendEmail.ViewModels","SystemLuxuryApp","LuxuryApp.Application.Modules.SystemLuxuryApp.SendEmailGlobal.Features.ScheduledTasks.SendEmail.ViewModels","SendEmailGlobal\Features\ScheduledTasks\SendEmail\ViewModels\TaskNotificationEmailDTO.cs"
"ITaskWorkPlanEmailService","interface","LuxuryApp.Application.SendEmailGlobal.Interfaces","SystemLuxuryApp","LuxuryApp.Application.Modules.SystemLuxuryApp.SendEmailGlobal.Features.Tasks.SendEmail.Interfaces","SendEmailGlobal\Features\Tasks\SendEmail\Interfaces\ITaskWorkPlanEmailService.cs"
"TaskWorkPlanEmailService","class","LuxuryApp.Application.Services","SystemLuxuryApp","LuxuryApp.Application.Modules.SystemLuxuryApp.SendEmailGlobal.Features.Tasks.SendEmail.Services","SendEmailGlobal\Features\Tasks\SendEmail\Services\TaskWorkPlanEmailService.cs"
"TaskWorkPlanEmailDTO","record","LuxuryApp.Application.SendEmailGlobal.Features.Tasks.SendEmail.ViewModels","SystemLuxuryApp","LuxuryApp.Application.Modules.SystemLuxuryApp.SendEmailGlobal.Features.Tasks.SendEmail.ViewModels","SendEmailGlobal\Features\Tasks\SendEmail\ViewModels\TaskWorkPlanEmailDTO.cs"
"TicketReportItemDTO","record","LuxuryApp.Application.SendEmailGlobal.Features.Tasks.SendEmail.ViewModels","SystemLuxuryApp","LuxuryApp.Application.Modules.SystemLuxuryApp.SendEmailGlobal.Features.Tasks.SendEmail.ViewModels","SendEmailGlobal\Features\Tasks\SendEmail\ViewModels\TicketReportItemDTO.cs"
"ITaskLegalWhatsAppService","interface","LuxuryApp.Application.SendEmailGlobal.Interfaces","SystemLuxuryApp","LuxuryApp.Application.Modules.SystemLuxuryApp.SendEmailGlobal.Features.Tasks.SendWhatsApp.Interfaces","SendEmailGlobal\Features\Tasks\SendWhatsApp\Interfaces\ITaskLegalWhatsAppService.cs"
"TaskLegalWhatsAppService","class","LuxuryApp.Application.Services","SystemLuxuryApp","LuxuryApp.Application.Modules.SystemLuxuryApp.SendEmailGlobal.Features.Tasks.SendWhatsApp.Services","SendEmailGlobal\Features\Tasks\SendWhatsApp\Services\TaskLegalWhatsAppService.cs"
"AiChatEndPoints","class","LuxuryApp.Application.EndPoints","SystemLuxuryApp","LuxuryApp.Application.Modules.SystemLuxuryApp.System-AI.AiChat.EndPoints","System-AI\AiChat\EndPoints\AiChatEndPoints.cs"
"IAiChatAppService","interface","LuxuryApp.Application.Interfaces","SystemLuxuryApp","LuxuryApp.Application.Modules.SystemLuxuryApp.System-AI.AiChat.Interfaces","System-AI\AiChat\Interfaces\IAiChatAppService.cs"
"AiChatAppService","class","LuxuryApp.Application.Services","SystemLuxuryApp","LuxuryApp.Application.Modules.SystemLuxuryApp.System-AI.AiChat.Services","System-AI\AiChat\Services\AiChatAppService.cs"
"AiKnowledgeBaseEndPoints","class","LuxuryApp.Application.EndPoints","SystemLuxuryApp","LuxuryApp.Application.Modules.SystemLuxuryApp.System-AI.AiKnowledgeBase.EndPoints","System-AI\AiKnowledgeBase\EndPoints\AiKnowledgeBaseEndPoints.cs"
"IAiKnowledgeBaseAppService","interface","LuxuryApp.Application.Interfaces","SystemLuxuryApp","LuxuryApp.Application.Modules.SystemLuxuryApp.System-AI.AiKnowledgeBase.Interfaces","System-AI\AiKnowledgeBase\Interfaces\IAiKnowledgeBaseAppService.cs"
"AiKnowledgeBaseAppService","class","LuxuryApp.Application.Services","SystemLuxuryApp","LuxuryApp.Application.Modules.SystemLuxuryApp.System-AI.AiKnowledgeBase.Services","System-AI\AiKnowledgeBase\Services\AiKnowledgeBaseAppService.cs"
"ElevenLabsSettingsDTO","record","LuxuryApp.Application.DTOs","SystemLuxuryApp","LuxuryApp.Application.Modules.SystemLuxuryApp.System-AI.ElevenLabs.DTOs","System-AI\ElevenLabs\DTOs\ElevenLabsSettingsDTO.cs"
"SubscriptionStatusDTO","record","LuxuryApp.Application.DTOs","SystemLuxuryApp","LuxuryApp.Application.Modules.SystemLuxuryApp.System-AI.ElevenLabs.DTOs","System-AI\ElevenLabs\DTOs\SubscriptionStatusDTO.cs"
"TextToSpeechRequestDTO","record","LuxuryApp.Application.DTOs","SystemLuxuryApp","LuxuryApp.Application.Modules.SystemLuxuryApp.System-AI.ElevenLabs.DTOs","System-AI\ElevenLabs\DTOs\TextToSpeechRequestDTO.cs"
"TextToSpeechResponseDTO","record","LuxuryApp.Application.DTOs","SystemLuxuryApp","LuxuryApp.Application.Modules.SystemLuxuryApp.System-AI.ElevenLabs.DTOs","System-AI\ElevenLabs\DTOs\TextToSpeechResponseDTO.cs"
"VoiceInfoDTO","record","LuxuryApp.Application.DTOs","SystemLuxuryApp","LuxuryApp.Application.Modules.SystemLuxuryApp.System-AI.ElevenLabs.DTOs","System-AI\ElevenLabs\DTOs\VoiceInfoDTO.cs"
"ElevenLabsEndPoints","class","LuxuryApp.Application.EndPoints","SystemLuxuryApp","LuxuryApp.Application.Modules.SystemLuxuryApp.System-AI.ElevenLabs.EndPoints","System-AI\ElevenLabs\EndPoints\ElevenLabsEndPoints.cs"
"IElevenLabsAppService","interface","LuxuryApp.Application.Interfaces","SystemLuxuryApp","LuxuryApp.Application.Modules.SystemLuxuryApp.System-AI.ElevenLabs.Interfaces","System-AI\ElevenLabs\Interfaces\IElevenLabsAppService.cs"
"ElevenLabsAppService","class","LuxuryApp.Application.Services","SystemLuxuryApp","LuxuryApp.Application.Modules.SystemLuxuryApp.System-AI.ElevenLabs.Services","System-AI\ElevenLabs\Services\ElevenLabsAppService.cs"
"BrevoEmailLogDTO","record","LuxuryApp.Application.DTOs","SystemLuxuryApp","LuxuryApp.Application.Modules.SystemLuxuryApp.System-AuditLogs.LogApp.DTOs","System-AuditLogs\LogApp\DTOs\BrevoEmailLogDTO.cs"
"ClientErrorLogDTO","class","LuxuryApp.Application.DTOs","SystemLuxuryApp","LuxuryApp.Application.Modules.SystemLuxuryApp.System-AuditLogs.LogApp.DTOs","System-AuditLogs\LogApp\DTOs\ClientErrorLogDTO.cs"
"LogEntryDTO","record","LuxuryApp.Application.DTOs","SystemLuxuryApp","LuxuryApp.Application.Modules.SystemLuxuryApp.System-AuditLogs.LogApp.DTOs","System-AuditLogs\LogApp\DTOs\LogEntryDTO.cs"
"BrevoEmailLogEndPoints","class","LuxuryApp.Application.EndPoints","SystemLuxuryApp","LuxuryApp.Application.Modules.SystemLuxuryApp.System-AuditLogs.LogApp.EndPoints","System-AuditLogs\LogApp\EndPoints\BrevoEmailLogEndPoints.cs"
"LogsEndPoints","class","LuxuryApp.Application.EndPoints","SystemLuxuryApp","LuxuryApp.Application.Modules.SystemLuxuryApp.System-AuditLogs.LogApp.EndPoints","System-AuditLogs\LogApp\EndPoints\LogsEndPoints.cs"
"IBrevoEmailLogService","interface","LuxuryApp.Application.Interfaces","SystemLuxuryApp","LuxuryApp.Application.Modules.SystemLuxuryApp.System-AuditLogs.LogApp.Interfaces","System-AuditLogs\LogApp\Interfaces\IBrevoEmailLogService.cs"
"ILogService","interface","LuxuryApp.Application.Interfaces","SystemLuxuryApp","LuxuryApp.Application.Modules.SystemLuxuryApp.System-AuditLogs.LogApp.Interfaces","System-AuditLogs\LogApp\Interfaces\ILogService.cs"
"BrevoEmailLogService","class","LuxuryApp.Application.Services","SystemLuxuryApp","LuxuryApp.Application.Modules.SystemLuxuryApp.System-AuditLogs.LogApp.Services","System-AuditLogs\LogApp\Services\BrevoEmailLogService.cs"
"LogService","class","LuxuryApp.Application.Interfaces","SystemLuxuryApp","LuxuryApp.Application.Modules.SystemLuxuryApp.System-AuditLogs.LogApp.Services","System-AuditLogs\LogApp\Services\LogService.cs"
"UserActivityHistoryDTO","record","LuxuryApp.Application.DTOs","SystemLuxuryApp","LuxuryApp.Application.Modules.SystemLuxuryApp.System-AuditLogs.UserActivityHistory.DTOs","System-AuditLogs\UserActivityHistory\DTOs\UserActivityHistoryDTO.cs"
"UserActivityHistoryEndPoints","class","LuxuryApp.Application.EndPoints","SystemLuxuryApp","LuxuryApp.Application.Modules.SystemLuxuryApp.System-AuditLogs.UserActivityHistory.EndPoints","System-AuditLogs\UserActivityHistory\EndPoints\UserActivityHistoryEndPoints.cs"
"IUserActivityHistoryAppService","interface","LuxuryApp.Application.Interfaces","SystemLuxuryApp","LuxuryApp.Application.Modules.SystemLuxuryApp.System-AuditLogs.UserActivityHistory.Interfaces","System-AuditLogs\UserActivityHistory\Interfaces\IUserActivityHistoryAppService.cs"
"IUserActivityService","interface","LuxuryApp.Application.Interfaces","SystemLuxuryApp","LuxuryApp.Application.Modules.SystemLuxuryApp.System-AuditLogs.UserActivityHistory.Interfaces","System-AuditLogs\UserActivityHistory\Interfaces\IUserActivityService.cs"
"UserActivityHistoryAppService","class","LuxuryApp.Application.Services","SystemLuxuryApp","LuxuryApp.Application.Modules.SystemLuxuryApp.System-AuditLogs.UserActivityHistory.Services","System-AuditLogs\UserActivityHistory\Services\UserActivityHistoryAppService.cs"
"UserActivityService","class","LuxuryApp.Application.Services","SystemLuxuryApp","LuxuryApp.Application.Modules.SystemLuxuryApp.System-AuditLogs.UserActivityHistory.Services","System-AuditLogs\UserActivityHistory\Services\UserActivityService.cs"
"AiTestResultDTO","record","LuxuryApp.Application.DTOs","SystemLuxuryApp","LuxuryApp.Application.Modules.SystemLuxuryApp.SystemTenant.AiAssistant.DTOs","SystemTenant\AiAssistant\DTOs\AiTestResultDTO.cs"
"GenerateImageDTO","record","LuxuryApp.Application.DTOs","SystemLuxuryApp","LuxuryApp.Application.Modules.SystemLuxuryApp.SystemTenant.AiAssistant.DTOs","SystemTenant\AiAssistant\DTOs\GenerateImageDTO.cs"
"AiAssistantEndPoints","class","LuxuryApp.Application.EndPoints","SystemLuxuryApp","LuxuryApp.Application.Modules.SystemLuxuryApp.SystemTenant.AiAssistant.EndPoints","SystemTenant\AiAssistant\EndPoints\AiAssistantEndpoints.cs"
"TicketAnalysisEndPoints","class","LuxuryApp.Application.EndPoints","SystemLuxuryApp","LuxuryApp.Application.Modules.SystemLuxuryApp.SystemTenant.AiAssistant.EndPoints","SystemTenant\AiAssistant\EndPoints\TicketAnalysisEndpoints.cs"
"IAiAssistantService","interface","LuxuryApp.Application.Interfaces","SystemLuxuryApp","LuxuryApp.Application.Modules.SystemLuxuryApp.SystemTenant.AiAssistant.Interfaces","SystemTenant\AiAssistant\Interfaces\IAiAssistantService.cs"
"AiAssistantService","class","LuxuryApp.Application.Services","SystemLuxuryApp","LuxuryApp.Application.Modules.SystemLuxuryApp.SystemTenant.AiAssistant.Services","SystemTenant\AiAssistant\Services\AiAssistantService.cs"
"NotificationsEndPoints","class","LuxuryApp.Application.EndPoints","SystemLuxuryApp","LuxuryApp.Application.Modules.SystemLuxuryApp.SystemTenant.Notification.EndPoints","SystemTenant\Notification\EndPoints\NotificationsEndpoints.cs"
"INotificationDispatcher","interface","LuxuryApp.CommonServices.Interfaces","SystemLuxuryApp","LuxuryApp.Application.Modules.SystemLuxuryApp.SystemTenant.Notification.Interfaces","SystemTenant\Notification\Interfaces\INotificationDispatcher.cs"
"INotificationUserAppService","interface","LuxuryApp.Application.Interfaces","SystemLuxuryApp","LuxuryApp.Application.Modules.SystemLuxuryApp.SystemTenant.Notification.Interfaces","SystemTenant\Notification\Interfaces\INotificationUserAppService.cs"
"ISendSignalRService","interface","LuxuryApp.Application.Interfaces","SystemLuxuryApp","LuxuryApp.Application.Modules.SystemLuxuryApp.SystemTenant.Notification.Interfaces","SystemTenant\Notification\Interfaces\ISendSignalRService.cs"
"NotificationCleanupJob","class","LuxuryApp.Application.Moduls.SystemLuxuryApp.SystemTenant.Notification.Jobs","SystemLuxuryApp","LuxuryApp.Application.Modules.SystemLuxuryApp.SystemTenant.Notification.Jobs","SystemTenant\Notification\Jobs\NotificationCleanupJob.cs"
"NotificationUserMapper","class","LuxuryApp.Application.Mappings","SystemLuxuryApp","LuxuryApp.Application.Modules.SystemLuxuryApp.SystemTenant.Notification.Mapping","SystemTenant\Notification\Mapping\NotificationUserMapper.cs"
"NotificationDispatcher","class","LuxuryApp.Application.Infrastructure","SystemLuxuryApp","LuxuryApp.Application.Modules.SystemLuxuryApp.SystemTenant.Notification.Services","SystemTenant\Notification\Services\NotificationDispatcher.cs"
"NotificationUserAppService","class","LuxuryApp.Application.Services","SystemLuxuryApp","LuxuryApp.Application.Modules.SystemLuxuryApp.SystemTenant.Notification.Services","SystemTenant\Notification\Services\NotificationUserAppService.cs"
"SendSignalRService","class","LuxuryApp.Application.Services","SystemLuxuryApp","LuxuryApp.Application.Modules.SystemLuxuryApp.SystemTenant.Notification.Services","SystemTenant\Notification\Services\SendSignalRService.cs"
