[    1198ms] [LOG] %c📦 [StorageService] Inicializando servicio de almacenamiento local... color: #3F51B5; font-style: italic; @ http://localhost:4200/chunk-UK35WVNJ.js:59
[    1199ms] [LOG] %c [AuthService] Verificando ruta inicial: /purchases/solicitud-compra-presentacion | Es publica: false color: #9C27B0; font-style: italic; @ http://localhost:4200/chunk-UK35WVNJ.js:59
[    1199ms] [LOG] %c [AuthService] Ruta no publica. Intentando login silencioso... color: #009688; font-style: italic; @ http://localhost:4200/chunk-UK35WVNJ.js:59
[    1204ms] [LOG] %c🚀 [Initializer] Starting application state initialization... color: purple; font-style: italic; @ http://localhost:4200/chunk-UK35WVNJ.js:59
[    1260ms] [ERROR] Failed to load resource: the server responded with a status of 401 (Unauthorized) @ http://localhost:7070/api/auth/refresh:0
[    1261ms] [LOG] %c🚫 Error en refreshToken, forzando logout local. color: red;font-style: italic HttpErrorResponse @ http://localhost:4200/chunk-UK35WVNJ.js:72
[    1262ms] [LOG] %c [AuthTrace] clearSession.before color: #03A9F4; font-style: italic; {at: 2026-09-20T22:38:40.020Z, applicationUserId: null, tokenCustomerId: null, roles: Array(0), customerAccessCount: 0} @ http://localhost:4200/chunk-UK35WVNJ.js:59
[    1263ms] [LOG] %c🔍 [StorageService] Recuperando valor para clave: 'customerId' color: #2196F3; font-style: italic; @ http://localhost:4200/chunk-UK35WVNJ.js:59
[    1263ms] [LOG] %c🟡 [StorageService] No se encontró valor para clave 'customerId' o es undefined. color: #FF9800; font-style: italic; @ http://localhost:4200/chunk-UK35WVNJ.js:59
[    1263ms] [LOG] %c [CustomerTrace] clearCustomerData.before color: #FF9800; font-style: italic; {at: 2026-09-20T22:38:40.021Z, state: Object, storedCustomerId: undefined} @ http://localhost:4200/chunk-UK35WVNJ.js:59
[    1263ms] [LOG] %c🧹 [StorageService] Limpiando clave específica: 'customerId' color: #FF5722; font-style: italic; @ http://localhost:4200/chunk-UK35WVNJ.js:59
[    1263ms] [LOG] %c✅ [StorageService] Clave 'customerId' ha sido limpiada. color: #9E9E9E; font-style: italic; @ http://localhost:4200/chunk-UK35WVNJ.js:59
[    1263ms] [LOG] %c🔍 [StorageService] Recuperando valor para clave: 'customerId' color: #2196F3; font-style: italic; @ http://localhost:4200/chunk-UK35WVNJ.js:59
[    1264ms] [LOG] %c🟡 [StorageService] No se encontró valor para clave 'customerId' o es undefined. color: #FF9800; font-style: italic; @ http://localhost:4200/chunk-UK35WVNJ.js:59
[    1264ms] [LOG] %c [CustomerTrace] clearCustomerData.after color: #FF9800; font-style: italic; {at: 2026-09-20T22:38:40.022Z, state: Object, storedCustomerId: undefined} @ http://localhost:4200/chunk-UK35WVNJ.js:59
[    1267ms] [LOG] %c [AuthTrace] trySilentLogin.finalize color: #8BC34A; font-style: italic; {at: 2026-09-20T22:38:40.025Z, isAuthenticated: false} @ http://localhost:4200/chunk-UK35WVNJ.js:59
[    1268ms] [LOG] %c🤷 [Initializer] No user session. Skipping customer state initialization. color: #9E9E9E; font-style: italic; @ http://localhost:4200/chunk-UK35WVNJ.js:59
[    1268ms] [LOG] %c✅ [Initializer] State initialization complete. color: green; font-style: italic; @ http://localhost:4200/chunk-UK35WVNJ.js:59
[    1342ms] [LOG] %c🔄 UpdateService: Inicializando servicio de actualizaciones color: blue; font-weight: bold; @ http://localhost:4200/chunk-VEHVAQA7.js:14
[    1342ms] [LOG] %c🔄 UpdateService: ❌ Service Worker NO habilitado color: red; font-weight: bold; @ http://localhost:4200/chunk-VEHVAQA7.js:26
[    1352ms] [LOG] %c🚀 [App] ¡Aplicación iniciada! Soy más ligero y rápido que nunca. color: #673AB7; font-style: italic; @ http://localhost:4200/chunk-UK35WVNJ.js:59
[    1357ms] [LOG] Angular is running in development mode. @ http://localhost:4200/@fs/D:/repos/luxuryapp-api/appsweb/angular/.angular/cache/22.1.8/luxury-app/vite/deps/core-gRj2gSiC.js?v=fc679455:9175
[    1427ms] [LOG] %c🔐 [SecurityService] Servicio de seguridad inicializado. color: #3F51B5; font-style: italic; @ http://localhost:4200/chunk-UK35WVNJ.js:59
[    1457ms] [LOG] %c [Login] Iniciando.. color: #607D8B; font-style: italic; @ http://localhost:4200/chunk-UK35WVNJ.js:59
[    1457ms] [LOG] %c [Login] Usando / como redireccion por defecto. color: #607D8B; font-style: italic; @ http://localhost:4200/chunk-UK35WVNJ.js:59
[    1457ms] [LOG] %c [Login] URL final de redireccion: / color: #2196F3; font-style: italic; @ http://localhost:4200/chunk-UK35WVNJ.js:59
[    1457ms] [LOG] %c🚪 [SecurityService] Limpiando datos de autenticación... color: #F44336; font-style: italic; @ http://localhost:4200/chunk-UK35WVNJ.js:59
[    1457ms] [LOG] %c🗑️ [StorageService] Eliminando clave: 'userAuthData' color: #F44336; font-style: italic; @ http://localhost:4200/chunk-UK35WVNJ.js:59
[    1458ms] [LOG] %c✅ [StorageService] Clave 'userAuthData' eliminada. color: #9E9E9E; font-style: italic; @ http://localhost:4200/chunk-UK35WVNJ.js:59
[    1458ms] [LOG] %c🗑️ [StorageService] Eliminando clave: 'accessToken' color: #F44336; font-style: italic; @ http://localhost:4200/chunk-UK35WVNJ.js:59
[    1458ms] [LOG] %c✅ [StorageService] Clave 'accessToken' eliminada. color: #9E9E9E; font-style: italic; @ http://localhost:4200/chunk-UK35WVNJ.js:59
[    1458ms] [LOG] %c🧹 [SecurityService] Datos de sesión eliminados: userAuthData y accessToken. color: #9E9E9E; font-style: italic; @ http://localhost:4200/chunk-UK35WVNJ.js:59
[    1458ms] [LOG] %c [Login] Datos de sesion previa eliminados. color: #9E9E9E; font-style: italic; @ http://localhost:4200/chunk-UK35WVNJ.js:59
[    1458ms] [LOG] %c🚪 [SecurityService] Limpiando datos de autenticación... color: #F44336; font-style: italic; @ http://localhost:4200/chunk-UK35WVNJ.js:59
[    1458ms] [LOG] %c🗑️ [StorageService] Eliminando clave: 'userAuthData' color: #F44336; font-style: italic; @ http://localhost:4200/chunk-UK35WVNJ.js:59
[    1458ms] [LOG] %c✅ [StorageService] Clave 'userAuthData' eliminada. color: #9E9E9E; font-style: italic; @ http://localhost:4200/chunk-UK35WVNJ.js:59
[    1458ms] [LOG] %c🗑️ [StorageService] Eliminando clave: 'accessToken' color: #F44336; font-style: italic; @ http://localhost:4200/chunk-UK35WVNJ.js:59
[    1459ms] [LOG] %c✅ [StorageService] Clave 'accessToken' eliminada. color: #9E9E9E; font-style: italic; @ http://localhost:4200/chunk-UK35WVNJ.js:59
[    1459ms] [LOG] %c🧹 [SecurityService] Datos de sesión eliminados: userAuthData y accessToken. color: #9E9E9E; font-style: italic; @ http://localhost:4200/chunk-UK35WVNJ.js:59
[    1537ms] [WARNING] NG0913: An image with src http://localhost:4200/assets/oficial/Logo%20Files/png/Color%20logo%20-%20no%20background.png has intrinsic file dimensions much larger than its rendered size. This can negatively impact application loading performance. For more information about addressing or disabling this warning, see https://v22.angular.dev/errors/NG0913. Find more at https://v22.angular.dev/errors/NG0913 @ http://localhost:4200/@fs/D:/repos/luxuryapp-api/appsweb/angular/.angular/cache/22.1.8/luxury-app/vite/deps/core-gRj2gSiC.js?v=fc679455:17980
[    1538ms] [WARNING] NG0913: An image with src http://localhost:4200/assets/oficial/Logo%20Files/png/Color%20logo%20-%20no%20background.png has intrinsic file dimensions much larger than its rendered size. This can negatively impact application loading performance. For more information about addressing or disabling this warning, see https://v22.angular.dev/errors/NG0913. Find more at https://v22.angular.dev/errors/NG0913 @ http://localhost:4200/@fs/D:/repos/luxuryapp-api/appsweb/angular/.angular/cache/22.1.8/luxury-app/vite/deps/core-gRj2gSiC.js?v=fc679455:17980
[    1538ms] [WARNING] NG0913: An image with src http://localhost:4200/assets/oficial/Logo%20Files/png/White%20logo%20-%20no%20background.png has intrinsic file dimensions much larger than its rendered size. This can negatively impact application loading performance. For more information about addressing or disabling this warning, see https://v22.angular.dev/errors/NG0913. Find more at https://v22.angular.dev/errors/NG0913 @ http://localhost:4200/@fs/D:/repos/luxuryapp-api/appsweb/angular/.angular/cache/22.1.8/luxury-app/vite/deps/core-gRj2gSiC.js?v=fc679455:17980
[    1553ms] [VERBOSE] [DOM] Input elements should have autocomplete attributes (suggested: "current-password"): (More info: https://goo.gl/9p2vKq) %o @ http://localhost:4200/auth/login:0
[ 1769387ms] [LOG] %c📦 [StorageService] Inicializando servicio de almacenamiento local... color: #3F51B5; font-style: italic; @ http://localhost:4200/chunk-UK35WVNJ.js:59
[ 1769389ms] [LOG] %c [AuthService] Verificando ruta inicial: /auth/login | Es publica: true color: #9C27B0; font-style: italic; @ http://localhost:4200/chunk-UK35WVNJ.js:59
[ 1769389ms] [LOG] %c [AuthService] Ruta publica detectada. Omitiendo login silencioso. color: #FFC107; font-style: italic; @ http://localhost:4200/chunk-UK35WVNJ.js:59
[ 1769390ms] [LOG] %c🚀 [Initializer] Starting application state initialization... color: purple; font-style: italic; @ http://localhost:4200/chunk-UK35WVNJ.js:59
[ 1769391ms] [LOG] %c🤷 [Initializer] No user session. Skipping customer state initialization. color: #9E9E9E; font-style: italic; @ http://localhost:4200/chunk-UK35WVNJ.js:59
[ 1769392ms] [LOG] %c✅ [Initializer] State initialization complete. color: green; font-style: italic; @ http://localhost:4200/chunk-UK35WVNJ.js:59
[ 1769611ms] [LOG] %c🔄 UpdateService: Inicializando servicio de actualizaciones color: blue; font-weight: bold; @ http://localhost:4200/chunk-VEHVAQA7.js:14
[ 1769611ms] [LOG] %c🔄 UpdateService: ❌ Service Worker NO habilitado color: red; font-weight: bold; @ http://localhost:4200/chunk-VEHVAQA7.js:26
[ 1769617ms] [LOG] %c🚀 [App] ¡Aplicación iniciada! Soy más ligero y rápido que nunca. color: #673AB7; font-style: italic; @ http://localhost:4200/chunk-UK35WVNJ.js:59
[ 1769622ms] [LOG] Angular is running in development mode. @ http://localhost:4200/@fs/D:/repos/luxuryapp-api/appsweb/angular/.angular/cache/22.1.8/luxury-app/vite/deps/core-gRj2gSiC.js?v=fc679455:9175
[ 1769774ms] [LOG] %c🔐 [SecurityService] Servicio de seguridad inicializado. color: #3F51B5; font-style: italic; @ http://localhost:4200/chunk-UK35WVNJ.js:59
[ 1769812ms] [LOG] %c [Login] Iniciando.. color: #607D8B; font-style: italic; @ http://localhost:4200/chunk-UK35WVNJ.js:59
[ 1769812ms] [LOG] %c [Login] Usando / como redireccion por defecto. color: #607D8B; font-style: italic; @ http://localhost:4200/chunk-UK35WVNJ.js:59
[ 1769813ms] [LOG] %c [Login] URL final de redireccion: / color: #2196F3; font-style: italic; @ http://localhost:4200/chunk-UK35WVNJ.js:59
[ 1769813ms] [LOG] %c🚪 [SecurityService] Limpiando datos de autenticación... color: #F44336; font-style: italic; @ http://localhost:4200/chunk-UK35WVNJ.js:59
[ 1769814ms] [LOG] %c🗑️ [StorageService] Eliminando clave: 'userAuthData' color: #F44336; font-style: italic; @ http://localhost:4200/chunk-UK35WVNJ.js:59
[ 1769814ms] [LOG] %c✅ [StorageService] Clave 'userAuthData' eliminada. color: #9E9E9E; font-style: italic; @ http://localhost:4200/chunk-UK35WVNJ.js:59
[ 1769814ms] [LOG] %c🗑️ [StorageService] Eliminando clave: 'accessToken' color: #F44336; font-style: italic; @ http://localhost:4200/chunk-UK35WVNJ.js:59
[ 1769814ms] [LOG] %c✅ [StorageService] Clave 'accessToken' eliminada. color: #9E9E9E; font-style: italic; @ http://localhost:4200/chunk-UK35WVNJ.js:59
[ 1769814ms] [LOG] %c🧹 [SecurityService] Datos de sesión eliminados: userAuthData y accessToken. color: #9E9E9E; font-style: italic; @ http://localhost:4200/chunk-UK35WVNJ.js:59
[ 1769815ms] [LOG] %c [Login] Datos de sesion previa eliminados. color: #9E9E9E; font-style: italic; @ http://localhost:4200/chunk-UK35WVNJ.js:59
[ 1769815ms] [LOG] %c🚪 [SecurityService] Limpiando datos de autenticación... color: #F44336; font-style: italic; @ http://localhost:4200/chunk-UK35WVNJ.js:59
[ 1769816ms] [LOG] %c🗑️ [StorageService] Eliminando clave: 'userAuthData' color: #F44336; font-style: italic; @ http://localhost:4200/chunk-UK35WVNJ.js:59
[ 1769816ms] [LOG] %c✅ [StorageService] Clave 'userAuthData' eliminada. color: #9E9E9E; font-style: italic; @ http://localhost:4200/chunk-UK35WVNJ.js:59
[ 1769817ms] [LOG] %c🗑️ [StorageService] Eliminando clave: 'accessToken' color: #F44336; font-style: italic; @ http://localhost:4200/chunk-UK35WVNJ.js:59
[ 1769817ms] [LOG] %c✅ [StorageService] Clave 'accessToken' eliminada. color: #9E9E9E; font-style: italic; @ http://localhost:4200/chunk-UK35WVNJ.js:59
[ 1769817ms] [LOG] %c🧹 [SecurityService] Datos de sesión eliminados: userAuthData y accessToken. color: #9E9E9E; font-style: italic; @ http://localhost:4200/chunk-UK35WVNJ.js:59
[ 1769918ms] [WARNING] NG0913: An image with src http://localhost:4200/assets/oficial/Logo%20Files/png/Color%20logo%20-%20no%20background.png has intrinsic file dimensions much larger than its rendered size. This can negatively impact application loading performance. For more information about addressing or disabling this warning, see https://v22.angular.dev/errors/NG0913. Find more at https://v22.angular.dev/errors/NG0913 @ http://localhost:4200/@fs/D:/repos/luxuryapp-api/appsweb/angular/.angular/cache/22.1.8/luxury-app/vite/deps/core-gRj2gSiC.js?v=fc679455:17980
[ 1769918ms] [WARNING] NG0913: An image with src http://localhost:4200/assets/oficial/Logo%20Files/png/Color%20logo%20-%20no%20background.png has intrinsic file dimensions much larger than its rendered size. This can negatively impact application loading performance. For more information about addressing or disabling this warning, see https://v22.angular.dev/errors/NG0913. Find more at https://v22.angular.dev/errors/NG0913 @ http://localhost:4200/@fs/D:/repos/luxuryapp-api/appsweb/angular/.angular/cache/22.1.8/luxury-app/vite/deps/core-gRj2gSiC.js?v=fc679455:17980
[ 1769919ms] [WARNING] NG0913: An image with src http://localhost:4200/assets/oficial/Logo%20Files/png/White%20logo%20-%20no%20background.png has intrinsic file dimensions much larger than its rendered size. This can negatively impact application loading performance. For more information about addressing or disabling this warning, see https://v22.angular.dev/errors/NG0913. Find more at https://v22.angular.dev/errors/NG0913 @ http://localhost:4200/@fs/D:/repos/luxuryapp-api/appsweb/angular/.angular/cache/22.1.8/luxury-app/vite/deps/core-gRj2gSiC.js?v=fc679455:17980
[ 1769925ms] [VERBOSE] [DOM] Input elements should have autocomplete attributes (suggested: "current-password"): (More info: https://goo.gl/9p2vKq) %o @ http://localhost:4200/auth/login:0
[ 2365362ms] [LOG] %c📦 [StorageService] Inicializando servicio de almacenamiento local... color: #3F51B5; font-style: italic; @ http://localhost:4200/chunk-UK35WVNJ.js:59
[ 2365365ms] [LOG] %c [AuthService] Verificando ruta inicial: /auth/login | Es publica: true color: #9C27B0; font-style: italic; @ http://localhost:4200/chunk-UK35WVNJ.js:59
[ 2365368ms] [LOG] %c [AuthService] Ruta publica detectada. Omitiendo login silencioso. color: #FFC107; font-style: italic; @ http://localhost:4200/chunk-UK35WVNJ.js:59
[ 2365373ms] [LOG] %c🚀 [Initializer] Starting application state initialization... color: purple; font-style: italic; @ http://localhost:4200/chunk-UK35WVNJ.js:59
[ 2365374ms] [LOG] %c🤷 [Initializer] No user session. Skipping customer state initialization. color: #9E9E9E; font-style: italic; @ http://localhost:4200/chunk-UK35WVNJ.js:59
[ 2365376ms] [LOG] %c✅ [Initializer] State initialization complete. color: green; font-style: italic; @ http://localhost:4200/chunk-UK35WVNJ.js:59
[ 2365497ms] [LOG] %c🔄 UpdateService: Inicializando servicio de actualizaciones color: blue; font-weight: bold; @ http://localhost:4200/chunk-VEHVAQA7.js:14
[ 2365497ms] [LOG] %c🔄 UpdateService: ❌ Service Worker NO habilitado color: red; font-weight: bold; @ http://localhost:4200/chunk-VEHVAQA7.js:26
[ 2365507ms] [LOG] %c🚀 [App] ¡Aplicación iniciada! Soy más ligero y rápido que nunca. color: #673AB7; font-style: italic; @ http://localhost:4200/chunk-UK35WVNJ.js:59
[ 2365523ms] [LOG] Angular is running in development mode. @ http://localhost:4200/@fs/D:/repos/luxuryapp-api/appsweb/angular/.angular/cache/22.1.8/luxury-app/vite/deps/core-gRj2gSiC.js?v=fc679455:9175
[ 2365951ms] [LOG] %c🔐 [SecurityService] Servicio de seguridad inicializado. color: #3F51B5; font-style: italic; @ http://localhost:4200/chunk-UK35WVNJ.js:59
[ 2366018ms] [LOG] %c [Login] Iniciando.. color: #607D8B; font-style: italic; @ http://localhost:4200/chunk-UK35WVNJ.js:59
[ 2366021ms] [LOG] %c [Login] Usando / como redireccion por defecto. color: #607D8B; font-style: italic; @ http://localhost:4200/chunk-UK35WVNJ.js:59
[ 2366021ms] [LOG] %c [Login] URL final de redireccion: / color: #2196F3; font-style: italic; @ http://localhost:4200/chunk-UK35WVNJ.js:59
[ 2366024ms] [LOG] %c🚪 [SecurityService] Limpiando datos de autenticación... color: #F44336; font-style: italic; @ http://localhost:4200/chunk-UK35WVNJ.js:59
[ 2366025ms] [LOG] %c🗑️ [StorageService] Eliminando clave: 'userAuthData' color: #F44336; font-style: italic; @ http://localhost:4200/chunk-UK35WVNJ.js:59
[ 2366026ms] [LOG] %c✅ [StorageService] Clave 'userAuthData' eliminada. color: #9E9E9E; font-style: italic; @ http://localhost:4200/chunk-UK35WVNJ.js:59
[ 2366029ms] [LOG] %c🗑️ [StorageService] Eliminando clave: 'accessToken' color: #F44336; font-style: italic; @ http://localhost:4200/chunk-UK35WVNJ.js:59
[ 2366030ms] [LOG] %c✅ [StorageService] Clave 'accessToken' eliminada. color: #9E9E9E; font-style: italic; @ http://localhost:4200/chunk-UK35WVNJ.js:59
[ 2366030ms] [LOG] %c🧹 [SecurityService] Datos de sesión eliminados: userAuthData y accessToken. color: #9E9E9E; font-style: italic; @ http://localhost:4200/chunk-UK35WVNJ.js:59
[ 2366031ms] [LOG] %c [Login] Datos de sesion previa eliminados. color: #9E9E9E; font-style: italic; @ http://localhost:4200/chunk-UK35WVNJ.js:59
[ 2366032ms] [LOG] %c🚪 [SecurityService] Limpiando datos de autenticación... color: #F44336; font-style: italic; @ http://localhost:4200/chunk-UK35WVNJ.js:59
[ 2366032ms] [LOG] %c🗑️ [StorageService] Eliminando clave: 'userAuthData' color: #F44336; font-style: italic; @ http://localhost:4200/chunk-UK35WVNJ.js:59
[ 2366033ms] [LOG] %c✅ [StorageService] Clave 'userAuthData' eliminada. color: #9E9E9E; font-style: italic; @ http://localhost:4200/chunk-UK35WVNJ.js:59
[ 2366033ms] [LOG] %c🗑️ [StorageService] Eliminando clave: 'accessToken' color: #F44336; font-style: italic; @ http://localhost:4200/chunk-UK35WVNJ.js:59
[ 2366034ms] [LOG] %c✅ [StorageService] Clave 'accessToken' eliminada. color: #9E9E9E; font-style: italic; @ http://localhost:4200/chunk-UK35WVNJ.js:59
[ 2366035ms] [LOG] %c🧹 [SecurityService] Datos de sesión eliminados: userAuthData y accessToken. color: #9E9E9E; font-style: italic; @ http://localhost:4200/chunk-UK35WVNJ.js:59
[ 2366141ms] [VERBOSE] [DOM] Input elements should have autocomplete attributes (suggested: "current-password"): (More info: https://goo.gl/9p2vKq) %o @ http://localhost:4200/auth/login:0
[ 5095131ms] [LOG] %c📦 [StorageService] Inicializando servicio de almacenamiento local... color: #3F51B5; font-style: italic; @ http://localhost:4200/chunk-UK35WVNJ.js:59
[ 5095134ms] [LOG] %c [AuthService] Verificando ruta inicial: /auth/login | Es publica: true color: #9C27B0; font-style: italic; @ http://localhost:4200/chunk-UK35WVNJ.js:59
[ 5095134ms] [LOG] %c [AuthService] Ruta publica detectada. Omitiendo login silencioso. color: #FFC107; font-style: italic; @ http://localhost:4200/chunk-UK35WVNJ.js:59
[ 5095135ms] [LOG] %c🚀 [Initializer] Starting application state initialization... color: purple; font-style: italic; @ http://localhost:4200/chunk-UK35WVNJ.js:59
[ 5095141ms] [LOG] %c🤷 [Initializer] No user session. Skipping customer state initialization. color: #9E9E9E; font-style: italic; @ http://localhost:4200/chunk-UK35WVNJ.js:59
[ 5095143ms] [LOG] %c✅ [Initializer] State initialization complete. color: green; font-style: italic; @ http://localhost:4200/chunk-UK35WVNJ.js:59
[ 5095187ms] [LOG] %c🔄 UpdateService: Inicializando servicio de actualizaciones color: blue; font-weight: bold; @ http://localhost:4200/chunk-VEHVAQA7.js:14
[ 5095188ms] [LOG] %c🔄 UpdateService: ❌ Service Worker NO habilitado color: red; font-weight: bold; @ http://localhost:4200/chunk-VEHVAQA7.js:26
[ 5095195ms] [LOG] %c🚀 [App] ¡Aplicación iniciada! Soy más ligero y rápido que nunca. color: #673AB7; font-style: italic; @ http://localhost:4200/chunk-UK35WVNJ.js:59
[ 5095203ms] [LOG] Angular is running in development mode. @ http://localhost:4200/@fs/D:/repos/luxuryapp-api/appsweb/angular/.angular/cache/22.1.8/luxury-app/vite/deps/core-gRj2gSiC.js?v=fc679455:9175
[ 5095371ms] [LOG] %c🔐 [SecurityService] Servicio de seguridad inicializado. color: #3F51B5; font-style: italic; @ http://localhost:4200/chunk-UK35WVNJ.js:59
[ 5095447ms] [LOG] %c [Login] Iniciando.. color: #607D8B; font-style: italic; @ http://localhost:4200/chunk-UK35WVNJ.js:59
[ 5095448ms] [LOG] %c [Login] Usando / como redireccion por defecto. color: #607D8B; font-style: italic; @ http://localhost:4200/chunk-UK35WVNJ.js:59
[ 5095449ms] [LOG] %c [Login] URL final de redireccion: / color: #2196F3; font-style: italic; @ http://localhost:4200/chunk-UK35WVNJ.js:59
[ 5095450ms] [LOG] %c🚪 [SecurityService] Limpiando datos de autenticación... color: #F44336; font-style: italic; @ http://localhost:4200/chunk-UK35WVNJ.js:59
[ 5095450ms] [LOG] %c🗑️ [StorageService] Eliminando clave: 'userAuthData' color: #F44336; font-style: italic; @ http://localhost:4200/chunk-UK35WVNJ.js:59
[ 5095451ms] [LOG] %c✅ [StorageService] Clave 'userAuthData' eliminada. color: #9E9E9E; font-style: italic; @ http://localhost:4200/chunk-UK35WVNJ.js:59
[ 5095451ms] [LOG] %c🗑️ [StorageService] Eliminando clave: 'accessToken' color: #F44336; font-style: italic; @ http://localhost:4200/chunk-UK35WVNJ.js:59
[ 5095452ms] [LOG] %c✅ [StorageService] Clave 'accessToken' eliminada. color: #9E9E9E; font-style: italic; @ http://localhost:4200/chunk-UK35WVNJ.js:59
[ 5095452ms] [LOG] %c🧹 [SecurityService] Datos de sesión eliminados: userAuthData y accessToken. color: #9E9E9E; font-style: italic; @ http://localhost:4200/chunk-UK35WVNJ.js:59
[ 5095453ms] [LOG] %c [Login] Datos de sesion previa eliminados. color: #9E9E9E; font-style: italic; @ http://localhost:4200/chunk-UK35WVNJ.js:59
[ 5095454ms] [LOG] %c🚪 [SecurityService] Limpiando datos de autenticación... color: #F44336; font-style: italic; @ http://localhost:4200/chunk-UK35WVNJ.js:59
[ 5095455ms] [LOG] %c🗑️ [StorageService] Eliminando clave: 'userAuthData' color: #F44336; font-style: italic; @ http://localhost:4200/chunk-UK35WVNJ.js:59
[ 5095455ms] [LOG] %c✅ [StorageService] Clave 'userAuthData' eliminada. color: #9E9E9E; font-style: italic; @ http://localhost:4200/chunk-UK35WVNJ.js:59
[ 5095456ms] [LOG] %c🗑️ [StorageService] Eliminando clave: 'accessToken' color: #F44336; font-style: italic; @ http://localhost:4200/chunk-UK35WVNJ.js:59
[ 5095457ms] [LOG] %c✅ [StorageService] Clave 'accessToken' eliminada. color: #9E9E9E; font-style: italic; @ http://localhost:4200/chunk-UK35WVNJ.js:59
[ 5095457ms] [LOG] %c🧹 [SecurityService] Datos de sesión eliminados: userAuthData y accessToken. color: #9E9E9E; font-style: italic; @ http://localhost:4200/chunk-UK35WVNJ.js:59
[ 5095605ms] [WARNING] NG0913: An image with src http://localhost:4200/assets/oficial/Logo%20Files/png/Color%20logo%20-%20no%20background.png has intrinsic file dimensions much larger than its rendered size. This can negatively impact application loading performance. For more information about addressing or disabling this warning, see https://v22.angular.dev/errors/NG0913. Find more at https://v22.angular.dev/errors/NG0913 @ http://localhost:4200/@fs/D:/repos/luxuryapp-api/appsweb/angular/.angular/cache/22.1.8/luxury-app/vite/deps/core-gRj2gSiC.js?v=fc679455:17980
[ 5095606ms] [WARNING] NG0913: An image with src http://localhost:4200/assets/oficial/Logo%20Files/png/Color%20logo%20-%20no%20background.png has intrinsic file dimensions much larger than its rendered size. This can negatively impact application loading performance. For more information about addressing or disabling this warning, see https://v22.angular.dev/errors/NG0913. Find more at https://v22.angular.dev/errors/NG0913 @ http://localhost:4200/@fs/D:/repos/luxuryapp-api/appsweb/angular/.angular/cache/22.1.8/luxury-app/vite/deps/core-gRj2gSiC.js?v=fc679455:17980
[ 5095606ms] [WARNING] NG0913: An image with src http://localhost:4200/assets/oficial/Logo%20Files/png/White%20logo%20-%20no%20background.png has intrinsic file dimensions much larger than its rendered size. This can negatively impact application loading performance. For more information about addressing or disabling this warning, see https://v22.angular.dev/errors/NG0913. Find more at https://v22.angular.dev/errors/NG0913 @ http://localhost:4200/@fs/D:/repos/luxuryapp-api/appsweb/angular/.angular/cache/22.1.8/luxury-app/vite/deps/core-gRj2gSiC.js?v=fc679455:17980
[ 5095639ms] [VERBOSE] [DOM] Input elements should have autocomplete attributes (suggested: "current-password"): (More info: https://goo.gl/9p2vKq) %o @ http://localhost:4200/auth/login:0
[ 5101059ms] [LOG] %c📦 [StorageService] Inicializando servicio de almacenamiento local... color: #3F51B5; font-style: italic; @ http://localhost:4200/chunk-UK35WVNJ.js:59
[ 5101061ms] [LOG] %c [AuthService] Verificando ruta inicial: /auth/login | Es publica: true color: #9C27B0; font-style: italic; @ http://localhost:4200/chunk-UK35WVNJ.js:59
[ 5101061ms] [LOG] %c [AuthService] Ruta publica detectada. Omitiendo login silencioso. color: #FFC107; font-style: italic; @ http://localhost:4200/chunk-UK35WVNJ.js:59
[ 5101061ms] [LOG] %c🚀 [Initializer] Starting application state initialization... color: purple; font-style: italic; @ http://localhost:4200/chunk-UK35WVNJ.js:59
[ 5101062ms] [LOG] %c🤷 [Initializer] No user session. Skipping customer state initialization. color: #9E9E9E; font-style: italic; @ http://localhost:4200/chunk-UK35WVNJ.js:59
[ 5101063ms] [LOG] %c✅ [Initializer] State initialization complete. color: green; font-style: italic; @ http://localhost:4200/chunk-UK35WVNJ.js:59
[ 5101106ms] [LOG] %c🔄 UpdateService: Inicializando servicio de actualizaciones color: blue; font-weight: bold; @ http://localhost:4200/chunk-VEHVAQA7.js:14
[ 5101107ms] [LOG] %c🔄 UpdateService: ❌ Service Worker NO habilitado color: red; font-weight: bold; @ http://localhost:4200/chunk-VEHVAQA7.js:26
[ 5101114ms] [LOG] %c🚀 [App] ¡Aplicación iniciada! Soy más ligero y rápido que nunca. color: #673AB7; font-style: italic; @ http://localhost:4200/chunk-UK35WVNJ.js:59
[ 5101121ms] [LOG] Angular is running in development mode. @ http://localhost:4200/@fs/D:/repos/luxuryapp-api/appsweb/angular/.angular/cache/22.1.8/luxury-app/vite/deps/core-gRj2gSiC.js?v=fc679455:9175
[ 5101373ms] [LOG] %c🔐 [SecurityService] Servicio de seguridad inicializado. color: #3F51B5; font-style: italic; @ http://localhost:4200/chunk-UK35WVNJ.js:59
[ 5101436ms] [LOG] %c [Login] Iniciando.. color: #607D8B; font-style: italic; @ http://localhost:4200/chunk-UK35WVNJ.js:59
[ 5101436ms] [LOG] %c [Login] Usando / como redireccion por defecto. color: #607D8B; font-style: italic; @ http://localhost:4200/chunk-UK35WVNJ.js:59
[ 5101437ms] [LOG] %c [Login] URL final de redireccion: / color: #2196F3; font-style: italic; @ http://localhost:4200/chunk-UK35WVNJ.js:59
[ 5101437ms] [LOG] %c🚪 [SecurityService] Limpiando datos de autenticación... color: #F44336; font-style: italic; @ http://localhost:4200/chunk-UK35WVNJ.js:59
[ 5101438ms] [LOG] %c🗑️ [StorageService] Eliminando clave: 'userAuthData' color: #F44336; font-style: italic; @ http://localhost:4200/chunk-UK35WVNJ.js:59
[ 5101439ms] [LOG] %c✅ [StorageService] Clave 'userAuthData' eliminada. color: #9E9E9E; font-style: italic; @ http://localhost:4200/chunk-UK35WVNJ.js:59
[ 5101440ms] [LOG] %c🗑️ [StorageService] Eliminando clave: 'accessToken' color: #F44336; font-style: italic; @ http://localhost:4200/chunk-UK35WVNJ.js:59
[ 5101441ms] [LOG] %c✅ [StorageService] Clave 'accessToken' eliminada. color: #9E9E9E; font-style: italic; @ http://localhost:4200/chunk-UK35WVNJ.js:59
[ 5101441ms] [LOG] %c🧹 [SecurityService] Datos de sesión eliminados: userAuthData y accessToken. color: #9E9E9E; font-style: italic; @ http://localhost:4200/chunk-UK35WVNJ.js:59
[ 5101442ms] [LOG] %c [Login] Datos de sesion previa eliminados. color: #9E9E9E; font-style: italic; @ http://localhost:4200/chunk-UK35WVNJ.js:59
[ 5101443ms] [LOG] %c🚪 [SecurityService] Limpiando datos de autenticación... color: #F44336; font-style: italic; @ http://localhost:4200/chunk-UK35WVNJ.js:59
[ 5101443ms] [LOG] %c🗑️ [StorageService] Eliminando clave: 'userAuthData' color: #F44336; font-style: italic; @ http://localhost:4200/chunk-UK35WVNJ.js:59
[ 5101444ms] [LOG] %c✅ [StorageService] Clave 'userAuthData' eliminada. color: #9E9E9E; font-style: italic; @ http://localhost:4200/chunk-UK35WVNJ.js:59
[ 5101444ms] [LOG] %c🗑️ [StorageService] Eliminando clave: 'accessToken' color: #F44336; font-style: italic; @ http://localhost:4200/chunk-UK35WVNJ.js:59
[ 5101445ms] [LOG] %c✅ [StorageService] Clave 'accessToken' eliminada. color: #9E9E9E; font-style: italic; @ http://localhost:4200/chunk-UK35WVNJ.js:59
[ 5101445ms] [LOG] %c🧹 [SecurityService] Datos de sesión eliminados: userAuthData y accessToken. color: #9E9E9E; font-style: italic; @ http://localhost:4200/chunk-UK35WVNJ.js:59
[ 5101570ms] [VERBOSE] [DOM] Input elements should have autocomplete attributes (suggested: "current-password"): (More info: https://goo.gl/9p2vKq) %o @ http://localhost:4200/auth/login:0
[ 5135069ms] [LOG] %c📦 [StorageService] Inicializando servicio de almacenamiento local... color: #3F51B5; font-style: italic; @ http://localhost:4200/chunk-UK35WVNJ.js:59
[ 5135070ms] [LOG] %c [AuthService] Verificando ruta inicial: /auth/login | Es publica: true color: #9C27B0; font-style: italic; @ http://localhost:4200/chunk-UK35WVNJ.js:59
[ 5135070ms] [LOG] %c [AuthService] Ruta publica detectada. Omitiendo login silencioso. color: #FFC107; font-style: italic; @ http://localhost:4200/chunk-UK35WVNJ.js:59
[ 5135071ms] [LOG] %c🚀 [Initializer] Starting application state initialization... color: purple; font-style: italic; @ http://localhost:4200/chunk-UK35WVNJ.js:59
[ 5135071ms] [LOG] %c🤷 [Initializer] No user session. Skipping customer state initialization. color: #9E9E9E; font-style: italic; @ http://localhost:4200/chunk-UK35WVNJ.js:59
[ 5135072ms] [LOG] %c✅ [Initializer] State initialization complete. color: green; font-style: italic; @ http://localhost:4200/chunk-UK35WVNJ.js:59
[ 5135104ms] [LOG] %c🔄 UpdateService: Inicializando servicio de actualizaciones color: blue; font-weight: bold; @ http://localhost:4200/chunk-VEHVAQA7.js:14
[ 5135104ms] [LOG] %c🔄 UpdateService: ❌ Service Worker NO habilitado color: red; font-weight: bold; @ http://localhost:4200/chunk-VEHVAQA7.js:26
[ 5135111ms] [LOG] %c🚀 [App] ¡Aplicación iniciada! Soy más ligero y rápido que nunca. color: #673AB7; font-style: italic; @ http://localhost:4200/chunk-UK35WVNJ.js:59
[ 5135116ms] [LOG] Angular is running in development mode. @ http://localhost:4200/@fs/D:/repos/luxuryapp-api/appsweb/angular/.angular/cache/22.1.8/luxury-app/vite/deps/core-gRj2gSiC.js?v=fc679455:9175
[ 5135242ms] [LOG] %c🔐 [SecurityService] Servicio de seguridad inicializado. color: #3F51B5; font-style: italic; @ http://localhost:4200/chunk-UK35WVNJ.js:59
[ 5135279ms] [LOG] %c [Login] Iniciando.. color: #607D8B; font-style: italic; @ http://localhost:4200/chunk-UK35WVNJ.js:59
[ 5135279ms] [LOG] %c [Login] Usando / como redireccion por defecto. color: #607D8B; font-style: italic; @ http://localhost:4200/chunk-UK35WVNJ.js:59
[ 5135280ms] [LOG] %c [Login] URL final de redireccion: / color: #2196F3; font-style: italic; @ http://localhost:4200/chunk-UK35WVNJ.js:59
[ 5135280ms] [LOG] %c🚪 [SecurityService] Limpiando datos de autenticación... color: #F44336; font-style: italic; @ http://localhost:4200/chunk-UK35WVNJ.js:59
[ 5135280ms] [LOG] %c🗑️ [StorageService] Eliminando clave: 'userAuthData' color: #F44336; font-style: italic; @ http://localhost:4200/chunk-UK35WVNJ.js:59
[ 5135280ms] [LOG] %c✅ [StorageService] Clave 'userAuthData' eliminada. color: #9E9E9E; font-style: italic; @ http://localhost:4200/chunk-UK35WVNJ.js:59
[ 5135281ms] [LOG] %c🗑️ [StorageService] Eliminando clave: 'accessToken' color: #F44336; font-style: italic; @ http://localhost:4200/chunk-UK35WVNJ.js:59
[ 5135281ms] [LOG] %c✅ [StorageService] Clave 'accessToken' eliminada. color: #9E9E9E; font-style: italic; @ http://localhost:4200/chunk-UK35WVNJ.js:59
[ 5135281ms] [LOG] %c🧹 [SecurityService] Datos de sesión eliminados: userAuthData y accessToken. color: #9E9E9E; font-style: italic; @ http://localhost:4200/chunk-UK35WVNJ.js:59
[ 5135282ms] [LOG] %c [Login] Datos de sesion previa eliminados. color: #9E9E9E; font-style: italic; @ http://localhost:4200/chunk-UK35WVNJ.js:59
[ 5135282ms] [LOG] %c🚪 [SecurityService] Limpiando datos de autenticación... color: #F44336; font-style: italic; @ http://localhost:4200/chunk-UK35WVNJ.js:59
[ 5135283ms] [LOG] %c🗑️ [StorageService] Eliminando clave: 'userAuthData' color: #F44336; font-style: italic; @ http://localhost:4200/chunk-UK35WVNJ.js:59
[ 5135283ms] [LOG] %c✅ [StorageService] Clave 'userAuthData' eliminada. color: #9E9E9E; font-style: italic; @ http://localhost:4200/chunk-UK35WVNJ.js:59
[ 5135284ms] [LOG] %c🗑️ [StorageService] Eliminando clave: 'accessToken' color: #F44336; font-style: italic; @ http://localhost:4200/chunk-UK35WVNJ.js:59
[ 5135284ms] [LOG] %c✅ [StorageService] Clave 'accessToken' eliminada. color: #9E9E9E; font-style: italic; @ http://localhost:4200/chunk-UK35WVNJ.js:59
[ 5135284ms] [LOG] %c🧹 [SecurityService] Datos de sesión eliminados: userAuthData y accessToken. color: #9E9E9E; font-style: italic; @ http://localhost:4200/chunk-UK35WVNJ.js:59
[ 5135362ms] [WARNING] NG0913: An image with src http://localhost:4200/assets/oficial/Logo%20Files/png/Color%20logo%20-%20no%20background.png has intrinsic file dimensions much larger than its rendered size. This can negatively impact application loading performance. For more information about addressing or disabling this warning, see https://v22.angular.dev/errors/NG0913. Find more at https://v22.angular.dev/errors/NG0913 @ http://localhost:4200/@fs/D:/repos/luxuryapp-api/appsweb/angular/.angular/cache/22.1.8/luxury-app/vite/deps/core-gRj2gSiC.js?v=fc679455:17980
[ 5135363ms] [WARNING] NG0913: An image with src http://localhost:4200/assets/oficial/Logo%20Files/png/Color%20logo%20-%20no%20background.png has intrinsic file dimensions much larger than its rendered size. This can negatively impact application loading performance. For more information about addressing or disabling this warning, see https://v22.angular.dev/errors/NG0913. Find more at https://v22.angular.dev/errors/NG0913 @ http://localhost:4200/@fs/D:/repos/luxuryapp-api/appsweb/angular/.angular/cache/22.1.8/luxury-app/vite/deps/core-gRj2gSiC.js?v=fc679455:17980
[ 5135363ms] [WARNING] NG0913: An image with src http://localhost:4200/assets/oficial/Logo%20Files/png/White%20logo%20-%20no%20background.png has intrinsic file dimensions much larger than its rendered size. This can negatively impact application loading performance. For more information about addressing or disabling this warning, see https://v22.angular.dev/errors/NG0913. Find more at https://v22.angular.dev/errors/NG0913 @ http://localhost:4200/@fs/D:/repos/luxuryapp-api/appsweb/angular/.angular/cache/22.1.8/luxury-app/vite/deps/core-gRj2gSiC.js?v=fc679455:17980
[ 5135372ms] [VERBOSE] [DOM] Input elements should have autocomplete attributes (suggested: "current-password"): (More info: https://goo.gl/9p2vKq) %o @ http://localhost:4200/auth/login:0
[ 5144882ms] [LOG] %c📦 [StorageService] Inicializando servicio de almacenamiento local... color: #3F51B5; font-style: italic; @ http://localhost:4200/chunk-UK35WVNJ.js:59
[ 5144884ms] [LOG] %c [AuthService] Verificando ruta inicial: /auth/login | Es publica: true color: #9C27B0; font-style: italic; @ http://localhost:4200/chunk-UK35WVNJ.js:59
[ 5144885ms] [LOG] %c [AuthService] Ruta publica detectada. Omitiendo login silencioso. color: #FFC107; font-style: italic; @ http://localhost:4200/chunk-UK35WVNJ.js:59
[ 5144886ms] [LOG] %c🚀 [Initializer] Starting application state initialization... color: purple; font-style: italic; @ http://localhost:4200/chunk-UK35WVNJ.js:59
[ 5144886ms] [LOG] %c🤷 [Initializer] No user session. Skipping customer state initialization. color: #9E9E9E; font-style: italic; @ http://localhost:4200/chunk-UK35WVNJ.js:59
[ 5144888ms] [LOG] %c✅ [Initializer] State initialization complete. color: green; font-style: italic; @ http://localhost:4200/chunk-UK35WVNJ.js:59
[ 5144950ms] [LOG] %c🔄 UpdateService: Inicializando servicio de actualizaciones color: blue; font-weight: bold; @ http://localhost:4200/chunk-VEHVAQA7.js:14
[ 5144951ms] [LOG] %c🔄 UpdateService: ❌ Service Worker NO habilitado color: red; font-weight: bold; @ http://localhost:4200/chunk-VEHVAQA7.js:26
[ 5144973ms] [LOG] %c🚀 [App] ¡Aplicación iniciada! Soy más ligero y rápido que nunca. color: #673AB7; font-style: italic; @ http://localhost:4200/chunk-UK35WVNJ.js:59
[ 5144981ms] [LOG] Angular is running in development mode. @ http://localhost:4200/@fs/D:/repos/luxuryapp-api/appsweb/angular/.angular/cache/22.1.8/luxury-app/vite/deps/core-gRj2gSiC.js?v=fc679455:9175
[ 5145222ms] [LOG] %c🔐 [SecurityService] Servicio de seguridad inicializado. color: #3F51B5; font-style: italic; @ http://localhost:4200/chunk-UK35WVNJ.js:59
[ 5145273ms] [LOG] %c [Login] Iniciando.. color: #607D8B; font-style: italic; @ http://localhost:4200/chunk-UK35WVNJ.js:59
[ 5145273ms] [LOG] %c [Login] Usando / como redireccion por defecto. color: #607D8B; font-style: italic; @ http://localhost:4200/chunk-UK35WVNJ.js:59
[ 5145274ms] [LOG] %c [Login] URL final de redireccion: / color: #2196F3; font-style: italic; @ http://localhost:4200/chunk-UK35WVNJ.js:59
[ 5145274ms] [LOG] %c🚪 [SecurityService] Limpiando datos de autenticación... color: #F44336; font-style: italic; @ http://localhost:4200/chunk-UK35WVNJ.js:59
[ 5145274ms] [LOG] %c🗑️ [StorageService] Eliminando clave: 'userAuthData' color: #F44336; font-style: italic; @ http://localhost:4200/chunk-UK35WVNJ.js:59
[ 5145275ms] [LOG] %c✅ [StorageService] Clave 'userAuthData' eliminada. color: #9E9E9E; font-style: italic; @ http://localhost:4200/chunk-UK35WVNJ.js:59
[ 5145276ms] [LOG] %c🗑️ [StorageService] Eliminando clave: 'accessToken' color: #F44336; font-style: italic; @ http://localhost:4200/chunk-UK35WVNJ.js:59
[ 5145276ms] [LOG] %c✅ [StorageService] Clave 'accessToken' eliminada. color: #9E9E9E; font-style: italic; @ http://localhost:4200/chunk-UK35WVNJ.js:59
[ 5145277ms] [LOG] %c🧹 [SecurityService] Datos de sesión eliminados: userAuthData y accessToken. color: #9E9E9E; font-style: italic; @ http://localhost:4200/chunk-UK35WVNJ.js:59
[ 5145277ms] [LOG] %c [Login] Datos de sesion previa eliminados. color: #9E9E9E; font-style: italic; @ http://localhost:4200/chunk-UK35WVNJ.js:59
[ 5145278ms] [LOG] %c🚪 [SecurityService] Limpiando datos de autenticación... color: #F44336; font-style: italic; @ http://localhost:4200/chunk-UK35WVNJ.js:59
[ 5145278ms] [LOG] %c🗑️ [StorageService] Eliminando clave: 'userAuthData' color: #F44336; font-style: italic; @ http://localhost:4200/chunk-UK35WVNJ.js:59
[ 5145279ms] [LOG] %c✅ [StorageService] Clave 'userAuthData' eliminada. color: #9E9E9E; font-style: italic; @ http://localhost:4200/chunk-UK35WVNJ.js:59
[ 5145279ms] [LOG] %c🗑️ [StorageService] Eliminando clave: 'accessToken' color: #F44336; font-style: italic; @ http://localhost:4200/chunk-UK35WVNJ.js:59
[ 5145279ms] [LOG] %c✅ [StorageService] Clave 'accessToken' eliminada. color: #9E9E9E; font-style: italic; @ http://localhost:4200/chunk-UK35WVNJ.js:59
[ 5145280ms] [LOG] %c🧹 [SecurityService] Datos de sesión eliminados: userAuthData y accessToken. color: #9E9E9E; font-style: italic; @ http://localhost:4200/chunk-UK35WVNJ.js:59
[ 5145382ms] [VERBOSE] [DOM] Input elements should have autocomplete attributes (suggested: "current-password"): (More info: https://goo.gl/9p2vKq) %o @ http://localhost:4200/auth/login:0
[ 5402967ms] [LOG] %c📦 [StorageService] Inicializando servicio de almacenamiento local... color: #3F51B5; font-style: italic; @ http://localhost:4200/chunk-SLMU3WP6.js:59
[ 5402968ms] [LOG] %c [AuthService] Verificando ruta inicial: /auth/login | Es publica: true color: #9C27B0; font-style: italic; @ http://localhost:4200/chunk-SLMU3WP6.js:59
[ 5402969ms] [LOG] %c [AuthService] Ruta publica detectada. Omitiendo login silencioso. color: #FFC107; font-style: italic; @ http://localhost:4200/chunk-SLMU3WP6.js:59
[ 5402969ms] [LOG] %c🚀 [Initializer] Starting application state initialization... color: purple; font-style: italic; @ http://localhost:4200/chunk-SLMU3WP6.js:59
[ 5402970ms] [LOG] %c🤷 [Initializer] No user session. Skipping customer state initialization. color: #9E9E9E; font-style: italic; @ http://localhost:4200/chunk-SLMU3WP6.js:59
[ 5402972ms] [LOG] %c✅ [Initializer] State initialization complete. color: green; font-style: italic; @ http://localhost:4200/chunk-SLMU3WP6.js:59
[ 5403048ms] [LOG] %c🔄 UpdateService: Inicializando servicio de actualizaciones color: blue; font-weight: bold; @ http://localhost:4200/chunk-XLGTN5UH.js:17
[ 5403049ms] [LOG] %c🔄 UpdateService: ❌ Service Worker NO habilitado color: red; font-weight: bold; @ http://localhost:4200/chunk-XLGTN5UH.js:33
[ 5403058ms] [LOG] %c🚀 [App] ¡Aplicación iniciada! Soy más ligero y rápido que nunca. color: #673AB7; font-style: italic; @ http://localhost:4200/chunk-SLMU3WP6.js:59
[ 5403069ms] [LOG] Angular is running in development mode. @ http://localhost:4200/@fs/D:/repos/luxuryapp-api/appsweb/angular/.angular/cache/22.1.8/luxury-app/vite/deps/core-gRj2gSiC.js?v=fc679455:9175
[ 5403416ms] [LOG] %c🔐 [SecurityService] Servicio de seguridad inicializado. color: #3F51B5; font-style: italic; @ http://localhost:4200/chunk-SLMU3WP6.js:59
[ 5403466ms] [LOG] %c [Login] Iniciando.. color: #607D8B; font-style: italic; @ http://localhost:4200/chunk-SLMU3WP6.js:59
[ 5403467ms] [LOG] %c [Login] Usando / como redireccion por defecto. color: #607D8B; font-style: italic; @ http://localhost:4200/chunk-SLMU3WP6.js:59
[ 5403467ms] [LOG] %c [Login] URL final de redireccion: / color: #2196F3; font-style: italic; @ http://localhost:4200/chunk-SLMU3WP6.js:59
[ 5403468ms] [LOG] %c🚪 [SecurityService] Limpiando datos de autenticación... color: #F44336; font-style: italic; @ http://localhost:4200/chunk-SLMU3WP6.js:59
[ 5403469ms] [LOG] %c🗑️ [StorageService] Eliminando clave: 'userAuthData' color: #F44336; font-style: italic; @ http://localhost:4200/chunk-SLMU3WP6.js:59
[ 5403470ms] [LOG] %c✅ [StorageService] Clave 'userAuthData' eliminada. color: #9E9E9E; font-style: italic; @ http://localhost:4200/chunk-SLMU3WP6.js:59
[ 5403470ms] [LOG] %c🗑️ [StorageService] Eliminando clave: 'accessToken' color: #F44336; font-style: italic; @ http://localhost:4200/chunk-SLMU3WP6.js:59
[ 5403470ms] [LOG] %c✅ [StorageService] Clave 'accessToken' eliminada. color: #9E9E9E; font-style: italic; @ http://localhost:4200/chunk-SLMU3WP6.js:59
[ 5403470ms] [LOG] %c🧹 [SecurityService] Datos de sesión eliminados: userAuthData y accessToken. color: #9E9E9E; font-style: italic; @ http://localhost:4200/chunk-SLMU3WP6.js:59
[ 5403471ms] [LOG] %c [Login] Datos de sesion previa eliminados. color: #9E9E9E; font-style: italic; @ http://localhost:4200/chunk-SLMU3WP6.js:59
[ 5403472ms] [LOG] %c🚪 [SecurityService] Limpiando datos de autenticación... color: #F44336; font-style: italic; @ http://localhost:4200/chunk-SLMU3WP6.js:59
[ 5403472ms] [LOG] %c🗑️ [StorageService] Eliminando clave: 'userAuthData' color: #F44336; font-style: italic; @ http://localhost:4200/chunk-SLMU3WP6.js:59
[ 5403472ms] [LOG] %c✅ [StorageService] Clave 'userAuthData' eliminada. color: #9E9E9E; font-style: italic; @ http://localhost:4200/chunk-SLMU3WP6.js:59
[ 5403473ms] [LOG] %c🗑️ [StorageService] Eliminando clave: 'accessToken' color: #F44336; font-style: italic; @ http://localhost:4200/chunk-SLMU3WP6.js:59
[ 5403473ms] [LOG] %c✅ [StorageService] Clave 'accessToken' eliminada. color: #9E9E9E; font-style: italic; @ http://localhost:4200/chunk-SLMU3WP6.js:59
[ 5403473ms] [LOG] %c🧹 [SecurityService] Datos de sesión eliminados: userAuthData y accessToken. color: #9E9E9E; font-style: italic; @ http://localhost:4200/chunk-SLMU3WP6.js:59
[ 5403558ms] [VERBOSE] [DOM] Input elements should have autocomplete attributes (suggested: "current-password"): (More info: https://goo.gl/9p2vKq) %o @ http://localhost:4200/auth/login:0
[ 5702084ms] [LOG] %c📦 [StorageService] Inicializando servicio de almacenamiento local... color: #3F51B5; font-style: italic; @ http://localhost:4200/chunk-KS4L4SXG.js:59
[ 5702086ms] [LOG] %c [AuthService] Verificando ruta inicial: /auth/login | Es publica: true color: #9C27B0; font-style: italic; @ http://localhost:4200/chunk-KS4L4SXG.js:59
[ 5702086ms] [LOG] %c [AuthService] Ruta publica detectada. Omitiendo login silencioso. color: #FFC107; font-style: italic; @ http://localhost:4200/chunk-KS4L4SXG.js:59
[ 5702087ms] [LOG] %c🚀 [Initializer] Starting application state initialization... color: purple; font-style: italic; @ http://localhost:4200/chunk-KS4L4SXG.js:59
[ 5702088ms] [LOG] %c🤷 [Initializer] No user session. Skipping customer state initialization. color: #9E9E9E; font-style: italic; @ http://localhost:4200/chunk-KS4L4SXG.js:59
[ 5702088ms] [LOG] %c✅ [Initializer] State initialization complete. color: green; font-style: italic; @ http://localhost:4200/chunk-KS4L4SXG.js:59
[ 5702362ms] [LOG] %c🔄 UpdateService: Inicializando servicio de actualizaciones color: blue; font-weight: bold; @ http://localhost:4200/chunk-XLGTN5UH.js:17
[ 5702362ms] [LOG] %c🔄 UpdateService: ❌ Service Worker NO habilitado color: red; font-weight: bold; @ http://localhost:4200/chunk-XLGTN5UH.js:33
[ 5702373ms] [LOG] %c🚀 [App] ¡Aplicación iniciada! Soy más ligero y rápido que nunca. color: #673AB7; font-style: italic; @ http://localhost:4200/chunk-KS4L4SXG.js:59
[ 5702378ms] [LOG] Angular is running in development mode. @ http://localhost:4200/@fs/D:/repos/luxuryapp-api/appsweb/angular/.angular/cache/22.1.8/luxury-app/vite/deps/core-gRj2gSiC.js?v=fc679455:9175
[ 5703781ms] [LOG] %c🔐 [SecurityService] Servicio de seguridad inicializado. color: #3F51B5; font-style: italic; @ http://localhost:4200/chunk-KS4L4SXG.js:59
[ 5703843ms] [LOG] %c [Login] Iniciando.. color: #607D8B; font-style: italic; @ http://localhost:4200/chunk-KS4L4SXG.js:59
[ 5703843ms] [LOG] %c [Login] Usando / como redireccion por defecto. color: #607D8B; font-style: italic; @ http://localhost:4200/chunk-KS4L4SXG.js:59
[ 5703844ms] [LOG] %c [Login] URL final de redireccion: / color: #2196F3; font-style: italic; @ http://localhost:4200/chunk-KS4L4SXG.js:59
[ 5703847ms] [LOG] %c🚪 [SecurityService] Limpiando datos de autenticación... color: #F44336; font-style: italic; @ http://localhost:4200/chunk-KS4L4SXG.js:59
[ 5703848ms] [LOG] %c🗑️ [StorageService] Eliminando clave: 'userAuthData' color: #F44336; font-style: italic; @ http://localhost:4200/chunk-KS4L4SXG.js:59
[ 5703849ms] [LOG] %c✅ [StorageService] Clave 'userAuthData' eliminada. color: #9E9E9E; font-style: italic; @ http://localhost:4200/chunk-KS4L4SXG.js:59
[ 5703852ms] [LOG] %c🗑️ [StorageService] Eliminando clave: 'accessToken' color: #F44336; font-style: italic; @ http://localhost:4200/chunk-KS4L4SXG.js:59
[ 5703852ms] [LOG] %c✅ [StorageService] Clave 'accessToken' eliminada. color: #9E9E9E; font-style: italic; @ http://localhost:4200/chunk-KS4L4SXG.js:59
[ 5703853ms] [LOG] %c🧹 [SecurityService] Datos de sesión eliminados: userAuthData y accessToken. color: #9E9E9E; font-style: italic; @ http://localhost:4200/chunk-KS4L4SXG.js:59
[ 5703853ms] [LOG] %c [Login] Datos de sesion previa eliminados. color: #9E9E9E; font-style: italic; @ http://localhost:4200/chunk-KS4L4SXG.js:59
[ 5703854ms] [LOG] %c🚪 [SecurityService] Limpiando datos de autenticación... color: #F44336; font-style: italic; @ http://localhost:4200/chunk-KS4L4SXG.js:59
[ 5703854ms] [LOG] %c🗑️ [StorageService] Eliminando clave: 'userAuthData' color: #F44336; font-style: italic; @ http://localhost:4200/chunk-KS4L4SXG.js:59
[ 5703854ms] [LOG] %c✅ [StorageService] Clave 'userAuthData' eliminada. color: #9E9E9E; font-style: italic; @ http://localhost:4200/chunk-KS4L4SXG.js:59
[ 5703855ms] [LOG] %c🗑️ [StorageService] Eliminando clave: 'accessToken' color: #F44336; font-style: italic; @ http://localhost:4200/chunk-KS4L4SXG.js:59
[ 5703855ms] [LOG] %c✅ [StorageService] Clave 'accessToken' eliminada. color: #9E9E9E; font-style: italic; @ http://localhost:4200/chunk-KS4L4SXG.js:59
[ 5703855ms] [LOG] %c🧹 [SecurityService] Datos de sesión eliminados: userAuthData y accessToken. color: #9E9E9E; font-style: italic; @ http://localhost:4200/chunk-KS4L4SXG.js:59
[ 5703930ms] [VERBOSE] [DOM] Input elements should have autocomplete attributes (suggested: "current-password"): (More info: https://goo.gl/9p2vKq) %o @ http://localhost:4200/auth/login:0
[ 5709523ms] [LOG] %c📦 [StorageService] Inicializando servicio de almacenamiento local... color: #3F51B5; font-style: italic; @ http://localhost:4200/chunk-KS4L4SXG.js:59
[ 5709525ms] [LOG] %c [AuthService] Verificando ruta inicial: /auth/login | Es publica: true color: #9C27B0; font-style: italic; @ http://localhost:4200/chunk-KS4L4SXG.js:59
[ 5709526ms] [LOG] %c [AuthService] Ruta publica detectada. Omitiendo login silencioso. color: #FFC107; font-style: italic; @ http://localhost:4200/chunk-KS4L4SXG.js:59
[ 5709526ms] [LOG] %c🚀 [Initializer] Starting application state initialization... color: purple; font-style: italic; @ http://localhost:4200/chunk-KS4L4SXG.js:59
[ 5709527ms] [LOG] %c🤷 [Initializer] No user session. Skipping customer state initialization. color: #9E9E9E; font-style: italic; @ http://localhost:4200/chunk-KS4L4SXG.js:59
[ 5709528ms] [LOG] %c✅ [Initializer] State initialization complete. color: green; font-style: italic; @ http://localhost:4200/chunk-KS4L4SXG.js:59
[ 5710110ms] [LOG] %c🔄 UpdateService: Inicializando servicio de actualizaciones color: blue; font-weight: bold; @ http://localhost:4200/chunk-XLGTN5UH.js:17
[ 5710111ms] [LOG] %c🔄 UpdateService: ❌ Service Worker NO habilitado color: red; font-weight: bold; @ http://localhost:4200/chunk-XLGTN5UH.js:33
[ 5710119ms] [LOG] %c🚀 [App] ¡Aplicación iniciada! Soy más ligero y rápido que nunca. color: #673AB7; font-style: italic; @ http://localhost:4200/chunk-KS4L4SXG.js:59
[ 5710125ms] [LOG] Angular is running in development mode. @ http://localhost:4200/@fs/D:/repos/luxuryapp-api/appsweb/angular/.angular/cache/22.1.8/luxury-app/vite/deps/core-gRj2gSiC.js?v=fc679455:9175
[ 5711007ms] [LOG] %c🔐 [SecurityService] Servicio de seguridad inicializado. color: #3F51B5; font-style: italic; @ http://localhost:4200/chunk-KS4L4SXG.js:59
[ 5711056ms] [LOG] %c [Login] Iniciando.. color: #607D8B; font-style: italic; @ http://localhost:4200/chunk-KS4L4SXG.js:59
[ 5711056ms] [LOG] %c [Login] Usando / como redireccion por defecto. color: #607D8B; font-style: italic; @ http://localhost:4200/chunk-KS4L4SXG.js:59
[ 5711057ms] [LOG] %c [Login] URL final de redireccion: / color: #2196F3; font-style: italic; @ http://localhost:4200/chunk-KS4L4SXG.js:59
[ 5711057ms] [LOG] %c🚪 [SecurityService] Limpiando datos de autenticación... color: #F44336; font-style: italic; @ http://localhost:4200/chunk-KS4L4SXG.js:59
[ 5711057ms] [LOG] %c🗑️ [StorageService] Eliminando clave: 'userAuthData' color: #F44336; font-style: italic; @ http://localhost:4200/chunk-KS4L4SXG.js:59
[ 5711058ms] [LOG] %c✅ [StorageService] Clave 'userAuthData' eliminada. color: #9E9E9E; font-style: italic; @ http://localhost:4200/chunk-KS4L4SXG.js:59
[ 5711058ms] [LOG] %c🗑️ [StorageService] Eliminando clave: 'accessToken' color: #F44336; font-style: italic; @ http://localhost:4200/chunk-KS4L4SXG.js:59
[ 5711058ms] [LOG] %c✅ [StorageService] Clave 'accessToken' eliminada. color: #9E9E9E; font-style: italic; @ http://localhost:4200/chunk-KS4L4SXG.js:59
[ 5711058ms] [LOG] %c🧹 [SecurityService] Datos de sesión eliminados: userAuthData y accessToken. color: #9E9E9E; font-style: italic; @ http://localhost:4200/chunk-KS4L4SXG.js:59
[ 5711058ms] [LOG] %c [Login] Datos de sesion previa eliminados. color: #9E9E9E; font-style: italic; @ http://localhost:4200/chunk-KS4L4SXG.js:59
[ 5711059ms] [LOG] %c🚪 [SecurityService] Limpiando datos de autenticación... color: #F44336; font-style: italic; @ http://localhost:4200/chunk-KS4L4SXG.js:59
[ 5711059ms] [LOG] %c🗑️ [StorageService] Eliminando clave: 'userAuthData' color: #F44336; font-style: italic; @ http://localhost:4200/chunk-KS4L4SXG.js:59
[ 5711059ms] [LOG] %c✅ [StorageService] Clave 'userAuthData' eliminada. color: #9E9E9E; font-style: italic; @ http://localhost:4200/chunk-KS4L4SXG.js:59
[ 5711060ms] [LOG] %c🗑️ [StorageService] Eliminando clave: 'accessToken' color: #F44336; font-style: italic; @ http://localhost:4200/chunk-KS4L4SXG.js:59
[ 5711060ms] [LOG] %c✅ [StorageService] Clave 'accessToken' eliminada. color: #9E9E9E; font-style: italic; @ http://localhost:4200/chunk-KS4L4SXG.js:59
[ 5711060ms] [LOG] %c🧹 [SecurityService] Datos de sesión eliminados: userAuthData y accessToken. color: #9E9E9E; font-style: italic; @ http://localhost:4200/chunk-KS4L4SXG.js:59
[ 5711166ms] [VERBOSE] [DOM] Input elements should have autocomplete attributes (suggested: "current-password"): (More info: https://goo.gl/9p2vKq) %o @ http://localhost:4200/auth/login:0
[ 5717888ms] [LOG] %c📦 [StorageService] Inicializando servicio de almacenamiento local... color: #3F51B5; font-style: italic; @ http://localhost:4200/chunk-6BQJQWGX.js:59
[ 5717890ms] [LOG] %c [AuthService] Verificando ruta inicial: /auth/login | Es publica: true color: #9C27B0; font-style: italic; @ http://localhost:4200/chunk-6BQJQWGX.js:59
[ 5717890ms] [LOG] %c [AuthService] Ruta publica detectada. Omitiendo login silencioso. color: #FFC107; font-style: italic; @ http://localhost:4200/chunk-6BQJQWGX.js:59
[ 5717890ms] [LOG] %c🚀 [Initializer] Starting application state initialization... color: purple; font-style: italic; @ http://localhost:4200/chunk-6BQJQWGX.js:59
[ 5717891ms] [LOG] %c🤷 [Initializer] No user session. Skipping customer state initialization. color: #9E9E9E; font-style: italic; @ http://localhost:4200/chunk-6BQJQWGX.js:59
[ 5717892ms] [LOG] %c✅ [Initializer] State initialization complete. color: green; font-style: italic; @ http://localhost:4200/chunk-6BQJQWGX.js:59
[ 5717969ms] [LOG] %c🔄 UpdateService: Inicializando servicio de actualizaciones color: blue; font-weight: bold; @ http://localhost:4200/chunk-WU4FC474.js:17
[ 5717970ms] [LOG] %c🔄 UpdateService: ❌ Service Worker NO habilitado color: red; font-weight: bold; @ http://localhost:4200/chunk-WU4FC474.js:33
[ 5717976ms] [LOG] %c🚀 [App] ¡Aplicación iniciada! Soy más ligero y rápido que nunca. color: #673AB7; font-style: italic; @ http://localhost:4200/chunk-6BQJQWGX.js:59
[ 5717983ms] [LOG] Angular is running in development mode. @ http://localhost:4200/@fs/D:/repos/luxuryapp-api/appsweb/angular/.angular/cache/22.1.8/luxury-app/vite/deps/core-gRj2gSiC.js?v=fc679455:9175
[ 5718226ms] [LOG] %c🔐 [SecurityService] Servicio de seguridad inicializado. color: #3F51B5; font-style: italic; @ http://localhost:4200/chunk-6BQJQWGX.js:59
[ 5718265ms] [LOG] %c [Login] Iniciando.. color: #607D8B; font-style: italic; @ http://localhost:4200/chunk-6BQJQWGX.js:59
[ 5718267ms] [LOG] %c [Login] Usando / como redireccion por defecto. color: #607D8B; font-style: italic; @ http://localhost:4200/chunk-6BQJQWGX.js:59
[ 5718268ms] [LOG] %c [Login] URL final de redireccion: / color: #2196F3; font-style: italic; @ http://localhost:4200/chunk-6BQJQWGX.js:59
[ 5718268ms] [LOG] %c🚪 [SecurityService] Limpiando datos de autenticación... color: #F44336; font-style: italic; @ http://localhost:4200/chunk-6BQJQWGX.js:59
[ 5718268ms] [LOG] %c🗑️ [StorageService] Eliminando clave: 'userAuthData' color: #F44336; font-style: italic; @ http://localhost:4200/chunk-6BQJQWGX.js:59
[ 5718269ms] [LOG] %c✅ [StorageService] Clave 'userAuthData' eliminada. color: #9E9E9E; font-style: italic; @ http://localhost:4200/chunk-6BQJQWGX.js:59
[ 5718269ms] [LOG] %c🗑️ [StorageService] Eliminando clave: 'accessToken' color: #F44336; font-style: italic; @ http://localhost:4200/chunk-6BQJQWGX.js:59
[ 5718269ms] [LOG] %c✅ [StorageService] Clave 'accessToken' eliminada. color: #9E9E9E; font-style: italic; @ http://localhost:4200/chunk-6BQJQWGX.js:59
[ 5718269ms] [LOG] %c🧹 [SecurityService] Datos de sesión eliminados: userAuthData y accessToken. color: #9E9E9E; font-style: italic; @ http://localhost:4200/chunk-6BQJQWGX.js:59
[ 5718270ms] [LOG] %c [Login] Datos de sesion previa eliminados. color: #9E9E9E; font-style: italic; @ http://localhost:4200/chunk-6BQJQWGX.js:59
[ 5718270ms] [LOG] %c🚪 [SecurityService] Limpiando datos de autenticación... color: #F44336; font-style: italic; @ http://localhost:4200/chunk-6BQJQWGX.js:59
[ 5718271ms] [LOG] %c🗑️ [StorageService] Eliminando clave: 'userAuthData' color: #F44336; font-style: italic; @ http://localhost:4200/chunk-6BQJQWGX.js:59
[ 5718271ms] [LOG] %c✅ [StorageService] Clave 'userAuthData' eliminada. color: #9E9E9E; font-style: italic; @ http://localhost:4200/chunk-6BQJQWGX.js:59
[ 5718272ms] [LOG] %c🗑️ [StorageService] Eliminando clave: 'accessToken' color: #F44336; font-style: italic; @ http://localhost:4200/chunk-6BQJQWGX.js:59
[ 5718273ms] [LOG] %c✅ [StorageService] Clave 'accessToken' eliminada. color: #9E9E9E; font-style: italic; @ http://localhost:4200/chunk-6BQJQWGX.js:59
[ 5718274ms] [LOG] %c🧹 [SecurityService] Datos de sesión eliminados: userAuthData y accessToken. color: #9E9E9E; font-style: italic; @ http://localhost:4200/chunk-6BQJQWGX.js:59
[ 5718393ms] [VERBOSE] [DOM] Input elements should have autocomplete attributes (suggested: "current-password"): (More info: https://goo.gl/9p2vKq) %o @ http://localhost:4200/auth/login:0
[ 7292446ms] [LOG] %c📦 [StorageService] Inicializando servicio de almacenamiento local... color: #3F51B5; font-style: italic; @ http://localhost:4200/chunk-XGIOEOMU.js:2909
[ 7292450ms] [LOG] %c [AuthService] Verificando ruta inicial: /auth/login | Es publica: true color: #9C27B0; font-style: italic; @ http://localhost:4200/chunk-XGIOEOMU.js:2909
[ 7292452ms] [LOG] %c [AuthService] Ruta publica detectada. Omitiendo login silencioso. color: #FFC107; font-style: italic; @ http://localhost:4200/chunk-XGIOEOMU.js:2909
[ 7292453ms] [LOG] %c🚀 [Initializer] Starting application state initialization... color: purple; font-style: italic; @ http://localhost:4200/chunk-XGIOEOMU.js:2909
[ 7292454ms] [LOG] %c🤷 [Initializer] No user session. Skipping customer state initialization. color: #9E9E9E; font-style: italic; @ http://localhost:4200/chunk-XGIOEOMU.js:2909
[ 7292456ms] [LOG] %c✅ [Initializer] State initialization complete. color: green; font-style: italic; @ http://localhost:4200/chunk-XGIOEOMU.js:2909
[ 7292845ms] [LOG] %c🔄 UpdateService: Inicializando servicio de actualizaciones color: blue; font-weight: bold; @ http://localhost:4200/chunk-WU4FC474.js:17
[ 7292846ms] [LOG] %c🔄 UpdateService: ❌ Service Worker NO habilitado color: red; font-weight: bold; @ http://localhost:4200/chunk-WU4FC474.js:33
[ 7292857ms] [LOG] %c🚀 [App] ¡Aplicación iniciada! Soy más ligero y rápido que nunca. color: #673AB7; font-style: italic; @ http://localhost:4200/chunk-XGIOEOMU.js:2909
[ 7292889ms] [LOG] Angular is running in development mode. @ http://localhost:4200/@fs/D:/repos/luxuryapp-api/appsweb/angular/.angular/cache/22.1.8/luxury-app/vite/deps/core-gRj2gSiC.js?v=fc679455:9175
[ 7293322ms] [LOG] %c🔐 [SecurityService] Servicio de seguridad inicializado. color: #3F51B5; font-style: italic; @ http://localhost:4200/chunk-XGIOEOMU.js:2909
[ 7293389ms] [LOG] %c [Login] Iniciando.. color: #607D8B; font-style: italic; @ http://localhost:4200/chunk-XGIOEOMU.js:2909
[ 7293390ms] [LOG] %c [Login] Usando / como redireccion por defecto. color: #607D8B; font-style: italic; @ http://localhost:4200/chunk-XGIOEOMU.js:2909
[ 7293391ms] [LOG] %c [Login] URL final de redireccion: / color: #2196F3; font-style: italic; @ http://localhost:4200/chunk-XGIOEOMU.js:2909
[ 7293392ms] [LOG] %c🚪 [SecurityService] Limpiando datos de autenticación... color: #F44336; font-style: italic; @ http://localhost:4200/chunk-XGIOEOMU.js:2909
[ 7293394ms] [LOG] %c🗑️ [StorageService] Eliminando clave: 'userAuthData' color: #F44336; font-style: italic; @ http://localhost:4200/chunk-XGIOEOMU.js:2909
[ 7293394ms] [LOG] %c✅ [StorageService] Clave 'userAuthData' eliminada. color: #9E9E9E; font-style: italic; @ http://localhost:4200/chunk-XGIOEOMU.js:2909
[ 7293395ms] [LOG] %c🗑️ [StorageService] Eliminando clave: 'accessToken' color: #F44336; font-style: italic; @ http://localhost:4200/chunk-XGIOEOMU.js:2909
[ 7293396ms] [LOG] %c✅ [StorageService] Clave 'accessToken' eliminada. color: #9E9E9E; font-style: italic; @ http://localhost:4200/chunk-XGIOEOMU.js:2909
[ 7293397ms] [LOG] %c🧹 [SecurityService] Datos de sesión eliminados: userAuthData y accessToken. color: #9E9E9E; font-style: italic; @ http://localhost:4200/chunk-XGIOEOMU.js:2909
[ 7293397ms] [LOG] %c [Login] Datos de sesion previa eliminados. color: #9E9E9E; font-style: italic; @ http://localhost:4200/chunk-XGIOEOMU.js:2909
[ 7293399ms] [LOG] %c🚪 [SecurityService] Limpiando datos de autenticación... color: #F44336; font-style: italic; @ http://localhost:4200/chunk-XGIOEOMU.js:2909
[ 7293399ms] [LOG] %c🗑️ [StorageService] Eliminando clave: 'userAuthData' color: #F44336; font-style: italic; @ http://localhost:4200/chunk-XGIOEOMU.js:2909
[ 7293400ms] [LOG] %c✅ [StorageService] Clave 'userAuthData' eliminada. color: #9E9E9E; font-style: italic; @ http://localhost:4200/chunk-XGIOEOMU.js:2909
[ 7293400ms] [LOG] %c🗑️ [StorageService] Eliminando clave: 'accessToken' color: #F44336; font-style: italic; @ http://localhost:4200/chunk-XGIOEOMU.js:2909
[ 7293401ms] [LOG] %c✅ [StorageService] Clave 'accessToken' eliminada. color: #9E9E9E; font-style: italic; @ http://localhost:4200/chunk-XGIOEOMU.js:2909
[ 7293401ms] [LOG] %c🧹 [SecurityService] Datos de sesión eliminados: userAuthData y accessToken. color: #9E9E9E; font-style: italic; @ http://localhost:4200/chunk-XGIOEOMU.js:2909
[ 7293505ms] [VERBOSE] [DOM] Input elements should have autocomplete attributes (suggested: "current-password"): (More info: https://goo.gl/9p2vKq) %o @ http://localhost:4200/auth/login:0
[ 7301615ms] [LOG] %c📦 [StorageService] Inicializando servicio de almacenamiento local... color: #3F51B5; font-style: italic; @ http://localhost:4200/chunk-XGIOEOMU.js:2909
[ 7301619ms] [LOG] %c [AuthService] Verificando ruta inicial: /auth/login | Es publica: true color: #9C27B0; font-style: italic; @ http://localhost:4200/chunk-XGIOEOMU.js:2909
[ 7301619ms] [LOG] %c [AuthService] Ruta publica detectada. Omitiendo login silencioso. color: #FFC107; font-style: italic; @ http://localhost:4200/chunk-XGIOEOMU.js:2909
[ 7301620ms] [LOG] %c🚀 [Initializer] Starting application state initialization... color: purple; font-style: italic; @ http://localhost:4200/chunk-XGIOEOMU.js:2909
[ 7301620ms] [LOG] %c🤷 [Initializer] No user session. Skipping customer state initialization. color: #9E9E9E; font-style: italic; @ http://localhost:4200/chunk-XGIOEOMU.js:2909
[ 7301621ms] [LOG] %c✅ [Initializer] State initialization complete. color: green; font-style: italic; @ http://localhost:4200/chunk-XGIOEOMU.js:2909
[ 7301715ms] [LOG] %c🔄 UpdateService: Inicializando servicio de actualizaciones color: blue; font-weight: bold; @ http://localhost:4200/chunk-WU4FC474.js:17
[ 7301716ms] [LOG] %c🔄 UpdateService: ❌ Service Worker NO habilitado color: red; font-weight: bold; @ http://localhost:4200/chunk-WU4FC474.js:33
[ 7301728ms] [LOG] %c🚀 [App] ¡Aplicación iniciada! Soy más ligero y rápido que nunca. color: #673AB7; font-style: italic; @ http://localhost:4200/chunk-XGIOEOMU.js:2909
[ 7301737ms] [LOG] Angular is running in development mode. @ http://localhost:4200/@fs/D:/repos/luxuryapp-api/appsweb/angular/.angular/cache/22.1.8/luxury-app/vite/deps/core-gRj2gSiC.js?v=fc679455:9175
[ 7302112ms] [LOG] %c🔐 [SecurityService] Servicio de seguridad inicializado. color: #3F51B5; font-style: italic; @ http://localhost:4200/chunk-XGIOEOMU.js:2909
[ 7302160ms] [LOG] %c [Login] Iniciando.. color: #607D8B; font-style: italic; @ http://localhost:4200/chunk-XGIOEOMU.js:2909
[ 7302160ms] [LOG] %c [Login] Usando / como redireccion por defecto. color: #607D8B; font-style: italic; @ http://localhost:4200/chunk-XGIOEOMU.js:2909
[ 7302160ms] [LOG] %c [Login] URL final de redireccion: / color: #2196F3; font-style: italic; @ http://localhost:4200/chunk-XGIOEOMU.js:2909
[ 7302161ms] [LOG] %c🚪 [SecurityService] Limpiando datos de autenticación... color: #F44336; font-style: italic; @ http://localhost:4200/chunk-XGIOEOMU.js:2909
[ 7302161ms] [LOG] %c🗑️ [StorageService] Eliminando clave: 'userAuthData' color: #F44336; font-style: italic; @ http://localhost:4200/chunk-XGIOEOMU.js:2909
[ 7302161ms] [LOG] %c✅ [StorageService] Clave 'userAuthData' eliminada. color: #9E9E9E; font-style: italic; @ http://localhost:4200/chunk-XGIOEOMU.js:2909
[ 7302161ms] [LOG] %c🗑️ [StorageService] Eliminando clave: 'accessToken' color: #F44336; font-style: italic; @ http://localhost:4200/chunk-XGIOEOMU.js:2909
[ 7302162ms] [LOG] %c✅ [StorageService] Clave 'accessToken' eliminada. color: #9E9E9E; font-style: italic; @ http://localhost:4200/chunk-XGIOEOMU.js:2909
[ 7302162ms] [LOG] %c🧹 [SecurityService] Datos de sesión eliminados: userAuthData y accessToken. color: #9E9E9E; font-style: italic; @ http://localhost:4200/chunk-XGIOEOMU.js:2909
[ 7302162ms] [LOG] %c [Login] Datos de sesion previa eliminados. color: #9E9E9E; font-style: italic; @ http://localhost:4200/chunk-XGIOEOMU.js:2909
[ 7302163ms] [LOG] %c🚪 [SecurityService] Limpiando datos de autenticación... color: #F44336; font-style: italic; @ http://localhost:4200/chunk-XGIOEOMU.js:2909
[ 7302163ms] [LOG] %c🗑️ [StorageService] Eliminando clave: 'userAuthData' color: #F44336; font-style: italic; @ http://localhost:4200/chunk-XGIOEOMU.js:2909
[ 7302164ms] [LOG] %c✅ [StorageService] Clave 'userAuthData' eliminada. color: #9E9E9E; font-style: italic; @ http://localhost:4200/chunk-XGIOEOMU.js:2909
[ 7302164ms] [LOG] %c🗑️ [StorageService] Eliminando clave: 'accessToken' color: #F44336; font-style: italic; @ http://localhost:4200/chunk-XGIOEOMU.js:2909
[ 7302164ms] [LOG] %c✅ [StorageService] Clave 'accessToken' eliminada. color: #9E9E9E; font-style: italic; @ http://localhost:4200/chunk-XGIOEOMU.js:2909
[ 7302164ms] [LOG] %c🧹 [SecurityService] Datos de sesión eliminados: userAuthData y accessToken. color: #9E9E9E; font-style: italic; @ http://localhost:4200/chunk-XGIOEOMU.js:2909
[ 7302269ms] [VERBOSE] [DOM] Input elements should have autocomplete attributes (suggested: "current-password"): (More info: https://goo.gl/9p2vKq) %o @ http://localhost:4200/auth/login:0
[ 7312831ms] [LOG] %c📦 [StorageService] Inicializando servicio de almacenamiento local... color: #3F51B5; font-style: italic; @ http://localhost:4200/chunk-XGIOEOMU.js:2909
[ 7312833ms] [LOG] %c [AuthService] Verificando ruta inicial: /auth/login | Es publica: true color: #9C27B0; font-style: italic; @ http://localhost:4200/chunk-XGIOEOMU.js:2909
[ 7312834ms] [LOG] %c [AuthService] Ruta publica detectada. Omitiendo login silencioso. color: #FFC107; font-style: italic; @ http://localhost:4200/chunk-XGIOEOMU.js:2909
[ 7312835ms] [LOG] %c🚀 [Initializer] Starting application state initialization... color: purple; font-style: italic; @ http://localhost:4200/chunk-XGIOEOMU.js:2909
[ 7312836ms] [LOG] %c🤷 [Initializer] No user session. Skipping customer state initialization. color: #9E9E9E; font-style: italic; @ http://localhost:4200/chunk-XGIOEOMU.js:2909
[ 7312838ms] [LOG] %c✅ [Initializer] State initialization complete. color: green; font-style: italic; @ http://localhost:4200/chunk-XGIOEOMU.js:2909
[ 7312933ms] [LOG] %c🔄 UpdateService: Inicializando servicio de actualizaciones color: blue; font-weight: bold; @ http://localhost:4200/chunk-WU4FC474.js:17
[ 7312934ms] [LOG] %c🔄 UpdateService: ❌ Service Worker NO habilitado color: red; font-weight: bold; @ http://localhost:4200/chunk-WU4FC474.js:33
[ 7312942ms] [LOG] %c🚀 [App] ¡Aplicación iniciada! Soy más ligero y rápido que nunca. color: #673AB7; font-style: italic; @ http://localhost:4200/chunk-XGIOEOMU.js:2909
[ 7312952ms] [LOG] Angular is running in development mode. @ http://localhost:4200/@fs/D:/repos/luxuryapp-api/appsweb/angular/.angular/cache/22.1.8/luxury-app/vite/deps/core-gRj2gSiC.js?v=fc679455:9175
[ 7313191ms] [LOG] %c🔐 [SecurityService] Servicio de seguridad inicializado. color: #3F51B5; font-style: italic; @ http://localhost:4200/chunk-XGIOEOMU.js:2909
[ 7313264ms] [LOG] %c [Login] Iniciando.. color: #607D8B; font-style: italic; @ http://localhost:4200/chunk-XGIOEOMU.js:2909
[ 7313265ms] [LOG] %c [Login] Usando / como redireccion por defecto. color: #607D8B; font-style: italic; @ http://localhost:4200/chunk-XGIOEOMU.js:2909
[ 7313267ms] [LOG] %c [Login] URL final de redireccion: / color: #2196F3; font-style: italic; @ http://localhost:4200/chunk-XGIOEOMU.js:2909
[ 7313267ms] [LOG] %c🚪 [SecurityService] Limpiando datos de autenticación... color: #F44336; font-style: italic; @ http://localhost:4200/chunk-XGIOEOMU.js:2909
[ 7313267ms] [LOG] %c🗑️ [StorageService] Eliminando clave: 'userAuthData' color: #F44336; font-style: italic; @ http://localhost:4200/chunk-XGIOEOMU.js:2909
[ 7313268ms] [LOG] %c✅ [StorageService] Clave 'userAuthData' eliminada. color: #9E9E9E; font-style: italic; @ http://localhost:4200/chunk-XGIOEOMU.js:2909
[ 7313268ms] [LOG] %c🗑️ [StorageService] Eliminando clave: 'accessToken' color: #F44336; font-style: italic; @ http://localhost:4200/chunk-XGIOEOMU.js:2909
[ 7313269ms] [LOG] %c✅ [StorageService] Clave 'accessToken' eliminada. color: #9E9E9E; font-style: italic; @ http://localhost:4200/chunk-XGIOEOMU.js:2909
[ 7313269ms] [LOG] %c🧹 [SecurityService] Datos de sesión eliminados: userAuthData y accessToken. color: #9E9E9E; font-style: italic; @ http://localhost:4200/chunk-XGIOEOMU.js:2909
[ 7313269ms] [LOG] %c [Login] Datos de sesion previa eliminados. color: #9E9E9E; font-style: italic; @ http://localhost:4200/chunk-XGIOEOMU.js:2909
[ 7313270ms] [LOG] %c🚪 [SecurityService] Limpiando datos de autenticación... color: #F44336; font-style: italic; @ http://localhost:4200/chunk-XGIOEOMU.js:2909
[ 7313270ms] [LOG] %c🗑️ [StorageService] Eliminando clave: 'userAuthData' color: #F44336; font-style: italic; @ http://localhost:4200/chunk-XGIOEOMU.js:2909
[ 7313271ms] [LOG] %c✅ [StorageService] Clave 'userAuthData' eliminada. color: #9E9E9E; font-style: italic; @ http://localhost:4200/chunk-XGIOEOMU.js:2909
[ 7313272ms] [LOG] %c🗑️ [StorageService] Eliminando clave: 'accessToken' color: #F44336; font-style: italic; @ http://localhost:4200/chunk-XGIOEOMU.js:2909
[ 7313272ms] [LOG] %c✅ [StorageService] Clave 'accessToken' eliminada. color: #9E9E9E; font-style: italic; @ http://localhost:4200/chunk-XGIOEOMU.js:2909
[ 7313273ms] [LOG] %c🧹 [SecurityService] Datos de sesión eliminados: userAuthData y accessToken. color: #9E9E9E; font-style: italic; @ http://localhost:4200/chunk-XGIOEOMU.js:2909
[ 7313371ms] [VERBOSE] [DOM] Input elements should have autocomplete attributes (suggested: "current-password"): (More info: https://goo.gl/9p2vKq) %o @ http://localhost:4200/auth/login:0
[ 7405240ms] [LOG] %c📦 [StorageService] Inicializando servicio de almacenamiento local... color: #3F51B5; font-style: italic; @ http://localhost:4200/chunk-XGIOEOMU.js:2909
[ 7405242ms] [LOG] %c [AuthService] Verificando ruta inicial: /auth/login | Es publica: true color: #9C27B0; font-style: italic; @ http://localhost:4200/chunk-XGIOEOMU.js:2909
[ 7405242ms] [LOG] %c [AuthService] Ruta publica detectada. Omitiendo login silencioso. color: #FFC107; font-style: italic; @ http://localhost:4200/chunk-XGIOEOMU.js:2909
[ 7405243ms] [LOG] %c🚀 [Initializer] Starting application state initialization... color: purple; font-style: italic; @ http://localhost:4200/chunk-XGIOEOMU.js:2909
[ 7405243ms] [LOG] %c🤷 [Initializer] No user session. Skipping customer state initialization. color: #9E9E9E; font-style: italic; @ http://localhost:4200/chunk-XGIOEOMU.js:2909
[ 7405244ms] [LOG] %c✅ [Initializer] State initialization complete. color: green; font-style: italic; @ http://localhost:4200/chunk-XGIOEOMU.js:2909
[ 7405317ms] [LOG] %c🔄 UpdateService: Inicializando servicio de actualizaciones color: blue; font-weight: bold; @ http://localhost:4200/chunk-WU4FC474.js:17
[ 7405318ms] [LOG] %c🔄 UpdateService: ❌ Service Worker NO habilitado color: red; font-weight: bold; @ http://localhost:4200/chunk-WU4FC474.js:33
[ 7405326ms] [LOG] %c🚀 [App] ¡Aplicación iniciada! Soy más ligero y rápido que nunca. color: #673AB7; font-style: italic; @ http://localhost:4200/chunk-XGIOEOMU.js:2909
[ 7405336ms] [LOG] Angular is running in development mode. @ http://localhost:4200/@fs/D:/repos/luxuryapp-api/appsweb/angular/.angular/cache/22.1.8/luxury-app/vite/deps/core-gRj2gSiC.js?v=fc679455:9175
[ 7405764ms] [LOG] %c🔐 [SecurityService] Servicio de seguridad inicializado. color: #3F51B5; font-style: italic; @ http://localhost:4200/chunk-XGIOEOMU.js:2909
[ 7405832ms] [LOG] %c [Login] Iniciando.. color: #607D8B; font-style: italic; @ http://localhost:4200/chunk-XGIOEOMU.js:2909
[ 7405833ms] [LOG] %c [Login] Usando / como redireccion por defecto. color: #607D8B; font-style: italic; @ http://localhost:4200/chunk-XGIOEOMU.js:2909
[ 7405834ms] [LOG] %c [Login] URL final de redireccion: / color: #2196F3; font-style: italic; @ http://localhost:4200/chunk-XGIOEOMU.js:2909
[ 7405834ms] [LOG] %c🚪 [SecurityService] Limpiando datos de autenticación... color: #F44336; font-style: italic; @ http://localhost:4200/chunk-XGIOEOMU.js:2909
[ 7405835ms] [LOG] %c🗑️ [StorageService] Eliminando clave: 'userAuthData' color: #F44336; font-style: italic; @ http://localhost:4200/chunk-XGIOEOMU.js:2909
[ 7405835ms] [LOG] %c✅ [StorageService] Clave 'userAuthData' eliminada. color: #9E9E9E; font-style: italic; @ http://localhost:4200/chunk-XGIOEOMU.js:2909
[ 7405836ms] [LOG] %c🗑️ [StorageService] Eliminando clave: 'accessToken' color: #F44336; font-style: italic; @ http://localhost:4200/chunk-XGIOEOMU.js:2909
[ 7405837ms] [LOG] %c✅ [StorageService] Clave 'accessToken' eliminada. color: #9E9E9E; font-style: italic; @ http://localhost:4200/chunk-XGIOEOMU.js:2909
[ 7405837ms] [LOG] %c🧹 [SecurityService] Datos de sesión eliminados: userAuthData y accessToken. color: #9E9E9E; font-style: italic; @ http://localhost:4200/chunk-XGIOEOMU.js:2909
[ 7405838ms] [LOG] %c [Login] Datos de sesion previa eliminados. color: #9E9E9E; font-style: italic; @ http://localhost:4200/chunk-XGIOEOMU.js:2909
[ 7405838ms] [LOG] %c🚪 [SecurityService] Limpiando datos de autenticación... color: #F44336; font-style: italic; @ http://localhost:4200/chunk-XGIOEOMU.js:2909
[ 7405839ms] [LOG] %c🗑️ [StorageService] Eliminando clave: 'userAuthData' color: #F44336; font-style: italic; @ http://localhost:4200/chunk-XGIOEOMU.js:2909
[ 7405840ms] [LOG] %c✅ [StorageService] Clave 'userAuthData' eliminada. color: #9E9E9E; font-style: italic; @ http://localhost:4200/chunk-XGIOEOMU.js:2909
[ 7405840ms] [LOG] %c🗑️ [StorageService] Eliminando clave: 'accessToken' color: #F44336; font-style: italic; @ http://localhost:4200/chunk-XGIOEOMU.js:2909
[ 7405840ms] [LOG] %c✅ [StorageService] Clave 'accessToken' eliminada. color: #9E9E9E; font-style: italic; @ http://localhost:4200/chunk-XGIOEOMU.js:2909
[ 7405841ms] [LOG] %c🧹 [SecurityService] Datos de sesión eliminados: userAuthData y accessToken. color: #9E9E9E; font-style: italic; @ http://localhost:4200/chunk-XGIOEOMU.js:2909
[ 7405941ms] [VERBOSE] [DOM] Input elements should have autocomplete attributes (suggested: "current-password"): (More info: https://goo.gl/9p2vKq) %o @ http://localhost:4200/auth/login:0
[ 7644229ms] [LOG] %c📦 [StorageService] Inicializando servicio de almacenamiento local... color: #3F51B5; font-style: italic; @ http://localhost:4200/chunk-XGIOEOMU.js:2909
[ 7644230ms] [LOG] %c [AuthService] Verificando ruta inicial: /auth/login | Es publica: true color: #9C27B0; font-style: italic; @ http://localhost:4200/chunk-XGIOEOMU.js:2909
[ 7644230ms] [LOG] %c [AuthService] Ruta publica detectada. Omitiendo login silencioso. color: #FFC107; font-style: italic; @ http://localhost:4200/chunk-XGIOEOMU.js:2909
[ 7644231ms] [LOG] %c🚀 [Initializer] Starting application state initialization... color: purple; font-style: italic; @ http://localhost:4200/chunk-XGIOEOMU.js:2909
[ 7644231ms] [LOG] %c🤷 [Initializer] No user session. Skipping customer state initialization. color: #9E9E9E; font-style: italic; @ http://localhost:4200/chunk-XGIOEOMU.js:2909
[ 7644232ms] [LOG] %c✅ [Initializer] State initialization complete. color: green; font-style: italic; @ http://localhost:4200/chunk-XGIOEOMU.js:2909
[ 7644265ms] [LOG] %c🔄 UpdateService: Inicializando servicio de actualizaciones color: blue; font-weight: bold; @ http://localhost:4200/chunk-67RTLGLK.js:17
[ 7644265ms] [LOG] %c🔄 UpdateService: ❌ Service Worker NO habilitado color: red; font-weight: bold; @ http://localhost:4200/chunk-67RTLGLK.js:33
[ 7644272ms] [LOG] %c🚀 [App] ¡Aplicación iniciada! Soy más ligero y rápido que nunca. color: #673AB7; font-style: italic; @ http://localhost:4200/chunk-XGIOEOMU.js:2909
[ 7644276ms] [LOG] Angular is running in development mode. @ http://localhost:4200/@fs/D:/repos/luxuryapp-api/appsweb/angular/.angular/cache/22.1.8/luxury-app/vite/deps/core-gRj2gSiC.js?v=fc679455:9175
[ 7644403ms] [LOG] %c🔐 [SecurityService] Servicio de seguridad inicializado. color: #3F51B5; font-style: italic; @ http://localhost:4200/chunk-XGIOEOMU.js:2909
[ 7644455ms] [LOG] %c [Login] Iniciando.. color: #607D8B; font-style: italic; @ http://localhost:4200/chunk-XGIOEOMU.js:2909
[ 7644456ms] [LOG] %c [Login] Usando / como redireccion por defecto. color: #607D8B; font-style: italic; @ http://localhost:4200/chunk-XGIOEOMU.js:2909
[ 7644456ms] [LOG] %c [Login] URL final de redireccion: / color: #2196F3; font-style: italic; @ http://localhost:4200/chunk-XGIOEOMU.js:2909
[ 7644458ms] [LOG] %c🚪 [SecurityService] Limpiando datos de autenticación... color: #F44336; font-style: italic; @ http://localhost:4200/chunk-XGIOEOMU.js:2909
[ 7644463ms] [LOG] %c🗑️ [StorageService] Eliminando clave: 'userAuthData' color: #F44336; font-style: italic; @ http://localhost:4200/chunk-XGIOEOMU.js:2909
[ 7644463ms] [LOG] %c✅ [StorageService] Clave 'userAuthData' eliminada. color: #9E9E9E; font-style: italic; @ http://localhost:4200/chunk-XGIOEOMU.js:2909
[ 7644464ms] [LOG] %c🗑️ [StorageService] Eliminando clave: 'accessToken' color: #F44336; font-style: italic; @ http://localhost:4200/chunk-XGIOEOMU.js:2909
[ 7644464ms] [LOG] %c✅ [StorageService] Clave 'accessToken' eliminada. color: #9E9E9E; font-style: italic; @ http://localhost:4200/chunk-XGIOEOMU.js:2909
[ 7644464ms] [LOG] %c🧹 [SecurityService] Datos de sesión eliminados: userAuthData y accessToken. color: #9E9E9E; font-style: italic; @ http://localhost:4200/chunk-XGIOEOMU.js:2909
[ 7644465ms] [LOG] %c [Login] Datos de sesion previa eliminados. color: #9E9E9E; font-style: italic; @ http://localhost:4200/chunk-XGIOEOMU.js:2909
[ 7644466ms] [LOG] %c🚪 [SecurityService] Limpiando datos de autenticación... color: #F44336; font-style: italic; @ http://localhost:4200/chunk-XGIOEOMU.js:2909
[ 7644466ms] [LOG] %c🗑️ [StorageService] Eliminando clave: 'userAuthData' color: #F44336; font-style: italic; @ http://localhost:4200/chunk-XGIOEOMU.js:2909
[ 7644467ms] [LOG] %c✅ [StorageService] Clave 'userAuthData' eliminada. color: #9E9E9E; font-style: italic; @ http://localhost:4200/chunk-XGIOEOMU.js:2909
[ 7644467ms] [LOG] %c🗑️ [StorageService] Eliminando clave: 'accessToken' color: #F44336; font-style: italic; @ http://localhost:4200/chunk-XGIOEOMU.js:2909
[ 7644468ms] [LOG] %c✅ [StorageService] Clave 'accessToken' eliminada. color: #9E9E9E; font-style: italic; @ http://localhost:4200/chunk-XGIOEOMU.js:2909
[ 7644468ms] [LOG] %c🧹 [SecurityService] Datos de sesión eliminados: userAuthData y accessToken. color: #9E9E9E; font-style: italic; @ http://localhost:4200/chunk-XGIOEOMU.js:2909
[ 7644564ms] [WARNING] NG0913: An image with src http://localhost:4200/assets/oficial/Logo%20Files/png/Color%20logo%20-%20no%20background.png has intrinsic file dimensions much larger than its rendered size. This can negatively impact application loading performance. For more information about addressing or disabling this warning, see https://v22.angular.dev/errors/NG0913. Find more at https://v22.angular.dev/errors/NG0913 @ http://localhost:4200/@fs/D:/repos/luxuryapp-api/appsweb/angular/.angular/cache/22.1.8/luxury-app/vite/deps/core-gRj2gSiC.js?v=fc679455:17980
[ 7644564ms] [WARNING] NG0913: An image with src http://localhost:4200/assets/oficial/Logo%20Files/png/Color%20logo%20-%20no%20background.png has intrinsic file dimensions much larger than its rendered size. This can negatively impact application loading performance. For more information about addressing or disabling this warning, see https://v22.angular.dev/errors/NG0913. Find more at https://v22.angular.dev/errors/NG0913 @ http://localhost:4200/@fs/D:/repos/luxuryapp-api/appsweb/angular/.angular/cache/22.1.8/luxury-app/vite/deps/core-gRj2gSiC.js?v=fc679455:17980
[ 7644567ms] [WARNING] NG0913: An image with src http://localhost:4200/assets/oficial/Logo%20Files/png/White%20logo%20-%20no%20background.png has intrinsic file dimensions much larger than its rendered size. This can negatively impact application loading performance. For more information about addressing or disabling this warning, see https://v22.angular.dev/errors/NG0913. Find more at https://v22.angular.dev/errors/NG0913 @ http://localhost:4200/@fs/D:/repos/luxuryapp-api/appsweb/angular/.angular/cache/22.1.8/luxury-app/vite/deps/core-gRj2gSiC.js?v=fc679455:17980
[ 7644571ms] [VERBOSE] [DOM] Input elements should have autocomplete attributes (suggested: "current-password"): (More info: https://goo.gl/9p2vKq) %o @ http://localhost:4200/auth/login:0
[ 8818099ms] [LOG] %c📦 [StorageService] Inicializando servicio de almacenamiento local... color: #3F51B5; font-style: italic; @ http://localhost:4200/chunk-XGIOEOMU.js:2909
[ 8818102ms] [LOG] %c [AuthService] Verificando ruta inicial: /auth/login | Es publica: true color: #9C27B0; font-style: italic; @ http://localhost:4200/chunk-XGIOEOMU.js:2909
[ 8818103ms] [LOG] %c [AuthService] Ruta publica detectada. Omitiendo login silencioso. color: #FFC107; font-style: italic; @ http://localhost:4200/chunk-XGIOEOMU.js:2909
[ 8818104ms] [LOG] %c🚀 [Initializer] Starting application state initialization... color: purple; font-style: italic; @ http://localhost:4200/chunk-XGIOEOMU.js:2909
[ 8818105ms] [LOG] %c🤷 [Initializer] No user session. Skipping customer state initialization. color: #9E9E9E; font-style: italic; @ http://localhost:4200/chunk-XGIOEOMU.js:2909
[ 8818106ms] [LOG] %c✅ [Initializer] State initialization complete. color: green; font-style: italic; @ http://localhost:4200/chunk-XGIOEOMU.js:2909
[ 8818248ms] [LOG] %c🔄 UpdateService: Inicializando servicio de actualizaciones color: blue; font-weight: bold; @ http://localhost:4200/chunk-67RTLGLK.js:17
[ 8818249ms] [LOG] %c🔄 UpdateService: ❌ Service Worker NO habilitado color: red; font-weight: bold; @ http://localhost:4200/chunk-67RTLGLK.js:33
[ 8818261ms] [LOG] %c🚀 [App] ¡Aplicación iniciada! Soy más ligero y rápido que nunca. color: #673AB7; font-style: italic; @ http://localhost:4200/chunk-XGIOEOMU.js:2909
[ 8818276ms] [LOG] Angular is running in development mode. @ http://localhost:4200/@fs/D:/repos/luxuryapp-api/appsweb/angular/.angular/cache/22.1.8/luxury-app/vite/deps/core-gRj2gSiC.js?v=fc679455:9175
[ 8819039ms] [LOG] %c🔐 [SecurityService] Servicio de seguridad inicializado. color: #3F51B5; font-style: italic; @ http://localhost:4200/chunk-XGIOEOMU.js:2909
[ 8819121ms] [LOG] %c [Login] Iniciando.. color: #607D8B; font-style: italic; @ http://localhost:4200/chunk-XGIOEOMU.js:2909
[ 8819122ms] [LOG] %c [Login] Usando / como redireccion por defecto. color: #607D8B; font-style: italic; @ http://localhost:4200/chunk-XGIOEOMU.js:2909
[ 8819122ms] [LOG] %c [Login] URL final de redireccion: / color: #2196F3; font-style: italic; @ http://localhost:4200/chunk-XGIOEOMU.js:2909
[ 8819123ms] [LOG] %c🚪 [SecurityService] Limpiando datos de autenticación... color: #F44336; font-style: italic; @ http://localhost:4200/chunk-XGIOEOMU.js:2909
[ 8819124ms] [LOG] %c🗑️ [StorageService] Eliminando clave: 'userAuthData' color: #F44336; font-style: italic; @ http://localhost:4200/chunk-XGIOEOMU.js:2909
[ 8819124ms] [LOG] %c✅ [StorageService] Clave 'userAuthData' eliminada. color: #9E9E9E; font-style: italic; @ http://localhost:4200/chunk-XGIOEOMU.js:2909
[ 8819125ms] [LOG] %c🗑️ [StorageService] Eliminando clave: 'accessToken' color: #F44336; font-style: italic; @ http://localhost:4200/chunk-XGIOEOMU.js:2909
[ 8819125ms] [LOG] %c✅ [StorageService] Clave 'accessToken' eliminada. color: #9E9E9E; font-style: italic; @ http://localhost:4200/chunk-XGIOEOMU.js:2909
[ 8819125ms] [LOG] %c🧹 [SecurityService] Datos de sesión eliminados: userAuthData y accessToken. color: #9E9E9E; font-style: italic; @ http://localhost:4200/chunk-XGIOEOMU.js:2909
[ 8819126ms] [LOG] %c [Login] Datos de sesion previa eliminados. color: #9E9E9E; font-style: italic; @ http://localhost:4200/chunk-XGIOEOMU.js:2909
[ 8819126ms] [LOG] %c🚪 [SecurityService] Limpiando datos de autenticación... color: #F44336; font-style: italic; @ http://localhost:4200/chunk-XGIOEOMU.js:2909
[ 8819127ms] [LOG] %c🗑️ [StorageService] Eliminando clave: 'userAuthData' color: #F44336; font-style: italic; @ http://localhost:4200/chunk-XGIOEOMU.js:2909
[ 8819127ms] [LOG] %c✅ [StorageService] Clave 'userAuthData' eliminada. color: #9E9E9E; font-style: italic; @ http://localhost:4200/chunk-XGIOEOMU.js:2909
[ 8819128ms] [LOG] %c🗑️ [StorageService] Eliminando clave: 'accessToken' color: #F44336; font-style: italic; @ http://localhost:4200/chunk-XGIOEOMU.js:2909
[ 8819128ms] [LOG] %c✅ [StorageService] Clave 'accessToken' eliminada. color: #9E9E9E; font-style: italic; @ http://localhost:4200/chunk-XGIOEOMU.js:2909
[ 8819129ms] [LOG] %c🧹 [SecurityService] Datos de sesión eliminados: userAuthData y accessToken. color: #9E9E9E; font-style: italic; @ http://localhost:4200/chunk-XGIOEOMU.js:2909
[ 8819266ms] [VERBOSE] [DOM] Input elements should have autocomplete attributes (suggested: "current-password"): (More info: https://goo.gl/9p2vKq) %o @ http://localhost:4200/auth/login:0
[ 9024410ms] [LOG] %c📦 [StorageService] Inicializando servicio de almacenamiento local... color: #3F51B5; font-style: italic; @ http://localhost:4200/chunk-XGIOEOMU.js:2909
[ 9024411ms] [LOG] %c [AuthService] Verificando ruta inicial: /auth/login | Es publica: true color: #9C27B0; font-style: italic; @ http://localhost:4200/chunk-XGIOEOMU.js:2909
[ 9024412ms] [LOG] %c [AuthService] Ruta publica detectada. Omitiendo login silencioso. color: #FFC107; font-style: italic; @ http://localhost:4200/chunk-XGIOEOMU.js:2909
[ 9024413ms] [LOG] %c🚀 [Initializer] Starting application state initialization... color: purple; font-style: italic; @ http://localhost:4200/chunk-XGIOEOMU.js:2909
[ 9024414ms] [LOG] %c🤷 [Initializer] No user session. Skipping customer state initialization. color: #9E9E9E; font-style: italic; @ http://localhost:4200/chunk-XGIOEOMU.js:2909
[ 9024416ms] [LOG] %c✅ [Initializer] State initialization complete. color: green; font-style: italic; @ http://localhost:4200/chunk-XGIOEOMU.js:2909
[ 9024543ms] [LOG] %c🔄 UpdateService: Inicializando servicio de actualizaciones color: blue; font-weight: bold; @ http://localhost:4200/chunk-67RTLGLK.js:17
[ 9024544ms] [LOG] %c🔄 UpdateService: ❌ Service Worker NO habilitado color: red; font-weight: bold; @ http://localhost:4200/chunk-67RTLGLK.js:33
[ 9024575ms] [LOG] %c🚀 [App] ¡Aplicación iniciada! Soy más ligero y rápido que nunca. color: #673AB7; font-style: italic; @ http://localhost:4200/chunk-XGIOEOMU.js:2909
[ 9024596ms] [LOG] Angular is running in development mode. @ http://localhost:4200/@fs/D:/repos/luxuryapp-api/appsweb/angular/.angular/cache/22.1.8/luxury-app/vite/deps/core-gRj2gSiC.js?v=fc679455:9175
[ 9025411ms] [LOG] %c🔐 [SecurityService] Servicio de seguridad inicializado. color: #3F51B5; font-style: italic; @ http://localhost:4200/chunk-XGIOEOMU.js:2909
[ 9025478ms] [LOG] %c [Login] Iniciando.. color: #607D8B; font-style: italic; @ http://localhost:4200/chunk-XGIOEOMU.js:2909
[ 9025478ms] [LOG] %c [Login] Usando / como redireccion por defecto. color: #607D8B; font-style: italic; @ http://localhost:4200/chunk-XGIOEOMU.js:2909
[ 9025479ms] [LOG] %c [Login] URL final de redireccion: / color: #2196F3; font-style: italic; @ http://localhost:4200/chunk-XGIOEOMU.js:2909
[ 9025479ms] [LOG] %c🚪 [SecurityService] Limpiando datos de autenticación... color: #F44336; font-style: italic; @ http://localhost:4200/chunk-XGIOEOMU.js:2909
[ 9025480ms] [LOG] %c🗑️ [StorageService] Eliminando clave: 'userAuthData' color: #F44336; font-style: italic; @ http://localhost:4200/chunk-XGIOEOMU.js:2909
[ 9025480ms] [LOG] %c✅ [StorageService] Clave 'userAuthData' eliminada. color: #9E9E9E; font-style: italic; @ http://localhost:4200/chunk-XGIOEOMU.js:2909
[ 9025481ms] [LOG] %c🗑️ [StorageService] Eliminando clave: 'accessToken' color: #F44336; font-style: italic; @ http://localhost:4200/chunk-XGIOEOMU.js:2909
[ 9025483ms] [LOG] %c✅ [StorageService] Clave 'accessToken' eliminada. color: #9E9E9E; font-style: italic; @ http://localhost:4200/chunk-XGIOEOMU.js:2909
[ 9025483ms] [LOG] %c🧹 [SecurityService] Datos de sesión eliminados: userAuthData y accessToken. color: #9E9E9E; font-style: italic; @ http://localhost:4200/chunk-XGIOEOMU.js:2909
[ 9025484ms] [LOG] %c [Login] Datos de sesion previa eliminados. color: #9E9E9E; font-style: italic; @ http://localhost:4200/chunk-XGIOEOMU.js:2909
[ 9025484ms] [LOG] %c🚪 [SecurityService] Limpiando datos de autenticación... color: #F44336; font-style: italic; @ http://localhost:4200/chunk-XGIOEOMU.js:2909
[ 9025486ms] [LOG] %c🗑️ [StorageService] Eliminando clave: 'userAuthData' color: #F44336; font-style: italic; @ http://localhost:4200/chunk-XGIOEOMU.js:2909
[ 9025490ms] [LOG] %c✅ [StorageService] Clave 'userAuthData' eliminada. color: #9E9E9E; font-style: italic; @ http://localhost:4200/chunk-XGIOEOMU.js:2909
[ 9025490ms] [LOG] %c🗑️ [StorageService] Eliminando clave: 'accessToken' color: #F44336; font-style: italic; @ http://localhost:4200/chunk-XGIOEOMU.js:2909
[ 9025491ms] [LOG] %c✅ [StorageService] Clave 'accessToken' eliminada. color: #9E9E9E; font-style: italic; @ http://localhost:4200/chunk-XGIOEOMU.js:2909
[ 9025492ms] [LOG] %c🧹 [SecurityService] Datos de sesión eliminados: userAuthData y accessToken. color: #9E9E9E; font-style: italic; @ http://localhost:4200/chunk-XGIOEOMU.js:2909
[ 9025600ms] [VERBOSE] [DOM] Input elements should have autocomplete attributes (suggested: "current-password"): (More info: https://goo.gl/9p2vKq) %o @ http://localhost:4200/auth/login:0
[ 9057245ms] [LOG] %c📦 [StorageService] Inicializando servicio de almacenamiento local... color: #3F51B5; font-style: italic; @ http://localhost:4200/chunk-XGIOEOMU.js:2909
[ 9057247ms] [LOG] %c [AuthService] Verificando ruta inicial: /auth/login | Es publica: true color: #9C27B0; font-style: italic; @ http://localhost:4200/chunk-XGIOEOMU.js:2909
[ 9057247ms] [LOG] %c [AuthService] Ruta publica detectada. Omitiendo login silencioso. color: #FFC107; font-style: italic; @ http://localhost:4200/chunk-XGIOEOMU.js:2909
[ 9057247ms] [LOG] %c🚀 [Initializer] Starting application state initialization... color: purple; font-style: italic; @ http://localhost:4200/chunk-XGIOEOMU.js:2909
[ 9057248ms] [LOG] %c🤷 [Initializer] No user session. Skipping customer state initialization. color: #9E9E9E; font-style: italic; @ http://localhost:4200/chunk-XGIOEOMU.js:2909
[ 9057249ms] [LOG] %c✅ [Initializer] State initialization complete. color: green; font-style: italic; @ http://localhost:4200/chunk-XGIOEOMU.js:2909
[ 9057288ms] [LOG] %c🔄 UpdateService: Inicializando servicio de actualizaciones color: blue; font-weight: bold; @ http://localhost:4200/chunk-67RTLGLK.js:17
[ 9057289ms] [LOG] %c🔄 UpdateService: ❌ Service Worker NO habilitado color: red; font-weight: bold; @ http://localhost:4200/chunk-67RTLGLK.js:33
[ 9057299ms] [LOG] %c🚀 [App] ¡Aplicación iniciada! Soy más ligero y rápido que nunca. color: #673AB7; font-style: italic; @ http://localhost:4200/chunk-XGIOEOMU.js:2909
[ 9057305ms] [LOG] Angular is running in development mode. @ http://localhost:4200/@fs/D:/repos/luxuryapp-api/appsweb/angular/.angular/cache/22.1.8/luxury-app/vite/deps/core-gRj2gSiC.js?v=fc679455:9175
[ 9057464ms] [LOG] %c🔐 [SecurityService] Servicio de seguridad inicializado. color: #3F51B5; font-style: italic; @ http://localhost:4200/chunk-XGIOEOMU.js:2909
[ 9057505ms] [LOG] %c [Login] Iniciando.. color: #607D8B; font-style: italic; @ http://localhost:4200/chunk-XGIOEOMU.js:2909
[ 9057506ms] [LOG] %c [Login] Usando / como redireccion por defecto. color: #607D8B; font-style: italic; @ http://localhost:4200/chunk-XGIOEOMU.js:2909
[ 9057506ms] [LOG] %c [Login] URL final de redireccion: / color: #2196F3; font-style: italic; @ http://localhost:4200/chunk-XGIOEOMU.js:2909
[ 9057506ms] [LOG] %c🚪 [SecurityService] Limpiando datos de autenticación... color: #F44336; font-style: italic; @ http://localhost:4200/chunk-XGIOEOMU.js:2909
[ 9057506ms] [LOG] %c🗑️ [StorageService] Eliminando clave: 'userAuthData' color: #F44336; font-style: italic; @ http://localhost:4200/chunk-XGIOEOMU.js:2909
[ 9057507ms] [LOG] %c✅ [StorageService] Clave 'userAuthData' eliminada. color: #9E9E9E; font-style: italic; @ http://localhost:4200/chunk-XGIOEOMU.js:2909
[ 9057507ms] [LOG] %c🗑️ [StorageService] Eliminando clave: 'accessToken' color: #F44336; font-style: italic; @ http://localhost:4200/chunk-XGIOEOMU.js:2909
[ 9057507ms] [LOG] %c✅ [StorageService] Clave 'accessToken' eliminada. color: #9E9E9E; font-style: italic; @ http://localhost:4200/chunk-XGIOEOMU.js:2909
[ 9057508ms] [LOG] %c🧹 [SecurityService] Datos de sesión eliminados: userAuthData y accessToken. color: #9E9E9E; font-style: italic; @ http://localhost:4200/chunk-XGIOEOMU.js:2909
[ 9057508ms] [LOG] %c [Login] Datos de sesion previa eliminados. color: #9E9E9E; font-style: italic; @ http://localhost:4200/chunk-XGIOEOMU.js:2909
[ 9057508ms] [LOG] %c🚪 [SecurityService] Limpiando datos de autenticación... color: #F44336; font-style: italic; @ http://localhost:4200/chunk-XGIOEOMU.js:2909
[ 9057508ms] [LOG] %c🗑️ [StorageService] Eliminando clave: 'userAuthData' color: #F44336; font-style: italic; @ http://localhost:4200/chunk-XGIOEOMU.js:2909
[ 9057510ms] [LOG] %c✅ [StorageService] Clave 'userAuthData' eliminada. color: #9E9E9E; font-style: italic; @ http://localhost:4200/chunk-XGIOEOMU.js:2909
[ 9057511ms] [LOG] %c🗑️ [StorageService] Eliminando clave: 'accessToken' color: #F44336; font-style: italic; @ http://localhost:4200/chunk-XGIOEOMU.js:2909
[ 9057511ms] [LOG] %c✅ [StorageService] Clave 'accessToken' eliminada. color: #9E9E9E; font-style: italic; @ http://localhost:4200/chunk-XGIOEOMU.js:2909
[ 9057511ms] [LOG] %c🧹 [SecurityService] Datos de sesión eliminados: userAuthData y accessToken. color: #9E9E9E; font-style: italic; @ http://localhost:4200/chunk-XGIOEOMU.js:2909
[ 9057573ms] [WARNING] NG0913: An image with src http://localhost:4200/assets/oficial/Logo%20Files/png/Color%20logo%20-%20no%20background.png has intrinsic file dimensions much larger than its rendered size. This can negatively impact application loading performance. For more information about addressing or disabling this warning, see https://v22.angular.dev/errors/NG0913. Find more at https://v22.angular.dev/errors/NG0913 @ http://localhost:4200/@fs/D:/repos/luxuryapp-api/appsweb/angular/.angular/cache/22.1.8/luxury-app/vite/deps/core-gRj2gSiC.js?v=fc679455:17980
[ 9057574ms] [WARNING] NG0913: An image with src http://localhost:4200/assets/oficial/Logo%20Files/png/Color%20logo%20-%20no%20background.png has intrinsic file dimensions much larger than its rendered size. This can negatively impact application loading performance. For more information about addressing or disabling this warning, see https://v22.angular.dev/errors/NG0913. Find more at https://v22.angular.dev/errors/NG0913 @ http://localhost:4200/@fs/D:/repos/luxuryapp-api/appsweb/angular/.angular/cache/22.1.8/luxury-app/vite/deps/core-gRj2gSiC.js?v=fc679455:17980
[ 9057575ms] [WARNING] NG0913: An image with src http://localhost:4200/assets/oficial/Logo%20Files/png/White%20logo%20-%20no%20background.png has intrinsic file dimensions much larger than its rendered size. This can negatively impact application loading performance. For more information about addressing or disabling this warning, see https://v22.angular.dev/errors/NG0913. Find more at https://v22.angular.dev/errors/NG0913 @ http://localhost:4200/@fs/D:/repos/luxuryapp-api/appsweb/angular/.angular/cache/22.1.8/luxury-app/vite/deps/core-gRj2gSiC.js?v=fc679455:17980
[ 9057603ms] [VERBOSE] [DOM] Input elements should have autocomplete attributes (suggested: "current-password"): (More info: https://goo.gl/9p2vKq) %o @ http://localhost:4200/auth/login:0
[ 9417086ms] [LOG] %c📦 [StorageService] Inicializando servicio de almacenamiento local... color: #3F51B5; font-style: italic; @ http://localhost:4200/chunk-XGIOEOMU.js:2909
[ 9417087ms] [LOG] %c [AuthService] Verificando ruta inicial: /auth/login | Es publica: true color: #9C27B0; font-style: italic; @ http://localhost:4200/chunk-XGIOEOMU.js:2909
[ 9417087ms] [LOG] %c [AuthService] Ruta publica detectada. Omitiendo login silencioso. color: #FFC107; font-style: italic; @ http://localhost:4200/chunk-XGIOEOMU.js:2909
[ 9417088ms] [LOG] %c🚀 [Initializer] Starting application state initialization... color: purple; font-style: italic; @ http://localhost:4200/chunk-XGIOEOMU.js:2909
[ 9417089ms] [LOG] %c🤷 [Initializer] No user session. Skipping customer state initialization. color: #9E9E9E; font-style: italic; @ http://localhost:4200/chunk-XGIOEOMU.js:2909
[ 9417090ms] [LOG] %c✅ [Initializer] State initialization complete. color: green; font-style: italic; @ http://localhost:4200/chunk-XGIOEOMU.js:2909
[ 9417121ms] [LOG] %c🔄 UpdateService: Inicializando servicio de actualizaciones color: blue; font-weight: bold; @ http://localhost:4200/chunk-67RTLGLK.js:17
[ 9417122ms] [LOG] %c🔄 UpdateService: ❌ Service Worker NO habilitado color: red; font-weight: bold; @ http://localhost:4200/chunk-67RTLGLK.js:33
[ 9417128ms] [LOG] %c🚀 [App] ¡Aplicación iniciada! Soy más ligero y rápido que nunca. color: #673AB7; font-style: italic; @ http://localhost:4200/chunk-XGIOEOMU.js:2909
[ 9417133ms] [LOG] Angular is running in development mode. @ http://localhost:4200/@fs/D:/repos/luxuryapp-api/appsweb/angular/.angular/cache/22.1.8/luxury-app/vite/deps/core-gRj2gSiC.js?v=fc679455:9175
[ 9417249ms] [LOG] %c🔐 [SecurityService] Servicio de seguridad inicializado. color: #3F51B5; font-style: italic; @ http://localhost:4200/chunk-XGIOEOMU.js:2909
[ 9417283ms] [LOG] %c [Login] Iniciando.. color: #607D8B; font-style: italic; @ http://localhost:4200/chunk-XGIOEOMU.js:2909
[ 9417284ms] [LOG] %c [Login] Usando / como redireccion por defecto. color: #607D8B; font-style: italic; @ http://localhost:4200/chunk-XGIOEOMU.js:2909
[ 9417284ms] [LOG] %c [Login] URL final de redireccion: / color: #2196F3; font-style: italic; @ http://localhost:4200/chunk-XGIOEOMU.js:2909
[ 9417284ms] [LOG] %c🚪 [SecurityService] Limpiando datos de autenticación... color: #F44336; font-style: italic; @ http://localhost:4200/chunk-XGIOEOMU.js:2909
[ 9417285ms] [LOG] %c🗑️ [StorageService] Eliminando clave: 'userAuthData' color: #F44336; font-style: italic; @ http://localhost:4200/chunk-XGIOEOMU.js:2909
[ 9417285ms] [LOG] %c✅ [StorageService] Clave 'userAuthData' eliminada. color: #9E9E9E; font-style: italic; @ http://localhost:4200/chunk-XGIOEOMU.js:2909
[ 9417285ms] [LOG] %c🗑️ [StorageService] Eliminando clave: 'accessToken' color: #F44336; font-style: italic; @ http://localhost:4200/chunk-XGIOEOMU.js:2909
[ 9417285ms] [LOG] %c✅ [StorageService] Clave 'accessToken' eliminada. color: #9E9E9E; font-style: italic; @ http://localhost:4200/chunk-XGIOEOMU.js:2909
[ 9417286ms] [LOG] %c🧹 [SecurityService] Datos de sesión eliminados: userAuthData y accessToken. color: #9E9E9E; font-style: italic; @ http://localhost:4200/chunk-XGIOEOMU.js:2909
[ 9417286ms] [LOG] %c [Login] Datos de sesion previa eliminados. color: #9E9E9E; font-style: italic; @ http://localhost:4200/chunk-XGIOEOMU.js:2909
[ 9417286ms] [LOG] %c🚪 [SecurityService] Limpiando datos de autenticación... color: #F44336; font-style: italic; @ http://localhost:4200/chunk-XGIOEOMU.js:2909
[ 9417287ms] [LOG] %c🗑️ [StorageService] Eliminando clave: 'userAuthData' color: #F44336; font-style: italic; @ http://localhost:4200/chunk-XGIOEOMU.js:2909
[ 9417287ms] [LOG] %c✅ [StorageService] Clave 'userAuthData' eliminada. color: #9E9E9E; font-style: italic; @ http://localhost:4200/chunk-XGIOEOMU.js:2909
[ 9417287ms] [LOG] %c🗑️ [StorageService] Eliminando clave: 'accessToken' color: #F44336; font-style: italic; @ http://localhost:4200/chunk-XGIOEOMU.js:2909
[ 9417287ms] [LOG] %c✅ [StorageService] Clave 'accessToken' eliminada. color: #9E9E9E; font-style: italic; @ http://localhost:4200/chunk-XGIOEOMU.js:2909
[ 9417288ms] [LOG] %c🧹 [SecurityService] Datos de sesión eliminados: userAuthData y accessToken. color: #9E9E9E; font-style: italic; @ http://localhost:4200/chunk-XGIOEOMU.js:2909
[ 9417357ms] [WARNING] NG0913: An image with src http://localhost:4200/assets/oficial/Logo%20Files/png/Color%20logo%20-%20no%20background.png has intrinsic file dimensions much larger than its rendered size. This can negatively impact application loading performance. For more information about addressing or disabling this warning, see https://v22.angular.dev/errors/NG0913. Find more at https://v22.angular.dev/errors/NG0913 @ http://localhost:4200/@fs/D:/repos/luxuryapp-api/appsweb/angular/.angular/cache/22.1.8/luxury-app/vite/deps/core-gRj2gSiC.js?v=fc679455:17980
[ 9417357ms] [WARNING] NG0913: An image with src http://localhost:4200/assets/oficial/Logo%20Files/png/Color%20logo%20-%20no%20background.png has intrinsic file dimensions much larger than its rendered size. This can negatively impact application loading performance. For more information about addressing or disabling this warning, see https://v22.angular.dev/errors/NG0913. Find more at https://v22.angular.dev/errors/NG0913 @ http://localhost:4200/@fs/D:/repos/luxuryapp-api/appsweb/angular/.angular/cache/22.1.8/luxury-app/vite/deps/core-gRj2gSiC.js?v=fc679455:17980
[ 9417358ms] [WARNING] NG0913: An image with src http://localhost:4200/assets/oficial/Logo%20Files/png/White%20logo%20-%20no%20background.png has intrinsic file dimensions much larger than its rendered size. This can negatively impact application loading performance. For more information about addressing or disabling this warning, see https://v22.angular.dev/errors/NG0913. Find more at https://v22.angular.dev/errors/NG0913 @ http://localhost:4200/@fs/D:/repos/luxuryapp-api/appsweb/angular/.angular/cache/22.1.8/luxury-app/vite/deps/core-gRj2gSiC.js?v=fc679455:17980
[ 9417379ms] [VERBOSE] [DOM] Input elements should have autocomplete attributes (suggested: "current-password"): (More info: https://goo.gl/9p2vKq) %o @ http://localhost:4200/auth/login:0
[ 9489748ms] [LOG] %c📦 [StorageService] Inicializando servicio de almacenamiento local... color: #3F51B5; font-style: italic; @ http://localhost:4200/chunk-XGIOEOMU.js:2909
[ 9489750ms] [LOG] %c [AuthService] Verificando ruta inicial: /auth/login | Es publica: true color: #9C27B0; font-style: italic; @ http://localhost:4200/chunk-XGIOEOMU.js:2909
[ 9489751ms] [LOG] %c [AuthService] Ruta publica detectada. Omitiendo login silencioso. color: #FFC107; font-style: italic; @ http://localhost:4200/chunk-XGIOEOMU.js:2909
[ 9489751ms] [LOG] %c🚀 [Initializer] Starting application state initialization... color: purple; font-style: italic; @ http://localhost:4200/chunk-XGIOEOMU.js:2909
[ 9489752ms] [LOG] %c🤷 [Initializer] No user session. Skipping customer state initialization. color: #9E9E9E; font-style: italic; @ http://localhost:4200/chunk-XGIOEOMU.js:2909
[ 9489753ms] [LOG] %c✅ [Initializer] State initialization complete. color: green; font-style: italic; @ http://localhost:4200/chunk-XGIOEOMU.js:2909
[ 9489786ms] [LOG] %c🔄 UpdateService: Inicializando servicio de actualizaciones color: blue; font-weight: bold; @ http://localhost:4200/chunk-67RTLGLK.js:17
[ 9489786ms] [LOG] %c🔄 UpdateService: ❌ Service Worker NO habilitado color: red; font-weight: bold; @ http://localhost:4200/chunk-67RTLGLK.js:33
[ 9489792ms] [LOG] %c🚀 [App] ¡Aplicación iniciada! Soy más ligero y rápido que nunca. color: #673AB7; font-style: italic; @ http://localhost:4200/chunk-XGIOEOMU.js:2909
[ 9489796ms] [LOG] Angular is running in development mode. @ http://localhost:4200/@fs/D:/repos/luxuryapp-api/appsweb/angular/.angular/cache/22.1.8/luxury-app/vite/deps/core-gRj2gSiC.js?v=fc679455:9175
[ 9489930ms] [LOG] %c🔐 [SecurityService] Servicio de seguridad inicializado. color: #3F51B5; font-style: italic; @ http://localhost:4200/chunk-XGIOEOMU.js:2909
[ 9489965ms] [LOG] %c [Login] Iniciando.. color: #607D8B; font-style: italic; @ http://localhost:4200/chunk-XGIOEOMU.js:2909
[ 9489966ms] [LOG] %c [Login] Usando / como redireccion por defecto. color: #607D8B; font-style: italic; @ http://localhost:4200/chunk-XGIOEOMU.js:2909
[ 9489966ms] [LOG] %c [Login] URL final de redireccion: / color: #2196F3; font-style: italic; @ http://localhost:4200/chunk-XGIOEOMU.js:2909
[ 9489966ms] [LOG] %c🚪 [SecurityService] Limpiando datos de autenticación... color: #F44336; font-style: italic; @ http://localhost:4200/chunk-XGIOEOMU.js:2909
[ 9489967ms] [LOG] %c🗑️ [StorageService] Eliminando clave: 'userAuthData' color: #F44336; font-style: italic; @ http://localhost:4200/chunk-XGIOEOMU.js:2909
[ 9489967ms] [LOG] %c✅ [StorageService] Clave 'userAuthData' eliminada. color: #9E9E9E; font-style: italic; @ http://localhost:4200/chunk-XGIOEOMU.js:2909
[ 9489967ms] [LOG] %c🗑️ [StorageService] Eliminando clave: 'accessToken' color: #F44336; font-style: italic; @ http://localhost:4200/chunk-XGIOEOMU.js:2909
[ 9489967ms] [LOG] %c✅ [StorageService] Clave 'accessToken' eliminada. color: #9E9E9E; font-style: italic; @ http://localhost:4200/chunk-XGIOEOMU.js:2909
[ 9489968ms] [LOG] %c🧹 [SecurityService] Datos de sesión eliminados: userAuthData y accessToken. color: #9E9E9E; font-style: italic; @ http://localhost:4200/chunk-XGIOEOMU.js:2909
[ 9489968ms] [LOG] %c [Login] Datos de sesion previa eliminados. color: #9E9E9E; font-style: italic; @ http://localhost:4200/chunk-XGIOEOMU.js:2909
[ 9489968ms] [LOG] %c🚪 [SecurityService] Limpiando datos de autenticación... color: #F44336; font-style: italic; @ http://localhost:4200/chunk-XGIOEOMU.js:2909
[ 9489969ms] [LOG] %c🗑️ [StorageService] Eliminando clave: 'userAuthData' color: #F44336; font-style: italic; @ http://localhost:4200/chunk-XGIOEOMU.js:2909
[ 9489969ms] [LOG] %c✅ [StorageService] Clave 'userAuthData' eliminada. color: #9E9E9E; font-style: italic; @ http://localhost:4200/chunk-XGIOEOMU.js:2909
[ 9489969ms] [LOG] %c🗑️ [StorageService] Eliminando clave: 'accessToken' color: #F44336; font-style: italic; @ http://localhost:4200/chunk-XGIOEOMU.js:2909
[ 9489970ms] [LOG] %c✅ [StorageService] Clave 'accessToken' eliminada. color: #9E9E9E; font-style: italic; @ http://localhost:4200/chunk-XGIOEOMU.js:2909
[ 9489970ms] [LOG] %c🧹 [SecurityService] Datos de sesión eliminados: userAuthData y accessToken. color: #9E9E9E; font-style: italic; @ http://localhost:4200/chunk-XGIOEOMU.js:2909
[ 9490037ms] [WARNING] NG0913: An image with src http://localhost:4200/assets/oficial/Logo%20Files/png/Color%20logo%20-%20no%20background.png has intrinsic file dimensions much larger than its rendered size. This can negatively impact application loading performance. For more information about addressing or disabling this warning, see https://v22.angular.dev/errors/NG0913. Find more at https://v22.angular.dev/errors/NG0913 @ http://localhost:4200/@fs/D:/repos/luxuryapp-api/appsweb/angular/.angular/cache/22.1.8/luxury-app/vite/deps/core-gRj2gSiC.js?v=fc679455:17980
[ 9490037ms] [WARNING] NG0913: An image with src http://localhost:4200/assets/oficial/Logo%20Files/png/Color%20logo%20-%20no%20background.png has intrinsic file dimensions much larger than its rendered size. This can negatively impact application loading performance. For more information about addressing or disabling this warning, see https://v22.angular.dev/errors/NG0913. Find more at https://v22.angular.dev/errors/NG0913 @ http://localhost:4200/@fs/D:/repos/luxuryapp-api/appsweb/angular/.angular/cache/22.1.8/luxury-app/vite/deps/core-gRj2gSiC.js?v=fc679455:17980
[ 9490038ms] [WARNING] NG0913: An image with src http://localhost:4200/assets/oficial/Logo%20Files/png/White%20logo%20-%20no%20background.png has intrinsic file dimensions much larger than its rendered size. This can negatively impact application loading performance. For more information about addressing or disabling this warning, see https://v22.angular.dev/errors/NG0913. Find more at https://v22.angular.dev/errors/NG0913 @ http://localhost:4200/@fs/D:/repos/luxuryapp-api/appsweb/angular/.angular/cache/22.1.8/luxury-app/vite/deps/core-gRj2gSiC.js?v=fc679455:17980
[ 9490066ms] [VERBOSE] [DOM] Input elements should have autocomplete attributes (suggested: "current-password"): (More info: https://goo.gl/9p2vKq) %o @ http://localhost:4200/auth/login:0
[ 9514484ms] [LOG] %c📦 [StorageService] Inicializando servicio de almacenamiento local... color: #3F51B5; font-style: italic; @ http://localhost:4200/chunk-XGIOEOMU.js:2909
[ 9514486ms] [LOG] %c [AuthService] Verificando ruta inicial: /auth/login | Es publica: true color: #9C27B0; font-style: italic; @ http://localhost:4200/chunk-XGIOEOMU.js:2909
[ 9514487ms] [LOG] %c [AuthService] Ruta publica detectada. Omitiendo login silencioso. color: #FFC107; font-style: italic; @ http://localhost:4200/chunk-XGIOEOMU.js:2909
[ 9514487ms] [LOG] %c🚀 [Initializer] Starting application state initialization... color: purple; font-style: italic; @ http://localhost:4200/chunk-XGIOEOMU.js:2909
[ 9514488ms] [LOG] %c🤷 [Initializer] No user session. Skipping customer state initialization. color: #9E9E9E; font-style: italic; @ http://localhost:4200/chunk-XGIOEOMU.js:2909
[ 9514489ms] [LOG] %c✅ [Initializer] State initialization complete. color: green; font-style: italic; @ http://localhost:4200/chunk-XGIOEOMU.js:2909
[ 9514618ms] [LOG] %c🔄 UpdateService: Inicializando servicio de actualizaciones color: blue; font-weight: bold; @ http://localhost:4200/chunk-67RTLGLK.js:17
[ 9514618ms] [LOG] %c🔄 UpdateService: ❌ Service Worker NO habilitado color: red; font-weight: bold; @ http://localhost:4200/chunk-67RTLGLK.js:33
[ 9514627ms] [LOG] %c🚀 [App] ¡Aplicación iniciada! Soy más ligero y rápido que nunca. color: #673AB7; font-style: italic; @ http://localhost:4200/chunk-XGIOEOMU.js:2909
[ 9514636ms] [LOG] Angular is running in development mode. @ http://localhost:4200/@fs/D:/repos/luxuryapp-api/appsweb/angular/.angular/cache/22.1.8/luxury-app/vite/deps/core-gRj2gSiC.js?v=fc679455:9175
[ 9515192ms] [LOG] %c🔐 [SecurityService] Servicio de seguridad inicializado. color: #3F51B5; font-style: italic; @ http://localhost:4200/chunk-XGIOEOMU.js:2909
[ 9515247ms] [LOG] %c [Login] Iniciando.. color: #607D8B; font-style: italic; @ http://localhost:4200/chunk-XGIOEOMU.js:2909
[ 9515247ms] [LOG] %c [Login] Usando / como redireccion por defecto. color: #607D8B; font-style: italic; @ http://localhost:4200/chunk-XGIOEOMU.js:2909
[ 9515248ms] [LOG] %c [Login] URL final de redireccion: / color: #2196F3; font-style: italic; @ http://localhost:4200/chunk-XGIOEOMU.js:2909
[ 9515249ms] [LOG] %c🚪 [SecurityService] Limpiando datos de autenticación... color: #F44336; font-style: italic; @ http://localhost:4200/chunk-XGIOEOMU.js:2909
[ 9515250ms] [LOG] %c🗑️ [StorageService] Eliminando clave: 'userAuthData' color: #F44336; font-style: italic; @ http://localhost:4200/chunk-XGIOEOMU.js:2909
[ 9515250ms] [LOG] %c✅ [StorageService] Clave 'userAuthData' eliminada. color: #9E9E9E; font-style: italic; @ http://localhost:4200/chunk-XGIOEOMU.js:2909
[ 9515251ms] [LOG] %c🗑️ [StorageService] Eliminando clave: 'accessToken' color: #F44336; font-style: italic; @ http://localhost:4200/chunk-XGIOEOMU.js:2909
[ 9515252ms] [LOG] %c✅ [StorageService] Clave 'accessToken' eliminada. color: #9E9E9E; font-style: italic; @ http://localhost:4200/chunk-XGIOEOMU.js:2909
[ 9515252ms] [LOG] %c🧹 [SecurityService] Datos de sesión eliminados: userAuthData y accessToken. color: #9E9E9E; font-style: italic; @ http://localhost:4200/chunk-XGIOEOMU.js:2909
[ 9515254ms] [LOG] %c [Login] Datos de sesion previa eliminados. color: #9E9E9E; font-style: italic; @ http://localhost:4200/chunk-XGIOEOMU.js:2909
[ 9515255ms] [LOG] %c🚪 [SecurityService] Limpiando datos de autenticación... color: #F44336; font-style: italic; @ http://localhost:4200/chunk-XGIOEOMU.js:2909
[ 9515255ms] [LOG] %c🗑️ [StorageService] Eliminando clave: 'userAuthData' color: #F44336; font-style: italic; @ http://localhost:4200/chunk-XGIOEOMU.js:2909
[ 9515256ms] [LOG] %c✅ [StorageService] Clave 'userAuthData' eliminada. color: #9E9E9E; font-style: italic; @ http://localhost:4200/chunk-XGIOEOMU.js:2909
[ 9515256ms] [LOG] %c🗑️ [StorageService] Eliminando clave: 'accessToken' color: #F44336; font-style: italic; @ http://localhost:4200/chunk-XGIOEOMU.js:2909
[ 9515256ms] [LOG] %c✅ [StorageService] Clave 'accessToken' eliminada. color: #9E9E9E; font-style: italic; @ http://localhost:4200/chunk-XGIOEOMU.js:2909
[ 9515258ms] [LOG] %c🧹 [SecurityService] Datos de sesión eliminados: userAuthData y accessToken. color: #9E9E9E; font-style: italic; @ http://localhost:4200/chunk-XGIOEOMU.js:2909
[ 9515361ms] [VERBOSE] [DOM] Input elements should have autocomplete attributes (suggested: "current-password"): (More info: https://goo.gl/9p2vKq) %o @ http://localhost:4200/auth/login:0
[ 9521790ms] [LOG] %c📦 [StorageService] Inicializando servicio de almacenamiento local... color: #3F51B5; font-style: italic; @ http://localhost:4200/chunk-XGIOEOMU.js:2909
[ 9521792ms] [LOG] %c [AuthService] Verificando ruta inicial: /auth/login | Es publica: true color: #9C27B0; font-style: italic; @ http://localhost:4200/chunk-XGIOEOMU.js:2909
[ 9521792ms] [LOG] %c [AuthService] Ruta publica detectada. Omitiendo login silencioso. color: #FFC107; font-style: italic; @ http://localhost:4200/chunk-XGIOEOMU.js:2909
[ 9521792ms] [LOG] %c🚀 [Initializer] Starting application state initialization... color: purple; font-style: italic; @ http://localhost:4200/chunk-XGIOEOMU.js:2909
[ 9521793ms] [LOG] %c🤷 [Initializer] No user session. Skipping customer state initialization. color: #9E9E9E; font-style: italic; @ http://localhost:4200/chunk-XGIOEOMU.js:2909
[ 9521794ms] [LOG] %c✅ [Initializer] State initialization complete. color: green; font-style: italic; @ http://localhost:4200/chunk-XGIOEOMU.js:2909
[ 9521826ms] [LOG] %c🔄 UpdateService: Inicializando servicio de actualizaciones color: blue; font-weight: bold; @ http://localhost:4200/chunk-67RTLGLK.js:17
[ 9521826ms] [LOG] %c🔄 UpdateService: ❌ Service Worker NO habilitado color: red; font-weight: bold; @ http://localhost:4200/chunk-67RTLGLK.js:33
[ 9521832ms] [LOG] %c🚀 [App] ¡Aplicación iniciada! Soy más ligero y rápido que nunca. color: #673AB7; font-style: italic; @ http://localhost:4200/chunk-XGIOEOMU.js:2909
[ 9521836ms] [LOG] Angular is running in development mode. @ http://localhost:4200/@fs/D:/repos/luxuryapp-api/appsweb/angular/.angular/cache/22.1.8/luxury-app/vite/deps/core-gRj2gSiC.js?v=fc679455:9175
[ 9521964ms] [LOG] %c🔐 [SecurityService] Servicio de seguridad inicializado. color: #3F51B5; font-style: italic; @ http://localhost:4200/chunk-XGIOEOMU.js:2909
[ 9521999ms] [LOG] %c [Login] Iniciando.. color: #607D8B; font-style: italic; @ http://localhost:4200/chunk-XGIOEOMU.js:2909
[ 9522000ms] [LOG] %c [Login] Usando / como redireccion por defecto. color: #607D8B; font-style: italic; @ http://localhost:4200/chunk-XGIOEOMU.js:2909
[ 9522000ms] [LOG] %c [Login] URL final de redireccion: / color: #2196F3; font-style: italic; @ http://localhost:4200/chunk-XGIOEOMU.js:2909
[ 9522001ms] [LOG] %c🚪 [SecurityService] Limpiando datos de autenticación... color: #F44336; font-style: italic; @ http://localhost:4200/chunk-XGIOEOMU.js:2909
[ 9522001ms] [LOG] %c🗑️ [StorageService] Eliminando clave: 'userAuthData' color: #F44336; font-style: italic; @ http://localhost:4200/chunk-XGIOEOMU.js:2909
[ 9522002ms] [LOG] %c✅ [StorageService] Clave 'userAuthData' eliminada. color: #9E9E9E; font-style: italic; @ http://localhost:4200/chunk-XGIOEOMU.js:2909
[ 9522002ms] [LOG] %c🗑️ [StorageService] Eliminando clave: 'accessToken' color: #F44336; font-style: italic; @ http://localhost:4200/chunk-XGIOEOMU.js:2909
[ 9522002ms] [LOG] %c✅ [StorageService] Clave 'accessToken' eliminada. color: #9E9E9E; font-style: italic; @ http://localhost:4200/chunk-XGIOEOMU.js:2909
[ 9522003ms] [LOG] %c🧹 [SecurityService] Datos de sesión eliminados: userAuthData y accessToken. color: #9E9E9E; font-style: italic; @ http://localhost:4200/chunk-XGIOEOMU.js:2909
[ 9522003ms] [LOG] %c [Login] Datos de sesion previa eliminados. color: #9E9E9E; font-style: italic; @ http://localhost:4200/chunk-XGIOEOMU.js:2909
[ 9522004ms] [LOG] %c🚪 [SecurityService] Limpiando datos de autenticación... color: #F44336; font-style: italic; @ http://localhost:4200/chunk-XGIOEOMU.js:2909
[ 9522004ms] [LOG] %c🗑️ [StorageService] Eliminando clave: 'userAuthData' color: #F44336; font-style: italic; @ http://localhost:4200/chunk-XGIOEOMU.js:2909
[ 9522004ms] [LOG] %c✅ [StorageService] Clave 'userAuthData' eliminada. color: #9E9E9E; font-style: italic; @ http://localhost:4200/chunk-XGIOEOMU.js:2909
[ 9522005ms] [LOG] %c🗑️ [StorageService] Eliminando clave: 'accessToken' color: #F44336; font-style: italic; @ http://localhost:4200/chunk-XGIOEOMU.js:2909
[ 9522005ms] [LOG] %c✅ [StorageService] Clave 'accessToken' eliminada. color: #9E9E9E; font-style: italic; @ http://localhost:4200/chunk-XGIOEOMU.js:2909
[ 9522005ms] [LOG] %c🧹 [SecurityService] Datos de sesión eliminados: userAuthData y accessToken. color: #9E9E9E; font-style: italic; @ http://localhost:4200/chunk-XGIOEOMU.js:2909
[ 9522086ms] [WARNING] NG0913: An image with src http://localhost:4200/assets/oficial/Logo%20Files/png/Color%20logo%20-%20no%20background.png has intrinsic file dimensions much larger than its rendered size. This can negatively impact application loading performance. For more information about addressing or disabling this warning, see https://v22.angular.dev/errors/NG0913. Find more at https://v22.angular.dev/errors/NG0913 @ http://localhost:4200/@fs/D:/repos/luxuryapp-api/appsweb/angular/.angular/cache/22.1.8/luxury-app/vite/deps/core-gRj2gSiC.js?v=fc679455:17980
[ 9522086ms] [WARNING] NG0913: An image with src http://localhost:4200/assets/oficial/Logo%20Files/png/Color%20logo%20-%20no%20background.png has intrinsic file dimensions much larger than its rendered size. This can negatively impact application loading performance. For more information about addressing or disabling this warning, see https://v22.angular.dev/errors/NG0913. Find more at https://v22.angular.dev/errors/NG0913 @ http://localhost:4200/@fs/D:/repos/luxuryapp-api/appsweb/angular/.angular/cache/22.1.8/luxury-app/vite/deps/core-gRj2gSiC.js?v=fc679455:17980
[ 9522087ms] [WARNING] NG0913: An image with src http://localhost:4200/assets/oficial/Logo%20Files/png/White%20logo%20-%20no%20background.png has intrinsic file dimensions much larger than its rendered size. This can negatively impact application loading performance. For more information about addressing or disabling this warning, see https://v22.angular.dev/errors/NG0913. Find more at https://v22.angular.dev/errors/NG0913 @ http://localhost:4200/@fs/D:/repos/luxuryapp-api/appsweb/angular/.angular/cache/22.1.8/luxury-app/vite/deps/core-gRj2gSiC.js?v=fc679455:17980
[ 9522092ms] [VERBOSE] [DOM] Input elements should have autocomplete attributes (suggested: "current-password"): (More info: https://goo.gl/9p2vKq) %o @ http://localhost:4200/auth/login:0
[ 9535503ms] [LOG] %c📦 [StorageService] Inicializando servicio de almacenamiento local... color: #3F51B5; font-style: italic; @ http://localhost:4200/chunk-XGIOEOMU.js:2909
[ 9535506ms] [LOG] %c [AuthService] Verificando ruta inicial: /auth/login | Es publica: true color: #9C27B0; font-style: italic; @ http://localhost:4200/chunk-XGIOEOMU.js:2909
[ 9535506ms] [LOG] %c [AuthService] Ruta publica detectada. Omitiendo login silencioso. color: #FFC107; font-style: italic; @ http://localhost:4200/chunk-XGIOEOMU.js:2909
[ 9535507ms] [LOG] %c🚀 [Initializer] Starting application state initialization... color: purple; font-style: italic; @ http://localhost:4200/chunk-XGIOEOMU.js:2909
[ 9535508ms] [LOG] %c🤷 [Initializer] No user session. Skipping customer state initialization. color: #9E9E9E; font-style: italic; @ http://localhost:4200/chunk-XGIOEOMU.js:2909
[ 9535511ms] [LOG] %c✅ [Initializer] State initialization complete. color: green; font-style: italic; @ http://localhost:4200/chunk-XGIOEOMU.js:2909
[ 9535647ms] [LOG] %c🔄 UpdateService: Inicializando servicio de actualizaciones color: blue; font-weight: bold; @ http://localhost:4200/chunk-67RTLGLK.js:17
[ 9535651ms] [LOG] %c🔄 UpdateService: ❌ Service Worker NO habilitado color: red; font-weight: bold; @ http://localhost:4200/chunk-67RTLGLK.js:33
[ 9535661ms] [LOG] %c🚀 [App] ¡Aplicación iniciada! Soy más ligero y rápido que nunca. color: #673AB7; font-style: italic; @ http://localhost:4200/chunk-XGIOEOMU.js:2909
[ 9535671ms] [LOG] Angular is running in development mode. @ http://localhost:4200/@fs/D:/repos/luxuryapp-api/appsweb/angular/.angular/cache/22.1.8/luxury-app/vite/deps/core-gRj2gSiC.js?v=fc679455:9175
[ 9536096ms] [LOG] %c🔐 [SecurityService] Servicio de seguridad inicializado. color: #3F51B5; font-style: italic; @ http://localhost:4200/chunk-XGIOEOMU.js:2909
[ 9536164ms] [LOG] %c [Login] Iniciando.. color: #607D8B; font-style: italic; @ http://localhost:4200/chunk-XGIOEOMU.js:2909
[ 9536165ms] [LOG] %c [Login] Usando / como redireccion por defecto. color: #607D8B; font-style: italic; @ http://localhost:4200/chunk-XGIOEOMU.js:2909
[ 9536165ms] [LOG] %c [Login] URL final de redireccion: / color: #2196F3; font-style: italic; @ http://localhost:4200/chunk-XGIOEOMU.js:2909
[ 9536166ms] [LOG] %c🚪 [SecurityService] Limpiando datos de autenticación... color: #F44336; font-style: italic; @ http://localhost:4200/chunk-XGIOEOMU.js:2909
[ 9536168ms] [LOG] %c🗑️ [StorageService] Eliminando clave: 'userAuthData' color: #F44336; font-style: italic; @ http://localhost:4200/chunk-XGIOEOMU.js:2909
[ 9536169ms] [LOG] %c✅ [StorageService] Clave 'userAuthData' eliminada. color: #9E9E9E; font-style: italic; @ http://localhost:4200/chunk-XGIOEOMU.js:2909
[ 9536169ms] [LOG] %c🗑️ [StorageService] Eliminando clave: 'accessToken' color: #F44336; font-style: italic; @ http://localhost:4200/chunk-XGIOEOMU.js:2909
[ 9536170ms] [LOG] %c✅ [StorageService] Clave 'accessToken' eliminada. color: #9E9E9E; font-style: italic; @ http://localhost:4200/chunk-XGIOEOMU.js:2909
[ 9536171ms] [LOG] %c🧹 [SecurityService] Datos de sesión eliminados: userAuthData y accessToken. color: #9E9E9E; font-style: italic; @ http://localhost:4200/chunk-XGIOEOMU.js:2909
[ 9536172ms] [LOG] %c [Login] Datos de sesion previa eliminados. color: #9E9E9E; font-style: italic; @ http://localhost:4200/chunk-XGIOEOMU.js:2909
[ 9536173ms] [LOG] %c🚪 [SecurityService] Limpiando datos de autenticación... color: #F44336; font-style: italic; @ http://localhost:4200/chunk-XGIOEOMU.js:2909
[ 9536174ms] [LOG] %c🗑️ [StorageService] Eliminando clave: 'userAuthData' color: #F44336; font-style: italic; @ http://localhost:4200/chunk-XGIOEOMU.js:2909
[ 9536176ms] [LOG] %c✅ [StorageService] Clave 'userAuthData' eliminada. color: #9E9E9E; font-style: italic; @ http://localhost:4200/chunk-XGIOEOMU.js:2909
[ 9536176ms] [LOG] %c🗑️ [StorageService] Eliminando clave: 'accessToken' color: #F44336; font-style: italic; @ http://localhost:4200/chunk-XGIOEOMU.js:2909
[ 9536176ms] [LOG] %c✅ [StorageService] Clave 'accessToken' eliminada. color: #9E9E9E; font-style: italic; @ http://localhost:4200/chunk-XGIOEOMU.js:2909
[ 9536177ms] [LOG] %c🧹 [SecurityService] Datos de sesión eliminados: userAuthData y accessToken. color: #9E9E9E; font-style: italic; @ http://localhost:4200/chunk-XGIOEOMU.js:2909
[ 9536281ms] [VERBOSE] [DOM] Input elements should have autocomplete attributes (suggested: "current-password"): (More info: https://goo.gl/9p2vKq) %o @ http://localhost:4200/auth/login:0
[ 9560197ms] [LOG] %c📦 [StorageService] Inicializando servicio de almacenamiento local... color: #3F51B5; font-style: italic; @ http://localhost:4200/chunk-XGIOEOMU.js:2909
[ 9560199ms] [LOG] %c [AuthService] Verificando ruta inicial: /auth/login | Es publica: true color: #9C27B0; font-style: italic; @ http://localhost:4200/chunk-XGIOEOMU.js:2909
[ 9560200ms] [LOG] %c [AuthService] Ruta publica detectada. Omitiendo login silencioso. color: #FFC107; font-style: italic; @ http://localhost:4200/chunk-XGIOEOMU.js:2909
[ 9560201ms] [LOG] %c🚀 [Initializer] Starting application state initialization... color: purple; font-style: italic; @ http://localhost:4200/chunk-XGIOEOMU.js:2909
[ 9560201ms] [LOG] %c🤷 [Initializer] No user session. Skipping customer state initialization. color: #9E9E9E; font-style: italic; @ http://localhost:4200/chunk-XGIOEOMU.js:2909
[ 9560202ms] [LOG] %c✅ [Initializer] State initialization complete. color: green; font-style: italic; @ http://localhost:4200/chunk-XGIOEOMU.js:2909
[ 9560234ms] [LOG] %c🔄 UpdateService: Inicializando servicio de actualizaciones color: blue; font-weight: bold; @ http://localhost:4200/chunk-67RTLGLK.js:17
[ 9560235ms] [LOG] %c🔄 UpdateService: ❌ Service Worker NO habilitado color: red; font-weight: bold; @ http://localhost:4200/chunk-67RTLGLK.js:33
[ 9560242ms] [LOG] %c🚀 [App] ¡Aplicación iniciada! Soy más ligero y rápido que nunca. color: #673AB7; font-style: italic; @ http://localhost:4200/chunk-XGIOEOMU.js:2909
[ 9560257ms] [LOG] Angular is running in development mode. @ http://localhost:4200/@fs/D:/repos/luxuryapp-api/appsweb/angular/.angular/cache/22.1.8/luxury-app/vite/deps/core-gRj2gSiC.js?v=fc679455:9175
[ 9560418ms] [LOG] %c🔐 [SecurityService] Servicio de seguridad inicializado. color: #3F51B5; font-style: italic; @ http://localhost:4200/chunk-XGIOEOMU.js:2909
[ 9560477ms] [LOG] %c [Login] Iniciando.. color: #607D8B; font-style: italic; @ http://localhost:4200/chunk-XGIOEOMU.js:2909
[ 9560477ms] [LOG] %c [Login] Usando / como redireccion por defecto. color: #607D8B; font-style: italic; @ http://localhost:4200/chunk-XGIOEOMU.js:2909
[ 9560478ms] [LOG] %c [Login] URL final de redireccion: / color: #2196F3; font-style: italic; @ http://localhost:4200/chunk-XGIOEOMU.js:2909
[ 9560479ms] [LOG] %c🚪 [SecurityService] Limpiando datos de autenticación... color: #F44336; font-style: italic; @ http://localhost:4200/chunk-XGIOEOMU.js:2909
[ 9560479ms] [LOG] %c🗑️ [StorageService] Eliminando clave: 'userAuthData' color: #F44336; font-style: italic; @ http://localhost:4200/chunk-XGIOEOMU.js:2909
[ 9560479ms] [LOG] %c✅ [StorageService] Clave 'userAuthData' eliminada. color: #9E9E9E; font-style: italic; @ http://localhost:4200/chunk-XGIOEOMU.js:2909
[ 9560479ms] [LOG] %c🗑️ [StorageService] Eliminando clave: 'accessToken' color: #F44336; font-style: italic; @ http://localhost:4200/chunk-XGIOEOMU.js:2909
[ 9560480ms] [LOG] %c✅ [StorageService] Clave 'accessToken' eliminada. color: #9E9E9E; font-style: italic; @ http://localhost:4200/chunk-XGIOEOMU.js:2909
[ 9560480ms] [LOG] %c🧹 [SecurityService] Datos de sesión eliminados: userAuthData y accessToken. color: #9E9E9E; font-style: italic; @ http://localhost:4200/chunk-XGIOEOMU.js:2909
[ 9560481ms] [LOG] %c [Login] Datos de sesion previa eliminados. color: #9E9E9E; font-style: italic; @ http://localhost:4200/chunk-XGIOEOMU.js:2909
[ 9560481ms] [LOG] %c🚪 [SecurityService] Limpiando datos de autenticación... color: #F44336; font-style: italic; @ http://localhost:4200/chunk-XGIOEOMU.js:2909
[ 9560482ms] [LOG] %c🗑️ [StorageService] Eliminando clave: 'userAuthData' color: #F44336; font-style: italic; @ http://localhost:4200/chunk-XGIOEOMU.js:2909
[ 9560482ms] [LOG] %c✅ [StorageService] Clave 'userAuthData' eliminada. color: #9E9E9E; font-style: italic; @ http://localhost:4200/chunk-XGIOEOMU.js:2909
[ 9560484ms] [LOG] %c🗑️ [StorageService] Eliminando clave: 'accessToken' color: #F44336; font-style: italic; @ http://localhost:4200/chunk-XGIOEOMU.js:2909
[ 9560484ms] [LOG] %c✅ [StorageService] Clave 'accessToken' eliminada. color: #9E9E9E; font-style: italic; @ http://localhost:4200/chunk-XGIOEOMU.js:2909
[ 9560485ms] [LOG] %c🧹 [SecurityService] Datos de sesión eliminados: userAuthData y accessToken. color: #9E9E9E; font-style: italic; @ http://localhost:4200/chunk-XGIOEOMU.js:2909
[ 9560563ms] [WARNING] NG0913: An image with src http://localhost:4200/assets/oficial/Logo%20Files/png/Color%20logo%20-%20no%20background.png has intrinsic file dimensions much larger than its rendered size. This can negatively impact application loading performance. For more information about addressing or disabling this warning, see https://v22.angular.dev/errors/NG0913. Find more at https://v22.angular.dev/errors/NG0913 @ http://localhost:4200/@fs/D:/repos/luxuryapp-api/appsweb/angular/.angular/cache/22.1.8/luxury-app/vite/deps/core-gRj2gSiC.js?v=fc679455:17980
[ 9560563ms] [WARNING] NG0913: An image with src http://localhost:4200/assets/oficial/Logo%20Files/png/Color%20logo%20-%20no%20background.png has intrinsic file dimensions much larger than its rendered size. This can negatively impact application loading performance. For more information about addressing or disabling this warning, see https://v22.angular.dev/errors/NG0913. Find more at https://v22.angular.dev/errors/NG0913 @ http://localhost:4200/@fs/D:/repos/luxuryapp-api/appsweb/angular/.angular/cache/22.1.8/luxury-app/vite/deps/core-gRj2gSiC.js?v=fc679455:17980
[ 9560564ms] [WARNING] NG0913: An image with src http://localhost:4200/assets/oficial/Logo%20Files/png/White%20logo%20-%20no%20background.png has intrinsic file dimensions much larger than its rendered size. This can negatively impact application loading performance. For more information about addressing or disabling this warning, see https://v22.angular.dev/errors/NG0913. Find more at https://v22.angular.dev/errors/NG0913 @ http://localhost:4200/@fs/D:/repos/luxuryapp-api/appsweb/angular/.angular/cache/22.1.8/luxury-app/vite/deps/core-gRj2gSiC.js?v=fc679455:17980
[ 9560572ms] [VERBOSE] [DOM] Input elements should have autocomplete attributes (suggested: "current-password"): (More info: https://goo.gl/9p2vKq) %o @ http://localhost:4200/auth/login:0
[ 9583641ms] [LOG] %c📦 [StorageService] Inicializando servicio de almacenamiento local... color: #3F51B5; font-style: italic; @ http://localhost:4200/chunk-XGIOEOMU.js:2909
[ 9583643ms] [LOG] %c [AuthService] Verificando ruta inicial: /auth/login | Es publica: true color: #9C27B0; font-style: italic; @ http://localhost:4200/chunk-XGIOEOMU.js:2909
[ 9583644ms] [LOG] %c [AuthService] Ruta publica detectada. Omitiendo login silencioso. color: #FFC107; font-style: italic; @ http://localhost:4200/chunk-XGIOEOMU.js:2909
[ 9583644ms] [LOG] %c🚀 [Initializer] Starting application state initialization... color: purple; font-style: italic; @ http://localhost:4200/chunk-XGIOEOMU.js:2909
[ 9583646ms] [LOG] %c🤷 [Initializer] No user session. Skipping customer state initialization. color: #9E9E9E; font-style: italic; @ http://localhost:4200/chunk-XGIOEOMU.js:2909
[ 9583647ms] [LOG] %c✅ [Initializer] State initialization complete. color: green; font-style: italic; @ http://localhost:4200/chunk-XGIOEOMU.js:2909
[ 9583845ms] [LOG] %c🔄 UpdateService: Inicializando servicio de actualizaciones color: blue; font-weight: bold; @ http://localhost:4200/chunk-67RTLGLK.js:17
[ 9583845ms] [LOG] %c🔄 UpdateService: ❌ Service Worker NO habilitado color: red; font-weight: bold; @ http://localhost:4200/chunk-67RTLGLK.js:33
[ 9583856ms] [LOG] %c🚀 [App] ¡Aplicación iniciada! Soy más ligero y rápido que nunca. color: #673AB7; font-style: italic; @ http://localhost:4200/chunk-XGIOEOMU.js:2909
[ 9583864ms] [LOG] Angular is running in development mode. @ http://localhost:4200/@fs/D:/repos/luxuryapp-api/appsweb/angular/.angular/cache/22.1.8/luxury-app/vite/deps/core-gRj2gSiC.js?v=fc679455:9175
[ 9584378ms] [LOG] %c🔐 [SecurityService] Servicio de seguridad inicializado. color: #3F51B5; font-style: italic; @ http://localhost:4200/chunk-XGIOEOMU.js:2909
[ 9584452ms] [LOG] %c [Login] Iniciando.. color: #607D8B; font-style: italic; @ http://localhost:4200/chunk-XGIOEOMU.js:2909
[ 9584453ms] [LOG] %c [Login] Usando / como redireccion por defecto. color: #607D8B; font-style: italic; @ http://localhost:4200/chunk-XGIOEOMU.js:2909
[ 9584454ms] [LOG] %c [Login] URL final de redireccion: / color: #2196F3; font-style: italic; @ http://localhost:4200/chunk-XGIOEOMU.js:2909
[ 9584455ms] [LOG] %c🚪 [SecurityService] Limpiando datos de autenticación... color: #F44336; font-style: italic; @ http://localhost:4200/chunk-XGIOEOMU.js:2909
[ 9584455ms] [LOG] %c🗑️ [StorageService] Eliminando clave: 'userAuthData' color: #F44336; font-style: italic; @ http://localhost:4200/chunk-XGIOEOMU.js:2909
[ 9584456ms] [LOG] %c✅ [StorageService] Clave 'userAuthData' eliminada. color: #9E9E9E; font-style: italic; @ http://localhost:4200/chunk-XGIOEOMU.js:2909
[ 9584456ms] [LOG] %c🗑️ [StorageService] Eliminando clave: 'accessToken' color: #F44336; font-style: italic; @ http://localhost:4200/chunk-XGIOEOMU.js:2909
[ 9584457ms] [LOG] %c✅ [StorageService] Clave 'accessToken' eliminada. color: #9E9E9E; font-style: italic; @ http://localhost:4200/chunk-XGIOEOMU.js:2909
[ 9584457ms] [LOG] %c🧹 [SecurityService] Datos de sesión eliminados: userAuthData y accessToken. color: #9E9E9E; font-style: italic; @ http://localhost:4200/chunk-XGIOEOMU.js:2909
[ 9584458ms] [LOG] %c [Login] Datos de sesion previa eliminados. color: #9E9E9E; font-style: italic; @ http://localhost:4200/chunk-XGIOEOMU.js:2909
[ 9584460ms] [LOG] %c🚪 [SecurityService] Limpiando datos de autenticación... color: #F44336; font-style: italic; @ http://localhost:4200/chunk-XGIOEOMU.js:2909
[ 9584462ms] [LOG] %c🗑️ [StorageService] Eliminando clave: 'userAuthData' color: #F44336; font-style: italic; @ http://localhost:4200/chunk-XGIOEOMU.js:2909
[ 9584463ms] [LOG] %c✅ [StorageService] Clave 'userAuthData' eliminada. color: #9E9E9E; font-style: italic; @ http://localhost:4200/chunk-XGIOEOMU.js:2909
[ 9584464ms] [LOG] %c🗑️ [StorageService] Eliminando clave: 'accessToken' color: #F44336; font-style: italic; @ http://localhost:4200/chunk-XGIOEOMU.js:2909
[ 9584464ms] [LOG] %c✅ [StorageService] Clave 'accessToken' eliminada. color: #9E9E9E; font-style: italic; @ http://localhost:4200/chunk-XGIOEOMU.js:2909
[ 9584464ms] [LOG] %c🧹 [SecurityService] Datos de sesión eliminados: userAuthData y accessToken. color: #9E9E9E; font-style: italic; @ http://localhost:4200/chunk-XGIOEOMU.js:2909
[ 9584707ms] [VERBOSE] [DOM] Input elements should have autocomplete attributes (suggested: "current-password"): (More info: https://goo.gl/9p2vKq) %o @ http://localhost:4200/auth/login:0
[10444287ms] [LOG] %c📦 [StorageService] Inicializando servicio de almacenamiento local... color: #3F51B5; font-style: italic; @ http://localhost:4200/chunk-XGIOEOMU.js:2909
[10444289ms] [LOG] %c [AuthService] Verificando ruta inicial: /auth/login | Es publica: true color: #9C27B0; font-style: italic; @ http://localhost:4200/chunk-XGIOEOMU.js:2909
[10444289ms] [LOG] %c [AuthService] Ruta publica detectada. Omitiendo login silencioso. color: #FFC107; font-style: italic; @ http://localhost:4200/chunk-XGIOEOMU.js:2909
[10444290ms] [LOG] %c🚀 [Initializer] Starting application state initialization... color: purple; font-style: italic; @ http://localhost:4200/chunk-XGIOEOMU.js:2909
[10444291ms] [LOG] %c🤷 [Initializer] No user session. Skipping customer state initialization. color: #9E9E9E; font-style: italic; @ http://localhost:4200/chunk-XGIOEOMU.js:2909
[10444291ms] [LOG] %c✅ [Initializer] State initialization complete. color: green; font-style: italic; @ http://localhost:4200/chunk-XGIOEOMU.js:2909
[10444330ms] [LOG] %c🔄 UpdateService: Inicializando servicio de actualizaciones color: blue; font-weight: bold; @ http://localhost:4200/chunk-67RTLGLK.js:17
[10444330ms] [LOG] %c🔄 UpdateService: ❌ Service Worker NO habilitado color: red; font-weight: bold; @ http://localhost:4200/chunk-67RTLGLK.js:33
[10444338ms] [LOG] %c🚀 [App] ¡Aplicación iniciada! Soy más ligero y rápido que nunca. color: #673AB7; font-style: italic; @ http://localhost:4200/chunk-XGIOEOMU.js:2909
[10444345ms] [LOG] Angular is running in development mode. @ http://localhost:4200/@fs/D:/repos/luxuryapp-api/appsweb/angular/.angular/cache/22.1.8/luxury-app/vite/deps/core-gRj2gSiC.js?v=fc679455:9175
[10444766ms] [LOG] %c🔐 [SecurityService] Servicio de seguridad inicializado. color: #3F51B5; font-style: italic; @ http://localhost:4200/chunk-XGIOEOMU.js:2909
[10444824ms] [LOG] %c [Login] Iniciando.. color: #607D8B; font-style: italic; @ http://localhost:4200/chunk-XGIOEOMU.js:2909
[10444825ms] [LOG] %c [Login] Usando / como redireccion por defecto. color: #607D8B; font-style: italic; @ http://localhost:4200/chunk-XGIOEOMU.js:2909
[10444826ms] [LOG] %c [Login] URL final de redireccion: / color: #2196F3; font-style: italic; @ http://localhost:4200/chunk-XGIOEOMU.js:2909
[10444827ms] [LOG] %c🚪 [SecurityService] Limpiando datos de autenticación... color: #F44336; font-style: italic; @ http://localhost:4200/chunk-XGIOEOMU.js:2909
[10444827ms] [LOG] %c🗑️ [StorageService] Eliminando clave: 'userAuthData' color: #F44336; font-style: italic; @ http://localhost:4200/chunk-XGIOEOMU.js:2909
[10444828ms] [LOG] %c✅ [StorageService] Clave 'userAuthData' eliminada. color: #9E9E9E; font-style: italic; @ http://localhost:4200/chunk-XGIOEOMU.js:2909
[10444828ms] [LOG] %c🗑️ [StorageService] Eliminando clave: 'accessToken' color: #F44336; font-style: italic; @ http://localhost:4200/chunk-XGIOEOMU.js:2909
[10444829ms] [LOG] %c✅ [StorageService] Clave 'accessToken' eliminada. color: #9E9E9E; font-style: italic; @ http://localhost:4200/chunk-XGIOEOMU.js:2909
[10444830ms] [LOG] %c🧹 [SecurityService] Datos de sesión eliminados: userAuthData y accessToken. color: #9E9E9E; font-style: italic; @ http://localhost:4200/chunk-XGIOEOMU.js:2909
[10444831ms] [LOG] %c [Login] Datos de sesion previa eliminados. color: #9E9E9E; font-style: italic; @ http://localhost:4200/chunk-XGIOEOMU.js:2909
[10444832ms] [LOG] %c🚪 [SecurityService] Limpiando datos de autenticación... color: #F44336; font-style: italic; @ http://localhost:4200/chunk-XGIOEOMU.js:2909
[10444833ms] [LOG] %c🗑️ [StorageService] Eliminando clave: 'userAuthData' color: #F44336; font-style: italic; @ http://localhost:4200/chunk-XGIOEOMU.js:2909
[10444834ms] [LOG] %c✅ [StorageService] Clave 'userAuthData' eliminada. color: #9E9E9E; font-style: italic; @ http://localhost:4200/chunk-XGIOEOMU.js:2909
[10444835ms] [LOG] %c🗑️ [StorageService] Eliminando clave: 'accessToken' color: #F44336; font-style: italic; @ http://localhost:4200/chunk-XGIOEOMU.js:2909
[10444835ms] [LOG] %c✅ [StorageService] Clave 'accessToken' eliminada. color: #9E9E9E; font-style: italic; @ http://localhost:4200/chunk-XGIOEOMU.js:2909
[10444835ms] [LOG] %c🧹 [SecurityService] Datos de sesión eliminados: userAuthData y accessToken. color: #9E9E9E; font-style: italic; @ http://localhost:4200/chunk-XGIOEOMU.js:2909
[10444934ms] [VERBOSE] [DOM] Input elements should have autocomplete attributes (suggested: "current-password"): (More info: https://goo.gl/9p2vKq) %o @ http://localhost:4200/auth/login:0
[10456693ms] [LOG] %c📦 [StorageService] Inicializando servicio de almacenamiento local... color: #3F51B5; font-style: italic; @ http://localhost:4200/chunk-XGIOEOMU.js:2909
[10456695ms] [LOG] %c [AuthService] Verificando ruta inicial: /auth/login | Es publica: true color: #9C27B0; font-style: italic; @ http://localhost:4200/chunk-XGIOEOMU.js:2909
[10456696ms] [LOG] %c [AuthService] Ruta publica detectada. Omitiendo login silencioso. color: #FFC107; font-style: italic; @ http://localhost:4200/chunk-XGIOEOMU.js:2909
[10456697ms] [LOG] %c🚀 [Initializer] Starting application state initialization... color: purple; font-style: italic; @ http://localhost:4200/chunk-XGIOEOMU.js:2909
[10456698ms] [LOG] %c🤷 [Initializer] No user session. Skipping customer state initialization. color: #9E9E9E; font-style: italic; @ http://localhost:4200/chunk-XGIOEOMU.js:2909
[10456699ms] [LOG] %c✅ [Initializer] State initialization complete. color: green; font-style: italic; @ http://localhost:4200/chunk-XGIOEOMU.js:2909
[10456790ms] [LOG] %c🔄 UpdateService: Inicializando servicio de actualizaciones color: blue; font-weight: bold; @ http://localhost:4200/chunk-67RTLGLK.js:17
[10456790ms] [LOG] %c🔄 UpdateService: ❌ Service Worker NO habilitado color: red; font-weight: bold; @ http://localhost:4200/chunk-67RTLGLK.js:33
[10456801ms] [LOG] %c🚀 [App] ¡Aplicación iniciada! Soy más ligero y rápido que nunca. color: #673AB7; font-style: italic; @ http://localhost:4200/chunk-XGIOEOMU.js:2909
[10456810ms] [LOG] Angular is running in development mode. @ http://localhost:4200/@fs/D:/repos/luxuryapp-api/appsweb/angular/.angular/cache/22.1.8/luxury-app/vite/deps/core-gRj2gSiC.js?v=fc679455:9175
[10457242ms] [LOG] %c🔐 [SecurityService] Servicio de seguridad inicializado. color: #3F51B5; font-style: italic; @ http://localhost:4200/chunk-XGIOEOMU.js:2909
[10457298ms] [LOG] %c [Login] Iniciando.. color: #607D8B; font-style: italic; @ http://localhost:4200/chunk-XGIOEOMU.js:2909
[10457298ms] [LOG] %c [Login] Usando / como redireccion por defecto. color: #607D8B; font-style: italic; @ http://localhost:4200/chunk-XGIOEOMU.js:2909
[10457299ms] [LOG] %c [Login] URL final de redireccion: / color: #2196F3; font-style: italic; @ http://localhost:4200/chunk-XGIOEOMU.js:2909
[10457299ms] [LOG] %c🚪 [SecurityService] Limpiando datos de autenticación... color: #F44336; font-style: italic; @ http://localhost:4200/chunk-XGIOEOMU.js:2909
[10457299ms] [LOG] %c🗑️ [StorageService] Eliminando clave: 'userAuthData' color: #F44336; font-style: italic; @ http://localhost:4200/chunk-XGIOEOMU.js:2909
[10457300ms] [LOG] %c✅ [StorageService] Clave 'userAuthData' eliminada. color: #9E9E9E; font-style: italic; @ http://localhost:4200/chunk-XGIOEOMU.js:2909
[10457300ms] [LOG] %c🗑️ [StorageService] Eliminando clave: 'accessToken' color: #F44336; font-style: italic; @ http://localhost:4200/chunk-XGIOEOMU.js:2909
[10457301ms] [LOG] %c✅ [StorageService] Clave 'accessToken' eliminada. color: #9E9E9E; font-style: italic; @ http://localhost:4200/chunk-XGIOEOMU.js:2909
[10457301ms] [LOG] %c🧹 [SecurityService] Datos de sesión eliminados: userAuthData y accessToken. color: #9E9E9E; font-style: italic; @ http://localhost:4200/chunk-XGIOEOMU.js:2909
[10457301ms] [LOG] %c [Login] Datos de sesion previa eliminados. color: #9E9E9E; font-style: italic; @ http://localhost:4200/chunk-XGIOEOMU.js:2909
[10457302ms] [LOG] %c🚪 [SecurityService] Limpiando datos de autenticación... color: #F44336; font-style: italic; @ http://localhost:4200/chunk-XGIOEOMU.js:2909
[10457303ms] [LOG] %c🗑️ [StorageService] Eliminando clave: 'userAuthData' color: #F44336; font-style: italic; @ http://localhost:4200/chunk-XGIOEOMU.js:2909
[10457303ms] [LOG] %c✅ [StorageService] Clave 'userAuthData' eliminada. color: #9E9E9E; font-style: italic; @ http://localhost:4200/chunk-XGIOEOMU.js:2909
[10457304ms] [LOG] %c🗑️ [StorageService] Eliminando clave: 'accessToken' color: #F44336; font-style: italic; @ http://localhost:4200/chunk-XGIOEOMU.js:2909
[10457304ms] [LOG] %c✅ [StorageService] Clave 'accessToken' eliminada. color: #9E9E9E; font-style: italic; @ http://localhost:4200/chunk-XGIOEOMU.js:2909
[10457305ms] [LOG] %c🧹 [SecurityService] Datos de sesión eliminados: userAuthData y accessToken. color: #9E9E9E; font-style: italic; @ http://localhost:4200/chunk-XGIOEOMU.js:2909
[10457411ms] [VERBOSE] [DOM] Input elements should have autocomplete attributes (suggested: "current-password"): (More info: https://goo.gl/9p2vKq) %o @ http://localhost:4200/auth/login:0
[12836826ms] [LOG] %c📦 [StorageService] Inicializando servicio de almacenamiento local... color: #3F51B5; font-style: italic; @ http://localhost:4200/chunk-XGIOEOMU.js:2909
[12836829ms] [LOG] %c [AuthService] Verificando ruta inicial: /auth/login | Es publica: true color: #9C27B0; font-style: italic; @ http://localhost:4200/chunk-XGIOEOMU.js:2909
[12836830ms] [LOG] %c [AuthService] Ruta publica detectada. Omitiendo login silencioso. color: #FFC107; font-style: italic; @ http://localhost:4200/chunk-XGIOEOMU.js:2909
[12836831ms] [LOG] %c🚀 [Initializer] Starting application state initialization... color: purple; font-style: italic; @ http://localhost:4200/chunk-XGIOEOMU.js:2909
[12836832ms] [LOG] %c🤷 [Initializer] No user session. Skipping customer state initialization. color: #9E9E9E; font-style: italic; @ http://localhost:4200/chunk-XGIOEOMU.js:2909
[12836833ms] [LOG] %c✅ [Initializer] State initialization complete. color: green; font-style: italic; @ http://localhost:4200/chunk-XGIOEOMU.js:2909
[12836877ms] [LOG] %c🔄 UpdateService: Inicializando servicio de actualizaciones color: blue; font-weight: bold; @ http://localhost:4200/chunk-67RTLGLK.js:17
[12836877ms] [LOG] %c🔄 UpdateService: ❌ Service Worker NO habilitado color: red; font-weight: bold; @ http://localhost:4200/chunk-67RTLGLK.js:33
[12836885ms] [LOG] %c🚀 [App] ¡Aplicación iniciada! Soy más ligero y rápido que nunca. color: #673AB7; font-style: italic; @ http://localhost:4200/chunk-XGIOEOMU.js:2909
[12836892ms] [LOG] Angular is running in development mode. @ http://localhost:4200/@fs/D:/repos/luxuryapp-api/appsweb/angular/.angular/cache/22.1.8/luxury-app/vite/deps/core-gRj2gSiC.js?v=fc679455:9175
[12837046ms] [LOG] %c🔐 [SecurityService] Servicio de seguridad inicializado. color: #3F51B5; font-style: italic; @ http://localhost:4200/chunk-XGIOEOMU.js:2909
[12837087ms] [LOG] %c [Login] Iniciando.. color: #607D8B; font-style: italic; @ http://localhost:4200/chunk-XGIOEOMU.js:2909
[12837087ms] [LOG] %c [Login] Usando / como redireccion por defecto. color: #607D8B; font-style: italic; @ http://localhost:4200/chunk-XGIOEOMU.js:2909
[12837088ms] [LOG] %c [Login] URL final de redireccion: / color: #2196F3; font-style: italic; @ http://localhost:4200/chunk-XGIOEOMU.js:2909
[12837088ms] [LOG] %c🚪 [SecurityService] Limpiando datos de autenticación... color: #F44336; font-style: italic; @ http://localhost:4200/chunk-XGIOEOMU.js:2909
[12837088ms] [LOG] %c🗑️ [StorageService] Eliminando clave: 'userAuthData' color: #F44336; font-style: italic; @ http://localhost:4200/chunk-XGIOEOMU.js:2909
[12837089ms] [LOG] %c✅ [StorageService] Clave 'userAuthData' eliminada. color: #9E9E9E; font-style: italic; @ http://localhost:4200/chunk-XGIOEOMU.js:2909
[12837089ms] [LOG] %c🗑️ [StorageService] Eliminando clave: 'accessToken' color: #F44336; font-style: italic; @ http://localhost:4200/chunk-XGIOEOMU.js:2909
[12837089ms] [LOG] %c✅ [StorageService] Clave 'accessToken' eliminada. color: #9E9E9E; font-style: italic; @ http://localhost:4200/chunk-XGIOEOMU.js:2909
[12837089ms] [LOG] %c🧹 [SecurityService] Datos de sesión eliminados: userAuthData y accessToken. color: #9E9E9E; font-style: italic; @ http://localhost:4200/chunk-XGIOEOMU.js:2909
[12837090ms] [LOG] %c [Login] Datos de sesion previa eliminados. color: #9E9E9E; font-style: italic; @ http://localhost:4200/chunk-XGIOEOMU.js:2909
[12837090ms] [LOG] %c🚪 [SecurityService] Limpiando datos de autenticación... color: #F44336; font-style: italic; @ http://localhost:4200/chunk-XGIOEOMU.js:2909
[12837091ms] [LOG] %c🗑️ [StorageService] Eliminando clave: 'userAuthData' color: #F44336; font-style: italic; @ http://localhost:4200/chunk-XGIOEOMU.js:2909
[12837091ms] [LOG] %c✅ [StorageService] Clave 'userAuthData' eliminada. color: #9E9E9E; font-style: italic; @ http://localhost:4200/chunk-XGIOEOMU.js:2909
[12837091ms] [LOG] %c🗑️ [StorageService] Eliminando clave: 'accessToken' color: #F44336; font-style: italic; @ http://localhost:4200/chunk-XGIOEOMU.js:2909
[12837092ms] [LOG] %c✅ [StorageService] Clave 'accessToken' eliminada. color: #9E9E9E; font-style: italic; @ http://localhost:4200/chunk-XGIOEOMU.js:2909
[12837092ms] [LOG] %c🧹 [SecurityService] Datos de sesión eliminados: userAuthData y accessToken. color: #9E9E9E; font-style: italic; @ http://localhost:4200/chunk-XGIOEOMU.js:2909
[12837160ms] [WARNING] NG0913: An image with src http://localhost:4200/assets/oficial/Logo%20Files/png/Color%20logo%20-%20no%20background.png has intrinsic file dimensions much larger than its rendered size. This can negatively impact application loading performance. For more information about addressing or disabling this warning, see https://v22.angular.dev/errors/NG0913. Find more at https://v22.angular.dev/errors/NG0913 @ http://localhost:4200/@fs/D:/repos/luxuryapp-api/appsweb/angular/.angular/cache/22.1.8/luxury-app/vite/deps/core-gRj2gSiC.js?v=fc679455:17980
[12837160ms] [WARNING] NG0913: An image with src http://localhost:4200/assets/oficial/Logo%20Files/png/Color%20logo%20-%20no%20background.png has intrinsic file dimensions much larger than its rendered size. This can negatively impact application loading performance. For more information about addressing or disabling this warning, see https://v22.angular.dev/errors/NG0913. Find more at https://v22.angular.dev/errors/NG0913 @ http://localhost:4200/@fs/D:/repos/luxuryapp-api/appsweb/angular/.angular/cache/22.1.8/luxury-app/vite/deps/core-gRj2gSiC.js?v=fc679455:17980
[12837161ms] [WARNING] NG0913: An image with src http://localhost:4200/assets/oficial/Logo%20Files/png/White%20logo%20-%20no%20background.png has intrinsic file dimensions much larger than its rendered size. This can negatively impact application loading performance. For more information about addressing or disabling this warning, see https://v22.angular.dev/errors/NG0913. Find more at https://v22.angular.dev/errors/NG0913 @ http://localhost:4200/@fs/D:/repos/luxuryapp-api/appsweb/angular/.angular/cache/22.1.8/luxury-app/vite/deps/core-gRj2gSiC.js?v=fc679455:17980
[12837187ms] [VERBOSE] [DOM] Input elements should have autocomplete attributes (suggested: "current-password"): (More info: https://goo.gl/9p2vKq) %o @ http://localhost:4200/auth/login:0
[13045136ms] [LOG] %c📦 [StorageService] Inicializando servicio de almacenamiento local... color: #3F51B5; font-style: italic; @ http://localhost:4200/chunk-XGIOEOMU.js:2909
[13045138ms] [LOG] %c [AuthService] Verificando ruta inicial: /auth/login | Es publica: true color: #9C27B0; font-style: italic; @ http://localhost:4200/chunk-XGIOEOMU.js:2909
[13045138ms] [LOG] %c [AuthService] Ruta publica detectada. Omitiendo login silencioso. color: #FFC107; font-style: italic; @ http://localhost:4200/chunk-XGIOEOMU.js:2909
[13045139ms] [LOG] %c🚀 [Initializer] Starting application state initialization... color: purple; font-style: italic; @ http://localhost:4200/chunk-XGIOEOMU.js:2909
[13045140ms] [LOG] %c🤷 [Initializer] No user session. Skipping customer state initialization. color: #9E9E9E; font-style: italic; @ http://localhost:4200/chunk-XGIOEOMU.js:2909
[13045141ms] [LOG] %c✅ [Initializer] State initialization complete. color: green; font-style: italic; @ http://localhost:4200/chunk-XGIOEOMU.js:2909
[13045191ms] [LOG] %c🔄 UpdateService: Inicializando servicio de actualizaciones color: blue; font-weight: bold; @ http://localhost:4200/chunk-67RTLGLK.js:17
[13045192ms] [LOG] %c🔄 UpdateService: ❌ Service Worker NO habilitado color: red; font-weight: bold; @ http://localhost:4200/chunk-67RTLGLK.js:33
[13045205ms] [LOG] %c🚀 [App] ¡Aplicación iniciada! Soy más ligero y rápido que nunca. color: #673AB7; font-style: italic; @ http://localhost:4200/chunk-XGIOEOMU.js:2909
[13045214ms] [LOG] Angular is running in development mode. @ http://localhost:4200/@fs/D:/repos/luxuryapp-api/appsweb/angular/.angular/cache/22.1.8/luxury-app/vite/deps/core-gRj2gSiC.js?v=fc679455:9175
[13045640ms] [LOG] %c🔐 [SecurityService] Servicio de seguridad inicializado. color: #3F51B5; font-style: italic; @ http://localhost:4200/chunk-XGIOEOMU.js:2909
[13045760ms] [LOG] %c [Login] Iniciando.. color: #607D8B; font-style: italic; @ http://localhost:4200/chunk-XGIOEOMU.js:2909
[13045763ms] [LOG] %c [Login] Usando / como redireccion por defecto. color: #607D8B; font-style: italic; @ http://localhost:4200/chunk-XGIOEOMU.js:2909
[13045764ms] [LOG] %c [Login] URL final de redireccion: / color: #2196F3; font-style: italic; @ http://localhost:4200/chunk-XGIOEOMU.js:2909
[13045764ms] [LOG] %c🚪 [SecurityService] Limpiando datos de autenticación... color: #F44336; font-style: italic; @ http://localhost:4200/chunk-XGIOEOMU.js:2909
[13045764ms] [LOG] %c🗑️ [StorageService] Eliminando clave: 'userAuthData' color: #F44336; font-style: italic; @ http://localhost:4200/chunk-XGIOEOMU.js:2909
[13045764ms] [LOG] %c✅ [StorageService] Clave 'userAuthData' eliminada. color: #9E9E9E; font-style: italic; @ http://localhost:4200/chunk-XGIOEOMU.js:2909
[13045765ms] [LOG] %c🗑️ [StorageService] Eliminando clave: 'accessToken' color: #F44336; font-style: italic; @ http://localhost:4200/chunk-XGIOEOMU.js:2909
[13045766ms] [LOG] %c✅ [StorageService] Clave 'accessToken' eliminada. color: #9E9E9E; font-style: italic; @ http://localhost:4200/chunk-XGIOEOMU.js:2909
[13045767ms] [LOG] %c🧹 [SecurityService] Datos de sesión eliminados: userAuthData y accessToken. color: #9E9E9E; font-style: italic; @ http://localhost:4200/chunk-XGIOEOMU.js:2909
[13045767ms] [LOG] %c [Login] Datos de sesion previa eliminados. color: #9E9E9E; font-style: italic; @ http://localhost:4200/chunk-XGIOEOMU.js:2909
[13045768ms] [LOG] %c🚪 [SecurityService] Limpiando datos de autenticación... color: #F44336; font-style: italic; @ http://localhost:4200/chunk-XGIOEOMU.js:2909
[13045768ms] [LOG] %c🗑️ [StorageService] Eliminando clave: 'userAuthData' color: #F44336; font-style: italic; @ http://localhost:4200/chunk-XGIOEOMU.js:2909
[13045768ms] [LOG] %c✅ [StorageService] Clave 'userAuthData' eliminada. color: #9E9E9E; font-style: italic; @ http://localhost:4200/chunk-XGIOEOMU.js:2909
[13045769ms] [LOG] %c🗑️ [StorageService] Eliminando clave: 'accessToken' color: #F44336; font-style: italic; @ http://localhost:4200/chunk-XGIOEOMU.js:2909
[13045769ms] [LOG] %c✅ [StorageService] Clave 'accessToken' eliminada. color: #9E9E9E; font-style: italic; @ http://localhost:4200/chunk-XGIOEOMU.js:2909
[13045770ms] [LOG] %c🧹 [SecurityService] Datos de sesión eliminados: userAuthData y accessToken. color: #9E9E9E; font-style: italic; @ http://localhost:4200/chunk-XGIOEOMU.js:2909
[13045932ms] [VERBOSE] [DOM] Input elements should have autocomplete attributes (suggested: "current-password"): (More info: https://goo.gl/9p2vKq) %o @ http://localhost:4200/auth/login:0
[13895474ms] [LOG] %c📦 [StorageService] Inicializando servicio de almacenamiento local... color: #3F51B5; font-style: italic; @ http://localhost:4200/chunk-XGIOEOMU.js:2909
[13895478ms] [LOG] %c [AuthService] Verificando ruta inicial: /auth/login | Es publica: true color: #9C27B0; font-style: italic; @ http://localhost:4200/chunk-XGIOEOMU.js:2909
[13895479ms] [LOG] %c [AuthService] Ruta publica detectada. Omitiendo login silencioso. color: #FFC107; font-style: italic; @ http://localhost:4200/chunk-XGIOEOMU.js:2909
[13895479ms] [LOG] %c🚀 [Initializer] Starting application state initialization... color: purple; font-style: italic; @ http://localhost:4200/chunk-XGIOEOMU.js:2909
[13895480ms] [LOG] %c🤷 [Initializer] No user session. Skipping customer state initialization. color: #9E9E9E; font-style: italic; @ http://localhost:4200/chunk-XGIOEOMU.js:2909
[13895481ms] [LOG] %c✅ [Initializer] State initialization complete. color: green; font-style: italic; @ http://localhost:4200/chunk-XGIOEOMU.js:2909
[13895613ms] [LOG] %c🔄 UpdateService: Inicializando servicio de actualizaciones color: blue; font-weight: bold; @ http://localhost:4200/chunk-67RTLGLK.js:17
[13895616ms] [LOG] %c🔄 UpdateService: ❌ Service Worker NO habilitado color: red; font-weight: bold; @ http://localhost:4200/chunk-67RTLGLK.js:33
[13895630ms] [LOG] %c🚀 [App] ¡Aplicación iniciada! Soy más ligero y rápido que nunca. color: #673AB7; font-style: italic; @ http://localhost:4200/chunk-XGIOEOMU.js:2909
[13895641ms] [LOG] Angular is running in development mode. @ http://localhost:4200/@fs/D:/repos/luxuryapp-api/appsweb/angular/.angular/cache/22.1.8/luxury-app/vite/deps/core-gRj2gSiC.js?v=fc679455:9175
[13896372ms] [LOG] %c🔐 [SecurityService] Servicio de seguridad inicializado. color: #3F51B5; font-style: italic; @ http://localhost:4200/chunk-XGIOEOMU.js:2909
[13896461ms] [LOG] %c [Login] Iniciando.. color: #607D8B; font-style: italic; @ http://localhost:4200/chunk-XGIOEOMU.js:2909
[13896462ms] [LOG] %c [Login] Usando / como redireccion por defecto. color: #607D8B; font-style: italic; @ http://localhost:4200/chunk-XGIOEOMU.js:2909
[13896462ms] [LOG] %c [Login] URL final de redireccion: / color: #2196F3; font-style: italic; @ http://localhost:4200/chunk-XGIOEOMU.js:2909
[13896463ms] [LOG] %c🚪 [SecurityService] Limpiando datos de autenticación... color: #F44336; font-style: italic; @ http://localhost:4200/chunk-XGIOEOMU.js:2909
[13896463ms] [LOG] %c🗑️ [StorageService] Eliminando clave: 'userAuthData' color: #F44336; font-style: italic; @ http://localhost:4200/chunk-XGIOEOMU.js:2909
[13896463ms] [LOG] %c✅ [StorageService] Clave 'userAuthData' eliminada. color: #9E9E9E; font-style: italic; @ http://localhost:4200/chunk-XGIOEOMU.js:2909
[13896463ms] [LOG] %c🗑️ [StorageService] Eliminando clave: 'accessToken' color: #F44336; font-style: italic; @ http://localhost:4200/chunk-XGIOEOMU.js:2909
[13896464ms] [LOG] %c✅ [StorageService] Clave 'accessToken' eliminada. color: #9E9E9E; font-style: italic; @ http://localhost:4200/chunk-XGIOEOMU.js:2909
[13896465ms] [LOG] %c🧹 [SecurityService] Datos de sesión eliminados: userAuthData y accessToken. color: #9E9E9E; font-style: italic; @ http://localhost:4200/chunk-XGIOEOMU.js:2909
[13896467ms] [LOG] %c [Login] Datos de sesion previa eliminados. color: #9E9E9E; font-style: italic; @ http://localhost:4200/chunk-XGIOEOMU.js:2909
[13896470ms] [LOG] %c🚪 [SecurityService] Limpiando datos de autenticación... color: #F44336; font-style: italic; @ http://localhost:4200/chunk-XGIOEOMU.js:2909
[13896471ms] [LOG] %c🗑️ [StorageService] Eliminando clave: 'userAuthData' color: #F44336; font-style: italic; @ http://localhost:4200/chunk-XGIOEOMU.js:2909
[13896471ms] [LOG] %c✅ [StorageService] Clave 'userAuthData' eliminada. color: #9E9E9E; font-style: italic; @ http://localhost:4200/chunk-XGIOEOMU.js:2909
[13896471ms] [LOG] %c🗑️ [StorageService] Eliminando clave: 'accessToken' color: #F44336; font-style: italic; @ http://localhost:4200/chunk-XGIOEOMU.js:2909
[13896472ms] [LOG] %c✅ [StorageService] Clave 'accessToken' eliminada. color: #9E9E9E; font-style: italic; @ http://localhost:4200/chunk-XGIOEOMU.js:2909
[13896472ms] [LOG] %c🧹 [SecurityService] Datos de sesión eliminados: userAuthData y accessToken. color: #9E9E9E; font-style: italic; @ http://localhost:4200/chunk-XGIOEOMU.js:2909
[13896574ms] [VERBOSE] [DOM] Input elements should have autocomplete attributes (suggested: "current-password"): (More info: https://goo.gl/9p2vKq) %o @ http://localhost:4200/auth/login:0
[14174893ms] [LOG] %c📦 [StorageService] Inicializando servicio de almacenamiento local... color: #3F51B5; font-style: italic; @ http://localhost:4200/chunk-XGIOEOMU.js:2909
[14174894ms] [LOG] %c [AuthService] Verificando ruta inicial: /auth/login | Es publica: true color: #9C27B0; font-style: italic; @ http://localhost:4200/chunk-XGIOEOMU.js:2909
[14174894ms] [LOG] %c [AuthService] Ruta publica detectada. Omitiendo login silencioso. color: #FFC107; font-style: italic; @ http://localhost:4200/chunk-XGIOEOMU.js:2909
[14174895ms] [LOG] %c🚀 [Initializer] Starting application state initialization... color: purple; font-style: italic; @ http://localhost:4200/chunk-XGIOEOMU.js:2909
[14174895ms] [LOG] %c🤷 [Initializer] No user session. Skipping customer state initialization. color: #9E9E9E; font-style: italic; @ http://localhost:4200/chunk-XGIOEOMU.js:2909
[14174896ms] [LOG] %c✅ [Initializer] State initialization complete. color: green; font-style: italic; @ http://localhost:4200/chunk-XGIOEOMU.js:2909
[14174930ms] [LOG] %c🔄 UpdateService: Inicializando servicio de actualizaciones color: blue; font-weight: bold; @ http://localhost:4200/chunk-67RTLGLK.js:17
[14174930ms] [LOG] %c🔄 UpdateService: ❌ Service Worker NO habilitado color: red; font-weight: bold; @ http://localhost:4200/chunk-67RTLGLK.js:33
[14174936ms] [LOG] %c🚀 [App] ¡Aplicación iniciada! Soy más ligero y rápido que nunca. color: #673AB7; font-style: italic; @ http://localhost:4200/chunk-XGIOEOMU.js:2909
[14174941ms] [LOG] Angular is running in development mode. @ http://localhost:4200/@fs/D:/repos/luxuryapp-api/appsweb/angular/.angular/cache/22.1.8/luxury-app/vite/deps/core-gRj2gSiC.js?v=fc679455:9175
[14175061ms] [LOG] %c🔐 [SecurityService] Servicio de seguridad inicializado. color: #3F51B5; font-style: italic; @ http://localhost:4200/chunk-XGIOEOMU.js:2909
[14175097ms] [LOG] %c [Login] Iniciando.. color: #607D8B; font-style: italic; @ http://localhost:4200/chunk-XGIOEOMU.js:2909
[14175097ms] [LOG] %c [Login] Usando / como redireccion por defecto. color: #607D8B; font-style: italic; @ http://localhost:4200/chunk-XGIOEOMU.js:2909
[14175097ms] [LOG] %c [Login] URL final de redireccion: / color: #2196F3; font-style: italic; @ http://localhost:4200/chunk-XGIOEOMU.js:2909
[14175097ms] [LOG] %c🚪 [SecurityService] Limpiando datos de autenticación... color: #F44336; font-style: italic; @ http://localhost:4200/chunk-XGIOEOMU.js:2909
[14175098ms] [LOG] %c🗑️ [StorageService] Eliminando clave: 'userAuthData' color: #F44336; font-style: italic; @ http://localhost:4200/chunk-XGIOEOMU.js:2909
[14175098ms] [LOG] %c✅ [StorageService] Clave 'userAuthData' eliminada. color: #9E9E9E; font-style: italic; @ http://localhost:4200/chunk-XGIOEOMU.js:2909
[14175098ms] [LOG] %c🗑️ [StorageService] Eliminando clave: 'accessToken' color: #F44336; font-style: italic; @ http://localhost:4200/chunk-XGIOEOMU.js:2909
[14175098ms] [LOG] %c✅ [StorageService] Clave 'accessToken' eliminada. color: #9E9E9E; font-style: italic; @ http://localhost:4200/chunk-XGIOEOMU.js:2909
[14175098ms] [LOG] %c🧹 [SecurityService] Datos de sesión eliminados: userAuthData y accessToken. color: #9E9E9E; font-style: italic; @ http://localhost:4200/chunk-XGIOEOMU.js:2909
[14175099ms] [LOG] %c [Login] Datos de sesion previa eliminados. color: #9E9E9E; font-style: italic; @ http://localhost:4200/chunk-XGIOEOMU.js:2909
[14175100ms] [LOG] %c🚪 [SecurityService] Limpiando datos de autenticación... color: #F44336; font-style: italic; @ http://localhost:4200/chunk-XGIOEOMU.js:2909
[14175100ms] [LOG] %c🗑️ [StorageService] Eliminando clave: 'userAuthData' color: #F44336; font-style: italic; @ http://localhost:4200/chunk-XGIOEOMU.js:2909
[14175100ms] [LOG] %c✅ [StorageService] Clave 'userAuthData' eliminada. color: #9E9E9E; font-style: italic; @ http://localhost:4200/chunk-XGIOEOMU.js:2909
[14175101ms] [LOG] %c🗑️ [StorageService] Eliminando clave: 'accessToken' color: #F44336; font-style: italic; @ http://localhost:4200/chunk-XGIOEOMU.js:2909
[14175101ms] [LOG] %c✅ [StorageService] Clave 'accessToken' eliminada. color: #9E9E9E; font-style: italic; @ http://localhost:4200/chunk-XGIOEOMU.js:2909
[14175101ms] [LOG] %c🧹 [SecurityService] Datos de sesión eliminados: userAuthData y accessToken. color: #9E9E9E; font-style: italic; @ http://localhost:4200/chunk-XGIOEOMU.js:2909
[14175164ms] [WARNING] NG0913: An image with src http://localhost:4200/assets/oficial/Logo%20Files/png/Color%20logo%20-%20no%20background.png has intrinsic file dimensions much larger than its rendered size. This can negatively impact application loading performance. For more information about addressing or disabling this warning, see https://v22.angular.dev/errors/NG0913. Find more at https://v22.angular.dev/errors/NG0913 @ http://localhost:4200/@fs/D:/repos/luxuryapp-api/appsweb/angular/.angular/cache/22.1.8/luxury-app/vite/deps/core-gRj2gSiC.js?v=fc679455:17980
[14175164ms] [WARNING] NG0913: An image with src http://localhost:4200/assets/oficial/Logo%20Files/png/Color%20logo%20-%20no%20background.png has intrinsic file dimensions much larger than its rendered size. This can negatively impact application loading performance. For more information about addressing or disabling this warning, see https://v22.angular.dev/errors/NG0913. Find more at https://v22.angular.dev/errors/NG0913 @ http://localhost:4200/@fs/D:/repos/luxuryapp-api/appsweb/angular/.angular/cache/22.1.8/luxury-app/vite/deps/core-gRj2gSiC.js?v=fc679455:17980
[14175165ms] [WARNING] NG0913: An image with src http://localhost:4200/assets/oficial/Logo%20Files/png/White%20logo%20-%20no%20background.png has intrinsic file dimensions much larger than its rendered size. This can negatively impact application loading performance. For more information about addressing or disabling this warning, see https://v22.angular.dev/errors/NG0913. Find more at https://v22.angular.dev/errors/NG0913 @ http://localhost:4200/@fs/D:/repos/luxuryapp-api/appsweb/angular/.angular/cache/22.1.8/luxury-app/vite/deps/core-gRj2gSiC.js?v=fc679455:17980
[14175199ms] [VERBOSE] [DOM] Input elements should have autocomplete attributes (suggested: "current-password"): (More info: https://goo.gl/9p2vKq) %o @ http://localhost:4200/auth/login:0
[14187785ms] [LOG] %c📦 [StorageService] Inicializando servicio de almacenamiento local... color: #3F51B5; font-style: italic; @ http://localhost:4200/chunk-XGIOEOMU.js:2909
[14187789ms] [LOG] %c [AuthService] Verificando ruta inicial: /auth/login | Es publica: true color: #9C27B0; font-style: italic; @ http://localhost:4200/chunk-XGIOEOMU.js:2909
[14187789ms] [LOG] %c [AuthService] Ruta publica detectada. Omitiendo login silencioso. color: #FFC107; font-style: italic; @ http://localhost:4200/chunk-XGIOEOMU.js:2909
[14187790ms] [LOG] %c🚀 [Initializer] Starting application state initialization... color: purple; font-style: italic; @ http://localhost:4200/chunk-XGIOEOMU.js:2909
[14187791ms] [LOG] %c🤷 [Initializer] No user session. Skipping customer state initialization. color: #9E9E9E; font-style: italic; @ http://localhost:4200/chunk-XGIOEOMU.js:2909
[14187793ms] [LOG] %c✅ [Initializer] State initialization complete. color: green; font-style: italic; @ http://localhost:4200/chunk-XGIOEOMU.js:2909
[14187864ms] [LOG] %c🔄 UpdateService: Inicializando servicio de actualizaciones color: blue; font-weight: bold; @ http://localhost:4200/chunk-67RTLGLK.js:17
[14187864ms] [LOG] %c🔄 UpdateService: ❌ Service Worker NO habilitado color: red; font-weight: bold; @ http://localhost:4200/chunk-67RTLGLK.js:33
[14187872ms] [LOG] %c🚀 [App] ¡Aplicación iniciada! Soy más ligero y rápido que nunca. color: #673AB7; font-style: italic; @ http://localhost:4200/chunk-XGIOEOMU.js:2909
[14187879ms] [LOG] Angular is running in development mode. @ http://localhost:4200/@fs/D:/repos/luxuryapp-api/appsweb/angular/.angular/cache/22.1.8/luxury-app/vite/deps/core-gRj2gSiC.js?v=fc679455:9175
[14188068ms] [LOG] %c🔐 [SecurityService] Servicio de seguridad inicializado. color: #3F51B5; font-style: italic; @ http://localhost:4200/chunk-XGIOEOMU.js:2909
[14188106ms] [LOG] %c [Login] Iniciando.. color: #607D8B; font-style: italic; @ http://localhost:4200/chunk-XGIOEOMU.js:2909
[14188107ms] [LOG] %c [Login] Usando / como redireccion por defecto. color: #607D8B; font-style: italic; @ http://localhost:4200/chunk-XGIOEOMU.js:2909
[14188107ms] [LOG] %c [Login] URL final de redireccion: / color: #2196F3; font-style: italic; @ http://localhost:4200/chunk-XGIOEOMU.js:2909
[14188108ms] [LOG] %c🚪 [SecurityService] Limpiando datos de autenticación... color: #F44336; font-style: italic; @ http://localhost:4200/chunk-XGIOEOMU.js:2909
[14188108ms] [LOG] %c🗑️ [StorageService] Eliminando clave: 'userAuthData' color: #F44336; font-style: italic; @ http://localhost:4200/chunk-XGIOEOMU.js:2909
[14188108ms] [LOG] %c✅ [StorageService] Clave 'userAuthData' eliminada. color: #9E9E9E; font-style: italic; @ http://localhost:4200/chunk-XGIOEOMU.js:2909
[14188109ms] [LOG] %c🗑️ [StorageService] Eliminando clave: 'accessToken' color: #F44336; font-style: italic; @ http://localhost:4200/chunk-XGIOEOMU.js:2909
[14188109ms] [LOG] %c✅ [StorageService] Clave 'accessToken' eliminada. color: #9E9E9E; font-style: italic; @ http://localhost:4200/chunk-XGIOEOMU.js:2909
[14188109ms] [LOG] %c🧹 [SecurityService] Datos de sesión eliminados: userAuthData y accessToken. color: #9E9E9E; font-style: italic; @ http://localhost:4200/chunk-XGIOEOMU.js:2909
[14188110ms] [LOG] %c [Login] Datos de sesion previa eliminados. color: #9E9E9E; font-style: italic; @ http://localhost:4200/chunk-XGIOEOMU.js:2909
[14188111ms] [LOG] %c🚪 [SecurityService] Limpiando datos de autenticación... color: #F44336; font-style: italic; @ http://localhost:4200/chunk-XGIOEOMU.js:2909
[14188111ms] [LOG] %c🗑️ [StorageService] Eliminando clave: 'userAuthData' color: #F44336; font-style: italic; @ http://localhost:4200/chunk-XGIOEOMU.js:2909
[14188112ms] [LOG] %c✅ [StorageService] Clave 'userAuthData' eliminada. color: #9E9E9E; font-style: italic; @ http://localhost:4200/chunk-XGIOEOMU.js:2909
[14188112ms] [LOG] %c🗑️ [StorageService] Eliminando clave: 'accessToken' color: #F44336; font-style: italic; @ http://localhost:4200/chunk-XGIOEOMU.js:2909
[14188113ms] [LOG] %c✅ [StorageService] Clave 'accessToken' eliminada. color: #9E9E9E; font-style: italic; @ http://localhost:4200/chunk-XGIOEOMU.js:2909
[14188113ms] [LOG] %c🧹 [SecurityService] Datos de sesión eliminados: userAuthData y accessToken. color: #9E9E9E; font-style: italic; @ http://localhost:4200/chunk-XGIOEOMU.js:2909
[14188166ms] [WARNING] NG0913: An image with src http://localhost:4200/assets/oficial/Logo%20Files/png/Color%20logo%20-%20no%20background.png has intrinsic file dimensions much larger than its rendered size. This can negatively impact application loading performance. For more information about addressing or disabling this warning, see https://v22.angular.dev/errors/NG0913. Find more at https://v22.angular.dev/errors/NG0913 @ http://localhost:4200/@fs/D:/repos/luxuryapp-api/appsweb/angular/.angular/cache/22.1.8/luxury-app/vite/deps/core-gRj2gSiC.js?v=fc679455:17980
[14188167ms] [WARNING] NG0913: An image with src http://localhost:4200/assets/oficial/Logo%20Files/png/Color%20logo%20-%20no%20background.png has intrinsic file dimensions much larger than its rendered size. This can negatively impact application loading performance. For more information about addressing or disabling this warning, see https://v22.angular.dev/errors/NG0913. Find more at https://v22.angular.dev/errors/NG0913 @ http://localhost:4200/@fs/D:/repos/luxuryapp-api/appsweb/angular/.angular/cache/22.1.8/luxury-app/vite/deps/core-gRj2gSiC.js?v=fc679455:17980
[14188167ms] [WARNING] NG0913: An image with src http://localhost:4200/assets/oficial/Logo%20Files/png/White%20logo%20-%20no%20background.png has intrinsic file dimensions much larger than its rendered size. This can negatively impact application loading performance. For more information about addressing or disabling this warning, see https://v22.angular.dev/errors/NG0913. Find more at https://v22.angular.dev/errors/NG0913 @ http://localhost:4200/@fs/D:/repos/luxuryapp-api/appsweb/angular/.angular/cache/22.1.8/luxury-app/vite/deps/core-gRj2gSiC.js?v=fc679455:17980
[14188222ms] [VERBOSE] [DOM] Input elements should have autocomplete attributes (suggested: "current-password"): (More info: https://goo.gl/9p2vKq) %o @ http://localhost:4200/auth/login:0
[14774235ms] [LOG] %c📦 [StorageService] Inicializando servicio de almacenamiento local... color: #3F51B5; font-style: italic; @ http://localhost:4200/chunk-XGIOEOMU.js:2909
[14774238ms] [LOG] %c [AuthService] Verificando ruta inicial: /auth/login | Es publica: true color: #9C27B0; font-style: italic; @ http://localhost:4200/chunk-XGIOEOMU.js:2909
[14774238ms] [LOG] %c [AuthService] Ruta publica detectada. Omitiendo login silencioso. color: #FFC107; font-style: italic; @ http://localhost:4200/chunk-XGIOEOMU.js:2909
[14774239ms] [LOG] %c🚀 [Initializer] Starting application state initialization... color: purple; font-style: italic; @ http://localhost:4200/chunk-XGIOEOMU.js:2909
[14774240ms] [LOG] %c🤷 [Initializer] No user session. Skipping customer state initialization. color: #9E9E9E; font-style: italic; @ http://localhost:4200/chunk-XGIOEOMU.js:2909
[14774243ms] [LOG] %c✅ [Initializer] State initialization complete. color: green; font-style: italic; @ http://localhost:4200/chunk-XGIOEOMU.js:2909
[14774318ms] [LOG] %c🔄 UpdateService: Inicializando servicio de actualizaciones color: blue; font-weight: bold; @ http://localhost:4200/chunk-67RTLGLK.js:17
[14774318ms] [LOG] %c🔄 UpdateService: ❌ Service Worker NO habilitado color: red; font-weight: bold; @ http://localhost:4200/chunk-67RTLGLK.js:33
[14774326ms] [LOG] %c🚀 [App] ¡Aplicación iniciada! Soy más ligero y rápido que nunca. color: #673AB7; font-style: italic; @ http://localhost:4200/chunk-XGIOEOMU.js:2909
[14774335ms] [LOG] Angular is running in development mode. @ http://localhost:4200/@fs/D:/repos/luxuryapp-api/appsweb/angular/.angular/cache/22.1.8/luxury-app/vite/deps/core-gRj2gSiC.js?v=fc679455:9175
[14774627ms] [LOG] %c🔐 [SecurityService] Servicio de seguridad inicializado. color: #3F51B5; font-style: italic; @ http://localhost:4200/chunk-XGIOEOMU.js:2909
[14774682ms] [LOG] %c [Login] Iniciando.. color: #607D8B; font-style: italic; @ http://localhost:4200/chunk-XGIOEOMU.js:2909
[14774683ms] [LOG] %c [Login] Usando / como redireccion por defecto. color: #607D8B; font-style: italic; @ http://localhost:4200/chunk-XGIOEOMU.js:2909
[14774683ms] [LOG] %c [Login] URL final de redireccion: / color: #2196F3; font-style: italic; @ http://localhost:4200/chunk-XGIOEOMU.js:2909
[14774684ms] [LOG] %c🚪 [SecurityService] Limpiando datos de autenticación... color: #F44336; font-style: italic; @ http://localhost:4200/chunk-XGIOEOMU.js:2909
[14774684ms] [LOG] %c🗑️ [StorageService] Eliminando clave: 'userAuthData' color: #F44336; font-style: italic; @ http://localhost:4200/chunk-XGIOEOMU.js:2909
[14774685ms] [LOG] %c✅ [StorageService] Clave 'userAuthData' eliminada. color: #9E9E9E; font-style: italic; @ http://localhost:4200/chunk-XGIOEOMU.js:2909
[14774685ms] [LOG] %c🗑️ [StorageService] Eliminando clave: 'accessToken' color: #F44336; font-style: italic; @ http://localhost:4200/chunk-XGIOEOMU.js:2909
[14774685ms] [LOG] %c✅ [StorageService] Clave 'accessToken' eliminada. color: #9E9E9E; font-style: italic; @ http://localhost:4200/chunk-XGIOEOMU.js:2909
[14774686ms] [LOG] %c🧹 [SecurityService] Datos de sesión eliminados: userAuthData y accessToken. color: #9E9E9E; font-style: italic; @ http://localhost:4200/chunk-XGIOEOMU.js:2909
[14774687ms] [LOG] %c [Login] Datos de sesion previa eliminados. color: #9E9E9E; font-style: italic; @ http://localhost:4200/chunk-XGIOEOMU.js:2909
[14774688ms] [LOG] %c🚪 [SecurityService] Limpiando datos de autenticación... color: #F44336; font-style: italic; @ http://localhost:4200/chunk-XGIOEOMU.js:2909
[14774689ms] [LOG] %c🗑️ [StorageService] Eliminando clave: 'userAuthData' color: #F44336; font-style: italic; @ http://localhost:4200/chunk-XGIOEOMU.js:2909
[14774689ms] [LOG] %c✅ [StorageService] Clave 'userAuthData' eliminada. color: #9E9E9E; font-style: italic; @ http://localhost:4200/chunk-XGIOEOMU.js:2909
[14774690ms] [LOG] %c🗑️ [StorageService] Eliminando clave: 'accessToken' color: #F44336; font-style: italic; @ http://localhost:4200/chunk-XGIOEOMU.js:2909
[14774691ms] [LOG] %c✅ [StorageService] Clave 'accessToken' eliminada. color: #9E9E9E; font-style: italic; @ http://localhost:4200/chunk-XGIOEOMU.js:2909
[14774692ms] [LOG] %c🧹 [SecurityService] Datos de sesión eliminados: userAuthData y accessToken. color: #9E9E9E; font-style: italic; @ http://localhost:4200/chunk-XGIOEOMU.js:2909
[14774803ms] [VERBOSE] [DOM] Input elements should have autocomplete attributes (suggested: "current-password"): (More info: https://goo.gl/9p2vKq) %o @ http://localhost:4200/auth/login:0
[15123796ms] [LOG] %c📦 [StorageService] Inicializando servicio de almacenamiento local... color: #3F51B5; font-style: italic; @ http://localhost:4200/chunk-XGIOEOMU.js:2909
[15123798ms] [LOG] %c [AuthService] Verificando ruta inicial: /auth/login | Es publica: true color: #9C27B0; font-style: italic; @ http://localhost:4200/chunk-XGIOEOMU.js:2909
[15123798ms] [LOG] %c [AuthService] Ruta publica detectada. Omitiendo login silencioso. color: #FFC107; font-style: italic; @ http://localhost:4200/chunk-XGIOEOMU.js:2909
[15123799ms] [LOG] %c🚀 [Initializer] Starting application state initialization... color: purple; font-style: italic; @ http://localhost:4200/chunk-XGIOEOMU.js:2909
[15123800ms] [LOG] %c🤷 [Initializer] No user session. Skipping customer state initialization. color: #9E9E9E; font-style: italic; @ http://localhost:4200/chunk-XGIOEOMU.js:2909
[15123801ms] [LOG] %c✅ [Initializer] State initialization complete. color: green; font-style: italic; @ http://localhost:4200/chunk-XGIOEOMU.js:2909
[15123848ms] [LOG] %c🔄 UpdateService: Inicializando servicio de actualizaciones color: blue; font-weight: bold; @ http://localhost:4200/chunk-67RTLGLK.js:17
[15123848ms] [LOG] %c🔄 UpdateService: ❌ Service Worker NO habilitado color: red; font-weight: bold; @ http://localhost:4200/chunk-67RTLGLK.js:33
[15123856ms] [LOG] %c🚀 [App] ¡Aplicación iniciada! Soy más ligero y rápido que nunca. color: #673AB7; font-style: italic; @ http://localhost:4200/chunk-XGIOEOMU.js:2909
[15123862ms] [LOG] Angular is running in development mode. @ http://localhost:4200/@fs/D:/repos/luxuryapp-api/appsweb/angular/.angular/cache/22.1.8/luxury-app/vite/deps/core-gRj2gSiC.js?v=fc679455:9175
[15124042ms] [LOG] %c🔐 [SecurityService] Servicio de seguridad inicializado. color: #3F51B5; font-style: italic; @ http://localhost:4200/chunk-XGIOEOMU.js:2909
[15124100ms] [LOG] %c [Login] Iniciando.. color: #607D8B; font-style: italic; @ http://localhost:4200/chunk-XGIOEOMU.js:2909
[15124101ms] [LOG] %c [Login] Usando / como redireccion por defecto. color: #607D8B; font-style: italic; @ http://localhost:4200/chunk-XGIOEOMU.js:2909
[15124102ms] [LOG] %c [Login] URL final de redireccion: / color: #2196F3; font-style: italic; @ http://localhost:4200/chunk-XGIOEOMU.js:2909
[15124102ms] [LOG] %c🚪 [SecurityService] Limpiando datos de autenticación... color: #F44336; font-style: italic; @ http://localhost:4200/chunk-XGIOEOMU.js:2909
[15124103ms] [LOG] %c🗑️ [StorageService] Eliminando clave: 'userAuthData' color: #F44336; font-style: italic; @ http://localhost:4200/chunk-XGIOEOMU.js:2909
[15124103ms] [LOG] %c✅ [StorageService] Clave 'userAuthData' eliminada. color: #9E9E9E; font-style: italic; @ http://localhost:4200/chunk-XGIOEOMU.js:2909
[15124104ms] [LOG] %c🗑️ [StorageService] Eliminando clave: 'accessToken' color: #F44336; font-style: italic; @ http://localhost:4200/chunk-XGIOEOMU.js:2909
[15124105ms] [LOG] %c✅ [StorageService] Clave 'accessToken' eliminada. color: #9E9E9E; font-style: italic; @ http://localhost:4200/chunk-XGIOEOMU.js:2909
[15124105ms] [LOG] %c🧹 [SecurityService] Datos de sesión eliminados: userAuthData y accessToken. color: #9E9E9E; font-style: italic; @ http://localhost:4200/chunk-XGIOEOMU.js:2909
[15124106ms] [LOG] %c [Login] Datos de sesion previa eliminados. color: #9E9E9E; font-style: italic; @ http://localhost:4200/chunk-XGIOEOMU.js:2909
[15124106ms] [LOG] %c🚪 [SecurityService] Limpiando datos de autenticación... color: #F44336; font-style: italic; @ http://localhost:4200/chunk-XGIOEOMU.js:2909
[15124107ms] [LOG] %c🗑️ [StorageService] Eliminando clave: 'userAuthData' color: #F44336; font-style: italic; @ http://localhost:4200/chunk-XGIOEOMU.js:2909
[15124107ms] [LOG] %c✅ [StorageService] Clave 'userAuthData' eliminada. color: #9E9E9E; font-style: italic; @ http://localhost:4200/chunk-XGIOEOMU.js:2909
[15124108ms] [LOG] %c🗑️ [StorageService] Eliminando clave: 'accessToken' color: #F44336; font-style: italic; @ http://localhost:4200/chunk-XGIOEOMU.js:2909
[15124112ms] [LOG] %c✅ [StorageService] Clave 'accessToken' eliminada. color: #9E9E9E; font-style: italic; @ http://localhost:4200/chunk-XGIOEOMU.js:2909
[15124112ms] [LOG] %c🧹 [SecurityService] Datos de sesión eliminados: userAuthData y accessToken. color: #9E9E9E; font-style: italic; @ http://localhost:4200/chunk-XGIOEOMU.js:2909
[15124214ms] [WARNING] NG0913: An image with src http://localhost:4200/assets/oficial/Logo%20Files/png/Color%20logo%20-%20no%20background.png has intrinsic file dimensions much larger than its rendered size. This can negatively impact application loading performance. For more information about addressing or disabling this warning, see https://v22.angular.dev/errors/NG0913. Find more at https://v22.angular.dev/errors/NG0913 @ http://localhost:4200/@fs/D:/repos/luxuryapp-api/appsweb/angular/.angular/cache/22.1.8/luxury-app/vite/deps/core-gRj2gSiC.js?v=fc679455:17980
[15124215ms] [WARNING] NG0913: An image with src http://localhost:4200/assets/oficial/Logo%20Files/png/Color%20logo%20-%20no%20background.png has intrinsic file dimensions much larger than its rendered size. This can negatively impact application loading performance. For more information about addressing or disabling this warning, see https://v22.angular.dev/errors/NG0913. Find more at https://v22.angular.dev/errors/NG0913 @ http://localhost:4200/@fs/D:/repos/luxuryapp-api/appsweb/angular/.angular/cache/22.1.8/luxury-app/vite/deps/core-gRj2gSiC.js?v=fc679455:17980
[15124216ms] [WARNING] NG0913: An image with src http://localhost:4200/assets/oficial/Logo%20Files/png/White%20logo%20-%20no%20background.png has intrinsic file dimensions much larger than its rendered size. This can negatively impact application loading performance. For more information about addressing or disabling this warning, see https://v22.angular.dev/errors/NG0913. Find more at https://v22.angular.dev/errors/NG0913 @ http://localhost:4200/@fs/D:/repos/luxuryapp-api/appsweb/angular/.angular/cache/22.1.8/luxury-app/vite/deps/core-gRj2gSiC.js?v=fc679455:17980
[15124241ms] [VERBOSE] [DOM] Input elements should have autocomplete attributes (suggested: "current-password"): (More info: https://goo.gl/9p2vKq) %o @ http://localhost:4200/auth/login:0
[15168171ms] [LOG] %c📦 [StorageService] Inicializando servicio de almacenamiento local... color: #3F51B5; font-style: italic; @ http://localhost:4200/chunk-XGIOEOMU.js:2909
[15168173ms] [LOG] %c [AuthService] Verificando ruta inicial: /auth/login | Es publica: true color: #9C27B0; font-style: italic; @ http://localhost:4200/chunk-XGIOEOMU.js:2909
[15168173ms] [LOG] %c [AuthService] Ruta publica detectada. Omitiendo login silencioso. color: #FFC107; font-style: italic; @ http://localhost:4200/chunk-XGIOEOMU.js:2909
[15168174ms] [LOG] %c🚀 [Initializer] Starting application state initialization... color: purple; font-style: italic; @ http://localhost:4200/chunk-XGIOEOMU.js:2909
[15168174ms] [LOG] %c🤷 [Initializer] No user session. Skipping customer state initialization. color: #9E9E9E; font-style: italic; @ http://localhost:4200/chunk-XGIOEOMU.js:2909
[15168175ms] [LOG] %c✅ [Initializer] State initialization complete. color: green; font-style: italic; @ http://localhost:4200/chunk-XGIOEOMU.js:2909
[15168241ms] [LOG] %c🔄 UpdateService: Inicializando servicio de actualizaciones color: blue; font-weight: bold; @ http://localhost:4200/chunk-67RTLGLK.js:17
[15168242ms] [LOG] %c🔄 UpdateService: ❌ Service Worker NO habilitado color: red; font-weight: bold; @ http://localhost:4200/chunk-67RTLGLK.js:33
[15168256ms] [LOG] %c🚀 [App] ¡Aplicación iniciada! Soy más ligero y rápido que nunca. color: #673AB7; font-style: italic; @ http://localhost:4200/chunk-XGIOEOMU.js:2909
[15168262ms] [LOG] Angular is running in development mode. @ http://localhost:4200/@fs/D:/repos/luxuryapp-api/appsweb/angular/.angular/cache/22.1.8/luxury-app/vite/deps/core-gRj2gSiC.js?v=fc679455:9175
[15168485ms] [LOG] %c🔐 [SecurityService] Servicio de seguridad inicializado. color: #3F51B5; font-style: italic; @ http://localhost:4200/chunk-XGIOEOMU.js:2909
[15168534ms] [LOG] %c [Login] Iniciando.. color: #607D8B; font-style: italic; @ http://localhost:4200/chunk-XGIOEOMU.js:2909
[15168535ms] [LOG] %c [Login] Usando / como redireccion por defecto. color: #607D8B; font-style: italic; @ http://localhost:4200/chunk-XGIOEOMU.js:2909
[15168536ms] [LOG] %c [Login] URL final de redireccion: / color: #2196F3; font-style: italic; @ http://localhost:4200/chunk-XGIOEOMU.js:2909
[15168536ms] [LOG] %c🚪 [SecurityService] Limpiando datos de autenticación... color: #F44336; font-style: italic; @ http://localhost:4200/chunk-XGIOEOMU.js:2909
[15168537ms] [LOG] %c🗑️ [StorageService] Eliminando clave: 'userAuthData' color: #F44336; font-style: italic; @ http://localhost:4200/chunk-XGIOEOMU.js:2909
[15168537ms] [LOG] %c✅ [StorageService] Clave 'userAuthData' eliminada. color: #9E9E9E; font-style: italic; @ http://localhost:4200/chunk-XGIOEOMU.js:2909
[15168538ms] [LOG] %c🗑️ [StorageService] Eliminando clave: 'accessToken' color: #F44336; font-style: italic; @ http://localhost:4200/chunk-XGIOEOMU.js:2909
[15168538ms] [LOG] %c✅ [StorageService] Clave 'accessToken' eliminada. color: #9E9E9E; font-style: italic; @ http://localhost:4200/chunk-XGIOEOMU.js:2909
[15168539ms] [LOG] %c🧹 [SecurityService] Datos de sesión eliminados: userAuthData y accessToken. color: #9E9E9E; font-style: italic; @ http://localhost:4200/chunk-XGIOEOMU.js:2909
[15168539ms] [LOG] %c [Login] Datos de sesion previa eliminados. color: #9E9E9E; font-style: italic; @ http://localhost:4200/chunk-XGIOEOMU.js:2909
[15168539ms] [LOG] %c🚪 [SecurityService] Limpiando datos de autenticación... color: #F44336; font-style: italic; @ http://localhost:4200/chunk-XGIOEOMU.js:2909
[15168540ms] [LOG] %c🗑️ [StorageService] Eliminando clave: 'userAuthData' color: #F44336; font-style: italic; @ http://localhost:4200/chunk-XGIOEOMU.js:2909
[15168540ms] [LOG] %c✅ [StorageService] Clave 'userAuthData' eliminada. color: #9E9E9E; font-style: italic; @ http://localhost:4200/chunk-XGIOEOMU.js:2909
[15168540ms] [LOG] %c🗑️ [StorageService] Eliminando clave: 'accessToken' color: #F44336; font-style: italic; @ http://localhost:4200/chunk-XGIOEOMU.js:2909
[15168540ms] [LOG] %c✅ [StorageService] Clave 'accessToken' eliminada. color: #9E9E9E; font-style: italic; @ http://localhost:4200/chunk-XGIOEOMU.js:2909
[15168541ms] [LOG] %c🧹 [SecurityService] Datos de sesión eliminados: userAuthData y accessToken. color: #9E9E9E; font-style: italic; @ http://localhost:4200/chunk-XGIOEOMU.js:2909
[15168613ms] [WARNING] NG0913: An image with src http://localhost:4200/assets/oficial/Logo%20Files/png/Color%20logo%20-%20no%20background.png has intrinsic file dimensions much larger than its rendered size. This can negatively impact application loading performance. For more information about addressing or disabling this warning, see https://v22.angular.dev/errors/NG0913. Find more at https://v22.angular.dev/errors/NG0913 @ http://localhost:4200/@fs/D:/repos/luxuryapp-api/appsweb/angular/.angular/cache/22.1.8/luxury-app/vite/deps/core-gRj2gSiC.js?v=fc679455:17980
[15168613ms] [WARNING] NG0913: An image with src http://localhost:4200/assets/oficial/Logo%20Files/png/Color%20logo%20-%20no%20background.png has intrinsic file dimensions much larger than its rendered size. This can negatively impact application loading performance. For more information about addressing or disabling this warning, see https://v22.angular.dev/errors/NG0913. Find more at https://v22.angular.dev/errors/NG0913 @ http://localhost:4200/@fs/D:/repos/luxuryapp-api/appsweb/angular/.angular/cache/22.1.8/luxury-app/vite/deps/core-gRj2gSiC.js?v=fc679455:17980
[15168615ms] [WARNING] NG0913: An image with src http://localhost:4200/assets/oficial/Logo%20Files/png/White%20logo%20-%20no%20background.png has intrinsic file dimensions much larger than its rendered size. This can negatively impact application loading performance. For more information about addressing or disabling this warning, see https://v22.angular.dev/errors/NG0913. Find more at https://v22.angular.dev/errors/NG0913 @ http://localhost:4200/@fs/D:/repos/luxuryapp-api/appsweb/angular/.angular/cache/22.1.8/luxury-app/vite/deps/core-gRj2gSiC.js?v=fc679455:17980
[15168627ms] [VERBOSE] [DOM] Input elements should have autocomplete attributes (suggested: "current-password"): (More info: https://goo.gl/9p2vKq) %o @ http://localhost:4200/auth/login:0
[16396111ms] [LOG] %c📦 [StorageService] Inicializando servicio de almacenamiento local... color: #3F51B5; font-style: italic; @ http://localhost:4200/chunk-XGIOEOMU.js:2909
[16396113ms] [LOG] %c [AuthService] Verificando ruta inicial: /auth/login | Es publica: true color: #9C27B0; font-style: italic; @ http://localhost:4200/chunk-XGIOEOMU.js:2909
[16396114ms] [LOG] %c [AuthService] Ruta publica detectada. Omitiendo login silencioso. color: #FFC107; font-style: italic; @ http://localhost:4200/chunk-XGIOEOMU.js:2909
[16396116ms] [LOG] %c🚀 [Initializer] Starting application state initialization... color: purple; font-style: italic; @ http://localhost:4200/chunk-XGIOEOMU.js:2909
[16396118ms] [LOG] %c🤷 [Initializer] No user session. Skipping customer state initialization. color: #9E9E9E; font-style: italic; @ http://localhost:4200/chunk-XGIOEOMU.js:2909
[16396119ms] [LOG] %c✅ [Initializer] State initialization complete. color: green; font-style: italic; @ http://localhost:4200/chunk-XGIOEOMU.js:2909
[16396178ms] [LOG] %c🔄 UpdateService: Inicializando servicio de actualizaciones color: blue; font-weight: bold; @ http://localhost:4200/chunk-67RTLGLK.js:17
[16396178ms] [LOG] %c🔄 UpdateService: ❌ Service Worker NO habilitado color: red; font-weight: bold; @ http://localhost:4200/chunk-67RTLGLK.js:33
[16396186ms] [LOG] %c🚀 [App] ¡Aplicación iniciada! Soy más ligero y rápido que nunca. color: #673AB7; font-style: italic; @ http://localhost:4200/chunk-XGIOEOMU.js:2909
[16396193ms] [LOG] Angular is running in development mode. @ http://localhost:4200/@fs/D:/repos/luxuryapp-api/appsweb/angular/.angular/cache/22.1.8/luxury-app/vite/deps/core-gRj2gSiC.js?v=fc679455:9175
[16396596ms] [LOG] %c🔐 [SecurityService] Servicio de seguridad inicializado. color: #3F51B5; font-style: italic; @ http://localhost:4200/chunk-XGIOEOMU.js:2909
[16396637ms] [LOG] %c [Login] Iniciando.. color: #607D8B; font-style: italic; @ http://localhost:4200/chunk-XGIOEOMU.js:2909
[16396638ms] [LOG] %c [Login] Usando / como redireccion por defecto. color: #607D8B; font-style: italic; @ http://localhost:4200/chunk-XGIOEOMU.js:2909
[16396639ms] [LOG] %c [Login] URL final de redireccion: / color: #2196F3; font-style: italic; @ http://localhost:4200/chunk-XGIOEOMU.js:2909
[16396639ms] [LOG] %c🚪 [SecurityService] Limpiando datos de autenticación... color: #F44336; font-style: italic; @ http://localhost:4200/chunk-XGIOEOMU.js:2909
[16396640ms] [LOG] %c🗑️ [StorageService] Eliminando clave: 'userAuthData' color: #F44336; font-style: italic; @ http://localhost:4200/chunk-XGIOEOMU.js:2909
[16396640ms] [LOG] %c✅ [StorageService] Clave 'userAuthData' eliminada. color: #9E9E9E; font-style: italic; @ http://localhost:4200/chunk-XGIOEOMU.js:2909
[16396641ms] [LOG] %c🗑️ [StorageService] Eliminando clave: 'accessToken' color: #F44336; font-style: italic; @ http://localhost:4200/chunk-XGIOEOMU.js:2909
[16396641ms] [LOG] %c✅ [StorageService] Clave 'accessToken' eliminada. color: #9E9E9E; font-style: italic; @ http://localhost:4200/chunk-XGIOEOMU.js:2909
[16396641ms] [LOG] %c🧹 [SecurityService] Datos de sesión eliminados: userAuthData y accessToken. color: #9E9E9E; font-style: italic; @ http://localhost:4200/chunk-XGIOEOMU.js:2909
[16396642ms] [LOG] %c [Login] Datos de sesion previa eliminados. color: #9E9E9E; font-style: italic; @ http://localhost:4200/chunk-XGIOEOMU.js:2909
[16396642ms] [LOG] %c🚪 [SecurityService] Limpiando datos de autenticación... color: #F44336; font-style: italic; @ http://localhost:4200/chunk-XGIOEOMU.js:2909
[16396642ms] [LOG] %c🗑️ [StorageService] Eliminando clave: 'userAuthData' color: #F44336; font-style: italic; @ http://localhost:4200/chunk-XGIOEOMU.js:2909
[16396643ms] [LOG] %c✅ [StorageService] Clave 'userAuthData' eliminada. color: #9E9E9E; font-style: italic; @ http://localhost:4200/chunk-XGIOEOMU.js:2909
[16396643ms] [LOG] %c🗑️ [StorageService] Eliminando clave: 'accessToken' color: #F44336; font-style: italic; @ http://localhost:4200/chunk-XGIOEOMU.js:2909
[16396643ms] [LOG] %c✅ [StorageService] Clave 'accessToken' eliminada. color: #9E9E9E; font-style: italic; @ http://localhost:4200/chunk-XGIOEOMU.js:2909
[16396644ms] [LOG] %c🧹 [SecurityService] Datos de sesión eliminados: userAuthData y accessToken. color: #9E9E9E; font-style: italic; @ http://localhost:4200/chunk-XGIOEOMU.js:2909
[16396731ms] [VERBOSE] [DOM] Input elements should have autocomplete attributes (suggested: "current-password"): (More info: https://goo.gl/9p2vKq) %o @ http://localhost:4200/auth/login:0
[16983395ms] [LOG] %c📦 [StorageService] Inicializando servicio de almacenamiento local... color: #3F51B5; font-style: italic; @ http://localhost:4200/chunk-XGIOEOMU.js:2909
[16983397ms] [LOG] %c [AuthService] Verificando ruta inicial: /auth/login | Es publica: true color: #9C27B0; font-style: italic; @ http://localhost:4200/chunk-XGIOEOMU.js:2909
[16983398ms] [LOG] %c [AuthService] Ruta publica detectada. Omitiendo login silencioso. color: #FFC107; font-style: italic; @ http://localhost:4200/chunk-XGIOEOMU.js:2909
[16983399ms] [LOG] %c🚀 [Initializer] Starting application state initialization... color: purple; font-style: italic; @ http://localhost:4200/chunk-XGIOEOMU.js:2909
[16983400ms] [LOG] %c🤷 [Initializer] No user session. Skipping customer state initialization. color: #9E9E9E; font-style: italic; @ http://localhost:4200/chunk-XGIOEOMU.js:2909
[16983401ms] [LOG] %c✅ [Initializer] State initialization complete. color: green; font-style: italic; @ http://localhost:4200/chunk-XGIOEOMU.js:2909
[16983504ms] [LOG] %c🔄 UpdateService: Inicializando servicio de actualizaciones color: blue; font-weight: bold; @ http://localhost:4200/chunk-67RTLGLK.js:17
[16983505ms] [LOG] %c🔄 UpdateService: ❌ Service Worker NO habilitado color: red; font-weight: bold; @ http://localhost:4200/chunk-67RTLGLK.js:33
[16983512ms] [LOG] %c🚀 [App] ¡Aplicación iniciada! Soy más ligero y rápido que nunca. color: #673AB7; font-style: italic; @ http://localhost:4200/chunk-XGIOEOMU.js:2909
[16983521ms] [LOG] Angular is running in development mode. @ http://localhost:4200/@fs/D:/repos/luxuryapp-api/appsweb/angular/.angular/cache/22.1.8/luxury-app/vite/deps/core-gRj2gSiC.js?v=fc679455:9175
[16984287ms] [LOG] %c🔐 [SecurityService] Servicio de seguridad inicializado. color: #3F51B5; font-style: italic; @ http://localhost:4200/chunk-XGIOEOMU.js:2909
[16984377ms] [LOG] %c [Login] Iniciando.. color: #607D8B; font-style: italic; @ http://localhost:4200/chunk-XGIOEOMU.js:2909
[16984377ms] [LOG] %c [Login] Usando / como redireccion por defecto. color: #607D8B; font-style: italic; @ http://localhost:4200/chunk-XGIOEOMU.js:2909
[16984378ms] [LOG] %c [Login] URL final de redireccion: / color: #2196F3; font-style: italic; @ http://localhost:4200/chunk-XGIOEOMU.js:2909
[16984378ms] [LOG] %c🚪 [SecurityService] Limpiando datos de autenticación... color: #F44336; font-style: italic; @ http://localhost:4200/chunk-XGIOEOMU.js:2909
[16984379ms] [LOG] %c🗑️ [StorageService] Eliminando clave: 'userAuthData' color: #F44336; font-style: italic; @ http://localhost:4200/chunk-XGIOEOMU.js:2909
[16984379ms] [LOG] %c✅ [StorageService] Clave 'userAuthData' eliminada. color: #9E9E9E; font-style: italic; @ http://localhost:4200/chunk-XGIOEOMU.js:2909
[16984380ms] [LOG] %c🗑️ [StorageService] Eliminando clave: 'accessToken' color: #F44336; font-style: italic; @ http://localhost:4200/chunk-XGIOEOMU.js:2909
[16984380ms] [LOG] %c✅ [StorageService] Clave 'accessToken' eliminada. color: #9E9E9E; font-style: italic; @ http://localhost:4200/chunk-XGIOEOMU.js:2909
[16984380ms] [LOG] %c🧹 [SecurityService] Datos de sesión eliminados: userAuthData y accessToken. color: #9E9E9E; font-style: italic; @ http://localhost:4200/chunk-XGIOEOMU.js:2909
[16984380ms] [LOG] %c [Login] Datos de sesion previa eliminados. color: #9E9E9E; font-style: italic; @ http://localhost:4200/chunk-XGIOEOMU.js:2909
[16984381ms] [LOG] %c🚪 [SecurityService] Limpiando datos de autenticación... color: #F44336; font-style: italic; @ http://localhost:4200/chunk-XGIOEOMU.js:2909
[16984381ms] [LOG] %c🗑️ [StorageService] Eliminando clave: 'userAuthData' color: #F44336; font-style: italic; @ http://localhost:4200/chunk-XGIOEOMU.js:2909
[16984382ms] [LOG] %c✅ [StorageService] Clave 'userAuthData' eliminada. color: #9E9E9E; font-style: italic; @ http://localhost:4200/chunk-XGIOEOMU.js:2909
[16984383ms] [LOG] %c🗑️ [StorageService] Eliminando clave: 'accessToken' color: #F44336; font-style: italic; @ http://localhost:4200/chunk-XGIOEOMU.js:2909
[16984383ms] [LOG] %c✅ [StorageService] Clave 'accessToken' eliminada. color: #9E9E9E; font-style: italic; @ http://localhost:4200/chunk-XGIOEOMU.js:2909
[16984384ms] [LOG] %c🧹 [SecurityService] Datos de sesión eliminados: userAuthData y accessToken. color: #9E9E9E; font-style: italic; @ http://localhost:4200/chunk-XGIOEOMU.js:2909
[16984472ms] [VERBOSE] [DOM] Input elements should have autocomplete attributes (suggested: "current-password"): (More info: https://goo.gl/9p2vKq) %o @ http://localhost:4200/auth/login:0
[17001845ms] [LOG] %c📦 [StorageService] Inicializando servicio de almacenamiento local... color: #3F51B5; font-style: italic; @ http://localhost:4200/chunk-XGIOEOMU.js:2909
[17001847ms] [LOG] %c [AuthService] Verificando ruta inicial: /auth/login | Es publica: true color: #9C27B0; font-style: italic; @ http://localhost:4200/chunk-XGIOEOMU.js:2909
[17001848ms] [LOG] %c [AuthService] Ruta publica detectada. Omitiendo login silencioso. color: #FFC107; font-style: italic; @ http://localhost:4200/chunk-XGIOEOMU.js:2909
[17001849ms] [LOG] %c🚀 [Initializer] Starting application state initialization... color: purple; font-style: italic; @ http://localhost:4200/chunk-XGIOEOMU.js:2909
[17001850ms] [LOG] %c🤷 [Initializer] No user session. Skipping customer state initialization. color: #9E9E9E; font-style: italic; @ http://localhost:4200/chunk-XGIOEOMU.js:2909
[17001852ms] [LOG] %c✅ [Initializer] State initialization complete. color: green; font-style: italic; @ http://localhost:4200/chunk-XGIOEOMU.js:2909
[17001958ms] [LOG] %c🔄 UpdateService: Inicializando servicio de actualizaciones color: blue; font-weight: bold; @ http://localhost:4200/chunk-67RTLGLK.js:17
[17001959ms] [LOG] %c🔄 UpdateService: ❌ Service Worker NO habilitado color: red; font-weight: bold; @ http://localhost:4200/chunk-67RTLGLK.js:33
[17001967ms] [LOG] %c🚀 [App] ¡Aplicación iniciada! Soy más ligero y rápido que nunca. color: #673AB7; font-style: italic; @ http://localhost:4200/chunk-XGIOEOMU.js:2909
[17001974ms] [LOG] Angular is running in development mode. @ http://localhost:4200/@fs/D:/repos/luxuryapp-api/appsweb/angular/.angular/cache/22.1.8/luxury-app/vite/deps/core-gRj2gSiC.js?v=fc679455:9175
[17002193ms] [LOG] %c🔐 [SecurityService] Servicio de seguridad inicializado. color: #3F51B5; font-style: italic; @ http://localhost:4200/chunk-XGIOEOMU.js:2909
[17002243ms] [LOG] %c [Login] Iniciando.. color: #607D8B; font-style: italic; @ http://localhost:4200/chunk-XGIOEOMU.js:2909
[17002243ms] [LOG] %c [Login] Usando / como redireccion por defecto. color: #607D8B; font-style: italic; @ http://localhost:4200/chunk-XGIOEOMU.js:2909
[17002244ms] [LOG] %c [Login] URL final de redireccion: / color: #2196F3; font-style: italic; @ http://localhost:4200/chunk-XGIOEOMU.js:2909
[17002244ms] [LOG] %c🚪 [SecurityService] Limpiando datos de autenticación... color: #F44336; font-style: italic; @ http://localhost:4200/chunk-XGIOEOMU.js:2909
[17002245ms] [LOG] %c🗑️ [StorageService] Eliminando clave: 'userAuthData' color: #F44336; font-style: italic; @ http://localhost:4200/chunk-XGIOEOMU.js:2909
[17002245ms] [LOG] %c✅ [StorageService] Clave 'userAuthData' eliminada. color: #9E9E9E; font-style: italic; @ http://localhost:4200/chunk-XGIOEOMU.js:2909
[17002245ms] [LOG] %c🗑️ [StorageService] Eliminando clave: 'accessToken' color: #F44336; font-style: italic; @ http://localhost:4200/chunk-XGIOEOMU.js:2909
[17002245ms] [LOG] %c✅ [StorageService] Clave 'accessToken' eliminada. color: #9E9E9E; font-style: italic; @ http://localhost:4200/chunk-XGIOEOMU.js:2909
[17002246ms] [LOG] %c🧹 [SecurityService] Datos de sesión eliminados: userAuthData y accessToken. color: #9E9E9E; font-style: italic; @ http://localhost:4200/chunk-XGIOEOMU.js:2909
[17002246ms] [LOG] %c [Login] Datos de sesion previa eliminados. color: #9E9E9E; font-style: italic; @ http://localhost:4200/chunk-XGIOEOMU.js:2909
[17002247ms] [LOG] %c🚪 [SecurityService] Limpiando datos de autenticación... color: #F44336; font-style: italic; @ http://localhost:4200/chunk-XGIOEOMU.js:2909
[17002248ms] [LOG] %c🗑️ [StorageService] Eliminando clave: 'userAuthData' color: #F44336; font-style: italic; @ http://localhost:4200/chunk-XGIOEOMU.js:2909
[17002248ms] [LOG] %c✅ [StorageService] Clave 'userAuthData' eliminada. color: #9E9E9E; font-style: italic; @ http://localhost:4200/chunk-XGIOEOMU.js:2909
[17002248ms] [LOG] %c🗑️ [StorageService] Eliminando clave: 'accessToken' color: #F44336; font-style: italic; @ http://localhost:4200/chunk-XGIOEOMU.js:2909
[17002250ms] [LOG] %c✅ [StorageService] Clave 'accessToken' eliminada. color: #9E9E9E; font-style: italic; @ http://localhost:4200/chunk-XGIOEOMU.js:2909
[17002250ms] [LOG] %c🧹 [SecurityService] Datos de sesión eliminados: userAuthData y accessToken. color: #9E9E9E; font-style: italic; @ http://localhost:4200/chunk-XGIOEOMU.js:2909
[17002321ms] [WARNING] NG0913: An image with src http://localhost:4200/assets/oficial/Logo%20Files/png/Color%20logo%20-%20no%20background.png has intrinsic file dimensions much larger than its rendered size. This can negatively impact application loading performance. For more information about addressing or disabling this warning, see https://v22.angular.dev/errors/NG0913. Find more at https://v22.angular.dev/errors/NG0913 @ http://localhost:4200/@fs/D:/repos/luxuryapp-api/appsweb/angular/.angular/cache/22.1.8/luxury-app/vite/deps/core-gRj2gSiC.js?v=fc679455:17980
[17002322ms] [WARNING] NG0913: An image with src http://localhost:4200/assets/oficial/Logo%20Files/png/Color%20logo%20-%20no%20background.png has intrinsic file dimensions much larger than its rendered size. This can negatively impact application loading performance. For more information about addressing or disabling this warning, see https://v22.angular.dev/errors/NG0913. Find more at https://v22.angular.dev/errors/NG0913 @ http://localhost:4200/@fs/D:/repos/luxuryapp-api/appsweb/angular/.angular/cache/22.1.8/luxury-app/vite/deps/core-gRj2gSiC.js?v=fc679455:17980
[17002323ms] [WARNING] NG0913: An image with src http://localhost:4200/assets/oficial/Logo%20Files/png/White%20logo%20-%20no%20background.png has intrinsic file dimensions much larger than its rendered size. This can negatively impact application loading performance. For more information about addressing or disabling this warning, see https://v22.angular.dev/errors/NG0913. Find more at https://v22.angular.dev/errors/NG0913 @ http://localhost:4200/@fs/D:/repos/luxuryapp-api/appsweb/angular/.angular/cache/22.1.8/luxury-app/vite/deps/core-gRj2gSiC.js?v=fc679455:17980
[17002340ms] [VERBOSE] [DOM] Input elements should have autocomplete attributes (suggested: "current-password"): (More info: https://goo.gl/9p2vKq) %o @ http://localhost:4200/auth/login:0
[17361292ms] [LOG] %c📦 [StorageService] Inicializando servicio de almacenamiento local... color: #3F51B5; font-style: italic; @ http://localhost:4200/chunk-XGIOEOMU.js:2909
[17361295ms] [LOG] %c [AuthService] Verificando ruta inicial: /auth/login | Es publica: true color: #9C27B0; font-style: italic; @ http://localhost:4200/chunk-XGIOEOMU.js:2909
[17361296ms] [LOG] %c [AuthService] Ruta publica detectada. Omitiendo login silencioso. color: #FFC107; font-style: italic; @ http://localhost:4200/chunk-XGIOEOMU.js:2909
[17361297ms] [LOG] %c🚀 [Initializer] Starting application state initialization... color: purple; font-style: italic; @ http://localhost:4200/chunk-XGIOEOMU.js:2909
[17361298ms] [LOG] %c🤷 [Initializer] No user session. Skipping customer state initialization. color: #9E9E9E; font-style: italic; @ http://localhost:4200/chunk-XGIOEOMU.js:2909
[17361300ms] [LOG] %c✅ [Initializer] State initialization complete. color: green; font-style: italic; @ http://localhost:4200/chunk-XGIOEOMU.js:2909
[17361355ms] [LOG] %c🔄 UpdateService: Inicializando servicio de actualizaciones color: blue; font-weight: bold; @ http://localhost:4200/chunk-67RTLGLK.js:17
[17361355ms] [LOG] %c🔄 UpdateService: ❌ Service Worker NO habilitado color: red; font-weight: bold; @ http://localhost:4200/chunk-67RTLGLK.js:33
[17361362ms] [LOG] %c🚀 [App] ¡Aplicación iniciada! Soy más ligero y rápido que nunca. color: #673AB7; font-style: italic; @ http://localhost:4200/chunk-XGIOEOMU.js:2909
[17361370ms] [LOG] Angular is running in development mode. @ http://localhost:4200/@fs/D:/repos/luxuryapp-api/appsweb/angular/.angular/cache/22.1.8/luxury-app/vite/deps/core-gRj2gSiC.js?v=fc679455:9175
[17362055ms] [LOG] %c🔐 [SecurityService] Servicio de seguridad inicializado. color: #3F51B5; font-style: italic; @ http://localhost:4200/chunk-XGIOEOMU.js:2909
[17362201ms] [LOG] %c [Login] Iniciando.. color: #607D8B; font-style: italic; @ http://localhost:4200/chunk-XGIOEOMU.js:2909
[17362202ms] [LOG] %c [Login] Usando / como redireccion por defecto. color: #607D8B; font-style: italic; @ http://localhost:4200/chunk-XGIOEOMU.js:2909
[17362202ms] [LOG] %c [Login] URL final de redireccion: / color: #2196F3; font-style: italic; @ http://localhost:4200/chunk-XGIOEOMU.js:2909
[17362203ms] [LOG] %c🚪 [SecurityService] Limpiando datos de autenticación... color: #F44336; font-style: italic; @ http://localhost:4200/chunk-XGIOEOMU.js:2909
[17362204ms] [LOG] %c🗑️ [StorageService] Eliminando clave: 'userAuthData' color: #F44336; font-style: italic; @ http://localhost:4200/chunk-XGIOEOMU.js:2909
[17362205ms] [LOG] %c✅ [StorageService] Clave 'userAuthData' eliminada. color: #9E9E9E; font-style: italic; @ http://localhost:4200/chunk-XGIOEOMU.js:2909
[17362206ms] [LOG] %c🗑️ [StorageService] Eliminando clave: 'accessToken' color: #F44336; font-style: italic; @ http://localhost:4200/chunk-XGIOEOMU.js:2909
[17362209ms] [LOG] %c✅ [StorageService] Clave 'accessToken' eliminada. color: #9E9E9E; font-style: italic; @ http://localhost:4200/chunk-XGIOEOMU.js:2909
[17362214ms] [LOG] %c🧹 [SecurityService] Datos de sesión eliminados: userAuthData y accessToken. color: #9E9E9E; font-style: italic; @ http://localhost:4200/chunk-XGIOEOMU.js:2909
[17362215ms] [LOG] %c [Login] Datos de sesion previa eliminados. color: #9E9E9E; font-style: italic; @ http://localhost:4200/chunk-XGIOEOMU.js:2909
[17362217ms] [LOG] %c🚪 [SecurityService] Limpiando datos de autenticación... color: #F44336; font-style: italic; @ http://localhost:4200/chunk-XGIOEOMU.js:2909
[17362218ms] [LOG] %c🗑️ [StorageService] Eliminando clave: 'userAuthData' color: #F44336; font-style: italic; @ http://localhost:4200/chunk-XGIOEOMU.js:2909
[17362220ms] [LOG] %c✅ [StorageService] Clave 'userAuthData' eliminada. color: #9E9E9E; font-style: italic; @ http://localhost:4200/chunk-XGIOEOMU.js:2909
[17362221ms] [LOG] %c🗑️ [StorageService] Eliminando clave: 'accessToken' color: #F44336; font-style: italic; @ http://localhost:4200/chunk-XGIOEOMU.js:2909
[17362224ms] [LOG] %c✅ [StorageService] Clave 'accessToken' eliminada. color: #9E9E9E; font-style: italic; @ http://localhost:4200/chunk-XGIOEOMU.js:2909
[17362229ms] [LOG] %c🧹 [SecurityService] Datos de sesión eliminados: userAuthData y accessToken. color: #9E9E9E; font-style: italic; @ http://localhost:4200/chunk-XGIOEOMU.js:2909
[17362428ms] [VERBOSE] [DOM] Input elements should have autocomplete attributes (suggested: "current-password"): (More info: https://goo.gl/9p2vKq) %o @ http://localhost:4200/auth/login:0
[18696265ms] [LOG] %c📦 [StorageService] Inicializando servicio de almacenamiento local... color: #3F51B5; font-style: italic; @ http://localhost:4200/chunk-XGIOEOMU.js:2909
[18696267ms] [LOG] %c [AuthService] Verificando ruta inicial: /auth/login | Es publica: true color: #9C27B0; font-style: italic; @ http://localhost:4200/chunk-XGIOEOMU.js:2909
[18696267ms] [LOG] %c [AuthService] Ruta publica detectada. Omitiendo login silencioso. color: #FFC107; font-style: italic; @ http://localhost:4200/chunk-XGIOEOMU.js:2909
[18696267ms] [LOG] %c🚀 [Initializer] Starting application state initialization... color: purple; font-style: italic; @ http://localhost:4200/chunk-XGIOEOMU.js:2909
[18696268ms] [LOG] %c🤷 [Initializer] No user session. Skipping customer state initialization. color: #9E9E9E; font-style: italic; @ http://localhost:4200/chunk-XGIOEOMU.js:2909
[18696269ms] [LOG] %c✅ [Initializer] State initialization complete. color: green; font-style: italic; @ http://localhost:4200/chunk-XGIOEOMU.js:2909
[18696302ms] [LOG] %c🔄 UpdateService: Inicializando servicio de actualizaciones color: blue; font-weight: bold; @ http://localhost:4200/chunk-67RTLGLK.js:17
[18696303ms] [LOG] %c🔄 UpdateService: ❌ Service Worker NO habilitado color: red; font-weight: bold; @ http://localhost:4200/chunk-67RTLGLK.js:33
[18696311ms] [LOG] %c🚀 [App] ¡Aplicación iniciada! Soy más ligero y rápido que nunca. color: #673AB7; font-style: italic; @ http://localhost:4200/chunk-XGIOEOMU.js:2909
[18696317ms] [LOG] Angular is running in development mode. @ http://localhost:4200/@fs/D:/repos/luxuryapp-api/appsweb/angular/.angular/cache/22.1.8/luxury-app/vite/deps/core-gRj2gSiC.js?v=fc679455:9175
[18696888ms] [LOG] %c🔐 [SecurityService] Servicio de seguridad inicializado. color: #3F51B5; font-style: italic; @ http://localhost:4200/chunk-XGIOEOMU.js:2909
[18696952ms] [LOG] %c [Login] Iniciando.. color: #607D8B; font-style: italic; @ http://localhost:4200/chunk-XGIOEOMU.js:2909
[18696952ms] [LOG] %c [Login] Usando / como redireccion por defecto. color: #607D8B; font-style: italic; @ http://localhost:4200/chunk-XGIOEOMU.js:2909
[18696953ms] [LOG] %c [Login] URL final de redireccion: / color: #2196F3; font-style: italic; @ http://localhost:4200/chunk-XGIOEOMU.js:2909
[18696953ms] [LOG] %c🚪 [SecurityService] Limpiando datos de autenticación... color: #F44336; font-style: italic; @ http://localhost:4200/chunk-XGIOEOMU.js:2909
[18696954ms] [LOG] %c🗑️ [StorageService] Eliminando clave: 'userAuthData' color: #F44336; font-style: italic; @ http://localhost:4200/chunk-XGIOEOMU.js:2909
[18696955ms] [LOG] %c✅ [StorageService] Clave 'userAuthData' eliminada. color: #9E9E9E; font-style: italic; @ http://localhost:4200/chunk-XGIOEOMU.js:2909
[18696955ms] [LOG] %c🗑️ [StorageService] Eliminando clave: 'accessToken' color: #F44336; font-style: italic; @ http://localhost:4200/chunk-XGIOEOMU.js:2909
[18696955ms] [LOG] %c✅ [StorageService] Clave 'accessToken' eliminada. color: #9E9E9E; font-style: italic; @ http://localhost:4200/chunk-XGIOEOMU.js:2909
[18696956ms] [LOG] %c🧹 [SecurityService] Datos de sesión eliminados: userAuthData y accessToken. color: #9E9E9E; font-style: italic; @ http://localhost:4200/chunk-XGIOEOMU.js:2909
[18696956ms] [LOG] %c [Login] Datos de sesion previa eliminados. color: #9E9E9E; font-style: italic; @ http://localhost:4200/chunk-XGIOEOMU.js:2909
[18696956ms] [LOG] %c🚪 [SecurityService] Limpiando datos de autenticación... color: #F44336; font-style: italic; @ http://localhost:4200/chunk-XGIOEOMU.js:2909
[18696957ms] [LOG] %c🗑️ [StorageService] Eliminando clave: 'userAuthData' color: #F44336; font-style: italic; @ http://localhost:4200/chunk-XGIOEOMU.js:2909
[18696957ms] [LOG] %c✅ [StorageService] Clave 'userAuthData' eliminada. color: #9E9E9E; font-style: italic; @ http://localhost:4200/chunk-XGIOEOMU.js:2909
[18696959ms] [LOG] %c🗑️ [StorageService] Eliminando clave: 'accessToken' color: #F44336; font-style: italic; @ http://localhost:4200/chunk-XGIOEOMU.js:2909
[18696959ms] [LOG] %c✅ [StorageService] Clave 'accessToken' eliminada. color: #9E9E9E; font-style: italic; @ http://localhost:4200/chunk-XGIOEOMU.js:2909
[18696960ms] [LOG] %c🧹 [SecurityService] Datos de sesión eliminados: userAuthData y accessToken. color: #9E9E9E; font-style: italic; @ http://localhost:4200/chunk-XGIOEOMU.js:2909
[18697051ms] [VERBOSE] [DOM] Input elements should have autocomplete attributes (suggested: "current-password"): (More info: https://goo.gl/9p2vKq) %o @ http://localhost:4200/auth/login:0
[19359963ms] [LOG] %c📦 [StorageService] Inicializando servicio de almacenamiento local... color: #3F51B5; font-style: italic; @ http://localhost:4200/chunk-XGIOEOMU.js:2909
[19359965ms] [LOG] %c [AuthService] Verificando ruta inicial: /auth/login | Es publica: true color: #9C27B0; font-style: italic; @ http://localhost:4200/chunk-XGIOEOMU.js:2909
[19359965ms] [LOG] %c [AuthService] Ruta publica detectada. Omitiendo login silencioso. color: #FFC107; font-style: italic; @ http://localhost:4200/chunk-XGIOEOMU.js:2909
[19359966ms] [LOG] %c🚀 [Initializer] Starting application state initialization... color: purple; font-style: italic; @ http://localhost:4200/chunk-XGIOEOMU.js:2909
[19359967ms] [LOG] %c🤷 [Initializer] No user session. Skipping customer state initialization. color: #9E9E9E; font-style: italic; @ http://localhost:4200/chunk-XGIOEOMU.js:2909
[19359967ms] [LOG] %c✅ [Initializer] State initialization complete. color: green; font-style: italic; @ http://localhost:4200/chunk-XGIOEOMU.js:2909
[19360011ms] [LOG] %c🔄 UpdateService: Inicializando servicio de actualizaciones color: blue; font-weight: bold; @ http://localhost:4200/chunk-67RTLGLK.js:17
[19360011ms] [LOG] %c🔄 UpdateService: ❌ Service Worker NO habilitado color: red; font-weight: bold; @ http://localhost:4200/chunk-67RTLGLK.js:33
[19360019ms] [LOG] %c🚀 [App] ¡Aplicación iniciada! Soy más ligero y rápido que nunca. color: #673AB7; font-style: italic; @ http://localhost:4200/chunk-XGIOEOMU.js:2909
[19360025ms] [LOG] Angular is running in development mode. @ http://localhost:4200/@fs/D:/repos/luxuryapp-api/appsweb/angular/.angular/cache/22.1.8/luxury-app/vite/deps/core-gRj2gSiC.js?v=fc679455:9175
[19360180ms] [LOG] %c🔐 [SecurityService] Servicio de seguridad inicializado. color: #3F51B5; font-style: italic; @ http://localhost:4200/chunk-XGIOEOMU.js:2909
[19360221ms] [LOG] %c [Login] Iniciando.. color: #607D8B; font-style: italic; @ http://localhost:4200/chunk-XGIOEOMU.js:2909
[19360221ms] [LOG] %c [Login] Usando / como redireccion por defecto. color: #607D8B; font-style: italic; @ http://localhost:4200/chunk-XGIOEOMU.js:2909
[19360222ms] [LOG] %c [Login] URL final de redireccion: / color: #2196F3; font-style: italic; @ http://localhost:4200/chunk-XGIOEOMU.js:2909
[19360222ms] [LOG] %c🚪 [SecurityService] Limpiando datos de autenticación... color: #F44336; font-style: italic; @ http://localhost:4200/chunk-XGIOEOMU.js:2909
[19360223ms] [LOG] %c🗑️ [StorageService] Eliminando clave: 'userAuthData' color: #F44336; font-style: italic; @ http://localhost:4200/chunk-XGIOEOMU.js:2909
[19360223ms] [LOG] %c✅ [StorageService] Clave 'userAuthData' eliminada. color: #9E9E9E; font-style: italic; @ http://localhost:4200/chunk-XGIOEOMU.js:2909
[19360224ms] [LOG] %c🗑️ [StorageService] Eliminando clave: 'accessToken' color: #F44336; font-style: italic; @ http://localhost:4200/chunk-XGIOEOMU.js:2909
[19360224ms] [LOG] %c✅ [StorageService] Clave 'accessToken' eliminada. color: #9E9E9E; font-style: italic; @ http://localhost:4200/chunk-XGIOEOMU.js:2909
[19360224ms] [LOG] %c🧹 [SecurityService] Datos de sesión eliminados: userAuthData y accessToken. color: #9E9E9E; font-style: italic; @ http://localhost:4200/chunk-XGIOEOMU.js:2909
[19360225ms] [LOG] %c [Login] Datos de sesion previa eliminados. color: #9E9E9E; font-style: italic; @ http://localhost:4200/chunk-XGIOEOMU.js:2909
[19360225ms] [LOG] %c🚪 [SecurityService] Limpiando datos de autenticación... color: #F44336; font-style: italic; @ http://localhost:4200/chunk-XGIOEOMU.js:2909
[19360225ms] [LOG] %c🗑️ [StorageService] Eliminando clave: 'userAuthData' color: #F44336; font-style: italic; @ http://localhost:4200/chunk-XGIOEOMU.js:2909
[19360226ms] [LOG] %c✅ [StorageService] Clave 'userAuthData' eliminada. color: #9E9E9E; font-style: italic; @ http://localhost:4200/chunk-XGIOEOMU.js:2909
[19360226ms] [LOG] %c🗑️ [StorageService] Eliminando clave: 'accessToken' color: #F44336; font-style: italic; @ http://localhost:4200/chunk-XGIOEOMU.js:2909
[19360226ms] [LOG] %c✅ [StorageService] Clave 'accessToken' eliminada. color: #9E9E9E; font-style: italic; @ http://localhost:4200/chunk-XGIOEOMU.js:2909
[19360227ms] [LOG] %c🧹 [SecurityService] Datos de sesión eliminados: userAuthData y accessToken. color: #9E9E9E; font-style: italic; @ http://localhost:4200/chunk-XGIOEOMU.js:2909
[19360307ms] [WARNING] NG0913: An image with src http://localhost:4200/assets/oficial/Logo%20Files/png/Color%20logo%20-%20no%20background.png has intrinsic file dimensions much larger than its rendered size. This can negatively impact application loading performance. For more information about addressing or disabling this warning, see https://v22.angular.dev/errors/NG0913. Find more at https://v22.angular.dev/errors/NG0913 @ http://localhost:4200/@fs/D:/repos/luxuryapp-api/appsweb/angular/.angular/cache/22.1.8/luxury-app/vite/deps/core-gRj2gSiC.js?v=fc679455:17980
[19360307ms] [WARNING] NG0913: An image with src http://localhost:4200/assets/oficial/Logo%20Files/png/Color%20logo%20-%20no%20background.png has intrinsic file dimensions much larger than its rendered size. This can negatively impact application loading performance. For more information about addressing or disabling this warning, see https://v22.angular.dev/errors/NG0913. Find more at https://v22.angular.dev/errors/NG0913 @ http://localhost:4200/@fs/D:/repos/luxuryapp-api/appsweb/angular/.angular/cache/22.1.8/luxury-app/vite/deps/core-gRj2gSiC.js?v=fc679455:17980
[19360308ms] [WARNING] NG0913: An image with src http://localhost:4200/assets/oficial/Logo%20Files/png/White%20logo%20-%20no%20background.png has intrinsic file dimensions much larger than its rendered size. This can negatively impact application loading performance. For more information about addressing or disabling this warning, see https://v22.angular.dev/errors/NG0913. Find more at https://v22.angular.dev/errors/NG0913 @ http://localhost:4200/@fs/D:/repos/luxuryapp-api/appsweb/angular/.angular/cache/22.1.8/luxury-app/vite/deps/core-gRj2gSiC.js?v=fc679455:17980
[19360316ms] [VERBOSE] [DOM] Input elements should have autocomplete attributes (suggested: "current-password"): (More info: https://goo.gl/9p2vKq) %o @ http://localhost:4200/auth/login:0
[20163123ms] [LOG] %c📦 [StorageService] Inicializando servicio de almacenamiento local... color: #3F51B5; font-style: italic; @ http://localhost:4200/chunk-XGIOEOMU.js:2909
[20163124ms] [LOG] %c [AuthService] Verificando ruta inicial: /auth/login | Es publica: true color: #9C27B0; font-style: italic; @ http://localhost:4200/chunk-XGIOEOMU.js:2909
[20163124ms] [LOG] %c [AuthService] Ruta publica detectada. Omitiendo login silencioso. color: #FFC107; font-style: italic; @ http://localhost:4200/chunk-XGIOEOMU.js:2909
[20163125ms] [LOG] %c🚀 [Initializer] Starting application state initialization... color: purple; font-style: italic; @ http://localhost:4200/chunk-XGIOEOMU.js:2909
[20163126ms] [LOG] %c🤷 [Initializer] No user session. Skipping customer state initialization. color: #9E9E9E; font-style: italic; @ http://localhost:4200/chunk-XGIOEOMU.js:2909
[20163127ms] [LOG] %c✅ [Initializer] State initialization complete. color: green; font-style: italic; @ http://localhost:4200/chunk-XGIOEOMU.js:2909
[20163161ms] [LOG] %c🔄 UpdateService: Inicializando servicio de actualizaciones color: blue; font-weight: bold; @ http://localhost:4200/chunk-67RTLGLK.js:17
[20163161ms] [LOG] %c🔄 UpdateService: ❌ Service Worker NO habilitado color: red; font-weight: bold; @ http://localhost:4200/chunk-67RTLGLK.js:33
[20163172ms] [LOG] %c🚀 [App] ¡Aplicación iniciada! Soy más ligero y rápido que nunca. color: #673AB7; font-style: italic; @ http://localhost:4200/chunk-XGIOEOMU.js:2909
[20163177ms] [LOG] Angular is running in development mode. @ http://localhost:4200/@fs/D:/repos/luxuryapp-api/appsweb/angular/.angular/cache/22.1.8/luxury-app/vite/deps/core-gRj2gSiC.js?v=fc679455:9175
[20163289ms] [LOG] %c🔐 [SecurityService] Servicio de seguridad inicializado. color: #3F51B5; font-style: italic; @ http://localhost:4200/chunk-XGIOEOMU.js:2909
[20163319ms] [LOG] %c [Login] Iniciando.. color: #607D8B; font-style: italic; @ http://localhost:4200/chunk-XGIOEOMU.js:2909
[20163320ms] [LOG] %c [Login] Usando / como redireccion por defecto. color: #607D8B; font-style: italic; @ http://localhost:4200/chunk-XGIOEOMU.js:2909
[20163320ms] [LOG] %c [Login] URL final de redireccion: / color: #2196F3; font-style: italic; @ http://localhost:4200/chunk-XGIOEOMU.js:2909
[20163320ms] [LOG] %c🚪 [SecurityService] Limpiando datos de autenticación... color: #F44336; font-style: italic; @ http://localhost:4200/chunk-XGIOEOMU.js:2909
[20163321ms] [LOG] %c🗑️ [StorageService] Eliminando clave: 'userAuthData' color: #F44336; font-style: italic; @ http://localhost:4200/chunk-XGIOEOMU.js:2909
[20163321ms] [LOG] %c✅ [StorageService] Clave 'userAuthData' eliminada. color: #9E9E9E; font-style: italic; @ http://localhost:4200/chunk-XGIOEOMU.js:2909
[20163321ms] [LOG] %c🗑️ [StorageService] Eliminando clave: 'accessToken' color: #F44336; font-style: italic; @ http://localhost:4200/chunk-XGIOEOMU.js:2909
[20163321ms] [LOG] %c✅ [StorageService] Clave 'accessToken' eliminada. color: #9E9E9E; font-style: italic; @ http://localhost:4200/chunk-XGIOEOMU.js:2909
[20163322ms] [LOG] %c🧹 [SecurityService] Datos de sesión eliminados: userAuthData y accessToken. color: #9E9E9E; font-style: italic; @ http://localhost:4200/chunk-XGIOEOMU.js:2909
[20163322ms] [LOG] %c [Login] Datos de sesion previa eliminados. color: #9E9E9E; font-style: italic; @ http://localhost:4200/chunk-XGIOEOMU.js:2909
[20163322ms] [LOG] %c🚪 [SecurityService] Limpiando datos de autenticación... color: #F44336; font-style: italic; @ http://localhost:4200/chunk-XGIOEOMU.js:2909
[20163323ms] [LOG] %c🗑️ [StorageService] Eliminando clave: 'userAuthData' color: #F44336; font-style: italic; @ http://localhost:4200/chunk-XGIOEOMU.js:2909
[20163323ms] [LOG] %c✅ [StorageService] Clave 'userAuthData' eliminada. color: #9E9E9E; font-style: italic; @ http://localhost:4200/chunk-XGIOEOMU.js:2909
[20163323ms] [LOG] %c🗑️ [StorageService] Eliminando clave: 'accessToken' color: #F44336; font-style: italic; @ http://localhost:4200/chunk-XGIOEOMU.js:2909
[20163323ms] [LOG] %c✅ [StorageService] Clave 'accessToken' eliminada. color: #9E9E9E; font-style: italic; @ http://localhost:4200/chunk-XGIOEOMU.js:2909
[20163323ms] [LOG] %c🧹 [SecurityService] Datos de sesión eliminados: userAuthData y accessToken. color: #9E9E9E; font-style: italic; @ http://localhost:4200/chunk-XGIOEOMU.js:2909
[20163380ms] [WARNING] NG0913: An image with src http://localhost:4200/assets/oficial/Logo%20Files/png/Color%20logo%20-%20no%20background.png has intrinsic file dimensions much larger than its rendered size. This can negatively impact application loading performance. For more information about addressing or disabling this warning, see https://v22.angular.dev/errors/NG0913. Find more at https://v22.angular.dev/errors/NG0913 @ http://localhost:4200/@fs/D:/repos/luxuryapp-api/appsweb/angular/.angular/cache/22.1.8/luxury-app/vite/deps/core-gRj2gSiC.js?v=fc679455:17980
[20163381ms] [WARNING] NG0913: An image with src http://localhost:4200/assets/oficial/Logo%20Files/png/Color%20logo%20-%20no%20background.png has intrinsic file dimensions much larger than its rendered size. This can negatively impact application loading performance. For more information about addressing or disabling this warning, see https://v22.angular.dev/errors/NG0913. Find more at https://v22.angular.dev/errors/NG0913 @ http://localhost:4200/@fs/D:/repos/luxuryapp-api/appsweb/angular/.angular/cache/22.1.8/luxury-app/vite/deps/core-gRj2gSiC.js?v=fc679455:17980
[20163382ms] [WARNING] NG0913: An image with src http://localhost:4200/assets/oficial/Logo%20Files/png/White%20logo%20-%20no%20background.png has intrinsic file dimensions much larger than its rendered size. This can negatively impact application loading performance. For more information about addressing or disabling this warning, see https://v22.angular.dev/errors/NG0913. Find more at https://v22.angular.dev/errors/NG0913 @ http://localhost:4200/@fs/D:/repos/luxuryapp-api/appsweb/angular/.angular/cache/22.1.8/luxury-app/vite/deps/core-gRj2gSiC.js?v=fc679455:17980
[20163416ms] [VERBOSE] [DOM] Input elements should have autocomplete attributes (suggested: "current-password"): (More info: https://goo.gl/9p2vKq) %o @ http://localhost:4200/auth/login:0
[22886140ms] [LOG] [vite] server connection lost. Polling for restart... @ http://localhost:4200/@vite/client:992
[49567842ms] [LOG] %c📦 [StorageService] Inicializando servicio de almacenamiento local... color: #3F51B5; font-style: italic; @ http://localhost:4200/chunk-XGIOEOMU.js:2909
[49567845ms] [LOG] %c [AuthService] Verificando ruta inicial: /auth/login | Es publica: true color: #9C27B0; font-style: italic; @ http://localhost:4200/chunk-XGIOEOMU.js:2909
[49567846ms] [LOG] %c [AuthService] Ruta publica detectada. Omitiendo login silencioso. color: #FFC107; font-style: italic; @ http://localhost:4200/chunk-XGIOEOMU.js:2909
[49567846ms] [LOG] %c🚀 [Initializer] Starting application state initialization... color: purple; font-style: italic; @ http://localhost:4200/chunk-XGIOEOMU.js:2909
[49567849ms] [LOG] %c🤷 [Initializer] No user session. Skipping customer state initialization. color: #9E9E9E; font-style: italic; @ http://localhost:4200/chunk-XGIOEOMU.js:2909
[49567850ms] [LOG] %c✅ [Initializer] State initialization complete. color: green; font-style: italic; @ http://localhost:4200/chunk-XGIOEOMU.js:2909
[49569331ms] [LOG] %c🔄 UpdateService: Inicializando servicio de actualizaciones color: blue; font-weight: bold; @ http://localhost:4200/chunk-67RTLGLK.js:17
[49569331ms] [LOG] %c🔄 UpdateService: ❌ Service Worker NO habilitado color: red; font-weight: bold; @ http://localhost:4200/chunk-67RTLGLK.js:33
[49569343ms] [LOG] %c🚀 [App] ¡Aplicación iniciada! Soy más ligero y rápido que nunca. color: #673AB7; font-style: italic; @ http://localhost:4200/chunk-XGIOEOMU.js:2909
[49569354ms] [LOG] Angular is running in development mode. @ http://localhost:4200/@fs/D:/repos/luxuryapp-api/appsweb/angular/.angular/cache/22.1.8/luxury-app/vite/deps/core-gRj2gSiC.js?v=fc679455:9175
[49580997ms] [LOG] %c🔐 [SecurityService] Servicio de seguridad inicializado. color: #3F51B5; font-style: italic; @ http://localhost:4200/chunk-XGIOEOMU.js:2909
[49581049ms] [LOG] %c [Login] Iniciando.. color: #607D8B; font-style: italic; @ http://localhost:4200/chunk-XGIOEOMU.js:2909
[49581050ms] [LOG] %c [Login] Usando / como redireccion por defecto. color: #607D8B; font-style: italic; @ http://localhost:4200/chunk-XGIOEOMU.js:2909
[49581050ms] [LOG] %c [Login] URL final de redireccion: / color: #2196F3; font-style: italic; @ http://localhost:4200/chunk-XGIOEOMU.js:2909
[49581051ms] [LOG] %c🚪 [SecurityService] Limpiando datos de autenticación... color: #F44336; font-style: italic; @ http://localhost:4200/chunk-XGIOEOMU.js:2909
[49581051ms] [LOG] %c🗑️ [StorageService] Eliminando clave: 'userAuthData' color: #F44336; font-style: italic; @ http://localhost:4200/chunk-XGIOEOMU.js:2909
[49581051ms] [LOG] %c✅ [StorageService] Clave 'userAuthData' eliminada. color: #9E9E9E; font-style: italic; @ http://localhost:4200/chunk-XGIOEOMU.js:2909
[49581051ms] [LOG] %c🗑️ [StorageService] Eliminando clave: 'accessToken' color: #F44336; font-style: italic; @ http://localhost:4200/chunk-XGIOEOMU.js:2909
[49581052ms] [LOG] %c✅ [StorageService] Clave 'accessToken' eliminada. color: #9E9E9E; font-style: italic; @ http://localhost:4200/chunk-XGIOEOMU.js:2909
[49581052ms] [LOG] %c🧹 [SecurityService] Datos de sesión eliminados: userAuthData y accessToken. color: #9E9E9E; font-style: italic; @ http://localhost:4200/chunk-XGIOEOMU.js:2909
[49581053ms] [LOG] %c [Login] Datos de sesion previa eliminados. color: #9E9E9E; font-style: italic; @ http://localhost:4200/chunk-XGIOEOMU.js:2909
[49581053ms] [LOG] %c🚪 [SecurityService] Limpiando datos de autenticación... color: #F44336; font-style: italic; @ http://localhost:4200/chunk-XGIOEOMU.js:2909
[49581054ms] [LOG] %c🗑️ [StorageService] Eliminando clave: 'userAuthData' color: #F44336; font-style: italic; @ http://localhost:4200/chunk-XGIOEOMU.js:2909
[49581054ms] [LOG] %c✅ [StorageService] Clave 'userAuthData' eliminada. color: #9E9E9E; font-style: italic; @ http://localhost:4200/chunk-XGIOEOMU.js:2909
[49581054ms] [LOG] %c🗑️ [StorageService] Eliminando clave: 'accessToken' color: #F44336; font-style: italic; @ http://localhost:4200/chunk-XGIOEOMU.js:2909
[49581054ms] [LOG] %c✅ [StorageService] Clave 'accessToken' eliminada. color: #9E9E9E; font-style: italic; @ http://localhost:4200/chunk-XGIOEOMU.js:2909
[49581055ms] [LOG] %c🧹 [SecurityService] Datos de sesión eliminados: userAuthData y accessToken. color: #9E9E9E; font-style: italic; @ http://localhost:4200/chunk-XGIOEOMU.js:2909
[49581145ms] [VERBOSE] [DOM] Input elements should have autocomplete attributes (suggested: "current-password"): (More info: https://goo.gl/9p2vKq) %o @ http://localhost:4200/auth/login:0
[50127391ms] [LOG] %c📦 [StorageService] Inicializando servicio de almacenamiento local... color: #3F51B5; font-style: italic; @ http://localhost:4200/chunk-XGIOEOMU.js:2909
[50127393ms] [LOG] %c [AuthService] Verificando ruta inicial: /auth/login | Es publica: true color: #9C27B0; font-style: italic; @ http://localhost:4200/chunk-XGIOEOMU.js:2909
[50127394ms] [LOG] %c [AuthService] Ruta publica detectada. Omitiendo login silencioso. color: #FFC107; font-style: italic; @ http://localhost:4200/chunk-XGIOEOMU.js:2909
[50127395ms] [LOG] %c🚀 [Initializer] Starting application state initialization... color: purple; font-style: italic; @ http://localhost:4200/chunk-XGIOEOMU.js:2909
[50127396ms] [LOG] %c🤷 [Initializer] No user session. Skipping customer state initialization. color: #9E9E9E; font-style: italic; @ http://localhost:4200/chunk-XGIOEOMU.js:2909
[50127397ms] [LOG] %c✅ [Initializer] State initialization complete. color: green; font-style: italic; @ http://localhost:4200/chunk-XGIOEOMU.js:2909
[50127473ms] [LOG] %c🔄 UpdateService: Inicializando servicio de actualizaciones color: blue; font-weight: bold; @ http://localhost:4200/chunk-67RTLGLK.js:17
[50127477ms] [LOG] %c🔄 UpdateService: ❌ Service Worker NO habilitado color: red; font-weight: bold; @ http://localhost:4200/chunk-67RTLGLK.js:33
[50127500ms] [LOG] %c🚀 [App] ¡Aplicación iniciada! Soy más ligero y rápido que nunca. color: #673AB7; font-style: italic; @ http://localhost:4200/chunk-XGIOEOMU.js:2909
[50127510ms] [LOG] Angular is running in development mode. @ http://localhost:4200/@fs/D:/repos/luxuryapp-api/appsweb/angular/.angular/cache/22.1.8/luxury-app/vite/deps/core-gRj2gSiC.js?v=fc679455:9175
[50128252ms] [LOG] %c🔐 [SecurityService] Servicio de seguridad inicializado. color: #3F51B5; font-style: italic; @ http://localhost:4200/chunk-XGIOEOMU.js:2909
[50128297ms] [LOG] %c [Login] Iniciando.. color: #607D8B; font-style: italic; @ http://localhost:4200/chunk-XGIOEOMU.js:2909
[50128298ms] [LOG] %c [Login] Usando / como redireccion por defecto. color: #607D8B; font-style: italic; @ http://localhost:4200/chunk-XGIOEOMU.js:2909
[50128300ms] [LOG] %c [Login] URL final de redireccion: / color: #2196F3; font-style: italic; @ http://localhost:4200/chunk-XGIOEOMU.js:2909
[50128301ms] [LOG] %c🚪 [SecurityService] Limpiando datos de autenticación... color: #F44336; font-style: italic; @ http://localhost:4200/chunk-XGIOEOMU.js:2909
[50128301ms] [LOG] %c🗑️ [StorageService] Eliminando clave: 'userAuthData' color: #F44336; font-style: italic; @ http://localhost:4200/chunk-XGIOEOMU.js:2909
[50128301ms] [LOG] %c✅ [StorageService] Clave 'userAuthData' eliminada. color: #9E9E9E; font-style: italic; @ http://localhost:4200/chunk-XGIOEOMU.js:2909
[50128301ms] [LOG] %c🗑️ [StorageService] Eliminando clave: 'accessToken' color: #F44336; font-style: italic; @ http://localhost:4200/chunk-XGIOEOMU.js:2909
[50128302ms] [LOG] %c✅ [StorageService] Clave 'accessToken' eliminada. color: #9E9E9E; font-style: italic; @ http://localhost:4200/chunk-XGIOEOMU.js:2909
[50128302ms] [LOG] %c🧹 [SecurityService] Datos de sesión eliminados: userAuthData y accessToken. color: #9E9E9E; font-style: italic; @ http://localhost:4200/chunk-XGIOEOMU.js:2909
[50128302ms] [LOG] %c [Login] Datos de sesion previa eliminados. color: #9E9E9E; font-style: italic; @ http://localhost:4200/chunk-XGIOEOMU.js:2909
[50128303ms] [LOG] %c🚪 [SecurityService] Limpiando datos de autenticación... color: #F44336; font-style: italic; @ http://localhost:4200/chunk-XGIOEOMU.js:2909
[50128303ms] [LOG] %c🗑️ [StorageService] Eliminando clave: 'userAuthData' color: #F44336; font-style: italic; @ http://localhost:4200/chunk-XGIOEOMU.js:2909
[50128303ms] [LOG] %c✅ [StorageService] Clave 'userAuthData' eliminada. color: #9E9E9E; font-style: italic; @ http://localhost:4200/chunk-XGIOEOMU.js:2909
[50128303ms] [LOG] %c🗑️ [StorageService] Eliminando clave: 'accessToken' color: #F44336; font-style: italic; @ http://localhost:4200/chunk-XGIOEOMU.js:2909
[50128303ms] [LOG] %c✅ [StorageService] Clave 'accessToken' eliminada. color: #9E9E9E; font-style: italic; @ http://localhost:4200/chunk-XGIOEOMU.js:2909
[50128304ms] [LOG] %c🧹 [SecurityService] Datos de sesión eliminados: userAuthData y accessToken. color: #9E9E9E; font-style: italic; @ http://localhost:4200/chunk-XGIOEOMU.js:2909
[50128411ms] [VERBOSE] [DOM] Input elements should have autocomplete attributes (suggested: "current-password"): (More info: https://goo.gl/9p2vKq) %o @ http://localhost:4200/auth/login:0
[50173878ms] [LOG] %c📦 [StorageService] Inicializando servicio de almacenamiento local... color: #3F51B5; font-style: italic; @ http://localhost:4200/chunk-XGIOEOMU.js:2909
[50173879ms] [LOG] %c [AuthService] Verificando ruta inicial: /auth/login | Es publica: true color: #9C27B0; font-style: italic; @ http://localhost:4200/chunk-XGIOEOMU.js:2909
[50173879ms] [LOG] %c [AuthService] Ruta publica detectada. Omitiendo login silencioso. color: #FFC107; font-style: italic; @ http://localhost:4200/chunk-XGIOEOMU.js:2909
[50173880ms] [LOG] %c🚀 [Initializer] Starting application state initialization... color: purple; font-style: italic; @ http://localhost:4200/chunk-XGIOEOMU.js:2909
[50173880ms] [LOG] %c🤷 [Initializer] No user session. Skipping customer state initialization. color: #9E9E9E; font-style: italic; @ http://localhost:4200/chunk-XGIOEOMU.js:2909
[50173881ms] [LOG] %c✅ [Initializer] State initialization complete. color: green; font-style: italic; @ http://localhost:4200/chunk-XGIOEOMU.js:2909
[50173911ms] [LOG] %c🔄 UpdateService: Inicializando servicio de actualizaciones color: blue; font-weight: bold; @ http://localhost:4200/chunk-67RTLGLK.js:17
[50173911ms] [LOG] %c🔄 UpdateService: ❌ Service Worker NO habilitado color: red; font-weight: bold; @ http://localhost:4200/chunk-67RTLGLK.js:33
[50173917ms] [LOG] %c🚀 [App] ¡Aplicación iniciada! Soy más ligero y rápido que nunca. color: #673AB7; font-style: italic; @ http://localhost:4200/chunk-XGIOEOMU.js:2909
[50173924ms] [LOG] Angular is running in development mode. @ http://localhost:4200/@fs/D:/repos/luxuryapp-api/appsweb/angular/.angular/cache/22.1.8/luxury-app/vite/deps/core-gRj2gSiC.js?v=fc679455:9175
[50174110ms] [LOG] %c🔐 [SecurityService] Servicio de seguridad inicializado. color: #3F51B5; font-style: italic; @ http://localhost:4200/chunk-XGIOEOMU.js:2909
[50174156ms] [LOG] %c [Login] Iniciando.. color: #607D8B; font-style: italic; @ http://localhost:4200/chunk-XGIOEOMU.js:2909
[50174157ms] [LOG] %c [Login] Usando / como redireccion por defecto. color: #607D8B; font-style: italic; @ http://localhost:4200/chunk-XGIOEOMU.js:2909
[50174157ms] [LOG] %c [Login] URL final de redireccion: / color: #2196F3; font-style: italic; @ http://localhost:4200/chunk-XGIOEOMU.js:2909
[50174158ms] [LOG] %c🚪 [SecurityService] Limpiando datos de autenticación... color: #F44336; font-style: italic; @ http://localhost:4200/chunk-XGIOEOMU.js:2909
[50174158ms] [LOG] %c🗑️ [StorageService] Eliminando clave: 'userAuthData' color: #F44336; font-style: italic; @ http://localhost:4200/chunk-XGIOEOMU.js:2909
[50174158ms] [LOG] %c✅ [StorageService] Clave 'userAuthData' eliminada. color: #9E9E9E; font-style: italic; @ http://localhost:4200/chunk-XGIOEOMU.js:2909
[50174159ms] [LOG] %c🗑️ [StorageService] Eliminando clave: 'accessToken' color: #F44336; font-style: italic; @ http://localhost:4200/chunk-XGIOEOMU.js:2909
[50174159ms] [LOG] %c✅ [StorageService] Clave 'accessToken' eliminada. color: #9E9E9E; font-style: italic; @ http://localhost:4200/chunk-XGIOEOMU.js:2909
[50174159ms] [LOG] %c🧹 [SecurityService] Datos de sesión eliminados: userAuthData y accessToken. color: #9E9E9E; font-style: italic; @ http://localhost:4200/chunk-XGIOEOMU.js:2909
[50174159ms] [LOG] %c [Login] Datos de sesion previa eliminados. color: #9E9E9E; font-style: italic; @ http://localhost:4200/chunk-XGIOEOMU.js:2909
[50174160ms] [LOG] %c🚪 [SecurityService] Limpiando datos de autenticación... color: #F44336; font-style: italic; @ http://localhost:4200/chunk-XGIOEOMU.js:2909
[50174160ms] [LOG] %c🗑️ [StorageService] Eliminando clave: 'userAuthData' color: #F44336; font-style: italic; @ http://localhost:4200/chunk-XGIOEOMU.js:2909
[50174160ms] [LOG] %c✅ [StorageService] Clave 'userAuthData' eliminada. color: #9E9E9E; font-style: italic; @ http://localhost:4200/chunk-XGIOEOMU.js:2909
[50174160ms] [LOG] %c🗑️ [StorageService] Eliminando clave: 'accessToken' color: #F44336; font-style: italic; @ http://localhost:4200/chunk-XGIOEOMU.js:2909
[50174160ms] [LOG] %c✅ [StorageService] Clave 'accessToken' eliminada. color: #9E9E9E; font-style: italic; @ http://localhost:4200/chunk-XGIOEOMU.js:2909
[50174161ms] [LOG] %c🧹 [SecurityService] Datos de sesión eliminados: userAuthData y accessToken. color: #9E9E9E; font-style: italic; @ http://localhost:4200/chunk-XGIOEOMU.js:2909
[50174222ms] [WARNING] NG0913: An image with src http://localhost:4200/assets/oficial/Logo%20Files/png/Color%20logo%20-%20no%20background.png has intrinsic file dimensions much larger than its rendered size. This can negatively impact application loading performance. For more information about addressing or disabling this warning, see https://v22.angular.dev/errors/NG0913. Find more at https://v22.angular.dev/errors/NG0913 @ http://localhost:4200/@fs/D:/repos/luxuryapp-api/appsweb/angular/.angular/cache/22.1.8/luxury-app/vite/deps/core-gRj2gSiC.js?v=fc679455:17980
[50174222ms] [WARNING] NG0913: An image with src http://localhost:4200/assets/oficial/Logo%20Files/png/Color%20logo%20-%20no%20background.png has intrinsic file dimensions much larger than its rendered size. This can negatively impact application loading performance. For more information about addressing or disabling this warning, see https://v22.angular.dev/errors/NG0913. Find more at https://v22.angular.dev/errors/NG0913 @ http://localhost:4200/@fs/D:/repos/luxuryapp-api/appsweb/angular/.angular/cache/22.1.8/luxury-app/vite/deps/core-gRj2gSiC.js?v=fc679455:17980
[50174224ms] [WARNING] NG0913: An image with src http://localhost:4200/assets/oficial/Logo%20Files/png/White%20logo%20-%20no%20background.png has intrinsic file dimensions much larger than its rendered size. This can negatively impact application loading performance. For more information about addressing or disabling this warning, see https://v22.angular.dev/errors/NG0913. Find more at https://v22.angular.dev/errors/NG0913 @ http://localhost:4200/@fs/D:/repos/luxuryapp-api/appsweb/angular/.angular/cache/22.1.8/luxury-app/vite/deps/core-gRj2gSiC.js?v=fc679455:17980
[50174246ms] [VERBOSE] [DOM] Input elements should have autocomplete attributes (suggested: "current-password"): (More info: https://goo.gl/9p2vKq) %o @ http://localhost:4200/auth/login:0
[50280226ms] [LOG] %c📦 [StorageService] Inicializando servicio de almacenamiento local... color: #3F51B5; font-style: italic; @ http://localhost:4200/chunk-XGIOEOMU.js:2909
[50280227ms] [LOG] %c [AuthService] Verificando ruta inicial: /auth/login | Es publica: true color: #9C27B0; font-style: italic; @ http://localhost:4200/chunk-XGIOEOMU.js:2909
[50280227ms] [LOG] %c [AuthService] Ruta publica detectada. Omitiendo login silencioso. color: #FFC107; font-style: italic; @ http://localhost:4200/chunk-XGIOEOMU.js:2909
[50280228ms] [LOG] %c🚀 [Initializer] Starting application state initialization... color: purple; font-style: italic; @ http://localhost:4200/chunk-XGIOEOMU.js:2909
[50280228ms] [LOG] %c🤷 [Initializer] No user session. Skipping customer state initialization. color: #9E9E9E; font-style: italic; @ http://localhost:4200/chunk-XGIOEOMU.js:2909
[50280229ms] [LOG] %c✅ [Initializer] State initialization complete. color: green; font-style: italic; @ http://localhost:4200/chunk-XGIOEOMU.js:2909
[50280261ms] [LOG] %c🔄 UpdateService: Inicializando servicio de actualizaciones color: blue; font-weight: bold; @ http://localhost:4200/chunk-67RTLGLK.js:17
[50280261ms] [LOG] %c🔄 UpdateService: ❌ Service Worker NO habilitado color: red; font-weight: bold; @ http://localhost:4200/chunk-67RTLGLK.js:33
[50280266ms] [LOG] %c🚀 [App] ¡Aplicación iniciada! Soy más ligero y rápido que nunca. color: #673AB7; font-style: italic; @ http://localhost:4200/chunk-XGIOEOMU.js:2909
[50280273ms] [LOG] Angular is running in development mode. @ http://localhost:4200/@fs/D:/repos/luxuryapp-api/appsweb/angular/.angular/cache/22.1.8/luxury-app/vite/deps/core-gRj2gSiC.js?v=fc679455:9175
[50280419ms] [LOG] %c🔐 [SecurityService] Servicio de seguridad inicializado. color: #3F51B5; font-style: italic; @ http://localhost:4200/chunk-XGIOEOMU.js:2909
[50280471ms] [LOG] %c [Login] Iniciando.. color: #607D8B; font-style: italic; @ http://localhost:4200/chunk-XGIOEOMU.js:2909
[50280471ms] [LOG] %c [Login] Usando / como redireccion por defecto. color: #607D8B; font-style: italic; @ http://localhost:4200/chunk-XGIOEOMU.js:2909
[50280472ms] [LOG] %c [Login] URL final de redireccion: / color: #2196F3; font-style: italic; @ http://localhost:4200/chunk-XGIOEOMU.js:2909
[50280472ms] [LOG] %c🚪 [SecurityService] Limpiando datos de autenticación... color: #F44336; font-style: italic; @ http://localhost:4200/chunk-XGIOEOMU.js:2909
[50280472ms] [LOG] %c🗑️ [StorageService] Eliminando clave: 'userAuthData' color: #F44336; font-style: italic; @ http://localhost:4200/chunk-XGIOEOMU.js:2909
[50280472ms] [LOG] %c✅ [StorageService] Clave 'userAuthData' eliminada. color: #9E9E9E; font-style: italic; @ http://localhost:4200/chunk-XGIOEOMU.js:2909
[50280473ms] [LOG] %c🗑️ [StorageService] Eliminando clave: 'accessToken' color: #F44336; font-style: italic; @ http://localhost:4200/chunk-XGIOEOMU.js:2909
[50280473ms] [LOG] %c✅ [StorageService] Clave 'accessToken' eliminada. color: #9E9E9E; font-style: italic; @ http://localhost:4200/chunk-XGIOEOMU.js:2909
[50280473ms] [LOG] %c🧹 [SecurityService] Datos de sesión eliminados: userAuthData y accessToken. color: #9E9E9E; font-style: italic; @ http://localhost:4200/chunk-XGIOEOMU.js:2909
[50280473ms] [LOG] %c [Login] Datos de sesion previa eliminados. color: #9E9E9E; font-style: italic; @ http://localhost:4200/chunk-XGIOEOMU.js:2909
[50280474ms] [LOG] %c🚪 [SecurityService] Limpiando datos de autenticación... color: #F44336; font-style: italic; @ http://localhost:4200/chunk-XGIOEOMU.js:2909
[50280474ms] [LOG] %c🗑️ [StorageService] Eliminando clave: 'userAuthData' color: #F44336; font-style: italic; @ http://localhost:4200/chunk-XGIOEOMU.js:2909
[50280474ms] [LOG] %c✅ [StorageService] Clave 'userAuthData' eliminada. color: #9E9E9E; font-style: italic; @ http://localhost:4200/chunk-XGIOEOMU.js:2909
[50280481ms] [LOG] %c🗑️ [StorageService] Eliminando clave: 'accessToken' color: #F44336; font-style: italic; @ http://localhost:4200/chunk-XGIOEOMU.js:2909
[50280482ms] [LOG] %c✅ [StorageService] Clave 'accessToken' eliminada. color: #9E9E9E; font-style: italic; @ http://localhost:4200/chunk-XGIOEOMU.js:2909
[50280483ms] [LOG] %c🧹 [SecurityService] Datos de sesión eliminados: userAuthData y accessToken. color: #9E9E9E; font-style: italic; @ http://localhost:4200/chunk-XGIOEOMU.js:2909
[50280571ms] [WARNING] NG0913: An image with src http://localhost:4200/assets/oficial/Logo%20Files/png/Color%20logo%20-%20no%20background.png has intrinsic file dimensions much larger than its rendered size. This can negatively impact application loading performance. For more information about addressing or disabling this warning, see https://v22.angular.dev/errors/NG0913. Find more at https://v22.angular.dev/errors/NG0913 @ http://localhost:4200/@fs/D:/repos/luxuryapp-api/appsweb/angular/.angular/cache/22.1.8/luxury-app/vite/deps/core-gRj2gSiC.js?v=fc679455:17980
[50280571ms] [WARNING] NG0913: An image with src http://localhost:4200/assets/oficial/Logo%20Files/png/Color%20logo%20-%20no%20background.png has intrinsic file dimensions much larger than its rendered size. This can negatively impact application loading performance. For more information about addressing or disabling this warning, see https://v22.angular.dev/errors/NG0913. Find more at https://v22.angular.dev/errors/NG0913 @ http://localhost:4200/@fs/D:/repos/luxuryapp-api/appsweb/angular/.angular/cache/22.1.8/luxury-app/vite/deps/core-gRj2gSiC.js?v=fc679455:17980
[50280575ms] [WARNING] NG0913: An image with src http://localhost:4200/assets/oficial/Logo%20Files/png/White%20logo%20-%20no%20background.png has intrinsic file dimensions much larger than its rendered size. This can negatively impact application loading performance. For more information about addressing or disabling this warning, see https://v22.angular.dev/errors/NG0913. Find more at https://v22.angular.dev/errors/NG0913 @ http://localhost:4200/@fs/D:/repos/luxuryapp-api/appsweb/angular/.angular/cache/22.1.8/luxury-app/vite/deps/core-gRj2gSiC.js?v=fc679455:17980
[50280588ms] [VERBOSE] [DOM] Input elements should have autocomplete attributes (suggested: "current-password"): (More info: https://goo.gl/9p2vKq) %o @ http://localhost:4200/auth/login:0
[52417171ms] [LOG] %c📦 [StorageService] Inicializando servicio de almacenamiento local... color: #3F51B5; font-style: italic; @ http://localhost:4200/chunk-XGIOEOMU.js:2909
[52417173ms] [LOG] %c [AuthService] Verificando ruta inicial: /auth/login | Es publica: true color: #9C27B0; font-style: italic; @ http://localhost:4200/chunk-XGIOEOMU.js:2909
[52417174ms] [LOG] %c [AuthService] Ruta publica detectada. Omitiendo login silencioso. color: #FFC107; font-style: italic; @ http://localhost:4200/chunk-XGIOEOMU.js:2909
[52417175ms] [LOG] %c🚀 [Initializer] Starting application state initialization... color: purple; font-style: italic; @ http://localhost:4200/chunk-XGIOEOMU.js:2909
[52417177ms] [LOG] %c🤷 [Initializer] No user session. Skipping customer state initialization. color: #9E9E9E; font-style: italic; @ http://localhost:4200/chunk-XGIOEOMU.js:2909
[52417178ms] [LOG] %c✅ [Initializer] State initialization complete. color: green; font-style: italic; @ http://localhost:4200/chunk-XGIOEOMU.js:2909
[52417224ms] [LOG] %c🔄 UpdateService: Inicializando servicio de actualizaciones color: blue; font-weight: bold; @ http://localhost:4200/chunk-67RTLGLK.js:17
[52417225ms] [LOG] %c🔄 UpdateService: ❌ Service Worker NO habilitado color: red; font-weight: bold; @ http://localhost:4200/chunk-67RTLGLK.js:33
[52417231ms] [LOG] %c🚀 [App] ¡Aplicación iniciada! Soy más ligero y rápido que nunca. color: #673AB7; font-style: italic; @ http://localhost:4200/chunk-XGIOEOMU.js:2909
[52417242ms] [LOG] Angular is running in development mode. @ http://localhost:4200/@fs/D:/repos/luxuryapp-api/appsweb/angular/.angular/cache/22.1.8/luxury-app/vite/deps/core-gRj2gSiC.js?v=fc679455:9175
[52417484ms] [LOG] %c🔐 [SecurityService] Servicio de seguridad inicializado. color: #3F51B5; font-style: italic; @ http://localhost:4200/chunk-XGIOEOMU.js:2909
[52417640ms] [LOG] %c [Login] Iniciando.. color: #607D8B; font-style: italic; @ http://localhost:4200/chunk-XGIOEOMU.js:2909
[52417643ms] [LOG] %c [Login] Usando / como redireccion por defecto. color: #607D8B; font-style: italic; @ http://localhost:4200/chunk-XGIOEOMU.js:2909
[52417644ms] [LOG] %c [Login] URL final de redireccion: / color: #2196F3; font-style: italic; @ http://localhost:4200/chunk-XGIOEOMU.js:2909
[52417645ms] [LOG] %c🚪 [SecurityService] Limpiando datos de autenticación... color: #F44336; font-style: italic; @ http://localhost:4200/chunk-XGIOEOMU.js:2909
[52417653ms] [LOG] %c🗑️ [StorageService] Eliminando clave: 'userAuthData' color: #F44336; font-style: italic; @ http://localhost:4200/chunk-XGIOEOMU.js:2909
[52417657ms] [LOG] %c✅ [StorageService] Clave 'userAuthData' eliminada. color: #9E9E9E; font-style: italic; @ http://localhost:4200/chunk-XGIOEOMU.js:2909
[52417660ms] [LOG] %c🗑️ [StorageService] Eliminando clave: 'accessToken' color: #F44336; font-style: italic; @ http://localhost:4200/chunk-XGIOEOMU.js:2909
[52417662ms] [LOG] %c✅ [StorageService] Clave 'accessToken' eliminada. color: #9E9E9E; font-style: italic; @ http://localhost:4200/chunk-XGIOEOMU.js:2909
[52417663ms] [LOG] %c🧹 [SecurityService] Datos de sesión eliminados: userAuthData y accessToken. color: #9E9E9E; font-style: italic; @ http://localhost:4200/chunk-XGIOEOMU.js:2909
[52417669ms] [LOG] %c [Login] Datos de sesion previa eliminados. color: #9E9E9E; font-style: italic; @ http://localhost:4200/chunk-XGIOEOMU.js:2909
[52417670ms] [LOG] %c🚪 [SecurityService] Limpiando datos de autenticación... color: #F44336; font-style: italic; @ http://localhost:4200/chunk-XGIOEOMU.js:2909
[52417671ms] [LOG] %c🗑️ [StorageService] Eliminando clave: 'userAuthData' color: #F44336; font-style: italic; @ http://localhost:4200/chunk-XGIOEOMU.js:2909
[52417672ms] [LOG] %c✅ [StorageService] Clave 'userAuthData' eliminada. color: #9E9E9E; font-style: italic; @ http://localhost:4200/chunk-XGIOEOMU.js:2909
[52417672ms] [LOG] %c🗑️ [StorageService] Eliminando clave: 'accessToken' color: #F44336; font-style: italic; @ http://localhost:4200/chunk-XGIOEOMU.js:2909
[52417681ms] [LOG] %c✅ [StorageService] Clave 'accessToken' eliminada. color: #9E9E9E; font-style: italic; @ http://localhost:4200/chunk-XGIOEOMU.js:2909
[52417684ms] [LOG] %c🧹 [SecurityService] Datos de sesión eliminados: userAuthData y accessToken. color: #9E9E9E; font-style: italic; @ http://localhost:4200/chunk-XGIOEOMU.js:2909
[52417801ms] [WARNING] NG0913: An image with src http://localhost:4200/assets/oficial/Logo%20Files/png/Color%20logo%20-%20no%20background.png has intrinsic file dimensions much larger than its rendered size. This can negatively impact application loading performance. For more information about addressing or disabling this warning, see https://v22.angular.dev/errors/NG0913. Find more at https://v22.angular.dev/errors/NG0913 @ http://localhost:4200/@fs/D:/repos/luxuryapp-api/appsweb/angular/.angular/cache/22.1.8/luxury-app/vite/deps/core-gRj2gSiC.js?v=fc679455:17980
[52417801ms] [WARNING] NG0913: An image with src http://localhost:4200/assets/oficial/Logo%20Files/png/Color%20logo%20-%20no%20background.png has intrinsic file dimensions much larger than its rendered size. This can negatively impact application loading performance. For more information about addressing or disabling this warning, see https://v22.angular.dev/errors/NG0913. Find more at https://v22.angular.dev/errors/NG0913 @ http://localhost:4200/@fs/D:/repos/luxuryapp-api/appsweb/angular/.angular/cache/22.1.8/luxury-app/vite/deps/core-gRj2gSiC.js?v=fc679455:17980
[52417802ms] [WARNING] NG0913: An image with src http://localhost:4200/assets/oficial/Logo%20Files/png/White%20logo%20-%20no%20background.png has intrinsic file dimensions much larger than its rendered size. This can negatively impact application loading performance. For more information about addressing or disabling this warning, see https://v22.angular.dev/errors/NG0913. Find more at https://v22.angular.dev/errors/NG0913 @ http://localhost:4200/@fs/D:/repos/luxuryapp-api/appsweb/angular/.angular/cache/22.1.8/luxury-app/vite/deps/core-gRj2gSiC.js?v=fc679455:17980
[52417809ms] [VERBOSE] [DOM] Input elements should have autocomplete attributes (suggested: "current-password"): (More info: https://goo.gl/9p2vKq) %o @ http://localhost:4200/auth/login:0
[52483596ms] [LOG] %c📦 [StorageService] Inicializando servicio de almacenamiento local... color: #3F51B5; font-style: italic; @ http://localhost:4200/chunk-XGIOEOMU.js:2909
[52483598ms] [LOG] %c [AuthService] Verificando ruta inicial: /auth/login | Es publica: true color: #9C27B0; font-style: italic; @ http://localhost:4200/chunk-XGIOEOMU.js:2909
[52483599ms] [LOG] %c [AuthService] Ruta publica detectada. Omitiendo login silencioso. color: #FFC107; font-style: italic; @ http://localhost:4200/chunk-XGIOEOMU.js:2909
[52483600ms] [LOG] %c🚀 [Initializer] Starting application state initialization... color: purple; font-style: italic; @ http://localhost:4200/chunk-XGIOEOMU.js:2909
[52483602ms] [LOG] %c🤷 [Initializer] No user session. Skipping customer state initialization. color: #9E9E9E; font-style: italic; @ http://localhost:4200/chunk-XGIOEOMU.js:2909
[52483604ms] [LOG] %c✅ [Initializer] State initialization complete. color: green; font-style: italic; @ http://localhost:4200/chunk-XGIOEOMU.js:2909
[52483768ms] [LOG] %c🔄 UpdateService: Inicializando servicio de actualizaciones color: blue; font-weight: bold; @ http://localhost:4200/chunk-67RTLGLK.js:17
[52483769ms] [LOG] %c🔄 UpdateService: ❌ Service Worker NO habilitado color: red; font-weight: bold; @ http://localhost:4200/chunk-67RTLGLK.js:33
[52483792ms] [LOG] %c🚀 [App] ¡Aplicación iniciada! Soy más ligero y rápido que nunca. color: #673AB7; font-style: italic; @ http://localhost:4200/chunk-XGIOEOMU.js:2909
[52483814ms] [LOG] Angular is running in development mode. @ http://localhost:4200/@fs/D:/repos/luxuryapp-api/appsweb/angular/.angular/cache/22.1.8/luxury-app/vite/deps/core-gRj2gSiC.js?v=fc679455:9175
[52484425ms] [LOG] %c🔐 [SecurityService] Servicio de seguridad inicializado. color: #3F51B5; font-style: italic; @ http://localhost:4200/chunk-XGIOEOMU.js:2909
[52484526ms] [LOG] %c [Login] Iniciando.. color: #607D8B; font-style: italic; @ http://localhost:4200/chunk-XGIOEOMU.js:2909
[52484527ms] [LOG] %c [Login] Usando / como redireccion por defecto. color: #607D8B; font-style: italic; @ http://localhost:4200/chunk-XGIOEOMU.js:2909
[52484528ms] [LOG] %c [Login] URL final de redireccion: / color: #2196F3; font-style: italic; @ http://localhost:4200/chunk-XGIOEOMU.js:2909
[52484529ms] [LOG] %c🚪 [SecurityService] Limpiando datos de autenticación... color: #F44336; font-style: italic; @ http://localhost:4200/chunk-XGIOEOMU.js:2909
[52484529ms] [LOG] %c🗑️ [StorageService] Eliminando clave: 'userAuthData' color: #F44336; font-style: italic; @ http://localhost:4200/chunk-XGIOEOMU.js:2909
[52484529ms] [LOG] %c✅ [StorageService] Clave 'userAuthData' eliminada. color: #9E9E9E; font-style: italic; @ http://localhost:4200/chunk-XGIOEOMU.js:2909
[52484530ms] [LOG] %c🗑️ [StorageService] Eliminando clave: 'accessToken' color: #F44336; font-style: italic; @ http://localhost:4200/chunk-XGIOEOMU.js:2909
[52484530ms] [LOG] %c✅ [StorageService] Clave 'accessToken' eliminada. color: #9E9E9E; font-style: italic; @ http://localhost:4200/chunk-XGIOEOMU.js:2909
[52484531ms] [LOG] %c🧹 [SecurityService] Datos de sesión eliminados: userAuthData y accessToken. color: #9E9E9E; font-style: italic; @ http://localhost:4200/chunk-XGIOEOMU.js:2909
[52484531ms] [LOG] %c [Login] Datos de sesion previa eliminados. color: #9E9E9E; font-style: italic; @ http://localhost:4200/chunk-XGIOEOMU.js:2909
[52484531ms] [LOG] %c🚪 [SecurityService] Limpiando datos de autenticación... color: #F44336; font-style: italic; @ http://localhost:4200/chunk-XGIOEOMU.js:2909
[52484533ms] [LOG] %c🗑️ [StorageService] Eliminando clave: 'userAuthData' color: #F44336; font-style: italic; @ http://localhost:4200/chunk-XGIOEOMU.js:2909
[52484534ms] [LOG] %c✅ [StorageService] Clave 'userAuthData' eliminada. color: #9E9E9E; font-style: italic; @ http://localhost:4200/chunk-XGIOEOMU.js:2909
[52484534ms] [LOG] %c🗑️ [StorageService] Eliminando clave: 'accessToken' color: #F44336; font-style: italic; @ http://localhost:4200/chunk-XGIOEOMU.js:2909
[52484536ms] [LOG] %c✅ [StorageService] Clave 'accessToken' eliminada. color: #9E9E9E; font-style: italic; @ http://localhost:4200/chunk-XGIOEOMU.js:2909
[52484536ms] [LOG] %c🧹 [SecurityService] Datos de sesión eliminados: userAuthData y accessToken. color: #9E9E9E; font-style: italic; @ http://localhost:4200/chunk-XGIOEOMU.js:2909
[52484669ms] [VERBOSE] [DOM] Input elements should have autocomplete attributes (suggested: "current-password"): (More info: https://goo.gl/9p2vKq) %o @ http://localhost:4200/auth/login:0
[52922574ms] [LOG] %c📦 [StorageService] Inicializando servicio de almacenamiento local... color: #3F51B5; font-style: italic; @ http://localhost:4200/chunk-XGIOEOMU.js:2909
[52922578ms] [LOG] %c [AuthService] Verificando ruta inicial: /auth/login | Es publica: true color: #9C27B0; font-style: italic; @ http://localhost:4200/chunk-XGIOEOMU.js:2909
[52922578ms] [LOG] %c [AuthService] Ruta publica detectada. Omitiendo login silencioso. color: #FFC107; font-style: italic; @ http://localhost:4200/chunk-XGIOEOMU.js:2909
[52922579ms] [LOG] %c🚀 [Initializer] Starting application state initialization... color: purple; font-style: italic; @ http://localhost:4200/chunk-XGIOEOMU.js:2909
[52922580ms] [LOG] %c🤷 [Initializer] No user session. Skipping customer state initialization. color: #9E9E9E; font-style: italic; @ http://localhost:4200/chunk-XGIOEOMU.js:2909
[52922581ms] [LOG] %c✅ [Initializer] State initialization complete. color: green; font-style: italic; @ http://localhost:4200/chunk-XGIOEOMU.js:2909
[52923013ms] [LOG] %c🔄 UpdateService: Inicializando servicio de actualizaciones color: blue; font-weight: bold; @ http://localhost:4200/chunk-67RTLGLK.js:17
[52923014ms] [LOG] %c🔄 UpdateService: ❌ Service Worker NO habilitado color: red; font-weight: bold; @ http://localhost:4200/chunk-67RTLGLK.js:33
[52923022ms] [LOG] %c🚀 [App] ¡Aplicación iniciada! Soy más ligero y rápido que nunca. color: #673AB7; font-style: italic; @ http://localhost:4200/chunk-XGIOEOMU.js:2909
[52923035ms] [LOG] Angular is running in development mode. @ http://localhost:4200/@fs/D:/repos/luxuryapp-api/appsweb/angular/.angular/cache/22.1.8/luxury-app/vite/deps/core-gRj2gSiC.js?v=fc679455:9175
[52923486ms] [LOG] %c🔐 [SecurityService] Servicio de seguridad inicializado. color: #3F51B5; font-style: italic; @ http://localhost:4200/chunk-XGIOEOMU.js:2909
[52923530ms] [LOG] %c [Login] Iniciando.. color: #607D8B; font-style: italic; @ http://localhost:4200/chunk-XGIOEOMU.js:2909
[52923530ms] [LOG] %c [Login] Usando / como redireccion por defecto. color: #607D8B; font-style: italic; @ http://localhost:4200/chunk-XGIOEOMU.js:2909
[52923531ms] [LOG] %c [Login] URL final de redireccion: / color: #2196F3; font-style: italic; @ http://localhost:4200/chunk-XGIOEOMU.js:2909
[52923531ms] [LOG] %c🚪 [SecurityService] Limpiando datos de autenticación... color: #F44336; font-style: italic; @ http://localhost:4200/chunk-XGIOEOMU.js:2909
[52923532ms] [LOG] %c🗑️ [StorageService] Eliminando clave: 'userAuthData' color: #F44336; font-style: italic; @ http://localhost:4200/chunk-XGIOEOMU.js:2909
[52923532ms] [LOG] %c✅ [StorageService] Clave 'userAuthData' eliminada. color: #9E9E9E; font-style: italic; @ http://localhost:4200/chunk-XGIOEOMU.js:2909
[52923532ms] [LOG] %c🗑️ [StorageService] Eliminando clave: 'accessToken' color: #F44336; font-style: italic; @ http://localhost:4200/chunk-XGIOEOMU.js:2909
[52923533ms] [LOG] %c✅ [StorageService] Clave 'accessToken' eliminada. color: #9E9E9E; font-style: italic; @ http://localhost:4200/chunk-XGIOEOMU.js:2909
[52923533ms] [LOG] %c🧹 [SecurityService] Datos de sesión eliminados: userAuthData y accessToken. color: #9E9E9E; font-style: italic; @ http://localhost:4200/chunk-XGIOEOMU.js:2909
[52923535ms] [LOG] %c [Login] Datos de sesion previa eliminados. color: #9E9E9E; font-style: italic; @ http://localhost:4200/chunk-XGIOEOMU.js:2909
[52923535ms] [LOG] %c🚪 [SecurityService] Limpiando datos de autenticación... color: #F44336; font-style: italic; @ http://localhost:4200/chunk-XGIOEOMU.js:2909
[52923536ms] [LOG] %c🗑️ [StorageService] Eliminando clave: 'userAuthData' color: #F44336; font-style: italic; @ http://localhost:4200/chunk-XGIOEOMU.js:2909
[52923536ms] [LOG] %c✅ [StorageService] Clave 'userAuthData' eliminada. color: #9E9E9E; font-style: italic; @ http://localhost:4200/chunk-XGIOEOMU.js:2909
[52923536ms] [LOG] %c🗑️ [StorageService] Eliminando clave: 'accessToken' color: #F44336; font-style: italic; @ http://localhost:4200/chunk-XGIOEOMU.js:2909
[52923536ms] [LOG] %c✅ [StorageService] Clave 'accessToken' eliminada. color: #9E9E9E; font-style: italic; @ http://localhost:4200/chunk-XGIOEOMU.js:2909
[52923536ms] [LOG] %c🧹 [SecurityService] Datos de sesión eliminados: userAuthData y accessToken. color: #9E9E9E; font-style: italic; @ http://localhost:4200/chunk-XGIOEOMU.js:2909
[52923627ms] [VERBOSE] [DOM] Input elements should have autocomplete attributes (suggested: "current-password"): (More info: https://goo.gl/9p2vKq) %o @ http://localhost:4200/auth/login:0
[56748278ms] [LOG] %c📦 [StorageService] Inicializando servicio de almacenamiento local... color: #3F51B5; font-style: italic; @ http://localhost:4200/chunk-XGIOEOMU.js:2909
[56748281ms] [LOG] %c [AuthService] Verificando ruta inicial: /auth/login | Es publica: true color: #9C27B0; font-style: italic; @ http://localhost:4200/chunk-XGIOEOMU.js:2909
[56748281ms] [LOG] %c [AuthService] Ruta publica detectada. Omitiendo login silencioso. color: #FFC107; font-style: italic; @ http://localhost:4200/chunk-XGIOEOMU.js:2909
[56748284ms] [LOG] %c🚀 [Initializer] Starting application state initialization... color: purple; font-style: italic; @ http://localhost:4200/chunk-XGIOEOMU.js:2909
[56748288ms] [LOG] %c🤷 [Initializer] No user session. Skipping customer state initialization. color: #9E9E9E; font-style: italic; @ http://localhost:4200/chunk-XGIOEOMU.js:2909
[56748289ms] [LOG] %c✅ [Initializer] State initialization complete. color: green; font-style: italic; @ http://localhost:4200/chunk-XGIOEOMU.js:2909
[56748503ms] [LOG] %c🔄 UpdateService: Inicializando servicio de actualizaciones color: blue; font-weight: bold; @ http://localhost:4200/chunk-67RTLGLK.js:17
[56748503ms] [LOG] %c🔄 UpdateService: ❌ Service Worker NO habilitado color: red; font-weight: bold; @ http://localhost:4200/chunk-67RTLGLK.js:33
[56748519ms] [LOG] %c🚀 [App] ¡Aplicación iniciada! Soy más ligero y rápido que nunca. color: #673AB7; font-style: italic; @ http://localhost:4200/chunk-XGIOEOMU.js:2909
[56748530ms] [LOG] Angular is running in development mode. @ http://localhost:4200/@fs/D:/repos/luxuryapp-api/appsweb/angular/.angular/cache/22.1.8/luxury-app/vite/deps/core-gRj2gSiC.js?v=fc679455:9175
[56749231ms] [LOG] %c🔐 [SecurityService] Servicio de seguridad inicializado. color: #3F51B5; font-style: italic; @ http://localhost:4200/chunk-XGIOEOMU.js:2909
[56749295ms] [LOG] %c [Login] Iniciando.. color: #607D8B; font-style: italic; @ http://localhost:4200/chunk-XGIOEOMU.js:2909
[56749296ms] [LOG] %c [Login] Usando / como redireccion por defecto. color: #607D8B; font-style: italic; @ http://localhost:4200/chunk-XGIOEOMU.js:2909
[56749296ms] [LOG] %c [Login] URL final de redireccion: / color: #2196F3; font-style: italic; @ http://localhost:4200/chunk-XGIOEOMU.js:2909
[56749296ms] [LOG] %c🚪 [SecurityService] Limpiando datos de autenticación... color: #F44336; font-style: italic; @ http://localhost:4200/chunk-XGIOEOMU.js:2909
[56749296ms] [LOG] %c🗑️ [StorageService] Eliminando clave: 'userAuthData' color: #F44336; font-style: italic; @ http://localhost:4200/chunk-XGIOEOMU.js:2909
[56749298ms] [LOG] %c✅ [StorageService] Clave 'userAuthData' eliminada. color: #9E9E9E; font-style: italic; @ http://localhost:4200/chunk-XGIOEOMU.js:2909
[56749298ms] [LOG] %c🗑️ [StorageService] Eliminando clave: 'accessToken' color: #F44336; font-style: italic; @ http://localhost:4200/chunk-XGIOEOMU.js:2909
[56749298ms] [LOG] %c✅ [StorageService] Clave 'accessToken' eliminada. color: #9E9E9E; font-style: italic; @ http://localhost:4200/chunk-XGIOEOMU.js:2909
[56749300ms] [LOG] %c🧹 [SecurityService] Datos de sesión eliminados: userAuthData y accessToken. color: #9E9E9E; font-style: italic; @ http://localhost:4200/chunk-XGIOEOMU.js:2909
[56749300ms] [LOG] %c [Login] Datos de sesion previa eliminados. color: #9E9E9E; font-style: italic; @ http://localhost:4200/chunk-XGIOEOMU.js:2909
[56749302ms] [LOG] %c🚪 [SecurityService] Limpiando datos de autenticación... color: #F44336; font-style: italic; @ http://localhost:4200/chunk-XGIOEOMU.js:2909
[56749302ms] [LOG] %c🗑️ [StorageService] Eliminando clave: 'userAuthData' color: #F44336; font-style: italic; @ http://localhost:4200/chunk-XGIOEOMU.js:2909
[56749302ms] [LOG] %c✅ [StorageService] Clave 'userAuthData' eliminada. color: #9E9E9E; font-style: italic; @ http://localhost:4200/chunk-XGIOEOMU.js:2909
[56749302ms] [LOG] %c🗑️ [StorageService] Eliminando clave: 'accessToken' color: #F44336; font-style: italic; @ http://localhost:4200/chunk-XGIOEOMU.js:2909
[56749303ms] [LOG] %c✅ [StorageService] Clave 'accessToken' eliminada. color: #9E9E9E; font-style: italic; @ http://localhost:4200/chunk-XGIOEOMU.js:2909
[56749303ms] [LOG] %c🧹 [SecurityService] Datos de sesión eliminados: userAuthData y accessToken. color: #9E9E9E; font-style: italic; @ http://localhost:4200/chunk-XGIOEOMU.js:2909
[56749412ms] [VERBOSE] [DOM] Input elements should have autocomplete attributes (suggested: "current-password"): (More info: https://goo.gl/9p2vKq) %o @ http://localhost:4200/auth/login:0
[56820594ms] [LOG] %c📦 [StorageService] Inicializando servicio de almacenamiento local... color: #3F51B5; font-style: italic; @ http://localhost:4200/chunk-XGIOEOMU.js:2909
[56820596ms] [LOG] %c [AuthService] Verificando ruta inicial: /auth/login | Es publica: true color: #9C27B0; font-style: italic; @ http://localhost:4200/chunk-XGIOEOMU.js:2909
[56820596ms] [LOG] %c [AuthService] Ruta publica detectada. Omitiendo login silencioso. color: #FFC107; font-style: italic; @ http://localhost:4200/chunk-XGIOEOMU.js:2909
[56820600ms] [LOG] %c🚀 [Initializer] Starting application state initialization... color: purple; font-style: italic; @ http://localhost:4200/chunk-XGIOEOMU.js:2909
[56820601ms] [LOG] %c🤷 [Initializer] No user session. Skipping customer state initialization. color: #9E9E9E; font-style: italic; @ http://localhost:4200/chunk-XGIOEOMU.js:2909
[56820607ms] [LOG] %c✅ [Initializer] State initialization complete. color: green; font-style: italic; @ http://localhost:4200/chunk-XGIOEOMU.js:2909
[56820864ms] [LOG] %c🔄 UpdateService: Inicializando servicio de actualizaciones color: blue; font-weight: bold; @ http://localhost:4200/chunk-67RTLGLK.js:17
[56820865ms] [LOG] %c🔄 UpdateService: ❌ Service Worker NO habilitado color: red; font-weight: bold; @ http://localhost:4200/chunk-67RTLGLK.js:33
[56820877ms] [LOG] %c🚀 [App] ¡Aplicación iniciada! Soy más ligero y rápido que nunca. color: #673AB7; font-style: italic; @ http://localhost:4200/chunk-XGIOEOMU.js:2909
[56820885ms] [LOG] Angular is running in development mode. @ http://localhost:4200/@fs/D:/repos/luxuryapp-api/appsweb/angular/.angular/cache/22.1.8/luxury-app/vite/deps/core-gRj2gSiC.js?v=fc679455:9175
[56821544ms] [LOG] %c🔐 [SecurityService] Servicio de seguridad inicializado. color: #3F51B5; font-style: italic; @ http://localhost:4200/chunk-XGIOEOMU.js:2909
[56821614ms] [LOG] %c [Login] Iniciando.. color: #607D8B; font-style: italic; @ http://localhost:4200/chunk-XGIOEOMU.js:2909
[56821615ms] [LOG] %c [Login] Usando / como redireccion por defecto. color: #607D8B; font-style: italic; @ http://localhost:4200/chunk-XGIOEOMU.js:2909
[56821615ms] [LOG] %c [Login] URL final de redireccion: / color: #2196F3; font-style: italic; @ http://localhost:4200/chunk-XGIOEOMU.js:2909
[56821616ms] [LOG] %c🚪 [SecurityService] Limpiando datos de autenticación... color: #F44336; font-style: italic; @ http://localhost:4200/chunk-XGIOEOMU.js:2909
[56821616ms] [LOG] %c🗑️ [StorageService] Eliminando clave: 'userAuthData' color: #F44336; font-style: italic; @ http://localhost:4200/chunk-XGIOEOMU.js:2909
[56821617ms] [LOG] %c✅ [StorageService] Clave 'userAuthData' eliminada. color: #9E9E9E; font-style: italic; @ http://localhost:4200/chunk-XGIOEOMU.js:2909
[56821617ms] [LOG] %c🗑️ [StorageService] Eliminando clave: 'accessToken' color: #F44336; font-style: italic; @ http://localhost:4200/chunk-XGIOEOMU.js:2909
[56821618ms] [LOG] %c✅ [StorageService] Clave 'accessToken' eliminada. color: #9E9E9E; font-style: italic; @ http://localhost:4200/chunk-XGIOEOMU.js:2909
[56821618ms] [LOG] %c🧹 [SecurityService] Datos de sesión eliminados: userAuthData y accessToken. color: #9E9E9E; font-style: italic; @ http://localhost:4200/chunk-XGIOEOMU.js:2909
[56821619ms] [LOG] %c [Login] Datos de sesion previa eliminados. color: #9E9E9E; font-style: italic; @ http://localhost:4200/chunk-XGIOEOMU.js:2909
[56821620ms] [LOG] %c🚪 [SecurityService] Limpiando datos de autenticación... color: #F44336; font-style: italic; @ http://localhost:4200/chunk-XGIOEOMU.js:2909
[56821621ms] [LOG] %c🗑️ [StorageService] Eliminando clave: 'userAuthData' color: #F44336; font-style: italic; @ http://localhost:4200/chunk-XGIOEOMU.js:2909
[56821621ms] [LOG] %c✅ [StorageService] Clave 'userAuthData' eliminada. color: #9E9E9E; font-style: italic; @ http://localhost:4200/chunk-XGIOEOMU.js:2909
[56821622ms] [LOG] %c🗑️ [StorageService] Eliminando clave: 'accessToken' color: #F44336; font-style: italic; @ http://localhost:4200/chunk-XGIOEOMU.js:2909
[56821624ms] [LOG] %c✅ [StorageService] Clave 'accessToken' eliminada. color: #9E9E9E; font-style: italic; @ http://localhost:4200/chunk-XGIOEOMU.js:2909
[56821626ms] [LOG] %c🧹 [SecurityService] Datos de sesión eliminados: userAuthData y accessToken. color: #9E9E9E; font-style: italic; @ http://localhost:4200/chunk-XGIOEOMU.js:2909
[56821741ms] [VERBOSE] [DOM] Input elements should have autocomplete attributes (suggested: "current-password"): (More info: https://goo.gl/9p2vKq) %o @ http://localhost:4200/auth/login:0
[57284938ms] [LOG] [vite] server connection lost. Polling for restart... @ http://localhost:4200/@vite/client:992
[57295481ms] [ERROR] Failed to load resource: net::ERR_NETWORK_IO_SUSPENDED @ http://localhost:4200/styles.css:0
[57295481ms] [ERROR] Failed to load resource: net::ERR_NETWORK_IO_SUSPENDED @ http://localhost:4200/assets/images/logo.png:0
[57295785ms] [ERROR] Failed to load resource: net::ERR_NETWORK_IO_SUSPENDED @ http://localhost:4200/@vite/client:0
[57295790ms] [ERROR] Failed to load resource: net::ERR_NETWORK_IO_SUSPENDED @ http://localhost:4200/OneSignalSDK.page.js:0
[57295790ms] [ERROR] Failed to load resource: net::ERR_NETWORK_IO_SUSPENDED @ http://localhost:4200/polyfills.js:0
[57295790ms] [ERROR] Failed to load resource: net::ERR_NETWORK_IO_SUSPENDED @ http://localhost:4200/main.js:0
[57295862ms] [ERROR] Failed to load resource: net::ERR_NETWORK_IO_SUSPENDED @ http://localhost:4200/assets/images/favicon.png:0
[57295874ms] [ERROR] Failed to load resource: net::ERR_NETWORK_IO_SUSPENDED @ http://localhost:4200/assets/images/favicon.png:0
