[    1229ms] [LOG] %c📦 [StorageService] Inicializando servicio de almacenamiento local... color: #3F51B5; font-style: italic; @ http://localhost:4200/chunk-H2E4C4AE.js:2883
[    1231ms] [LOG] %c [AuthService] Verificando ruta inicial: / | Es publica: false color: #9C27B0; font-style: italic; @ http://localhost:4200/chunk-H2E4C4AE.js:2883
[    1231ms] [LOG] %c [AuthService] Ruta no publica. Intentando login silencioso... color: #009688; font-style: italic; @ http://localhost:4200/chunk-H2E4C4AE.js:2883
[    1240ms] [LOG] %c🚀 [Initializer] Starting application state initialization... color: purple; font-style: italic; @ http://localhost:4200/chunk-H2E4C4AE.js:2883
[    1266ms] [ERROR] Failed to load resource: the server responded with a status of 401 (Unauthorized) @ http://localhost:7070/api/auth/refresh:0
[    1269ms] [LOG] %c🚫 Error en refreshToken, forzando logout local. color: red;font-style: italic HttpErrorResponse @ http://localhost:4200/chunk-H2E4C4AE.js:2896
[    1271ms] [LOG] %c [AuthTrace] clearSession.before color: #03A9F4; font-style: italic; {at: 2026-10-03T14:31:56.956Z, applicationUserId: null, tokenCustomerId: null, roles: Array(0), customerAccessCount: 0} @ http://localhost:4200/chunk-H2E4C4AE.js:2883
[    1273ms] [LOG] %c🔍 [StorageService] Recuperando valor para clave: 'customerId' color: #2196F3; font-style: italic; @ http://localhost:4200/chunk-H2E4C4AE.js:2883
[    1274ms] [LOG] %c🟡 [StorageService] No se encontró valor para clave 'customerId' o es undefined. color: #FF9800; font-style: italic; @ http://localhost:4200/chunk-H2E4C4AE.js:2883
[    1274ms] [LOG] %c [CustomerTrace] clearCustomerData.before color: #FF9800; font-style: italic; {at: 2026-10-03T14:31:56.959Z, state: Object, storedCustomerId: undefined} @ http://localhost:4200/chunk-H2E4C4AE.js:2883
[    1274ms] [LOG] %c🧹 [StorageService] Limpiando clave específica: 'customerId' color: #FF5722; font-style: italic; @ http://localhost:4200/chunk-H2E4C4AE.js:2883
[    1275ms] [LOG] %c✅ [StorageService] Clave 'customerId' ha sido limpiada. color: #9E9E9E; font-style: italic; @ http://localhost:4200/chunk-H2E4C4AE.js:2883
[    1275ms] [LOG] %c🔍 [StorageService] Recuperando valor para clave: 'customerId' color: #2196F3; font-style: italic; @ http://localhost:4200/chunk-H2E4C4AE.js:2883
[    1276ms] [LOG] %c🟡 [StorageService] No se encontró valor para clave 'customerId' o es undefined. color: #FF9800; font-style: italic; @ http://localhost:4200/chunk-H2E4C4AE.js:2883
[    1276ms] [LOG] %c [CustomerTrace] clearCustomerData.after color: #FF9800; font-style: italic; {at: 2026-10-03T14:31:56.962Z, state: Object, storedCustomerId: undefined} @ http://localhost:4200/chunk-H2E4C4AE.js:2883
[    1283ms] [LOG] %c [AuthTrace] trySilentLogin.finalize color: #8BC34A; font-style: italic; {at: 2026-10-03T14:31:56.969Z, isAuthenticated: false} @ http://localhost:4200/chunk-H2E4C4AE.js:2883
[    1284ms] [LOG] %c🤷 [Initializer] No user session. Skipping customer state initialization. color: #9E9E9E; font-style: italic; @ http://localhost:4200/chunk-H2E4C4AE.js:2883
[    1285ms] [LOG] %c✅ [Initializer] State initialization complete. color: green; font-style: italic; @ http://localhost:4200/chunk-H2E4C4AE.js:2883
[    1442ms] [LOG] %c🔄 UpdateService: Inicializando servicio de actualizaciones color: blue; font-weight: bold; @ http://localhost:4200/chunk-2BPO4FAW.js:17
[    1443ms] [LOG] %c🔄 UpdateService: ❌ Service Worker NO habilitado color: red; font-weight: bold; @ http://localhost:4200/chunk-2BPO4FAW.js:33
[    1461ms] [LOG] %c🚀 [App] ¡Aplicación iniciada! Soy más ligero y rápido que nunca. color: #673AB7; font-style: italic; @ http://localhost:4200/chunk-H2E4C4AE.js:2883
[    1470ms] [LOG] Angular is running in development mode. @ http://localhost:4200/@fs/D:/repos/luxuryapp-api/appsweb/angular/.angular/cache/22.1.8/luxury-app/vite/deps/core-BtAdGG1h.js?v=023c1ce3:9175
[    1660ms] [LOG] %c🔐 [SecurityService] Servicio de seguridad inicializado. color: #3F51B5; font-style: italic; @ http://localhost:4200/chunk-H2E4C4AE.js:2883
[    1710ms] [LOG] %c [Login] Iniciando.. color: #607D8B; font-style: italic; @ http://localhost:4200/chunk-H2E4C4AE.js:2883
[    1710ms] [LOG] %c [Login] Usando / como redireccion por defecto. color: #607D8B; font-style: italic; @ http://localhost:4200/chunk-H2E4C4AE.js:2883
[    1710ms] [LOG] %c [Login] URL final de redireccion: / color: #2196F3; font-style: italic; @ http://localhost:4200/chunk-H2E4C4AE.js:2883
[    1710ms] [LOG] %c🚪 [SecurityService] Limpiando datos de autenticación... color: #F44336; font-style: italic; @ http://localhost:4200/chunk-H2E4C4AE.js:2883
[    1710ms] [LOG] %c🗑️ [StorageService] Eliminando clave: 'userAuthData' color: #F44336; font-style: italic; @ http://localhost:4200/chunk-H2E4C4AE.js:2883
[    1711ms] [LOG] %c✅ [StorageService] Clave 'userAuthData' eliminada. color: #9E9E9E; font-style: italic; @ http://localhost:4200/chunk-H2E4C4AE.js:2883
[    1711ms] [LOG] %c🗑️ [StorageService] Eliminando clave: 'accessToken' color: #F44336; font-style: italic; @ http://localhost:4200/chunk-H2E4C4AE.js:2883
[    1711ms] [LOG] %c✅ [StorageService] Clave 'accessToken' eliminada. color: #9E9E9E; font-style: italic; @ http://localhost:4200/chunk-H2E4C4AE.js:2883
[    1711ms] [LOG] %c🧹 [SecurityService] Datos de sesión eliminados: userAuthData y accessToken. color: #9E9E9E; font-style: italic; @ http://localhost:4200/chunk-H2E4C4AE.js:2883
[    1711ms] [LOG] %c [Login] Datos de sesion previa eliminados. color: #9E9E9E; font-style: italic; @ http://localhost:4200/chunk-H2E4C4AE.js:2883
[    1711ms] [LOG] %c🚪 [SecurityService] Limpiando datos de autenticación... color: #F44336; font-style: italic; @ http://localhost:4200/chunk-H2E4C4AE.js:2883
[    1711ms] [LOG] %c🗑️ [StorageService] Eliminando clave: 'userAuthData' color: #F44336; font-style: italic; @ http://localhost:4200/chunk-H2E4C4AE.js:2883
[    1711ms] [LOG] %c✅ [StorageService] Clave 'userAuthData' eliminada. color: #9E9E9E; font-style: italic; @ http://localhost:4200/chunk-H2E4C4AE.js:2883
[    1712ms] [LOG] %c🗑️ [StorageService] Eliminando clave: 'accessToken' color: #F44336; font-style: italic; @ http://localhost:4200/chunk-H2E4C4AE.js:2883
[    1712ms] [LOG] %c✅ [StorageService] Clave 'accessToken' eliminada. color: #9E9E9E; font-style: italic; @ http://localhost:4200/chunk-H2E4C4AE.js:2883
[    1712ms] [LOG] %c🧹 [SecurityService] Datos de sesión eliminados: userAuthData y accessToken. color: #9E9E9E; font-style: italic; @ http://localhost:4200/chunk-H2E4C4AE.js:2883
[    1792ms] [WARNING] NG0913: An image with src http://localhost:4200/assets/oficial/Logo%20Files/png/Color%20logo%20-%20no%20background.png has intrinsic file dimensions much larger than its rendered size. This can negatively impact application loading performance. For more information about addressing or disabling this warning, see https://v22.angular.dev/errors/NG0913. Find more at https://v22.angular.dev/errors/NG0913 @ http://localhost:4200/@fs/D:/repos/luxuryapp-api/appsweb/angular/.angular/cache/22.1.8/luxury-app/vite/deps/core-BtAdGG1h.js?v=023c1ce3:17980
[    1792ms] [WARNING] NG0913: An image with src http://localhost:4200/assets/oficial/Logo%20Files/png/Color%20logo%20-%20no%20background.png has intrinsic file dimensions much larger than its rendered size. This can negatively impact application loading performance. For more information about addressing or disabling this warning, see https://v22.angular.dev/errors/NG0913. Find more at https://v22.angular.dev/errors/NG0913 @ http://localhost:4200/@fs/D:/repos/luxuryapp-api/appsweb/angular/.angular/cache/22.1.8/luxury-app/vite/deps/core-BtAdGG1h.js?v=023c1ce3:17980
[    1793ms] [WARNING] NG0913: An image with src http://localhost:4200/assets/oficial/Logo%20Files/png/White%20logo%20-%20no%20background.png has intrinsic file dimensions much larger than its rendered size. This can negatively impact application loading performance. For more information about addressing or disabling this warning, see https://v22.angular.dev/errors/NG0913. Find more at https://v22.angular.dev/errors/NG0913 @ http://localhost:4200/@fs/D:/repos/luxuryapp-api/appsweb/angular/.angular/cache/22.1.8/luxury-app/vite/deps/core-BtAdGG1h.js?v=023c1ce3:17980
[    1809ms] [VERBOSE] [DOM] Input elements should have autocomplete attributes (suggested: "current-password"): (More info: https://goo.gl/9p2vKq) %o @ http://localhost:4200/auth/login:0
[ 1436100ms] [LOG] %c📦 [StorageService] Inicializando servicio de almacenamiento local... color: #3F51B5; font-style: italic; @ http://localhost:4200/chunk-H2E4C4AE.js:2883
[ 1436101ms] [LOG] %c [AuthService] Verificando ruta inicial: /auth/login | Es publica: true color: #9C27B0; font-style: italic; @ http://localhost:4200/chunk-H2E4C4AE.js:2883
[ 1436101ms] [LOG] %c [AuthService] Ruta publica detectada. Omitiendo login silencioso. color: #FFC107; font-style: italic; @ http://localhost:4200/chunk-H2E4C4AE.js:2883
[ 1436102ms] [LOG] %c🚀 [Initializer] Starting application state initialization... color: purple; font-style: italic; @ http://localhost:4200/chunk-H2E4C4AE.js:2883
[ 1436103ms] [LOG] %c🤷 [Initializer] No user session. Skipping customer state initialization. color: #9E9E9E; font-style: italic; @ http://localhost:4200/chunk-H2E4C4AE.js:2883
[ 1436103ms] [LOG] %c✅ [Initializer] State initialization complete. color: green; font-style: italic; @ http://localhost:4200/chunk-H2E4C4AE.js:2883
[ 1436370ms] [LOG] %c🔄 UpdateService: Inicializando servicio de actualizaciones color: blue; font-weight: bold; @ http://localhost:4200/chunk-2BPO4FAW.js:17
[ 1436370ms] [LOG] %c🔄 UpdateService: ❌ Service Worker NO habilitado color: red; font-weight: bold; @ http://localhost:4200/chunk-2BPO4FAW.js:33
[ 1436376ms] [LOG] %c🚀 [App] ¡Aplicación iniciada! Soy más ligero y rápido que nunca. color: #673AB7; font-style: italic; @ http://localhost:4200/chunk-H2E4C4AE.js:2883
[ 1436383ms] [LOG] Angular is running in development mode. @ http://localhost:4200/@fs/D:/repos/luxuryapp-api/appsweb/angular/.angular/cache/22.1.8/luxury-app/vite/deps/core-BtAdGG1h.js?v=023c1ce3:9175
[ 1436500ms] [LOG] %c🔐 [SecurityService] Servicio de seguridad inicializado. color: #3F51B5; font-style: italic; @ http://localhost:4200/chunk-H2E4C4AE.js:2883
[ 1436537ms] [LOG] %c [Login] Iniciando.. color: #607D8B; font-style: italic; @ http://localhost:4200/chunk-H2E4C4AE.js:2883
[ 1436538ms] [LOG] %c [Login] Usando / como redireccion por defecto. color: #607D8B; font-style: italic; @ http://localhost:4200/chunk-H2E4C4AE.js:2883
[ 1436538ms] [LOG] %c [Login] URL final de redireccion: / color: #2196F3; font-style: italic; @ http://localhost:4200/chunk-H2E4C4AE.js:2883
[ 1436538ms] [LOG] %c🚪 [SecurityService] Limpiando datos de autenticación... color: #F44336; font-style: italic; @ http://localhost:4200/chunk-H2E4C4AE.js:2883
[ 1436539ms] [LOG] %c🗑️ [StorageService] Eliminando clave: 'userAuthData' color: #F44336; font-style: italic; @ http://localhost:4200/chunk-H2E4C4AE.js:2883
[ 1436539ms] [LOG] %c✅ [StorageService] Clave 'userAuthData' eliminada. color: #9E9E9E; font-style: italic; @ http://localhost:4200/chunk-H2E4C4AE.js:2883
[ 1436539ms] [LOG] %c🗑️ [StorageService] Eliminando clave: 'accessToken' color: #F44336; font-style: italic; @ http://localhost:4200/chunk-H2E4C4AE.js:2883
[ 1436539ms] [LOG] %c✅ [StorageService] Clave 'accessToken' eliminada. color: #9E9E9E; font-style: italic; @ http://localhost:4200/chunk-H2E4C4AE.js:2883
[ 1436539ms] [LOG] %c🧹 [SecurityService] Datos de sesión eliminados: userAuthData y accessToken. color: #9E9E9E; font-style: italic; @ http://localhost:4200/chunk-H2E4C4AE.js:2883
[ 1436540ms] [LOG] %c [Login] Datos de sesion previa eliminados. color: #9E9E9E; font-style: italic; @ http://localhost:4200/chunk-H2E4C4AE.js:2883
[ 1436540ms] [LOG] %c🚪 [SecurityService] Limpiando datos de autenticación... color: #F44336; font-style: italic; @ http://localhost:4200/chunk-H2E4C4AE.js:2883
[ 1436540ms] [LOG] %c🗑️ [StorageService] Eliminando clave: 'userAuthData' color: #F44336; font-style: italic; @ http://localhost:4200/chunk-H2E4C4AE.js:2883
[ 1436541ms] [LOG] %c✅ [StorageService] Clave 'userAuthData' eliminada. color: #9E9E9E; font-style: italic; @ http://localhost:4200/chunk-H2E4C4AE.js:2883
[ 1436541ms] [LOG] %c🗑️ [StorageService] Eliminando clave: 'accessToken' color: #F44336; font-style: italic; @ http://localhost:4200/chunk-H2E4C4AE.js:2883
[ 1436541ms] [LOG] %c✅ [StorageService] Clave 'accessToken' eliminada. color: #9E9E9E; font-style: italic; @ http://localhost:4200/chunk-H2E4C4AE.js:2883
[ 1436542ms] [LOG] %c🧹 [SecurityService] Datos de sesión eliminados: userAuthData y accessToken. color: #9E9E9E; font-style: italic; @ http://localhost:4200/chunk-H2E4C4AE.js:2883
[ 1436649ms] [WARNING] NG0913: An image with src http://localhost:4200/assets/oficial/Logo%20Files/png/Color%20logo%20-%20no%20background.png has intrinsic file dimensions much larger than its rendered size. This can negatively impact application loading performance. For more information about addressing or disabling this warning, see https://v22.angular.dev/errors/NG0913. Find more at https://v22.angular.dev/errors/NG0913 @ http://localhost:4200/@fs/D:/repos/luxuryapp-api/appsweb/angular/.angular/cache/22.1.8/luxury-app/vite/deps/core-BtAdGG1h.js?v=023c1ce3:17980
[ 1436649ms] [WARNING] NG0913: An image with src http://localhost:4200/assets/oficial/Logo%20Files/png/Color%20logo%20-%20no%20background.png has intrinsic file dimensions much larger than its rendered size. This can negatively impact application loading performance. For more information about addressing or disabling this warning, see https://v22.angular.dev/errors/NG0913. Find more at https://v22.angular.dev/errors/NG0913 @ http://localhost:4200/@fs/D:/repos/luxuryapp-api/appsweb/angular/.angular/cache/22.1.8/luxury-app/vite/deps/core-BtAdGG1h.js?v=023c1ce3:17980
[ 1436650ms] [WARNING] NG0913: An image with src http://localhost:4200/assets/oficial/Logo%20Files/png/White%20logo%20-%20no%20background.png has intrinsic file dimensions much larger than its rendered size. This can negatively impact application loading performance. For more information about addressing or disabling this warning, see https://v22.angular.dev/errors/NG0913. Find more at https://v22.angular.dev/errors/NG0913 @ http://localhost:4200/@fs/D:/repos/luxuryapp-api/appsweb/angular/.angular/cache/22.1.8/luxury-app/vite/deps/core-BtAdGG1h.js?v=023c1ce3:17980
[ 1436654ms] [VERBOSE] [DOM] Input elements should have autocomplete attributes (suggested: "current-password"): (More info: https://goo.gl/9p2vKq) %o @ http://localhost:4200/auth/login:0
[ 1834825ms] [LOG] %c📦 [StorageService] Inicializando servicio de almacenamiento local... color: #3F51B5; font-style: italic; @ http://localhost:4200/chunk-H2E4C4AE.js:2883
[ 1834827ms] [LOG] %c [AuthService] Verificando ruta inicial: /auth/login | Es publica: true color: #9C27B0; font-style: italic; @ http://localhost:4200/chunk-H2E4C4AE.js:2883
[ 1834827ms] [LOG] %c [AuthService] Ruta publica detectada. Omitiendo login silencioso. color: #FFC107; font-style: italic; @ http://localhost:4200/chunk-H2E4C4AE.js:2883
[ 1834827ms] [LOG] %c🚀 [Initializer] Starting application state initialization... color: purple; font-style: italic; @ http://localhost:4200/chunk-H2E4C4AE.js:2883
[ 1834828ms] [LOG] %c🤷 [Initializer] No user session. Skipping customer state initialization. color: #9E9E9E; font-style: italic; @ http://localhost:4200/chunk-H2E4C4AE.js:2883
[ 1834829ms] [LOG] %c✅ [Initializer] State initialization complete. color: green; font-style: italic; @ http://localhost:4200/chunk-H2E4C4AE.js:2883
[ 1834872ms] [LOG] %c🔄 UpdateService: Inicializando servicio de actualizaciones color: blue; font-weight: bold; @ http://localhost:4200/chunk-2BPO4FAW.js:17
[ 1834873ms] [LOG] %c🔄 UpdateService: ❌ Service Worker NO habilitado color: red; font-weight: bold; @ http://localhost:4200/chunk-2BPO4FAW.js:33
[ 1834879ms] [LOG] %c🚀 [App] ¡Aplicación iniciada! Soy más ligero y rápido que nunca. color: #673AB7; font-style: italic; @ http://localhost:4200/chunk-H2E4C4AE.js:2883
[ 1834884ms] [LOG] Angular is running in development mode. @ http://localhost:4200/@fs/D:/repos/luxuryapp-api/appsweb/angular/.angular/cache/22.1.8/luxury-app/vite/deps/core-BtAdGG1h.js?v=023c1ce3:9175
[ 1834997ms] [LOG] %c🔐 [SecurityService] Servicio de seguridad inicializado. color: #3F51B5; font-style: italic; @ http://localhost:4200/chunk-H2E4C4AE.js:2883
[ 1835022ms] [LOG] %c [Login] Iniciando.. color: #607D8B; font-style: italic; @ http://localhost:4200/chunk-H2E4C4AE.js:2883
[ 1835023ms] [LOG] %c [Login] Usando / como redireccion por defecto. color: #607D8B; font-style: italic; @ http://localhost:4200/chunk-H2E4C4AE.js:2883
[ 1835023ms] [LOG] %c [Login] URL final de redireccion: / color: #2196F3; font-style: italic; @ http://localhost:4200/chunk-H2E4C4AE.js:2883
[ 1835023ms] [LOG] %c🚪 [SecurityService] Limpiando datos de autenticación... color: #F44336; font-style: italic; @ http://localhost:4200/chunk-H2E4C4AE.js:2883
[ 1835023ms] [LOG] %c🗑️ [StorageService] Eliminando clave: 'userAuthData' color: #F44336; font-style: italic; @ http://localhost:4200/chunk-H2E4C4AE.js:2883
[ 1835024ms] [LOG] %c✅ [StorageService] Clave 'userAuthData' eliminada. color: #9E9E9E; font-style: italic; @ http://localhost:4200/chunk-H2E4C4AE.js:2883
[ 1835024ms] [LOG] %c🗑️ [StorageService] Eliminando clave: 'accessToken' color: #F44336; font-style: italic; @ http://localhost:4200/chunk-H2E4C4AE.js:2883
[ 1835025ms] [LOG] %c✅ [StorageService] Clave 'accessToken' eliminada. color: #9E9E9E; font-style: italic; @ http://localhost:4200/chunk-H2E4C4AE.js:2883
[ 1835025ms] [LOG] %c🧹 [SecurityService] Datos de sesión eliminados: userAuthData y accessToken. color: #9E9E9E; font-style: italic; @ http://localhost:4200/chunk-H2E4C4AE.js:2883
[ 1835025ms] [LOG] %c [Login] Datos de sesion previa eliminados. color: #9E9E9E; font-style: italic; @ http://localhost:4200/chunk-H2E4C4AE.js:2883
[ 1835025ms] [LOG] %c🚪 [SecurityService] Limpiando datos de autenticación... color: #F44336; font-style: italic; @ http://localhost:4200/chunk-H2E4C4AE.js:2883
[ 1835026ms] [LOG] %c🗑️ [StorageService] Eliminando clave: 'userAuthData' color: #F44336; font-style: italic; @ http://localhost:4200/chunk-H2E4C4AE.js:2883
[ 1835026ms] [LOG] %c✅ [StorageService] Clave 'userAuthData' eliminada. color: #9E9E9E; font-style: italic; @ http://localhost:4200/chunk-H2E4C4AE.js:2883
[ 1835026ms] [LOG] %c🗑️ [StorageService] Eliminando clave: 'accessToken' color: #F44336; font-style: italic; @ http://localhost:4200/chunk-H2E4C4AE.js:2883
[ 1835026ms] [LOG] %c✅ [StorageService] Clave 'accessToken' eliminada. color: #9E9E9E; font-style: italic; @ http://localhost:4200/chunk-H2E4C4AE.js:2883
[ 1835026ms] [LOG] %c🧹 [SecurityService] Datos de sesión eliminados: userAuthData y accessToken. color: #9E9E9E; font-style: italic; @ http://localhost:4200/chunk-H2E4C4AE.js:2883
[ 1835095ms] [WARNING] NG0913: An image with src http://localhost:4200/assets/oficial/Logo%20Files/png/Color%20logo%20-%20no%20background.png has intrinsic file dimensions much larger than its rendered size. This can negatively impact application loading performance. For more information about addressing or disabling this warning, see https://v22.angular.dev/errors/NG0913. Find more at https://v22.angular.dev/errors/NG0913 @ http://localhost:4200/@fs/D:/repos/luxuryapp-api/appsweb/angular/.angular/cache/22.1.8/luxury-app/vite/deps/core-BtAdGG1h.js?v=023c1ce3:17980
[ 1835095ms] [WARNING] NG0913: An image with src http://localhost:4200/assets/oficial/Logo%20Files/png/Color%20logo%20-%20no%20background.png has intrinsic file dimensions much larger than its rendered size. This can negatively impact application loading performance. For more information about addressing or disabling this warning, see https://v22.angular.dev/errors/NG0913. Find more at https://v22.angular.dev/errors/NG0913 @ http://localhost:4200/@fs/D:/repos/luxuryapp-api/appsweb/angular/.angular/cache/22.1.8/luxury-app/vite/deps/core-BtAdGG1h.js?v=023c1ce3:17980
[ 1835096ms] [WARNING] NG0913: An image with src http://localhost:4200/assets/oficial/Logo%20Files/png/White%20logo%20-%20no%20background.png has intrinsic file dimensions much larger than its rendered size. This can negatively impact application loading performance. For more information about addressing or disabling this warning, see https://v22.angular.dev/errors/NG0913. Find more at https://v22.angular.dev/errors/NG0913 @ http://localhost:4200/@fs/D:/repos/luxuryapp-api/appsweb/angular/.angular/cache/22.1.8/luxury-app/vite/deps/core-BtAdGG1h.js?v=023c1ce3:17980
[ 1835121ms] [VERBOSE] [DOM] Input elements should have autocomplete attributes (suggested: "current-password"): (More info: https://goo.gl/9p2vKq) %o @ http://localhost:4200/auth/login:0
[ 3295046ms] [LOG] %c📦 [StorageService] Inicializando servicio de almacenamiento local... color: #3F51B5; font-style: italic; @ http://localhost:4200/chunk-H2E4C4AE.js:2883
[ 3295048ms] [LOG] %c [AuthService] Verificando ruta inicial: /auth/login | Es publica: true color: #9C27B0; font-style: italic; @ http://localhost:4200/chunk-H2E4C4AE.js:2883
[ 3295048ms] [LOG] %c [AuthService] Ruta publica detectada. Omitiendo login silencioso. color: #FFC107; font-style: italic; @ http://localhost:4200/chunk-H2E4C4AE.js:2883
[ 3295049ms] [LOG] %c🚀 [Initializer] Starting application state initialization... color: purple; font-style: italic; @ http://localhost:4200/chunk-H2E4C4AE.js:2883
[ 3295049ms] [LOG] %c🤷 [Initializer] No user session. Skipping customer state initialization. color: #9E9E9E; font-style: italic; @ http://localhost:4200/chunk-H2E4C4AE.js:2883
[ 3295050ms] [LOG] %c✅ [Initializer] State initialization complete. color: green; font-style: italic; @ http://localhost:4200/chunk-H2E4C4AE.js:2883
[ 3295087ms] [LOG] %c🔄 UpdateService: Inicializando servicio de actualizaciones color: blue; font-weight: bold; @ http://localhost:4200/chunk-2BPO4FAW.js:17
[ 3295087ms] [LOG] %c🔄 UpdateService: ❌ Service Worker NO habilitado color: red; font-weight: bold; @ http://localhost:4200/chunk-2BPO4FAW.js:33
[ 3295094ms] [LOG] %c🚀 [App] ¡Aplicación iniciada! Soy más ligero y rápido que nunca. color: #673AB7; font-style: italic; @ http://localhost:4200/chunk-H2E4C4AE.js:2883
[ 3295099ms] [LOG] Angular is running in development mode. @ http://localhost:4200/@fs/D:/repos/luxuryapp-api/appsweb/angular/.angular/cache/22.1.8/luxury-app/vite/deps/core-BtAdGG1h.js?v=023c1ce3:9175
[ 3295316ms] [LOG] %c🔐 [SecurityService] Servicio de seguridad inicializado. color: #3F51B5; font-style: italic; @ http://localhost:4200/chunk-H2E4C4AE.js:2883
[ 3295344ms] [LOG] %c [Login] Iniciando.. color: #607D8B; font-style: italic; @ http://localhost:4200/chunk-H2E4C4AE.js:2883
[ 3295344ms] [LOG] %c [Login] Usando / como redireccion por defecto. color: #607D8B; font-style: italic; @ http://localhost:4200/chunk-H2E4C4AE.js:2883
[ 3295344ms] [LOG] %c [Login] URL final de redireccion: / color: #2196F3; font-style: italic; @ http://localhost:4200/chunk-H2E4C4AE.js:2883
[ 3295345ms] [LOG] %c🚪 [SecurityService] Limpiando datos de autenticación... color: #F44336; font-style: italic; @ http://localhost:4200/chunk-H2E4C4AE.js:2883
[ 3295345ms] [LOG] %c🗑️ [StorageService] Eliminando clave: 'userAuthData' color: #F44336; font-style: italic; @ http://localhost:4200/chunk-H2E4C4AE.js:2883
[ 3295345ms] [LOG] %c✅ [StorageService] Clave 'userAuthData' eliminada. color: #9E9E9E; font-style: italic; @ http://localhost:4200/chunk-H2E4C4AE.js:2883
[ 3295345ms] [LOG] %c🗑️ [StorageService] Eliminando clave: 'accessToken' color: #F44336; font-style: italic; @ http://localhost:4200/chunk-H2E4C4AE.js:2883
[ 3295345ms] [LOG] %c✅ [StorageService] Clave 'accessToken' eliminada. color: #9E9E9E; font-style: italic; @ http://localhost:4200/chunk-H2E4C4AE.js:2883
[ 3295346ms] [LOG] %c🧹 [SecurityService] Datos de sesión eliminados: userAuthData y accessToken. color: #9E9E9E; font-style: italic; @ http://localhost:4200/chunk-H2E4C4AE.js:2883
[ 3295346ms] [LOG] %c [Login] Datos de sesion previa eliminados. color: #9E9E9E; font-style: italic; @ http://localhost:4200/chunk-H2E4C4AE.js:2883
[ 3295346ms] [LOG] %c🚪 [SecurityService] Limpiando datos de autenticación... color: #F44336; font-style: italic; @ http://localhost:4200/chunk-H2E4C4AE.js:2883
[ 3295346ms] [LOG] %c🗑️ [StorageService] Eliminando clave: 'userAuthData' color: #F44336; font-style: italic; @ http://localhost:4200/chunk-H2E4C4AE.js:2883
[ 3295347ms] [LOG] %c✅ [StorageService] Clave 'userAuthData' eliminada. color: #9E9E9E; font-style: italic; @ http://localhost:4200/chunk-H2E4C4AE.js:2883
[ 3295347ms] [LOG] %c🗑️ [StorageService] Eliminando clave: 'accessToken' color: #F44336; font-style: italic; @ http://localhost:4200/chunk-H2E4C4AE.js:2883
[ 3295347ms] [LOG] %c✅ [StorageService] Clave 'accessToken' eliminada. color: #9E9E9E; font-style: italic; @ http://localhost:4200/chunk-H2E4C4AE.js:2883
[ 3295347ms] [LOG] %c🧹 [SecurityService] Datos de sesión eliminados: userAuthData y accessToken. color: #9E9E9E; font-style: italic; @ http://localhost:4200/chunk-H2E4C4AE.js:2883
[ 3295412ms] [WARNING] NG0913: An image with src http://localhost:4200/assets/oficial/Logo%20Files/png/Color%20logo%20-%20no%20background.png has intrinsic file dimensions much larger than its rendered size. This can negatively impact application loading performance. For more information about addressing or disabling this warning, see https://v22.angular.dev/errors/NG0913. Find more at https://v22.angular.dev/errors/NG0913 @ http://localhost:4200/@fs/D:/repos/luxuryapp-api/appsweb/angular/.angular/cache/22.1.8/luxury-app/vite/deps/core-BtAdGG1h.js?v=023c1ce3:17980
[ 3295413ms] [WARNING] NG0913: An image with src http://localhost:4200/assets/oficial/Logo%20Files/png/Color%20logo%20-%20no%20background.png has intrinsic file dimensions much larger than its rendered size. This can negatively impact application loading performance. For more information about addressing or disabling this warning, see https://v22.angular.dev/errors/NG0913. Find more at https://v22.angular.dev/errors/NG0913 @ http://localhost:4200/@fs/D:/repos/luxuryapp-api/appsweb/angular/.angular/cache/22.1.8/luxury-app/vite/deps/core-BtAdGG1h.js?v=023c1ce3:17980
[ 3295414ms] [WARNING] NG0913: An image with src http://localhost:4200/assets/oficial/Logo%20Files/png/White%20logo%20-%20no%20background.png has intrinsic file dimensions much larger than its rendered size. This can negatively impact application loading performance. For more information about addressing or disabling this warning, see https://v22.angular.dev/errors/NG0913. Find more at https://v22.angular.dev/errors/NG0913 @ http://localhost:4200/@fs/D:/repos/luxuryapp-api/appsweb/angular/.angular/cache/22.1.8/luxury-app/vite/deps/core-BtAdGG1h.js?v=023c1ce3:17980
[ 3295438ms] [VERBOSE] [DOM] Input elements should have autocomplete attributes (suggested: "current-password"): (More info: https://goo.gl/9p2vKq) %o @ http://localhost:4200/auth/login:0
[ 3360984ms] [LOG] %c📦 [StorageService] Inicializando servicio de almacenamiento local... color: #3F51B5; font-style: italic; @ http://localhost:4200/chunk-H2E4C4AE.js:2883
[ 3360986ms] [LOG] %c [AuthService] Verificando ruta inicial: /auth/login | Es publica: true color: #9C27B0; font-style: italic; @ http://localhost:4200/chunk-H2E4C4AE.js:2883
[ 3360986ms] [LOG] %c [AuthService] Ruta publica detectada. Omitiendo login silencioso. color: #FFC107; font-style: italic; @ http://localhost:4200/chunk-H2E4C4AE.js:2883
[ 3360987ms] [LOG] %c🚀 [Initializer] Starting application state initialization... color: purple; font-style: italic; @ http://localhost:4200/chunk-H2E4C4AE.js:2883
[ 3360987ms] [LOG] %c🤷 [Initializer] No user session. Skipping customer state initialization. color: #9E9E9E; font-style: italic; @ http://localhost:4200/chunk-H2E4C4AE.js:2883
[ 3360988ms] [LOG] %c✅ [Initializer] State initialization complete. color: green; font-style: italic; @ http://localhost:4200/chunk-H2E4C4AE.js:2883
[ 3361018ms] [LOG] %c🔄 UpdateService: Inicializando servicio de actualizaciones color: blue; font-weight: bold; @ http://localhost:4200/chunk-2BPO4FAW.js:17
[ 3361019ms] [LOG] %c🔄 UpdateService: ❌ Service Worker NO habilitado color: red; font-weight: bold; @ http://localhost:4200/chunk-2BPO4FAW.js:33
[ 3361023ms] [LOG] %c🚀 [App] ¡Aplicación iniciada! Soy más ligero y rápido que nunca. color: #673AB7; font-style: italic; @ http://localhost:4200/chunk-H2E4C4AE.js:2883
[ 3361030ms] [LOG] Angular is running in development mode. @ http://localhost:4200/@fs/D:/repos/luxuryapp-api/appsweb/angular/.angular/cache/22.1.8/luxury-app/vite/deps/core-BtAdGG1h.js?v=023c1ce3:9175
[ 3361141ms] [LOG] %c🔐 [SecurityService] Servicio de seguridad inicializado. color: #3F51B5; font-style: italic; @ http://localhost:4200/chunk-H2E4C4AE.js:2883
[ 3361175ms] [LOG] %c [Login] Iniciando.. color: #607D8B; font-style: italic; @ http://localhost:4200/chunk-H2E4C4AE.js:2883
[ 3361176ms] [LOG] %c [Login] Usando / como redireccion por defecto. color: #607D8B; font-style: italic; @ http://localhost:4200/chunk-H2E4C4AE.js:2883
[ 3361176ms] [LOG] %c [Login] URL final de redireccion: / color: #2196F3; font-style: italic; @ http://localhost:4200/chunk-H2E4C4AE.js:2883
[ 3361176ms] [LOG] %c🚪 [SecurityService] Limpiando datos de autenticación... color: #F44336; font-style: italic; @ http://localhost:4200/chunk-H2E4C4AE.js:2883
[ 3361176ms] [LOG] %c🗑️ [StorageService] Eliminando clave: 'userAuthData' color: #F44336; font-style: italic; @ http://localhost:4200/chunk-H2E4C4AE.js:2883
[ 3361177ms] [LOG] %c✅ [StorageService] Clave 'userAuthData' eliminada. color: #9E9E9E; font-style: italic; @ http://localhost:4200/chunk-H2E4C4AE.js:2883
[ 3361177ms] [LOG] %c🗑️ [StorageService] Eliminando clave: 'accessToken' color: #F44336; font-style: italic; @ http://localhost:4200/chunk-H2E4C4AE.js:2883
[ 3361178ms] [LOG] %c✅ [StorageService] Clave 'accessToken' eliminada. color: #9E9E9E; font-style: italic; @ http://localhost:4200/chunk-H2E4C4AE.js:2883
[ 3361178ms] [LOG] %c🧹 [SecurityService] Datos de sesión eliminados: userAuthData y accessToken. color: #9E9E9E; font-style: italic; @ http://localhost:4200/chunk-H2E4C4AE.js:2883
[ 3361179ms] [LOG] %c [Login] Datos de sesion previa eliminados. color: #9E9E9E; font-style: italic; @ http://localhost:4200/chunk-H2E4C4AE.js:2883
[ 3361183ms] [LOG] %c🚪 [SecurityService] Limpiando datos de autenticación... color: #F44336; font-style: italic; @ http://localhost:4200/chunk-H2E4C4AE.js:2883
[ 3361184ms] [LOG] %c🗑️ [StorageService] Eliminando clave: 'userAuthData' color: #F44336; font-style: italic; @ http://localhost:4200/chunk-H2E4C4AE.js:2883
[ 3361185ms] [LOG] %c✅ [StorageService] Clave 'userAuthData' eliminada. color: #9E9E9E; font-style: italic; @ http://localhost:4200/chunk-H2E4C4AE.js:2883
[ 3361185ms] [LOG] %c🗑️ [StorageService] Eliminando clave: 'accessToken' color: #F44336; font-style: italic; @ http://localhost:4200/chunk-H2E4C4AE.js:2883
[ 3361186ms] [LOG] %c✅ [StorageService] Clave 'accessToken' eliminada. color: #9E9E9E; font-style: italic; @ http://localhost:4200/chunk-H2E4C4AE.js:2883
[ 3361187ms] [LOG] %c🧹 [SecurityService] Datos de sesión eliminados: userAuthData y accessToken. color: #9E9E9E; font-style: italic; @ http://localhost:4200/chunk-H2E4C4AE.js:2883
[ 3361250ms] [WARNING] NG0913: An image with src http://localhost:4200/assets/oficial/Logo%20Files/png/Color%20logo%20-%20no%20background.png has intrinsic file dimensions much larger than its rendered size. This can negatively impact application loading performance. For more information about addressing or disabling this warning, see https://v22.angular.dev/errors/NG0913. Find more at https://v22.angular.dev/errors/NG0913 @ http://localhost:4200/@fs/D:/repos/luxuryapp-api/appsweb/angular/.angular/cache/22.1.8/luxury-app/vite/deps/core-BtAdGG1h.js?v=023c1ce3:17980
[ 3361251ms] [WARNING] NG0913: An image with src http://localhost:4200/assets/oficial/Logo%20Files/png/Color%20logo%20-%20no%20background.png has intrinsic file dimensions much larger than its rendered size. This can negatively impact application loading performance. For more information about addressing or disabling this warning, see https://v22.angular.dev/errors/NG0913. Find more at https://v22.angular.dev/errors/NG0913 @ http://localhost:4200/@fs/D:/repos/luxuryapp-api/appsweb/angular/.angular/cache/22.1.8/luxury-app/vite/deps/core-BtAdGG1h.js?v=023c1ce3:17980
[ 3361252ms] [WARNING] NG0913: An image with src http://localhost:4200/assets/oficial/Logo%20Files/png/White%20logo%20-%20no%20background.png has intrinsic file dimensions much larger than its rendered size. This can negatively impact application loading performance. For more information about addressing or disabling this warning, see https://v22.angular.dev/errors/NG0913. Find more at https://v22.angular.dev/errors/NG0913 @ http://localhost:4200/@fs/D:/repos/luxuryapp-api/appsweb/angular/.angular/cache/22.1.8/luxury-app/vite/deps/core-BtAdGG1h.js?v=023c1ce3:17980
[ 3361277ms] [VERBOSE] [DOM] Input elements should have autocomplete attributes (suggested: "current-password"): (More info: https://goo.gl/9p2vKq) %o @ http://localhost:4200/auth/login:0
[ 3372418ms] [LOG] %c📦 [StorageService] Inicializando servicio de almacenamiento local... color: #3F51B5; font-style: italic; @ http://localhost:4200/chunk-H2E4C4AE.js:2883
[ 3372420ms] [LOG] %c [AuthService] Verificando ruta inicial: /auth/login | Es publica: true color: #9C27B0; font-style: italic; @ http://localhost:4200/chunk-H2E4C4AE.js:2883
[ 3372421ms] [LOG] %c [AuthService] Ruta publica detectada. Omitiendo login silencioso. color: #FFC107; font-style: italic; @ http://localhost:4200/chunk-H2E4C4AE.js:2883
[ 3372421ms] [LOG] %c🚀 [Initializer] Starting application state initialization... color: purple; font-style: italic; @ http://localhost:4200/chunk-H2E4C4AE.js:2883
[ 3372422ms] [LOG] %c🤷 [Initializer] No user session. Skipping customer state initialization. color: #9E9E9E; font-style: italic; @ http://localhost:4200/chunk-H2E4C4AE.js:2883
[ 3372423ms] [LOG] %c✅ [Initializer] State initialization complete. color: green; font-style: italic; @ http://localhost:4200/chunk-H2E4C4AE.js:2883
[ 3372459ms] [LOG] %c🔄 UpdateService: Inicializando servicio de actualizaciones color: blue; font-weight: bold; @ http://localhost:4200/chunk-2BPO4FAW.js:17
[ 3372460ms] [LOG] %c🔄 UpdateService: ❌ Service Worker NO habilitado color: red; font-weight: bold; @ http://localhost:4200/chunk-2BPO4FAW.js:33
[ 3372466ms] [LOG] %c🚀 [App] ¡Aplicación iniciada! Soy más ligero y rápido que nunca. color: #673AB7; font-style: italic; @ http://localhost:4200/chunk-H2E4C4AE.js:2883
[ 3372475ms] [LOG] Angular is running in development mode. @ http://localhost:4200/@fs/D:/repos/luxuryapp-api/appsweb/angular/.angular/cache/22.1.8/luxury-app/vite/deps/core-BtAdGG1h.js?v=023c1ce3:9175
[ 3372594ms] [LOG] %c🔐 [SecurityService] Servicio de seguridad inicializado. color: #3F51B5; font-style: italic; @ http://localhost:4200/chunk-H2E4C4AE.js:2883
[ 3372623ms] [LOG] %c [Login] Iniciando.. color: #607D8B; font-style: italic; @ http://localhost:4200/chunk-H2E4C4AE.js:2883
[ 3372623ms] [LOG] %c [Login] Usando / como redireccion por defecto. color: #607D8B; font-style: italic; @ http://localhost:4200/chunk-H2E4C4AE.js:2883
[ 3372623ms] [LOG] %c [Login] URL final de redireccion: / color: #2196F3; font-style: italic; @ http://localhost:4200/chunk-H2E4C4AE.js:2883
[ 3372623ms] [LOG] %c🚪 [SecurityService] Limpiando datos de autenticación... color: #F44336; font-style: italic; @ http://localhost:4200/chunk-H2E4C4AE.js:2883
[ 3372624ms] [LOG] %c🗑️ [StorageService] Eliminando clave: 'userAuthData' color: #F44336; font-style: italic; @ http://localhost:4200/chunk-H2E4C4AE.js:2883
[ 3372624ms] [LOG] %c✅ [StorageService] Clave 'userAuthData' eliminada. color: #9E9E9E; font-style: italic; @ http://localhost:4200/chunk-H2E4C4AE.js:2883
[ 3372624ms] [LOG] %c🗑️ [StorageService] Eliminando clave: 'accessToken' color: #F44336; font-style: italic; @ http://localhost:4200/chunk-H2E4C4AE.js:2883
[ 3372624ms] [LOG] %c✅ [StorageService] Clave 'accessToken' eliminada. color: #9E9E9E; font-style: italic; @ http://localhost:4200/chunk-H2E4C4AE.js:2883
[ 3372625ms] [LOG] %c🧹 [SecurityService] Datos de sesión eliminados: userAuthData y accessToken. color: #9E9E9E; font-style: italic; @ http://localhost:4200/chunk-H2E4C4AE.js:2883
[ 3372625ms] [LOG] %c [Login] Datos de sesion previa eliminados. color: #9E9E9E; font-style: italic; @ http://localhost:4200/chunk-H2E4C4AE.js:2883
[ 3372625ms] [LOG] %c🚪 [SecurityService] Limpiando datos de autenticación... color: #F44336; font-style: italic; @ http://localhost:4200/chunk-H2E4C4AE.js:2883
[ 3372625ms] [LOG] %c🗑️ [StorageService] Eliminando clave: 'userAuthData' color: #F44336; font-style: italic; @ http://localhost:4200/chunk-H2E4C4AE.js:2883
[ 3372626ms] [LOG] %c✅ [StorageService] Clave 'userAuthData' eliminada. color: #9E9E9E; font-style: italic; @ http://localhost:4200/chunk-H2E4C4AE.js:2883
[ 3372626ms] [LOG] %c🗑️ [StorageService] Eliminando clave: 'accessToken' color: #F44336; font-style: italic; @ http://localhost:4200/chunk-H2E4C4AE.js:2883
[ 3372626ms] [LOG] %c✅ [StorageService] Clave 'accessToken' eliminada. color: #9E9E9E; font-style: italic; @ http://localhost:4200/chunk-H2E4C4AE.js:2883
[ 3372626ms] [LOG] %c🧹 [SecurityService] Datos de sesión eliminados: userAuthData y accessToken. color: #9E9E9E; font-style: italic; @ http://localhost:4200/chunk-H2E4C4AE.js:2883
[ 3372683ms] [WARNING] NG0913: An image with src http://localhost:4200/assets/oficial/Logo%20Files/png/Color%20logo%20-%20no%20background.png has intrinsic file dimensions much larger than its rendered size. This can negatively impact application loading performance. For more information about addressing or disabling this warning, see https://v22.angular.dev/errors/NG0913. Find more at https://v22.angular.dev/errors/NG0913 @ http://localhost:4200/@fs/D:/repos/luxuryapp-api/appsweb/angular/.angular/cache/22.1.8/luxury-app/vite/deps/core-BtAdGG1h.js?v=023c1ce3:17980
[ 3372683ms] [WARNING] NG0913: An image with src http://localhost:4200/assets/oficial/Logo%20Files/png/Color%20logo%20-%20no%20background.png has intrinsic file dimensions much larger than its rendered size. This can negatively impact application loading performance. For more information about addressing or disabling this warning, see https://v22.angular.dev/errors/NG0913. Find more at https://v22.angular.dev/errors/NG0913 @ http://localhost:4200/@fs/D:/repos/luxuryapp-api/appsweb/angular/.angular/cache/22.1.8/luxury-app/vite/deps/core-BtAdGG1h.js?v=023c1ce3:17980
[ 3372684ms] [WARNING] NG0913: An image with src http://localhost:4200/assets/oficial/Logo%20Files/png/White%20logo%20-%20no%20background.png has intrinsic file dimensions much larger than its rendered size. This can negatively impact application loading performance. For more information about addressing or disabling this warning, see https://v22.angular.dev/errors/NG0913. Find more at https://v22.angular.dev/errors/NG0913 @ http://localhost:4200/@fs/D:/repos/luxuryapp-api/appsweb/angular/.angular/cache/22.1.8/luxury-app/vite/deps/core-BtAdGG1h.js?v=023c1ce3:17980
[ 3372722ms] [VERBOSE] [DOM] Input elements should have autocomplete attributes (suggested: "current-password"): (More info: https://goo.gl/9p2vKq) %o @ http://localhost:4200/auth/login:0
[ 3385609ms] [LOG] %c📦 [StorageService] Inicializando servicio de almacenamiento local... color: #3F51B5; font-style: italic; @ http://localhost:4200/chunk-H2E4C4AE.js:2883
[ 3385610ms] [LOG] %c [AuthService] Verificando ruta inicial: /auth/login | Es publica: true color: #9C27B0; font-style: italic; @ http://localhost:4200/chunk-H2E4C4AE.js:2883
[ 3385611ms] [LOG] %c [AuthService] Ruta publica detectada. Omitiendo login silencioso. color: #FFC107; font-style: italic; @ http://localhost:4200/chunk-H2E4C4AE.js:2883
[ 3385611ms] [LOG] %c🚀 [Initializer] Starting application state initialization... color: purple; font-style: italic; @ http://localhost:4200/chunk-H2E4C4AE.js:2883
[ 3385612ms] [LOG] %c🤷 [Initializer] No user session. Skipping customer state initialization. color: #9E9E9E; font-style: italic; @ http://localhost:4200/chunk-H2E4C4AE.js:2883
[ 3385613ms] [LOG] %c✅ [Initializer] State initialization complete. color: green; font-style: italic; @ http://localhost:4200/chunk-H2E4C4AE.js:2883
[ 3385642ms] [LOG] %c🔄 UpdateService: Inicializando servicio de actualizaciones color: blue; font-weight: bold; @ http://localhost:4200/chunk-2BPO4FAW.js:17
[ 3385643ms] [LOG] %c🔄 UpdateService: ❌ Service Worker NO habilitado color: red; font-weight: bold; @ http://localhost:4200/chunk-2BPO4FAW.js:33
[ 3385648ms] [LOG] %c🚀 [App] ¡Aplicación iniciada! Soy más ligero y rápido que nunca. color: #673AB7; font-style: italic; @ http://localhost:4200/chunk-H2E4C4AE.js:2883
[ 3385653ms] [LOG] Angular is running in development mode. @ http://localhost:4200/@fs/D:/repos/luxuryapp-api/appsweb/angular/.angular/cache/22.1.8/luxury-app/vite/deps/core-BtAdGG1h.js?v=023c1ce3:9175
[ 3385767ms] [LOG] %c🔐 [SecurityService] Servicio de seguridad inicializado. color: #3F51B5; font-style: italic; @ http://localhost:4200/chunk-H2E4C4AE.js:2883
[ 3385797ms] [LOG] %c [Login] Iniciando.. color: #607D8B; font-style: italic; @ http://localhost:4200/chunk-H2E4C4AE.js:2883
[ 3385797ms] [LOG] %c [Login] Usando / como redireccion por defecto. color: #607D8B; font-style: italic; @ http://localhost:4200/chunk-H2E4C4AE.js:2883
[ 3385803ms] [LOG] %c [Login] URL final de redireccion: / color: #2196F3; font-style: italic; @ http://localhost:4200/chunk-H2E4C4AE.js:2883
[ 3385805ms] [LOG] %c🚪 [SecurityService] Limpiando datos de autenticación... color: #F44336; font-style: italic; @ http://localhost:4200/chunk-H2E4C4AE.js:2883
[ 3385805ms] [LOG] %c🗑️ [StorageService] Eliminando clave: 'userAuthData' color: #F44336; font-style: italic; @ http://localhost:4200/chunk-H2E4C4AE.js:2883
[ 3385806ms] [LOG] %c✅ [StorageService] Clave 'userAuthData' eliminada. color: #9E9E9E; font-style: italic; @ http://localhost:4200/chunk-H2E4C4AE.js:2883
[ 3385807ms] [LOG] %c🗑️ [StorageService] Eliminando clave: 'accessToken' color: #F44336; font-style: italic; @ http://localhost:4200/chunk-H2E4C4AE.js:2883
[ 3385807ms] [LOG] %c✅ [StorageService] Clave 'accessToken' eliminada. color: #9E9E9E; font-style: italic; @ http://localhost:4200/chunk-H2E4C4AE.js:2883
[ 3385808ms] [LOG] %c🧹 [SecurityService] Datos de sesión eliminados: userAuthData y accessToken. color: #9E9E9E; font-style: italic; @ http://localhost:4200/chunk-H2E4C4AE.js:2883
[ 3385808ms] [LOG] %c [Login] Datos de sesion previa eliminados. color: #9E9E9E; font-style: italic; @ http://localhost:4200/chunk-H2E4C4AE.js:2883
[ 3385809ms] [LOG] %c🚪 [SecurityService] Limpiando datos de autenticación... color: #F44336; font-style: italic; @ http://localhost:4200/chunk-H2E4C4AE.js:2883
[ 3385809ms] [LOG] %c🗑️ [StorageService] Eliminando clave: 'userAuthData' color: #F44336; font-style: italic; @ http://localhost:4200/chunk-H2E4C4AE.js:2883
[ 3385809ms] [LOG] %c✅ [StorageService] Clave 'userAuthData' eliminada. color: #9E9E9E; font-style: italic; @ http://localhost:4200/chunk-H2E4C4AE.js:2883
[ 3385809ms] [LOG] %c🗑️ [StorageService] Eliminando clave: 'accessToken' color: #F44336; font-style: italic; @ http://localhost:4200/chunk-H2E4C4AE.js:2883
[ 3385809ms] [LOG] %c✅ [StorageService] Clave 'accessToken' eliminada. color: #9E9E9E; font-style: italic; @ http://localhost:4200/chunk-H2E4C4AE.js:2883
[ 3385810ms] [LOG] %c🧹 [SecurityService] Datos de sesión eliminados: userAuthData y accessToken. color: #9E9E9E; font-style: italic; @ http://localhost:4200/chunk-H2E4C4AE.js:2883
[ 3385879ms] [WARNING] NG0913: An image with src http://localhost:4200/assets/oficial/Logo%20Files/png/Color%20logo%20-%20no%20background.png has intrinsic file dimensions much larger than its rendered size. This can negatively impact application loading performance. For more information about addressing or disabling this warning, see https://v22.angular.dev/errors/NG0913. Find more at https://v22.angular.dev/errors/NG0913 @ http://localhost:4200/@fs/D:/repos/luxuryapp-api/appsweb/angular/.angular/cache/22.1.8/luxury-app/vite/deps/core-BtAdGG1h.js?v=023c1ce3:17980
[ 3385880ms] [WARNING] NG0913: An image with src http://localhost:4200/assets/oficial/Logo%20Files/png/Color%20logo%20-%20no%20background.png has intrinsic file dimensions much larger than its rendered size. This can negatively impact application loading performance. For more information about addressing or disabling this warning, see https://v22.angular.dev/errors/NG0913. Find more at https://v22.angular.dev/errors/NG0913 @ http://localhost:4200/@fs/D:/repos/luxuryapp-api/appsweb/angular/.angular/cache/22.1.8/luxury-app/vite/deps/core-BtAdGG1h.js?v=023c1ce3:17980
[ 3385880ms] [WARNING] NG0913: An image with src http://localhost:4200/assets/oficial/Logo%20Files/png/White%20logo%20-%20no%20background.png has intrinsic file dimensions much larger than its rendered size. This can negatively impact application loading performance. For more information about addressing or disabling this warning, see https://v22.angular.dev/errors/NG0913. Find more at https://v22.angular.dev/errors/NG0913 @ http://localhost:4200/@fs/D:/repos/luxuryapp-api/appsweb/angular/.angular/cache/22.1.8/luxury-app/vite/deps/core-BtAdGG1h.js?v=023c1ce3:17980
[ 3385891ms] [VERBOSE] [DOM] Input elements should have autocomplete attributes (suggested: "current-password"): (More info: https://goo.gl/9p2vKq) %o @ http://localhost:4200/auth/login:0
[ 3679233ms] [LOG] %c📦 [StorageService] Inicializando servicio de almacenamiento local... color: #3F51B5; font-style: italic; @ http://localhost:4200/chunk-H2E4C4AE.js:2883
[ 3679234ms] [LOG] %c [AuthService] Verificando ruta inicial: /auth/login | Es publica: true color: #9C27B0; font-style: italic; @ http://localhost:4200/chunk-H2E4C4AE.js:2883
[ 3679234ms] [LOG] %c [AuthService] Ruta publica detectada. Omitiendo login silencioso. color: #FFC107; font-style: italic; @ http://localhost:4200/chunk-H2E4C4AE.js:2883
[ 3679235ms] [LOG] %c🚀 [Initializer] Starting application state initialization... color: purple; font-style: italic; @ http://localhost:4200/chunk-H2E4C4AE.js:2883
[ 3679235ms] [LOG] %c🤷 [Initializer] No user session. Skipping customer state initialization. color: #9E9E9E; font-style: italic; @ http://localhost:4200/chunk-H2E4C4AE.js:2883
[ 3679236ms] [LOG] %c✅ [Initializer] State initialization complete. color: green; font-style: italic; @ http://localhost:4200/chunk-H2E4C4AE.js:2883
[ 3679276ms] [LOG] %c🔄 UpdateService: Inicializando servicio de actualizaciones color: blue; font-weight: bold; @ http://localhost:4200/chunk-2BPO4FAW.js:17
[ 3679276ms] [LOG] %c🔄 UpdateService: ❌ Service Worker NO habilitado color: red; font-weight: bold; @ http://localhost:4200/chunk-2BPO4FAW.js:33
[ 3679281ms] [LOG] %c🚀 [App] ¡Aplicación iniciada! Soy más ligero y rápido que nunca. color: #673AB7; font-style: italic; @ http://localhost:4200/chunk-H2E4C4AE.js:2883
[ 3679287ms] [LOG] Angular is running in development mode. @ http://localhost:4200/@fs/D:/repos/luxuryapp-api/appsweb/angular/.angular/cache/22.1.8/luxury-app/vite/deps/core-BtAdGG1h.js?v=023c1ce3:9175
[ 3679429ms] [LOG] %c🔐 [SecurityService] Servicio de seguridad inicializado. color: #3F51B5; font-style: italic; @ http://localhost:4200/chunk-H2E4C4AE.js:2883
[ 3679478ms] [LOG] %c [Login] Iniciando.. color: #607D8B; font-style: italic; @ http://localhost:4200/chunk-H2E4C4AE.js:2883
[ 3679479ms] [LOG] %c [Login] Usando / como redireccion por defecto. color: #607D8B; font-style: italic; @ http://localhost:4200/chunk-H2E4C4AE.js:2883
[ 3679479ms] [LOG] %c [Login] URL final de redireccion: / color: #2196F3; font-style: italic; @ http://localhost:4200/chunk-H2E4C4AE.js:2883
[ 3679480ms] [LOG] %c🚪 [SecurityService] Limpiando datos de autenticación... color: #F44336; font-style: italic; @ http://localhost:4200/chunk-H2E4C4AE.js:2883
[ 3679480ms] [LOG] %c🗑️ [StorageService] Eliminando clave: 'userAuthData' color: #F44336; font-style: italic; @ http://localhost:4200/chunk-H2E4C4AE.js:2883
[ 3679480ms] [LOG] %c✅ [StorageService] Clave 'userAuthData' eliminada. color: #9E9E9E; font-style: italic; @ http://localhost:4200/chunk-H2E4C4AE.js:2883
[ 3679481ms] [LOG] %c🗑️ [StorageService] Eliminando clave: 'accessToken' color: #F44336; font-style: italic; @ http://localhost:4200/chunk-H2E4C4AE.js:2883
[ 3679481ms] [LOG] %c✅ [StorageService] Clave 'accessToken' eliminada. color: #9E9E9E; font-style: italic; @ http://localhost:4200/chunk-H2E4C4AE.js:2883
[ 3679481ms] [LOG] %c🧹 [SecurityService] Datos de sesión eliminados: userAuthData y accessToken. color: #9E9E9E; font-style: italic; @ http://localhost:4200/chunk-H2E4C4AE.js:2883
[ 3679482ms] [LOG] %c [Login] Datos de sesion previa eliminados. color: #9E9E9E; font-style: italic; @ http://localhost:4200/chunk-H2E4C4AE.js:2883
[ 3679482ms] [LOG] %c🚪 [SecurityService] Limpiando datos de autenticación... color: #F44336; font-style: italic; @ http://localhost:4200/chunk-H2E4C4AE.js:2883
[ 3679482ms] [LOG] %c🗑️ [StorageService] Eliminando clave: 'userAuthData' color: #F44336; font-style: italic; @ http://localhost:4200/chunk-H2E4C4AE.js:2883
[ 3679483ms] [LOG] %c✅ [StorageService] Clave 'userAuthData' eliminada. color: #9E9E9E; font-style: italic; @ http://localhost:4200/chunk-H2E4C4AE.js:2883
[ 3679483ms] [LOG] %c🗑️ [StorageService] Eliminando clave: 'accessToken' color: #F44336; font-style: italic; @ http://localhost:4200/chunk-H2E4C4AE.js:2883
[ 3679483ms] [LOG] %c✅ [StorageService] Clave 'accessToken' eliminada. color: #9E9E9E; font-style: italic; @ http://localhost:4200/chunk-H2E4C4AE.js:2883
[ 3679484ms] [LOG] %c🧹 [SecurityService] Datos de sesión eliminados: userAuthData y accessToken. color: #9E9E9E; font-style: italic; @ http://localhost:4200/chunk-H2E4C4AE.js:2883
[ 3679560ms] [WARNING] NG0913: An image with src http://localhost:4200/assets/oficial/Logo%20Files/png/Color%20logo%20-%20no%20background.png has intrinsic file dimensions much larger than its rendered size. This can negatively impact application loading performance. For more information about addressing or disabling this warning, see https://v22.angular.dev/errors/NG0913. Find more at https://v22.angular.dev/errors/NG0913 @ http://localhost:4200/@fs/D:/repos/luxuryapp-api/appsweb/angular/.angular/cache/22.1.8/luxury-app/vite/deps/core-BtAdGG1h.js?v=023c1ce3:17980
[ 3679561ms] [WARNING] NG0913: An image with src http://localhost:4200/assets/oficial/Logo%20Files/png/Color%20logo%20-%20no%20background.png has intrinsic file dimensions much larger than its rendered size. This can negatively impact application loading performance. For more information about addressing or disabling this warning, see https://v22.angular.dev/errors/NG0913. Find more at https://v22.angular.dev/errors/NG0913 @ http://localhost:4200/@fs/D:/repos/luxuryapp-api/appsweb/angular/.angular/cache/22.1.8/luxury-app/vite/deps/core-BtAdGG1h.js?v=023c1ce3:17980
[ 3679562ms] [WARNING] NG0913: An image with src http://localhost:4200/assets/oficial/Logo%20Files/png/White%20logo%20-%20no%20background.png has intrinsic file dimensions much larger than its rendered size. This can negatively impact application loading performance. For more information about addressing or disabling this warning, see https://v22.angular.dev/errors/NG0913. Find more at https://v22.angular.dev/errors/NG0913 @ http://localhost:4200/@fs/D:/repos/luxuryapp-api/appsweb/angular/.angular/cache/22.1.8/luxury-app/vite/deps/core-BtAdGG1h.js?v=023c1ce3:17980
[ 3679576ms] [VERBOSE] [DOM] Input elements should have autocomplete attributes (suggested: "current-password"): (More info: https://goo.gl/9p2vKq) %o @ http://localhost:4200/auth/login:0
[ 3779134ms] [LOG] %c📦 [StorageService] Inicializando servicio de almacenamiento local... color: #3F51B5; font-style: italic; @ http://localhost:4200/chunk-H2E4C4AE.js:2883
[ 3779136ms] [LOG] %c [AuthService] Verificando ruta inicial: /auth/login | Es publica: true color: #9C27B0; font-style: italic; @ http://localhost:4200/chunk-H2E4C4AE.js:2883
[ 3779136ms] [LOG] %c [AuthService] Ruta publica detectada. Omitiendo login silencioso. color: #FFC107; font-style: italic; @ http://localhost:4200/chunk-H2E4C4AE.js:2883
[ 3779136ms] [LOG] %c🚀 [Initializer] Starting application state initialization... color: purple; font-style: italic; @ http://localhost:4200/chunk-H2E4C4AE.js:2883
[ 3779137ms] [LOG] %c🤷 [Initializer] No user session. Skipping customer state initialization. color: #9E9E9E; font-style: italic; @ http://localhost:4200/chunk-H2E4C4AE.js:2883
[ 3779138ms] [LOG] %c✅ [Initializer] State initialization complete. color: green; font-style: italic; @ http://localhost:4200/chunk-H2E4C4AE.js:2883
[ 3779164ms] [LOG] %c🔄 UpdateService: Inicializando servicio de actualizaciones color: blue; font-weight: bold; @ http://localhost:4200/chunk-2BPO4FAW.js:17
[ 3779164ms] [LOG] %c🔄 UpdateService: ❌ Service Worker NO habilitado color: red; font-weight: bold; @ http://localhost:4200/chunk-2BPO4FAW.js:33
[ 3779173ms] [LOG] %c🚀 [App] ¡Aplicación iniciada! Soy más ligero y rápido que nunca. color: #673AB7; font-style: italic; @ http://localhost:4200/chunk-H2E4C4AE.js:2883
[ 3779179ms] [LOG] Angular is running in development mode. @ http://localhost:4200/@fs/D:/repos/luxuryapp-api/appsweb/angular/.angular/cache/22.1.8/luxury-app/vite/deps/core-BtAdGG1h.js?v=023c1ce3:9175
[ 3779298ms] [LOG] %c🔐 [SecurityService] Servicio de seguridad inicializado. color: #3F51B5; font-style: italic; @ http://localhost:4200/chunk-H2E4C4AE.js:2883
[ 3779339ms] [LOG] %c [Login] Iniciando.. color: #607D8B; font-style: italic; @ http://localhost:4200/chunk-H2E4C4AE.js:2883
[ 3779340ms] [LOG] %c [Login] Usando / como redireccion por defecto. color: #607D8B; font-style: italic; @ http://localhost:4200/chunk-H2E4C4AE.js:2883
[ 3779340ms] [LOG] %c [Login] URL final de redireccion: / color: #2196F3; font-style: italic; @ http://localhost:4200/chunk-H2E4C4AE.js:2883
[ 3779340ms] [LOG] %c🚪 [SecurityService] Limpiando datos de autenticación... color: #F44336; font-style: italic; @ http://localhost:4200/chunk-H2E4C4AE.js:2883
[ 3779341ms] [LOG] %c🗑️ [StorageService] Eliminando clave: 'userAuthData' color: #F44336; font-style: italic; @ http://localhost:4200/chunk-H2E4C4AE.js:2883
[ 3779341ms] [LOG] %c✅ [StorageService] Clave 'userAuthData' eliminada. color: #9E9E9E; font-style: italic; @ http://localhost:4200/chunk-H2E4C4AE.js:2883
[ 3779341ms] [LOG] %c🗑️ [StorageService] Eliminando clave: 'accessToken' color: #F44336; font-style: italic; @ http://localhost:4200/chunk-H2E4C4AE.js:2883
[ 3779342ms] [LOG] %c✅ [StorageService] Clave 'accessToken' eliminada. color: #9E9E9E; font-style: italic; @ http://localhost:4200/chunk-H2E4C4AE.js:2883
[ 3779342ms] [LOG] %c🧹 [SecurityService] Datos de sesión eliminados: userAuthData y accessToken. color: #9E9E9E; font-style: italic; @ http://localhost:4200/chunk-H2E4C4AE.js:2883
[ 3779342ms] [LOG] %c [Login] Datos de sesion previa eliminados. color: #9E9E9E; font-style: italic; @ http://localhost:4200/chunk-H2E4C4AE.js:2883
[ 3779343ms] [LOG] %c🚪 [SecurityService] Limpiando datos de autenticación... color: #F44336; font-style: italic; @ http://localhost:4200/chunk-H2E4C4AE.js:2883
[ 3779343ms] [LOG] %c🗑️ [StorageService] Eliminando clave: 'userAuthData' color: #F44336; font-style: italic; @ http://localhost:4200/chunk-H2E4C4AE.js:2883
[ 3779343ms] [LOG] %c✅ [StorageService] Clave 'userAuthData' eliminada. color: #9E9E9E; font-style: italic; @ http://localhost:4200/chunk-H2E4C4AE.js:2883
[ 3779343ms] [LOG] %c🗑️ [StorageService] Eliminando clave: 'accessToken' color: #F44336; font-style: italic; @ http://localhost:4200/chunk-H2E4C4AE.js:2883
[ 3779343ms] [LOG] %c✅ [StorageService] Clave 'accessToken' eliminada. color: #9E9E9E; font-style: italic; @ http://localhost:4200/chunk-H2E4C4AE.js:2883
[ 3779344ms] [LOG] %c🧹 [SecurityService] Datos de sesión eliminados: userAuthData y accessToken. color: #9E9E9E; font-style: italic; @ http://localhost:4200/chunk-H2E4C4AE.js:2883
[ 3779409ms] [WARNING] NG0913: An image with src http://localhost:4200/assets/oficial/Logo%20Files/png/Color%20logo%20-%20no%20background.png has intrinsic file dimensions much larger than its rendered size. This can negatively impact application loading performance. For more information about addressing or disabling this warning, see https://v22.angular.dev/errors/NG0913. Find more at https://v22.angular.dev/errors/NG0913 @ http://localhost:4200/@fs/D:/repos/luxuryapp-api/appsweb/angular/.angular/cache/22.1.8/luxury-app/vite/deps/core-BtAdGG1h.js?v=023c1ce3:17980
[ 3779410ms] [WARNING] NG0913: An image with src http://localhost:4200/assets/oficial/Logo%20Files/png/Color%20logo%20-%20no%20background.png has intrinsic file dimensions much larger than its rendered size. This can negatively impact application loading performance. For more information about addressing or disabling this warning, see https://v22.angular.dev/errors/NG0913. Find more at https://v22.angular.dev/errors/NG0913 @ http://localhost:4200/@fs/D:/repos/luxuryapp-api/appsweb/angular/.angular/cache/22.1.8/luxury-app/vite/deps/core-BtAdGG1h.js?v=023c1ce3:17980
[ 3779411ms] [WARNING] NG0913: An image with src http://localhost:4200/assets/oficial/Logo%20Files/png/White%20logo%20-%20no%20background.png has intrinsic file dimensions much larger than its rendered size. This can negatively impact application loading performance. For more information about addressing or disabling this warning, see https://v22.angular.dev/errors/NG0913. Find more at https://v22.angular.dev/errors/NG0913 @ http://localhost:4200/@fs/D:/repos/luxuryapp-api/appsweb/angular/.angular/cache/22.1.8/luxury-app/vite/deps/core-BtAdGG1h.js?v=023c1ce3:17980
[ 3779434ms] [VERBOSE] [DOM] Input elements should have autocomplete attributes (suggested: "current-password"): (More info: https://goo.gl/9p2vKq) %o @ http://localhost:4200/auth/login:0
[ 3798523ms] [LOG] %c📦 [StorageService] Inicializando servicio de almacenamiento local... color: #3F51B5; font-style: italic; @ http://localhost:4200/chunk-H2E4C4AE.js:2883
[ 3798524ms] [LOG] %c [AuthService] Verificando ruta inicial: /auth/login | Es publica: true color: #9C27B0; font-style: italic; @ http://localhost:4200/chunk-H2E4C4AE.js:2883
[ 3798524ms] [LOG] %c [AuthService] Ruta publica detectada. Omitiendo login silencioso. color: #FFC107; font-style: italic; @ http://localhost:4200/chunk-H2E4C4AE.js:2883
[ 3798524ms] [LOG] %c🚀 [Initializer] Starting application state initialization... color: purple; font-style: italic; @ http://localhost:4200/chunk-H2E4C4AE.js:2883
[ 3798524ms] [LOG] %c🤷 [Initializer] No user session. Skipping customer state initialization. color: #9E9E9E; font-style: italic; @ http://localhost:4200/chunk-H2E4C4AE.js:2883
[ 3798525ms] [LOG] %c✅ [Initializer] State initialization complete. color: green; font-style: italic; @ http://localhost:4200/chunk-H2E4C4AE.js:2883
[ 3798546ms] [LOG] %c🔄 UpdateService: Inicializando servicio de actualizaciones color: blue; font-weight: bold; @ http://localhost:4200/chunk-2BPO4FAW.js:17
[ 3798546ms] [LOG] %c🔄 UpdateService: ❌ Service Worker NO habilitado color: red; font-weight: bold; @ http://localhost:4200/chunk-2BPO4FAW.js:33
[ 3798557ms] [LOG] %c🚀 [App] ¡Aplicación iniciada! Soy más ligero y rápido que nunca. color: #673AB7; font-style: italic; @ http://localhost:4200/chunk-H2E4C4AE.js:2883
[ 3798564ms] [LOG] Angular is running in development mode. @ http://localhost:4200/@fs/D:/repos/luxuryapp-api/appsweb/angular/.angular/cache/22.1.8/luxury-app/vite/deps/core-BtAdGG1h.js?v=023c1ce3:9175
[ 3798659ms] [LOG] %c🔐 [SecurityService] Servicio de seguridad inicializado. color: #3F51B5; font-style: italic; @ http://localhost:4200/chunk-H2E4C4AE.js:2883
[ 3798688ms] [LOG] %c [Login] Iniciando.. color: #607D8B; font-style: italic; @ http://localhost:4200/chunk-H2E4C4AE.js:2883
[ 3798688ms] [LOG] %c [Login] Usando / como redireccion por defecto. color: #607D8B; font-style: italic; @ http://localhost:4200/chunk-H2E4C4AE.js:2883
[ 3798688ms] [LOG] %c [Login] URL final de redireccion: / color: #2196F3; font-style: italic; @ http://localhost:4200/chunk-H2E4C4AE.js:2883
[ 3798688ms] [LOG] %c🚪 [SecurityService] Limpiando datos de autenticación... color: #F44336; font-style: italic; @ http://localhost:4200/chunk-H2E4C4AE.js:2883
[ 3798688ms] [LOG] %c🗑️ [StorageService] Eliminando clave: 'userAuthData' color: #F44336; font-style: italic; @ http://localhost:4200/chunk-H2E4C4AE.js:2883
[ 3798689ms] [LOG] %c✅ [StorageService] Clave 'userAuthData' eliminada. color: #9E9E9E; font-style: italic; @ http://localhost:4200/chunk-H2E4C4AE.js:2883
[ 3798689ms] [LOG] %c🗑️ [StorageService] Eliminando clave: 'accessToken' color: #F44336; font-style: italic; @ http://localhost:4200/chunk-H2E4C4AE.js:2883
[ 3798689ms] [LOG] %c✅ [StorageService] Clave 'accessToken' eliminada. color: #9E9E9E; font-style: italic; @ http://localhost:4200/chunk-H2E4C4AE.js:2883
[ 3798689ms] [LOG] %c🧹 [SecurityService] Datos de sesión eliminados: userAuthData y accessToken. color: #9E9E9E; font-style: italic; @ http://localhost:4200/chunk-H2E4C4AE.js:2883
[ 3798689ms] [LOG] %c [Login] Datos de sesion previa eliminados. color: #9E9E9E; font-style: italic; @ http://localhost:4200/chunk-H2E4C4AE.js:2883
[ 3798689ms] [LOG] %c🚪 [SecurityService] Limpiando datos de autenticación... color: #F44336; font-style: italic; @ http://localhost:4200/chunk-H2E4C4AE.js:2883
[ 3798690ms] [LOG] %c🗑️ [StorageService] Eliminando clave: 'userAuthData' color: #F44336; font-style: italic; @ http://localhost:4200/chunk-H2E4C4AE.js:2883
[ 3798690ms] [LOG] %c✅ [StorageService] Clave 'userAuthData' eliminada. color: #9E9E9E; font-style: italic; @ http://localhost:4200/chunk-H2E4C4AE.js:2883
[ 3798690ms] [LOG] %c🗑️ [StorageService] Eliminando clave: 'accessToken' color: #F44336; font-style: italic; @ http://localhost:4200/chunk-H2E4C4AE.js:2883
[ 3798690ms] [LOG] %c✅ [StorageService] Clave 'accessToken' eliminada. color: #9E9E9E; font-style: italic; @ http://localhost:4200/chunk-H2E4C4AE.js:2883
[ 3798690ms] [LOG] %c🧹 [SecurityService] Datos de sesión eliminados: userAuthData y accessToken. color: #9E9E9E; font-style: italic; @ http://localhost:4200/chunk-H2E4C4AE.js:2883
[ 3798751ms] [WARNING] NG0913: An image with src http://localhost:4200/assets/oficial/Logo%20Files/png/Color%20logo%20-%20no%20background.png has intrinsic file dimensions much larger than its rendered size. This can negatively impact application loading performance. For more information about addressing or disabling this warning, see https://v22.angular.dev/errors/NG0913. Find more at https://v22.angular.dev/errors/NG0913 @ http://localhost:4200/@fs/D:/repos/luxuryapp-api/appsweb/angular/.angular/cache/22.1.8/luxury-app/vite/deps/core-BtAdGG1h.js?v=023c1ce3:17980
[ 3798751ms] [WARNING] NG0913: An image with src http://localhost:4200/assets/oficial/Logo%20Files/png/Color%20logo%20-%20no%20background.png has intrinsic file dimensions much larger than its rendered size. This can negatively impact application loading performance. For more information about addressing or disabling this warning, see https://v22.angular.dev/errors/NG0913. Find more at https://v22.angular.dev/errors/NG0913 @ http://localhost:4200/@fs/D:/repos/luxuryapp-api/appsweb/angular/.angular/cache/22.1.8/luxury-app/vite/deps/core-BtAdGG1h.js?v=023c1ce3:17980
[ 3798752ms] [WARNING] NG0913: An image with src http://localhost:4200/assets/oficial/Logo%20Files/png/White%20logo%20-%20no%20background.png has intrinsic file dimensions much larger than its rendered size. This can negatively impact application loading performance. For more information about addressing or disabling this warning, see https://v22.angular.dev/errors/NG0913. Find more at https://v22.angular.dev/errors/NG0913 @ http://localhost:4200/@fs/D:/repos/luxuryapp-api/appsweb/angular/.angular/cache/22.1.8/luxury-app/vite/deps/core-BtAdGG1h.js?v=023c1ce3:17980
[ 3798787ms] [VERBOSE] [DOM] Input elements should have autocomplete attributes (suggested: "current-password"): (More info: https://goo.gl/9p2vKq) %o @ http://localhost:4200/auth/login:0
[ 3852430ms] [LOG] %c📦 [StorageService] Inicializando servicio de almacenamiento local... color: #3F51B5; font-style: italic; @ http://localhost:4200/chunk-H2E4C4AE.js:2883
[ 3852433ms] [LOG] %c [AuthService] Verificando ruta inicial: /auth/login | Es publica: true color: #9C27B0; font-style: italic; @ http://localhost:4200/chunk-H2E4C4AE.js:2883
[ 3852433ms] [LOG] %c [AuthService] Ruta publica detectada. Omitiendo login silencioso. color: #FFC107; font-style: italic; @ http://localhost:4200/chunk-H2E4C4AE.js:2883
[ 3852434ms] [LOG] %c🚀 [Initializer] Starting application state initialization... color: purple; font-style: italic; @ http://localhost:4200/chunk-H2E4C4AE.js:2883
[ 3852435ms] [LOG] %c🤷 [Initializer] No user session. Skipping customer state initialization. color: #9E9E9E; font-style: italic; @ http://localhost:4200/chunk-H2E4C4AE.js:2883
[ 3852435ms] [LOG] %c✅ [Initializer] State initialization complete. color: green; font-style: italic; @ http://localhost:4200/chunk-H2E4C4AE.js:2883
[ 3852476ms] [LOG] %c🔄 UpdateService: Inicializando servicio de actualizaciones color: blue; font-weight: bold; @ http://localhost:4200/chunk-2BPO4FAW.js:17
[ 3852476ms] [LOG] %c🔄 UpdateService: ❌ Service Worker NO habilitado color: red; font-weight: bold; @ http://localhost:4200/chunk-2BPO4FAW.js:33
[ 3852480ms] [LOG] %c🚀 [App] ¡Aplicación iniciada! Soy más ligero y rápido que nunca. color: #673AB7; font-style: italic; @ http://localhost:4200/chunk-H2E4C4AE.js:2883
[ 3852486ms] [LOG] Angular is running in development mode. @ http://localhost:4200/@fs/D:/repos/luxuryapp-api/appsweb/angular/.angular/cache/22.1.8/luxury-app/vite/deps/core-BtAdGG1h.js?v=023c1ce3:9175
[ 3852609ms] [LOG] %c🔐 [SecurityService] Servicio de seguridad inicializado. color: #3F51B5; font-style: italic; @ http://localhost:4200/chunk-H2E4C4AE.js:2883
[ 3852644ms] [LOG] %c [Login] Iniciando.. color: #607D8B; font-style: italic; @ http://localhost:4200/chunk-H2E4C4AE.js:2883
[ 3852644ms] [LOG] %c [Login] Usando / como redireccion por defecto. color: #607D8B; font-style: italic; @ http://localhost:4200/chunk-H2E4C4AE.js:2883
[ 3852645ms] [LOG] %c [Login] URL final de redireccion: / color: #2196F3; font-style: italic; @ http://localhost:4200/chunk-H2E4C4AE.js:2883
[ 3852645ms] [LOG] %c🚪 [SecurityService] Limpiando datos de autenticación... color: #F44336; font-style: italic; @ http://localhost:4200/chunk-H2E4C4AE.js:2883
[ 3852645ms] [LOG] %c🗑️ [StorageService] Eliminando clave: 'userAuthData' color: #F44336; font-style: italic; @ http://localhost:4200/chunk-H2E4C4AE.js:2883
[ 3852645ms] [LOG] %c✅ [StorageService] Clave 'userAuthData' eliminada. color: #9E9E9E; font-style: italic; @ http://localhost:4200/chunk-H2E4C4AE.js:2883
[ 3852646ms] [LOG] %c🗑️ [StorageService] Eliminando clave: 'accessToken' color: #F44336; font-style: italic; @ http://localhost:4200/chunk-H2E4C4AE.js:2883
[ 3852646ms] [LOG] %c✅ [StorageService] Clave 'accessToken' eliminada. color: #9E9E9E; font-style: italic; @ http://localhost:4200/chunk-H2E4C4AE.js:2883
[ 3852646ms] [LOG] %c🧹 [SecurityService] Datos de sesión eliminados: userAuthData y accessToken. color: #9E9E9E; font-style: italic; @ http://localhost:4200/chunk-H2E4C4AE.js:2883
[ 3852646ms] [LOG] %c [Login] Datos de sesion previa eliminados. color: #9E9E9E; font-style: italic; @ http://localhost:4200/chunk-H2E4C4AE.js:2883
[ 3852647ms] [LOG] %c🚪 [SecurityService] Limpiando datos de autenticación... color: #F44336; font-style: italic; @ http://localhost:4200/chunk-H2E4C4AE.js:2883
[ 3852647ms] [LOG] %c🗑️ [StorageService] Eliminando clave: 'userAuthData' color: #F44336; font-style: italic; @ http://localhost:4200/chunk-H2E4C4AE.js:2883
[ 3852647ms] [LOG] %c✅ [StorageService] Clave 'userAuthData' eliminada. color: #9E9E9E; font-style: italic; @ http://localhost:4200/chunk-H2E4C4AE.js:2883
[ 3852648ms] [LOG] %c🗑️ [StorageService] Eliminando clave: 'accessToken' color: #F44336; font-style: italic; @ http://localhost:4200/chunk-H2E4C4AE.js:2883
[ 3852648ms] [LOG] %c✅ [StorageService] Clave 'accessToken' eliminada. color: #9E9E9E; font-style: italic; @ http://localhost:4200/chunk-H2E4C4AE.js:2883
[ 3852648ms] [LOG] %c🧹 [SecurityService] Datos de sesión eliminados: userAuthData y accessToken. color: #9E9E9E; font-style: italic; @ http://localhost:4200/chunk-H2E4C4AE.js:2883
[ 3852723ms] [WARNING] NG0913: An image with src http://localhost:4200/assets/oficial/Logo%20Files/png/Color%20logo%20-%20no%20background.png has intrinsic file dimensions much larger than its rendered size. This can negatively impact application loading performance. For more information about addressing or disabling this warning, see https://v22.angular.dev/errors/NG0913. Find more at https://v22.angular.dev/errors/NG0913 @ http://localhost:4200/@fs/D:/repos/luxuryapp-api/appsweb/angular/.angular/cache/22.1.8/luxury-app/vite/deps/core-BtAdGG1h.js?v=023c1ce3:17980
[ 3852723ms] [WARNING] NG0913: An image with src http://localhost:4200/assets/oficial/Logo%20Files/png/Color%20logo%20-%20no%20background.png has intrinsic file dimensions much larger than its rendered size. This can negatively impact application loading performance. For more information about addressing or disabling this warning, see https://v22.angular.dev/errors/NG0913. Find more at https://v22.angular.dev/errors/NG0913 @ http://localhost:4200/@fs/D:/repos/luxuryapp-api/appsweb/angular/.angular/cache/22.1.8/luxury-app/vite/deps/core-BtAdGG1h.js?v=023c1ce3:17980
[ 3852724ms] [WARNING] NG0913: An image with src http://localhost:4200/assets/oficial/Logo%20Files/png/White%20logo%20-%20no%20background.png has intrinsic file dimensions much larger than its rendered size. This can negatively impact application loading performance. For more information about addressing or disabling this warning, see https://v22.angular.dev/errors/NG0913. Find more at https://v22.angular.dev/errors/NG0913 @ http://localhost:4200/@fs/D:/repos/luxuryapp-api/appsweb/angular/.angular/cache/22.1.8/luxury-app/vite/deps/core-BtAdGG1h.js?v=023c1ce3:17980
[ 3852744ms] [VERBOSE] [DOM] Input elements should have autocomplete attributes (suggested: "current-password"): (More info: https://goo.gl/9p2vKq) %o @ http://localhost:4200/auth/login:0
[ 4247336ms] [LOG] %c📦 [StorageService] Inicializando servicio de almacenamiento local... color: #3F51B5; font-style: italic; @ http://localhost:4200/chunk-H2E4C4AE.js:2883
[ 4247338ms] [LOG] %c [AuthService] Verificando ruta inicial: /auth/login | Es publica: true color: #9C27B0; font-style: italic; @ http://localhost:4200/chunk-H2E4C4AE.js:2883
[ 4247338ms] [LOG] %c [AuthService] Ruta publica detectada. Omitiendo login silencioso. color: #FFC107; font-style: italic; @ http://localhost:4200/chunk-H2E4C4AE.js:2883
[ 4247339ms] [LOG] %c🚀 [Initializer] Starting application state initialization... color: purple; font-style: italic; @ http://localhost:4200/chunk-H2E4C4AE.js:2883
[ 4247339ms] [LOG] %c🤷 [Initializer] No user session. Skipping customer state initialization. color: #9E9E9E; font-style: italic; @ http://localhost:4200/chunk-H2E4C4AE.js:2883
[ 4247340ms] [LOG] %c✅ [Initializer] State initialization complete. color: green; font-style: italic; @ http://localhost:4200/chunk-H2E4C4AE.js:2883
[ 4247387ms] [LOG] %c🔄 UpdateService: Inicializando servicio de actualizaciones color: blue; font-weight: bold; @ http://localhost:4200/chunk-2BPO4FAW.js:17
[ 4247388ms] [LOG] %c🔄 UpdateService: ❌ Service Worker NO habilitado color: red; font-weight: bold; @ http://localhost:4200/chunk-2BPO4FAW.js:33
[ 4247393ms] [LOG] %c🚀 [App] ¡Aplicación iniciada! Soy más ligero y rápido que nunca. color: #673AB7; font-style: italic; @ http://localhost:4200/chunk-H2E4C4AE.js:2883
[ 4247398ms] [LOG] Angular is running in development mode. @ http://localhost:4200/@fs/D:/repos/luxuryapp-api/appsweb/angular/.angular/cache/22.1.8/luxury-app/vite/deps/core-BtAdGG1h.js?v=023c1ce3:9175
[ 4247619ms] [LOG] %c🔐 [SecurityService] Servicio de seguridad inicializado. color: #3F51B5; font-style: italic; @ http://localhost:4200/chunk-H2E4C4AE.js:2883
[ 4247663ms] [LOG] %c [Login] Iniciando.. color: #607D8B; font-style: italic; @ http://localhost:4200/chunk-H2E4C4AE.js:2883
[ 4247664ms] [LOG] %c [Login] Usando / como redireccion por defecto. color: #607D8B; font-style: italic; @ http://localhost:4200/chunk-H2E4C4AE.js:2883
[ 4247664ms] [LOG] %c [Login] URL final de redireccion: / color: #2196F3; font-style: italic; @ http://localhost:4200/chunk-H2E4C4AE.js:2883
[ 4247667ms] [LOG] %c🚪 [SecurityService] Limpiando datos de autenticación... color: #F44336; font-style: italic; @ http://localhost:4200/chunk-H2E4C4AE.js:2883
[ 4247667ms] [LOG] %c🗑️ [StorageService] Eliminando clave: 'userAuthData' color: #F44336; font-style: italic; @ http://localhost:4200/chunk-H2E4C4AE.js:2883
[ 4247668ms] [LOG] %c✅ [StorageService] Clave 'userAuthData' eliminada. color: #9E9E9E; font-style: italic; @ http://localhost:4200/chunk-H2E4C4AE.js:2883
[ 4247668ms] [LOG] %c🗑️ [StorageService] Eliminando clave: 'accessToken' color: #F44336; font-style: italic; @ http://localhost:4200/chunk-H2E4C4AE.js:2883
[ 4247669ms] [LOG] %c✅ [StorageService] Clave 'accessToken' eliminada. color: #9E9E9E; font-style: italic; @ http://localhost:4200/chunk-H2E4C4AE.js:2883
[ 4247670ms] [LOG] %c🧹 [SecurityService] Datos de sesión eliminados: userAuthData y accessToken. color: #9E9E9E; font-style: italic; @ http://localhost:4200/chunk-H2E4C4AE.js:2883
[ 4247671ms] [LOG] %c [Login] Datos de sesion previa eliminados. color: #9E9E9E; font-style: italic; @ http://localhost:4200/chunk-H2E4C4AE.js:2883
[ 4247672ms] [LOG] %c🚪 [SecurityService] Limpiando datos de autenticación... color: #F44336; font-style: italic; @ http://localhost:4200/chunk-H2E4C4AE.js:2883
[ 4247673ms] [LOG] %c🗑️ [StorageService] Eliminando clave: 'userAuthData' color: #F44336; font-style: italic; @ http://localhost:4200/chunk-H2E4C4AE.js:2883
[ 4247673ms] [LOG] %c✅ [StorageService] Clave 'userAuthData' eliminada. color: #9E9E9E; font-style: italic; @ http://localhost:4200/chunk-H2E4C4AE.js:2883
[ 4247674ms] [LOG] %c🗑️ [StorageService] Eliminando clave: 'accessToken' color: #F44336; font-style: italic; @ http://localhost:4200/chunk-H2E4C4AE.js:2883
[ 4247674ms] [LOG] %c✅ [StorageService] Clave 'accessToken' eliminada. color: #9E9E9E; font-style: italic; @ http://localhost:4200/chunk-H2E4C4AE.js:2883
[ 4247675ms] [LOG] %c🧹 [SecurityService] Datos de sesión eliminados: userAuthData y accessToken. color: #9E9E9E; font-style: italic; @ http://localhost:4200/chunk-H2E4C4AE.js:2883
[ 4247738ms] [WARNING] NG0913: An image with src http://localhost:4200/assets/oficial/Logo%20Files/png/Color%20logo%20-%20no%20background.png has intrinsic file dimensions much larger than its rendered size. This can negatively impact application loading performance. For more information about addressing or disabling this warning, see https://v22.angular.dev/errors/NG0913. Find more at https://v22.angular.dev/errors/NG0913 @ http://localhost:4200/@fs/D:/repos/luxuryapp-api/appsweb/angular/.angular/cache/22.1.8/luxury-app/vite/deps/core-BtAdGG1h.js?v=023c1ce3:17980
[ 4247739ms] [WARNING] NG0913: An image with src http://localhost:4200/assets/oficial/Logo%20Files/png/Color%20logo%20-%20no%20background.png has intrinsic file dimensions much larger than its rendered size. This can negatively impact application loading performance. For more information about addressing or disabling this warning, see https://v22.angular.dev/errors/NG0913. Find more at https://v22.angular.dev/errors/NG0913 @ http://localhost:4200/@fs/D:/repos/luxuryapp-api/appsweb/angular/.angular/cache/22.1.8/luxury-app/vite/deps/core-BtAdGG1h.js?v=023c1ce3:17980
[ 4247739ms] [WARNING] NG0913: An image with src http://localhost:4200/assets/oficial/Logo%20Files/png/White%20logo%20-%20no%20background.png has intrinsic file dimensions much larger than its rendered size. This can negatively impact application loading performance. For more information about addressing or disabling this warning, see https://v22.angular.dev/errors/NG0913. Find more at https://v22.angular.dev/errors/NG0913 @ http://localhost:4200/@fs/D:/repos/luxuryapp-api/appsweb/angular/.angular/cache/22.1.8/luxury-app/vite/deps/core-BtAdGG1h.js?v=023c1ce3:17980
[ 4247755ms] [VERBOSE] [DOM] Input elements should have autocomplete attributes (suggested: "current-password"): (More info: https://goo.gl/9p2vKq) %o @ http://localhost:4200/auth/login:0
[ 4841589ms] [LOG] %c📦 [StorageService] Inicializando servicio de almacenamiento local... color: #3F51B5; font-style: italic; @ http://localhost:4200/chunk-H2E4C4AE.js:2883
[ 4841592ms] [LOG] %c [AuthService] Verificando ruta inicial: /auth/login | Es publica: true color: #9C27B0; font-style: italic; @ http://localhost:4200/chunk-H2E4C4AE.js:2883
[ 4841592ms] [LOG] %c [AuthService] Ruta publica detectada. Omitiendo login silencioso. color: #FFC107; font-style: italic; @ http://localhost:4200/chunk-H2E4C4AE.js:2883
[ 4841593ms] [LOG] %c🚀 [Initializer] Starting application state initialization... color: purple; font-style: italic; @ http://localhost:4200/chunk-H2E4C4AE.js:2883
[ 4841595ms] [LOG] %c🤷 [Initializer] No user session. Skipping customer state initialization. color: #9E9E9E; font-style: italic; @ http://localhost:4200/chunk-H2E4C4AE.js:2883
[ 4841597ms] [LOG] %c✅ [Initializer] State initialization complete. color: green; font-style: italic; @ http://localhost:4200/chunk-H2E4C4AE.js:2883
[ 4841640ms] [LOG] %c🔄 UpdateService: Inicializando servicio de actualizaciones color: blue; font-weight: bold; @ http://localhost:4200/chunk-2BPO4FAW.js:17
[ 4841641ms] [LOG] %c🔄 UpdateService: ❌ Service Worker NO habilitado color: red; font-weight: bold; @ http://localhost:4200/chunk-2BPO4FAW.js:33
[ 4841655ms] [LOG] %c🚀 [App] ¡Aplicación iniciada! Soy más ligero y rápido que nunca. color: #673AB7; font-style: italic; @ http://localhost:4200/chunk-H2E4C4AE.js:2883
[ 4841662ms] [LOG] Angular is running in development mode. @ http://localhost:4200/@fs/D:/repos/luxuryapp-api/appsweb/angular/.angular/cache/22.1.8/luxury-app/vite/deps/core-BtAdGG1h.js?v=023c1ce3:9175
[ 4841803ms] [LOG] %c🔐 [SecurityService] Servicio de seguridad inicializado. color: #3F51B5; font-style: italic; @ http://localhost:4200/chunk-H2E4C4AE.js:2883
[ 4841837ms] [LOG] %c [Login] Iniciando.. color: #607D8B; font-style: italic; @ http://localhost:4200/chunk-H2E4C4AE.js:2883
[ 4841837ms] [LOG] %c [Login] Usando / como redireccion por defecto. color: #607D8B; font-style: italic; @ http://localhost:4200/chunk-H2E4C4AE.js:2883
[ 4841837ms] [LOG] %c [Login] URL final de redireccion: / color: #2196F3; font-style: italic; @ http://localhost:4200/chunk-H2E4C4AE.js:2883
[ 4841837ms] [LOG] %c🚪 [SecurityService] Limpiando datos de autenticación... color: #F44336; font-style: italic; @ http://localhost:4200/chunk-H2E4C4AE.js:2883
[ 4841837ms] [LOG] %c🗑️ [StorageService] Eliminando clave: 'userAuthData' color: #F44336; font-style: italic; @ http://localhost:4200/chunk-H2E4C4AE.js:2883
[ 4841837ms] [LOG] %c✅ [StorageService] Clave 'userAuthData' eliminada. color: #9E9E9E; font-style: italic; @ http://localhost:4200/chunk-H2E4C4AE.js:2883
[ 4841838ms] [LOG] %c🗑️ [StorageService] Eliminando clave: 'accessToken' color: #F44336; font-style: italic; @ http://localhost:4200/chunk-H2E4C4AE.js:2883
[ 4841838ms] [LOG] %c✅ [StorageService] Clave 'accessToken' eliminada. color: #9E9E9E; font-style: italic; @ http://localhost:4200/chunk-H2E4C4AE.js:2883
[ 4841838ms] [LOG] %c🧹 [SecurityService] Datos de sesión eliminados: userAuthData y accessToken. color: #9E9E9E; font-style: italic; @ http://localhost:4200/chunk-H2E4C4AE.js:2883
[ 4841838ms] [LOG] %c [Login] Datos de sesion previa eliminados. color: #9E9E9E; font-style: italic; @ http://localhost:4200/chunk-H2E4C4AE.js:2883
[ 4841838ms] [LOG] %c🚪 [SecurityService] Limpiando datos de autenticación... color: #F44336; font-style: italic; @ http://localhost:4200/chunk-H2E4C4AE.js:2883
[ 4841839ms] [LOG] %c🗑️ [StorageService] Eliminando clave: 'userAuthData' color: #F44336; font-style: italic; @ http://localhost:4200/chunk-H2E4C4AE.js:2883
[ 4841839ms] [LOG] %c✅ [StorageService] Clave 'userAuthData' eliminada. color: #9E9E9E; font-style: italic; @ http://localhost:4200/chunk-H2E4C4AE.js:2883
[ 4841839ms] [LOG] %c🗑️ [StorageService] Eliminando clave: 'accessToken' color: #F44336; font-style: italic; @ http://localhost:4200/chunk-H2E4C4AE.js:2883
[ 4841839ms] [LOG] %c✅ [StorageService] Clave 'accessToken' eliminada. color: #9E9E9E; font-style: italic; @ http://localhost:4200/chunk-H2E4C4AE.js:2883
[ 4841839ms] [LOG] %c🧹 [SecurityService] Datos de sesión eliminados: userAuthData y accessToken. color: #9E9E9E; font-style: italic; @ http://localhost:4200/chunk-H2E4C4AE.js:2883
[ 4841939ms] [WARNING] NG0913: An image with src http://localhost:4200/assets/oficial/Logo%20Files/png/Color%20logo%20-%20no%20background.png has intrinsic file dimensions much larger than its rendered size. This can negatively impact application loading performance. For more information about addressing or disabling this warning, see https://v22.angular.dev/errors/NG0913. Find more at https://v22.angular.dev/errors/NG0913 @ http://localhost:4200/@fs/D:/repos/luxuryapp-api/appsweb/angular/.angular/cache/22.1.8/luxury-app/vite/deps/core-BtAdGG1h.js?v=023c1ce3:17980
[ 4841939ms] [WARNING] NG0913: An image with src http://localhost:4200/assets/oficial/Logo%20Files/png/Color%20logo%20-%20no%20background.png has intrinsic file dimensions much larger than its rendered size. This can negatively impact application loading performance. For more information about addressing or disabling this warning, see https://v22.angular.dev/errors/NG0913. Find more at https://v22.angular.dev/errors/NG0913 @ http://localhost:4200/@fs/D:/repos/luxuryapp-api/appsweb/angular/.angular/cache/22.1.8/luxury-app/vite/deps/core-BtAdGG1h.js?v=023c1ce3:17980
[ 4841940ms] [WARNING] NG0913: An image with src http://localhost:4200/assets/oficial/Logo%20Files/png/White%20logo%20-%20no%20background.png has intrinsic file dimensions much larger than its rendered size. This can negatively impact application loading performance. For more information about addressing or disabling this warning, see https://v22.angular.dev/errors/NG0913. Find more at https://v22.angular.dev/errors/NG0913 @ http://localhost:4200/@fs/D:/repos/luxuryapp-api/appsweb/angular/.angular/cache/22.1.8/luxury-app/vite/deps/core-BtAdGG1h.js?v=023c1ce3:17980
[ 4841943ms] [VERBOSE] [DOM] Input elements should have autocomplete attributes (suggested: "current-password"): (More info: https://goo.gl/9p2vKq) %o @ http://localhost:4200/auth/login:0
[11337585ms] [LOG] %c📦 [StorageService] Inicializando servicio de almacenamiento local... color: #3F51B5; font-style: italic; @ http://localhost:4200/chunk-H2E4C4AE.js:2883
[11337587ms] [LOG] %c [AuthService] Verificando ruta inicial: /auth/login | Es publica: true color: #9C27B0; font-style: italic; @ http://localhost:4200/chunk-H2E4C4AE.js:2883
[11337588ms] [LOG] %c [AuthService] Ruta publica detectada. Omitiendo login silencioso. color: #FFC107; font-style: italic; @ http://localhost:4200/chunk-H2E4C4AE.js:2883
[11337588ms] [LOG] %c🚀 [Initializer] Starting application state initialization... color: purple; font-style: italic; @ http://localhost:4200/chunk-H2E4C4AE.js:2883
[11337589ms] [LOG] %c🤷 [Initializer] No user session. Skipping customer state initialization. color: #9E9E9E; font-style: italic; @ http://localhost:4200/chunk-H2E4C4AE.js:2883
[11337591ms] [LOG] %c✅ [Initializer] State initialization complete. color: green; font-style: italic; @ http://localhost:4200/chunk-H2E4C4AE.js:2883
[11337736ms] [LOG] %c🔄 UpdateService: Inicializando servicio de actualizaciones color: blue; font-weight: bold; @ http://localhost:4200/chunk-2BPO4FAW.js:17
[11337737ms] [LOG] %c🔄 UpdateService: ❌ Service Worker NO habilitado color: red; font-weight: bold; @ http://localhost:4200/chunk-2BPO4FAW.js:33
[11337750ms] [LOG] %c🚀 [App] ¡Aplicación iniciada! Soy más ligero y rápido que nunca. color: #673AB7; font-style: italic; @ http://localhost:4200/chunk-H2E4C4AE.js:2883
[11337759ms] [LOG] Angular is running in development mode. @ http://localhost:4200/@fs/D:/repos/luxuryapp-api/appsweb/angular/.angular/cache/22.1.8/luxury-app/vite/deps/core-BtAdGG1h.js?v=023c1ce3:9175
[11338341ms] [LOG] %c🔐 [SecurityService] Servicio de seguridad inicializado. color: #3F51B5; font-style: italic; @ http://localhost:4200/chunk-H2E4C4AE.js:2883
[11338411ms] [LOG] %c [Login] Iniciando.. color: #607D8B; font-style: italic; @ http://localhost:4200/chunk-H2E4C4AE.js:2883
[11338411ms] [LOG] %c [Login] Usando / como redireccion por defecto. color: #607D8B; font-style: italic; @ http://localhost:4200/chunk-H2E4C4AE.js:2883
[11338412ms] [LOG] %c [Login] URL final de redireccion: / color: #2196F3; font-style: italic; @ http://localhost:4200/chunk-H2E4C4AE.js:2883
[11338412ms] [LOG] %c🚪 [SecurityService] Limpiando datos de autenticación... color: #F44336; font-style: italic; @ http://localhost:4200/chunk-H2E4C4AE.js:2883
[11338412ms] [LOG] %c🗑️ [StorageService] Eliminando clave: 'userAuthData' color: #F44336; font-style: italic; @ http://localhost:4200/chunk-H2E4C4AE.js:2883
[11338413ms] [LOG] %c✅ [StorageService] Clave 'userAuthData' eliminada. color: #9E9E9E; font-style: italic; @ http://localhost:4200/chunk-H2E4C4AE.js:2883
[11338413ms] [LOG] %c🗑️ [StorageService] Eliminando clave: 'accessToken' color: #F44336; font-style: italic; @ http://localhost:4200/chunk-H2E4C4AE.js:2883
[11338413ms] [LOG] %c✅ [StorageService] Clave 'accessToken' eliminada. color: #9E9E9E; font-style: italic; @ http://localhost:4200/chunk-H2E4C4AE.js:2883
[11338414ms] [LOG] %c🧹 [SecurityService] Datos de sesión eliminados: userAuthData y accessToken. color: #9E9E9E; font-style: italic; @ http://localhost:4200/chunk-H2E4C4AE.js:2883
[11338414ms] [LOG] %c [Login] Datos de sesion previa eliminados. color: #9E9E9E; font-style: italic; @ http://localhost:4200/chunk-H2E4C4AE.js:2883
[11338414ms] [LOG] %c🚪 [SecurityService] Limpiando datos de autenticación... color: #F44336; font-style: italic; @ http://localhost:4200/chunk-H2E4C4AE.js:2883
[11338415ms] [LOG] %c🗑️ [StorageService] Eliminando clave: 'userAuthData' color: #F44336; font-style: italic; @ http://localhost:4200/chunk-H2E4C4AE.js:2883
[11338416ms] [LOG] %c✅ [StorageService] Clave 'userAuthData' eliminada. color: #9E9E9E; font-style: italic; @ http://localhost:4200/chunk-H2E4C4AE.js:2883
[11338417ms] [LOG] %c🗑️ [StorageService] Eliminando clave: 'accessToken' color: #F44336; font-style: italic; @ http://localhost:4200/chunk-H2E4C4AE.js:2883
[11338417ms] [LOG] %c✅ [StorageService] Clave 'accessToken' eliminada. color: #9E9E9E; font-style: italic; @ http://localhost:4200/chunk-H2E4C4AE.js:2883
[11338418ms] [LOG] %c🧹 [SecurityService] Datos de sesión eliminados: userAuthData y accessToken. color: #9E9E9E; font-style: italic; @ http://localhost:4200/chunk-H2E4C4AE.js:2883
[11338508ms] [VERBOSE] [DOM] Input elements should have autocomplete attributes (suggested: "current-password"): (More info: https://goo.gl/9p2vKq) %o @ http://localhost:4200/auth/login:0
[11798861ms] [LOG] %c📦 [StorageService] Inicializando servicio de almacenamiento local... color: #3F51B5; font-style: italic; @ http://localhost:4200/chunk-H2E4C4AE.js:2883
[11798863ms] [LOG] %c [AuthService] Verificando ruta inicial: /auth/login | Es publica: true color: #9C27B0; font-style: italic; @ http://localhost:4200/chunk-H2E4C4AE.js:2883
[11798863ms] [LOG] %c [AuthService] Ruta publica detectada. Omitiendo login silencioso. color: #FFC107; font-style: italic; @ http://localhost:4200/chunk-H2E4C4AE.js:2883
[11798864ms] [LOG] %c🚀 [Initializer] Starting application state initialization... color: purple; font-style: italic; @ http://localhost:4200/chunk-H2E4C4AE.js:2883
[11798865ms] [LOG] %c🤷 [Initializer] No user session. Skipping customer state initialization. color: #9E9E9E; font-style: italic; @ http://localhost:4200/chunk-H2E4C4AE.js:2883
[11798867ms] [LOG] %c✅ [Initializer] State initialization complete. color: green; font-style: italic; @ http://localhost:4200/chunk-H2E4C4AE.js:2883
[11798898ms] [LOG] %c🔄 UpdateService: Inicializando servicio de actualizaciones color: blue; font-weight: bold; @ http://localhost:4200/chunk-2BPO4FAW.js:17
[11798898ms] [LOG] %c🔄 UpdateService: ❌ Service Worker NO habilitado color: red; font-weight: bold; @ http://localhost:4200/chunk-2BPO4FAW.js:33
[11798903ms] [LOG] %c🚀 [App] ¡Aplicación iniciada! Soy más ligero y rápido que nunca. color: #673AB7; font-style: italic; @ http://localhost:4200/chunk-H2E4C4AE.js:2883
[11798908ms] [LOG] Angular is running in development mode. @ http://localhost:4200/@fs/D:/repos/luxuryapp-api/appsweb/angular/.angular/cache/22.1.8/luxury-app/vite/deps/core-BtAdGG1h.js?v=023c1ce3:9175
[11799066ms] [LOG] %c🔐 [SecurityService] Servicio de seguridad inicializado. color: #3F51B5; font-style: italic; @ http://localhost:4200/chunk-H2E4C4AE.js:2883
[11799107ms] [LOG] %c [Login] Iniciando.. color: #607D8B; font-style: italic; @ http://localhost:4200/chunk-H2E4C4AE.js:2883
[11799107ms] [LOG] %c [Login] Usando / como redireccion por defecto. color: #607D8B; font-style: italic; @ http://localhost:4200/chunk-H2E4C4AE.js:2883
[11799107ms] [LOG] %c [Login] URL final de redireccion: / color: #2196F3; font-style: italic; @ http://localhost:4200/chunk-H2E4C4AE.js:2883
[11799108ms] [LOG] %c🚪 [SecurityService] Limpiando datos de autenticación... color: #F44336; font-style: italic; @ http://localhost:4200/chunk-H2E4C4AE.js:2883
[11799108ms] [LOG] %c🗑️ [StorageService] Eliminando clave: 'userAuthData' color: #F44336; font-style: italic; @ http://localhost:4200/chunk-H2E4C4AE.js:2883
[11799108ms] [LOG] %c✅ [StorageService] Clave 'userAuthData' eliminada. color: #9E9E9E; font-style: italic; @ http://localhost:4200/chunk-H2E4C4AE.js:2883
[11799108ms] [LOG] %c🗑️ [StorageService] Eliminando clave: 'accessToken' color: #F44336; font-style: italic; @ http://localhost:4200/chunk-H2E4C4AE.js:2883
[11799108ms] [LOG] %c✅ [StorageService] Clave 'accessToken' eliminada. color: #9E9E9E; font-style: italic; @ http://localhost:4200/chunk-H2E4C4AE.js:2883
[11799109ms] [LOG] %c🧹 [SecurityService] Datos de sesión eliminados: userAuthData y accessToken. color: #9E9E9E; font-style: italic; @ http://localhost:4200/chunk-H2E4C4AE.js:2883
[11799109ms] [LOG] %c [Login] Datos de sesion previa eliminados. color: #9E9E9E; font-style: italic; @ http://localhost:4200/chunk-H2E4C4AE.js:2883
[11799110ms] [LOG] %c🚪 [SecurityService] Limpiando datos de autenticación... color: #F44336; font-style: italic; @ http://localhost:4200/chunk-H2E4C4AE.js:2883
[11799110ms] [LOG] %c🗑️ [StorageService] Eliminando clave: 'userAuthData' color: #F44336; font-style: italic; @ http://localhost:4200/chunk-H2E4C4AE.js:2883
[11799110ms] [LOG] %c✅ [StorageService] Clave 'userAuthData' eliminada. color: #9E9E9E; font-style: italic; @ http://localhost:4200/chunk-H2E4C4AE.js:2883
[11799110ms] [LOG] %c🗑️ [StorageService] Eliminando clave: 'accessToken' color: #F44336; font-style: italic; @ http://localhost:4200/chunk-H2E4C4AE.js:2883
[11799111ms] [LOG] %c✅ [StorageService] Clave 'accessToken' eliminada. color: #9E9E9E; font-style: italic; @ http://localhost:4200/chunk-H2E4C4AE.js:2883
[11799111ms] [LOG] %c🧹 [SecurityService] Datos de sesión eliminados: userAuthData y accessToken. color: #9E9E9E; font-style: italic; @ http://localhost:4200/chunk-H2E4C4AE.js:2883
[11799180ms] [WARNING] NG0913: An image with src http://localhost:4200/assets/oficial/Logo%20Files/png/Color%20logo%20-%20no%20background.png has intrinsic file dimensions much larger than its rendered size. This can negatively impact application loading performance. For more information about addressing or disabling this warning, see https://v22.angular.dev/errors/NG0913. Find more at https://v22.angular.dev/errors/NG0913 @ http://localhost:4200/@fs/D:/repos/luxuryapp-api/appsweb/angular/.angular/cache/22.1.8/luxury-app/vite/deps/core-BtAdGG1h.js?v=023c1ce3:17980
[11799180ms] [WARNING] NG0913: An image with src http://localhost:4200/assets/oficial/Logo%20Files/png/Color%20logo%20-%20no%20background.png has intrinsic file dimensions much larger than its rendered size. This can negatively impact application loading performance. For more information about addressing or disabling this warning, see https://v22.angular.dev/errors/NG0913. Find more at https://v22.angular.dev/errors/NG0913 @ http://localhost:4200/@fs/D:/repos/luxuryapp-api/appsweb/angular/.angular/cache/22.1.8/luxury-app/vite/deps/core-BtAdGG1h.js?v=023c1ce3:17980
[11799181ms] [WARNING] NG0913: An image with src http://localhost:4200/assets/oficial/Logo%20Files/png/White%20logo%20-%20no%20background.png has intrinsic file dimensions much larger than its rendered size. This can negatively impact application loading performance. For more information about addressing or disabling this warning, see https://v22.angular.dev/errors/NG0913. Find more at https://v22.angular.dev/errors/NG0913 @ http://localhost:4200/@fs/D:/repos/luxuryapp-api/appsweb/angular/.angular/cache/22.1.8/luxury-app/vite/deps/core-BtAdGG1h.js?v=023c1ce3:17980
[11799203ms] [VERBOSE] [DOM] Input elements should have autocomplete attributes (suggested: "current-password"): (More info: https://goo.gl/9p2vKq) %o @ http://localhost:4200/auth/login:0
[20054414ms] [LOG] %c [Login] Iniciando login... color: #03A9F4; font-style: italic; @ http://localhost:4200/chunk-H2E4C4AE.js:2883
[20054416ms] [LOG] %c [Login] Credenciales guardadas color: #FF9800; font-style: italic; @ http://localhost:4200/chunk-H2E4C4AE.js:2883
[20054422ms] [LOG] %c🛡️ [JwtInterceptorFn] Auth check completado. Interceptando ruta: color: #FF0000; font-style: italic; http://localhost:7070/api/auth/login @ http://localhost:4200/chunk-H2E4C4AE.js:2883
[20054424ms] [LOG] %c🔍 [StorageService] Recuperando valor para clave: 'customerId' color: #2196F3; font-style: italic; @ http://localhost:4200/chunk-H2E4C4AE.js:2883
[20054424ms] [LOG] %c🟡 [StorageService] No se encontró valor para clave 'customerId' o es undefined. color: #FF9800; font-style: italic; @ http://localhost:4200/chunk-H2E4C4AE.js:2883
[20054425ms] [LOG] %c🔍 [StorageService] Recuperando valor para clave: 'customerId' color: #2196F3; font-style: italic; @ http://localhost:4200/chunk-H2E4C4AE.js:2883
[20054426ms] [LOG] %c🟡 [StorageService] No se encontró valor para clave 'customerId' o es undefined. color: #FF9800; font-style: italic; @ http://localhost:4200/chunk-H2E4C4AE.js:2883
[20054426ms] [LOG] %c [JwtTrace] request color: #F44336; font-style: italic; {at: 2026-10-03T20:06:10.111Z, url: http://localhost:7070/api/auth/login, method: POST, appUserId: null, storageCustomerId: undefined} @ http://localhost:4200/chunk-H2E4C4AE.js:2883
[20059360ms] [LOG] 🚀 ~ AuthService ~ login ~ response: {success: true, message: Inicio de sesión exitoso., data: Object, errors: Array(0), totalCount: null} @ http://localhost:4200/chunk-6PCUNU3N.js:85
[20059361ms] [LOG] %c [AuthTrace] login.success color: #03A9F4; font-style: italic; {at: 2026-10-03T20:06:15.047Z, applicationUserId: 63f5fe75-4fbb-4328-a2dd-b7224778752e, tokenCustomerId: 019c6bee-028a-70e4-98ea-557b645a3ae0, roles: Array(1), customerAccessCount: 10} @ http://localhost:4200/chunk-H2E4C4AE.js:2883
[20059362ms] [LOG] %cLINK [SignalR] Construyendo conexion... color: blue; font-style: italic; @ http://localhost:4200/chunk-H2E4C4AE.js:2883
[20059366ms] [LOG] %cHEADSET [SignalR] Registrando listeners... color: cyan; font-style: italic; @ http://localhost:4200/chunk-H2E4C4AE.js:2883
[20059367ms] [LOG] %cLINK [SignalR] Iniciando conexion... color: blue; font-style: italic; @ http://localhost:4200/chunk-H2E4C4AE.js:2883
[20059369ms] [LOG] %c [Login] Inicializando estado del cliente... color: #3F51B5; font-style: italic; @ http://localhost:4200/chunk-H2E4C4AE.js:2883
[20059371ms] [LOG] %c🔍 [StorageService] Recuperando valor para clave: 'customerId' color: #2196F3; font-style: italic; @ http://localhost:4200/chunk-H2E4C4AE.js:2883
[20059371ms] [LOG] %c🟡 [StorageService] No se encontró valor para clave 'customerId' o es undefined. color: #FF9800; font-style: italic; @ http://localhost:4200/chunk-H2E4C4AE.js:2883
[20059372ms] [LOG] %c [CustomerTrace] initialize.start color: #FF9800; font-style: italic; {at: 2026-10-03T20:06:15.056Z, state: Object, storedCustomerId: undefined, tokenCustomerId: 019c6bee-028a-70e4-98ea-557b645a3ae0, customerAccess: Array(10)} @ http://localhost:4200/chunk-H2E4C4AE.js:2883
[20059373ms] [LOG] %c🔍 [StorageService] Recuperando valor para clave: 'customerId' color: #2196F3; font-style: italic; @ http://localhost:4200/chunk-H2E4C4AE.js:2883
[20059373ms] [LOG] %c🟡 [StorageService] No se encontró valor para clave 'customerId' o es undefined. color: #FF9800; font-style: italic; @ http://localhost:4200/chunk-H2E4C4AE.js:2883
[20059374ms] [LOG] %c🔍 [StorageService] Recuperando valor para clave: 'customerId' color: #2196F3; font-style: italic; @ http://localhost:4200/chunk-H2E4C4AE.js:2883
[20059374ms] [LOG] %c🟡 [StorageService] No se encontró valor para clave 'customerId' o es undefined. color: #FF9800; font-style: italic; @ http://localhost:4200/chunk-H2E4C4AE.js:2883
[20059374ms] [LOG] %c [CustomerTrace] initialize.selected-customer color: #FF9800; font-style: italic; {at: 2026-10-03T20:06:15.060Z, state: Object, storedCustomerId: undefined, selectedCustomerId: 019c6bee-028a-70e4-98ea-557b645a3ae0} @ http://localhost:4200/chunk-H2E4C4AE.js:2883
[20059377ms] [LOG] %c💾 [StorageService] Guardando clave: 'customerId' color: #FF9800; font-style: italic; {value: 019c6bee-028a-70e4-98ea-557b645a3ae0} @ http://localhost:4200/chunk-H2E4C4AE.js:2883
[20059378ms] [LOG] %c✅ [StorageService] Clave 'customerId' guardada exitosamente. color: #4CAF50; font-style: italic; @ http://localhost:4200/chunk-H2E4C4AE.js:2883
[20059378ms] [LOG] %c🔍 [StorageService] Recuperando valor para clave: 'customerId' color: #2196F3; font-style: italic; @ http://localhost:4200/chunk-H2E4C4AE.js:2883
[20059379ms] [LOG] %c [CustomerTrace] loadDataForCustomer.start color: #FF9800; font-style: italic; {at: 2026-10-03T20:06:15.065Z, state: Object, storedCustomerId: 019c6bee-028a-70e4-98ea-557b645a3ae0, customerId: 019c6bee-028a-70e4-98ea-557b645a3ae0} @ http://localhost:4200/chunk-H2E4C4AE.js:2883
[20059380ms] [LOG] %c🛡️ [JwtInterceptorFn] Auth check completado. Interceptando ruta: color: #FF0000; font-style: italic; http://localhost:7070/api/customers/019c6bee-028a-70e4-98ea-557b645a3ae0 @ http://localhost:4200/chunk-H2E4C4AE.js:2883
[20059384ms] [LOG] %c🔍 [StorageService] Recuperando valor para clave: 'customerId' color: #2196F3; font-style: italic; @ http://localhost:4200/chunk-H2E4C4AE.js:2883
[20059386ms] [LOG] %c🔍 [StorageService] Recuperando valor para clave: 'customerId' color: #2196F3; font-style: italic; @ http://localhost:4200/chunk-H2E4C4AE.js:2883
[20059388ms] [LOG] %c [JwtTrace] request color: #F44336; font-style: italic; {at: 2026-10-03T20:06:15.072Z, url: http://localhost:7070/api/customers/019c6bee-028a-70e4-98ea-557b645a3ae0, method: GET, appUserId: 63f5fe75-4fbb-4328-a2dd-b7224778752e, storageCustomerId: 019c6bee-028a-70e4-98ea-557b645a3ae0} @ http://localhost:4200/chunk-H2E4C4AE.js:2883
[20059461ms] [LOG] %c🔍 [StorageService] Recuperando valor para clave: 'customerId' color: #2196F3; font-style: italic; @ http://localhost:4200/chunk-H2E4C4AE.js:2883
[20059461ms] [LOG] %c [CustomerTrace] loadDataForCustomer.response color: #FF9800; font-style: italic; {at: 2026-10-03T20:06:15.147Z, state: Object, storedCustomerId: 019c6bee-028a-70e4-98ea-557b645a3ae0, customerId: 019c6bee-028a-70e4-98ea-557b645a3ae0, success: true} @ http://localhost:4200/chunk-H2E4C4AE.js:2883
[20059462ms] [LOG] %c🔍 [StorageService] Recuperando valor para clave: 'customerId' color: #2196F3; font-style: italic; @ http://localhost:4200/chunk-H2E4C4AE.js:2883
[20059463ms] [LOG] %c [CustomerTrace] loadDataForCustomer.ready color: #FF9800; font-style: italic; {at: 2026-10-03T20:06:15.148Z, state: Object, storedCustomerId: 019c6bee-028a-70e4-98ea-557b645a3ae0, customerId: 019c6bee-028a-70e4-98ea-557b645a3ae0} @ http://localhost:4200/chunk-H2E4C4AE.js:2883
[20059463ms] [LOG] %c [Login] Login y carga de cliente OK. color: #4CAF50; font-style: italic; @ http://localhost:4200/chunk-H2E4C4AE.js:2883
[20059463ms] [LOG] %c [Login] Redirigiendo a: /. color: #2196F3; font-style: italic; @ http://localhost:4200/chunk-H2E4C4AE.js:2883
[20059472ms] [LOG] %c [Login] Spinner finalizo. color: #9E9E9E; font-style: italic; @ http://localhost:4200/chunk-H2E4C4AE.js:2883
[20059490ms] [INFO] [2026-10-03T20:06:15.176Z] Information: WebSocket connected to ws://localhost:7070/ws/notificationHub?id=DH1Yqs7GpD-ZKokLp_lJVQ&access_token=eyJhbGciOiJIUzI1NiIsInR5cCI6IkpXVCJ9.eyJzdWIiOiI2M2Y1ZmU3NS00ZmJiLTQzMjgtYTJkZC1iNzIyNDc3ODc1MmUiLCJqdGkiOiIwMWExMDM1Zi1kMDBjLTcxZWItYTllZC0xYWQ3OGZlMGVmZDQiLCJpYXQiOjE3OTEwNTc5NzMsIm5hbWUiOiJBZG1pbmlzdHJhZG9yIExCRyIsImVtYWlsIjoiaW5mb0BsdXh1cnlidWlsZGluZy5jb20ubXgiLCJ1c2VybmFtZSI6ImFkbWluIiwiY3VzdG9tZXJJZCI6IjAxOWM2YmVlLTAyOGEtNzBlNC05OGVhLTU1N2I2NDVhM2FlMCIsImN1c3RvbWVyTmFtZSI6IkxVWFVSWSBCVUlMRElORyBHUk9VUCBTQSBERSBDViIsImZpcnN0TmFtZSI6IkFkbWluaXN0cmFkb3IiLCJsYXN0TmFtZSI6IkxCRyIsInBob25lIjoiKDU1KSAwMDAwLSAwMDAwIiwicGhvdG9QYXRoIjoiaHR0cDovL2xvY2FsaG9zdDo3MDcwL2FwaS9maWxlcy9kb3dubG9hZD9maWxlUGF0aD1wdWJsaWMlMmZBZG1pbmlzdHJhdGlvbiUyZmFjY291bnRzJTJmMDFhMGM0M2ItYzFjOC03Njc1LWE0ODYtN2Y2NzhiNGM1NTU4LnBuZyIsInBvc2l0aW9uIjoiRGVzY29ub2NpZG8iLCJodHRwOi8vc2NoZW1hcy5taWNyb3NvZnQuY29tL3dzLzIwMDgvMDYvaWRlbnRpdHkvY2xhaW1zL3JvbGUiOiJTdXBlclVzdWFyaW8iLCJyb2xlSWQiOiI2OTlkN2NjMS1kMTQzLTQ5ODUtYjU1YS1kMDMwODY0YzY5M2UiLCJleHAiOjE3OTEwNjE1NzMsImlzcyI6Imh0dHBzOi8vbG9jYWxob3N0OjcwNjkiLCJhdWQiOiJodHRwczovL2xvY2FsaG9zdDo0MjAwIn0.Cz491OHgyjUNs6Ejy6sxgsLRxebkbHdzYvuSc12OYb0. @ http://localhost:4200/@fs/D:/repos/luxuryapp-api/appsweb/angular/.angular/cache/22.1.8/luxury-app/vite/deps/@microsoft_signalr.js?v=023c1ce3:308
[20059491ms] [INFO] [2026-10-03T20:06:15.177Z] Information: Using HubProtocol 'json'. @ http://localhost:4200/@fs/D:/repos/luxuryapp-api/appsweb/angular/.angular/cache/22.1.8/luxury-app/vite/deps/@microsoft_signalr.js?v=023c1ce3:308
[20059500ms] [LOG] %cLINK [SignalR] Conexion iniciada con exito. color: green; font-style: italic; @ http://localhost:4200/chunk-H2E4C4AE.js:2883
[20059500ms] [LOG] %cSTATE [SignalR] connectionId = 'cuWh5VA1RwDvbpEwxodVCg' color: green; font-style: italic; @ http://localhost:4200/chunk-H2E4C4AE.js:2883
[20059516ms] [LOG] %cUSER [SignalR] Evento ConnectedUser recibido: color: blue; font-style: italic; Bienvenido 63f5fe75-4fbb-4328-a2dd-b7224778752e @ http://localhost:4200/chunk-H2E4C4AE.js:2883
[20060306ms] [LOG] %c🎉 [LayoutEmployee] ¡Layout de empleado cargado! Despertando a los gigantes (SignalR, OneSignal...) color: #2196F3; font-style: italic; @ http://localhost:4200/chunk-H2E4C4AE.js:2883
[20060306ms] [LOG] %cLINK [SignalR] Construyendo conexion... color: blue; font-style: italic; @ http://localhost:4200/chunk-H2E4C4AE.js:2883
[20060306ms] [LOG] %cHEADSET [SignalR] Registrando listeners... color: cyan; font-style: italic; @ http://localhost:4200/chunk-H2E4C4AE.js:2883
[20060307ms] [LOG] %cLINK [SignalR] Iniciando conexion... color: blue; font-style: italic; @ http://localhost:4200/chunk-H2E4C4AE.js:2883
[20060307ms] [LOG] %cℹ️ [LayoutEmployee] Usuario 63f5fe75-4fbb-4328-a2dd-b7224778752e autenticado. Iniciando OneSignal... color: dodgerblue;font-style: italic @ http://localhost:4200/chunk-H2E4C4AE.js:2896
[20060307ms] [LOG] %c... [OneSignal] Esperando que el SDK este listo... color: orange; font-style: italic; @ http://localhost:4200/chunk-H2E4C4AE.js:2883
[20060347ms] [LOG] %c🛡️ [JwtInterceptorFn] Auth check completado. Interceptando ruta: color: #FF0000; font-style: italic; http://localhost:7070/api/dashboard/global-pending-items/019c6bee-028a-70e4-98ea-557b645a3ae0 @ http://localhost:4200/chunk-H2E4C4AE.js:2883
[20060349ms] [LOG] %c🔍 [StorageService] Recuperando valor para clave: 'customerId' color: #2196F3; font-style: italic; @ http://localhost:4200/chunk-H2E4C4AE.js:2883
[20060350ms] [LOG] %c🔍 [StorageService] Recuperando valor para clave: 'customerId' color: #2196F3; font-style: italic; @ http://localhost:4200/chunk-H2E4C4AE.js:2883
[20060351ms] [LOG] %c [JwtTrace] request color: #F44336; font-style: italic; {at: 2026-10-03T20:06:16.036Z, url: http://localhost:7070/api/dashboard/global-pending-items/019c6bee-028a-70e4-98ea-557b645a3ae0, method: GET, appUserId: 63f5fe75-4fbb-4328-a2dd-b7224778752e, storageCustomerId: 019c6bee-028a-70e4-98ea-557b645a3ae0} @ http://localhost:4200/chunk-H2E4C4AE.js:2883
[20060354ms] [LOG] %c🛡️ [JwtInterceptorFn] Auth check completado. Interceptando ruta: color: #FF0000; font-style: italic; http://localhost:7070/api/dashboard/global-pending-items/019c6bee-028a-70e4-98ea-557b645a3ae0 @ http://localhost:4200/chunk-H2E4C4AE.js:2883
[20060355ms] [LOG] %c🔍 [StorageService] Recuperando valor para clave: 'customerId' color: #2196F3; font-style: italic; @ http://localhost:4200/chunk-H2E4C4AE.js:2883
[20060356ms] [LOG] %c🔍 [StorageService] Recuperando valor para clave: 'customerId' color: #2196F3; font-style: italic; @ http://localhost:4200/chunk-H2E4C4AE.js:2883
[20060356ms] [LOG] %c [JwtTrace] request color: #F44336; font-style: italic; {at: 2026-10-03T20:06:16.042Z, url: http://localhost:7070/api/dashboard/global-pending-items/019c6bee-028a-70e4-98ea-557b645a3ae0, method: GET, appUserId: 63f5fe75-4fbb-4328-a2dd-b7224778752e, storageCustomerId: 019c6bee-028a-70e4-98ea-557b645a3ae0} @ http://localhost:4200/chunk-H2E4C4AE.js:2883
[20060426ms] [LOG] %c🛡️ [JwtInterceptorFn] Auth check completado. Interceptando ruta: color: #FF0000; font-style: italic; http://localhost:7070/api/notifications @ http://localhost:4200/chunk-H2E4C4AE.js:2883
[20060428ms] [LOG] %c🔍 [StorageService] Recuperando valor para clave: 'customerId' color: #2196F3; font-style: italic; @ http://localhost:4200/chunk-H2E4C4AE.js:2883
[20060428ms] [LOG] %c🔍 [StorageService] Recuperando valor para clave: 'customerId' color: #2196F3; font-style: italic; @ http://localhost:4200/chunk-H2E4C4AE.js:2883
[20060429ms] [LOG] %c [JwtTrace] request color: #F44336; font-style: italic; {at: 2026-10-03T20:06:16.115Z, url: http://localhost:7070/api/notifications, method: GET, appUserId: 63f5fe75-4fbb-4328-a2dd-b7224778752e, storageCustomerId: 019c6bee-028a-70e4-98ea-557b645a3ae0} @ http://localhost:4200/chunk-H2E4C4AE.js:2883
[20060433ms] [LOG] %c🛡️ [JwtInterceptorFn] Auth check completado. Interceptando ruta: color: #FF0000; font-style: italic; http://localhost:7070/api/notifications/unread-count @ http://localhost:4200/chunk-H2E4C4AE.js:2883
[20060434ms] [LOG] %c🔍 [StorageService] Recuperando valor para clave: 'customerId' color: #2196F3; font-style: italic; @ http://localhost:4200/chunk-H2E4C4AE.js:2883
[20060435ms] [LOG] %c🔍 [StorageService] Recuperando valor para clave: 'customerId' color: #2196F3; font-style: italic; @ http://localhost:4200/chunk-H2E4C4AE.js:2883
[20060436ms] [LOG] %c [JwtTrace] request color: #F44336; font-style: italic; {at: 2026-10-03T20:06:16.121Z, url: http://localhost:7070/api/notifications/unread-count, method: GET, appUserId: 63f5fe75-4fbb-4328-a2dd-b7224778752e, storageCustomerId: 019c6bee-028a-70e4-98ea-557b645a3ae0} @ http://localhost:4200/chunk-H2E4C4AE.js:2883
[20060456ms] [LOG] %c [MenuTrace] effect.tick color: #9C27B0; font-style: italic; {at: 2026-10-03T20:06:16.142Z, customerId: 019c6bee-028a-70e4-98ea-557b645a3ae0, customerReady: true, applicationUserId: 63f5fe75-4fbb-4328-a2dd-b7224778752e, lastCustomerId: null} @ http://localhost:4200/chunk-H2E4C4AE.js:2883
[20060457ms] [LOG] %c [MenuService] Customer data and session are ready. Loading menu... color: green; font-style: italic; @ http://localhost:4200/chunk-H2E4C4AE.js:2883
[20060458ms] [LOG] %c [MenuTrace] triggerMenuLoad.start color: #9C27B0; font-style: italic; {at: 2026-10-03T20:06:16.144Z, customerId: 019c6bee-028a-70e4-98ea-557b645a3ae0, customerReady: true, applicationUserId: 63f5fe75-4fbb-4328-a2dd-b7224778752e, lastCustomerId: null} @ http://localhost:4200/chunk-H2E4C4AE.js:2883
[20060459ms] [LOG] %c🛡️ [JwtInterceptorFn] Auth check completado. Interceptando ruta: color: #FF0000; font-style: italic; http://localhost:7070/api/menu-items/019c6bee-028a-70e4-98ea-557b645a3ae0 @ http://localhost:4200/chunk-H2E4C4AE.js:2883
[20060460ms] [LOG] %c🔍 [StorageService] Recuperando valor para clave: 'customerId' color: #2196F3; font-style: italic; @ http://localhost:4200/chunk-H2E4C4AE.js:2883
[20060461ms] [LOG] %c🔍 [StorageService] Recuperando valor para clave: 'customerId' color: #2196F3; font-style: italic; @ http://localhost:4200/chunk-H2E4C4AE.js:2883
[20060462ms] [LOG] %c [JwtTrace] request color: #F44336; font-style: italic; {at: 2026-10-03T20:06:16.147Z, url: http://localhost:7070/api/menu-items/019c6bee-028a-70e4-98ea-557b645a3ae0, method: GET, appUserId: 63f5fe75-4fbb-4328-a2dd-b7224778752e, storageCustomerId: 019c6bee-028a-70e4-98ea-557b645a3ae0} @ http://localhost:4200/chunk-H2E4C4AE.js:2883
[20060470ms] [LOG] %cok [OneSignal] SDK listo color: green; font-style: italic; @ http://localhost:4200/chunk-H2E4C4AE.js:2883
[20060580ms] [LOG] %c [API SUCCESS]: GET NoLoading: notifications color: gray; font-style: italic; [Object, Object, Object, Object, Object, Object, Object, Object, Object, Object, Object, Object, Object, Object, Object, Object, Object] @ http://localhost:4200/chunk-H2E4C4AE.js:2883
[20060601ms] [ERROR] Failed to load resource: the server responded with a status of 404 (Not Found) @ http://localhost:7070/api/files/download?filePath=public%2fAdministration%2faccounts%2f01a0c43b-c1c8-7675-a486-7f678b4c5558.png:0
[20060604ms] [INFO] [2026-10-03T20:06:16.291Z] Information: WebSocket connected to ws://localhost:7070/ws/notificationHub?id=SkoqOv_x4KAEi9kR-VL3EQ&access_token=eyJhbGciOiJIUzI1NiIsInR5cCI6IkpXVCJ9.eyJzdWIiOiI2M2Y1ZmU3NS00ZmJiLTQzMjgtYTJkZC1iNzIyNDc3ODc1MmUiLCJqdGkiOiIwMWExMDM1Zi1kMDBjLTcxZWItYTllZC0xYWQ3OGZlMGVmZDQiLCJpYXQiOjE3OTEwNTc5NzMsIm5hbWUiOiJBZG1pbmlzdHJhZG9yIExCRyIsImVtYWlsIjoiaW5mb0BsdXh1cnlidWlsZGluZy5jb20ubXgiLCJ1c2VybmFtZSI6ImFkbWluIiwiY3VzdG9tZXJJZCI6IjAxOWM2YmVlLTAyOGEtNzBlNC05OGVhLTU1N2I2NDVhM2FlMCIsImN1c3RvbWVyTmFtZSI6IkxVWFVSWSBCVUlMRElORyBHUk9VUCBTQSBERSBDViIsImZpcnN0TmFtZSI6IkFkbWluaXN0cmFkb3IiLCJsYXN0TmFtZSI6IkxCRyIsInBob25lIjoiKDU1KSAwMDAwLSAwMDAwIiwicGhvdG9QYXRoIjoiaHR0cDovL2xvY2FsaG9zdDo3MDcwL2FwaS9maWxlcy9kb3dubG9hZD9maWxlUGF0aD1wdWJsaWMlMmZBZG1pbmlzdHJhdGlvbiUyZmFjY291bnRzJTJmMDFhMGM0M2ItYzFjOC03Njc1LWE0ODYtN2Y2NzhiNGM1NTU4LnBuZyIsInBvc2l0aW9uIjoiRGVzY29ub2NpZG8iLCJodHRwOi8vc2NoZW1hcy5taWNyb3NvZnQuY29tL3dzLzIwMDgvMDYvaWRlbnRpdHkvY2xhaW1zL3JvbGUiOiJTdXBlclVzdWFyaW8iLCJyb2xlSWQiOiI2OTlkN2NjMS1kMTQzLTQ5ODUtYjU1YS1kMDMwODY0YzY5M2UiLCJleHAiOjE3OTEwNjE1NzMsImlzcyI6Imh0dHBzOi8vbG9jYWxob3N0OjcwNjkiLCJhdWQiOiJodHRwczovL2xvY2FsaG9zdDo0MjAwIn0.Cz491OHgyjUNs6Ejy6sxgsLRxebkbHdzYvuSc12OYb0. @ http://localhost:4200/@fs/D:/repos/luxuryapp-api/appsweb/angular/.angular/cache/22.1.8/luxury-app/vite/deps/@microsoft_signalr.js?v=023c1ce3:308
[20060605ms] [INFO] [2026-10-03T20:06:16.291Z] Information: Using HubProtocol 'json'. @ http://localhost:4200/@fs/D:/repos/luxuryapp-api/appsweb/angular/.angular/cache/22.1.8/luxury-app/vite/deps/@microsoft_signalr.js?v=023c1ce3:308
[20060676ms] [LOG] %cLINK [SignalR] Conexion iniciada con exito. color: green; font-style: italic; @ http://localhost:4200/chunk-H2E4C4AE.js:2883
[20060676ms] [LOG] %cSTATE [SignalR] connectionId = '8WIx01IZ10At8ZF_k0fl2A' color: green; font-style: italic; @ http://localhost:4200/chunk-H2E4C4AE.js:2883
[20060676ms] [LOG] %cUSER [SignalR] Evento ConnectedUser recibido: color: blue; font-style: italic; Bienvenido 63f5fe75-4fbb-4328-a2dd-b7224778752e @ http://localhost:4200/chunk-H2E4C4AE.js:2883
[20060939ms] [LOG] %cpkg [OneSignal] Inicializado con App ID: color: teal; font-style: italic; 3d1f1ce3-638f-4a30-b093-ab617baf91a8 @ http://localhost:4200/chunk-H2E4C4AE.js:2883
[20060940ms] [LOG] %cear [OneSignal] Listeners registrados. color: cyan; font-style: italic; @ http://localhost:4200/chunk-H2E4C4AE.js:2883
[20061642ms] [LOG] %c [API SUCCESS]: GET NoLoading: notifications/unread-count color: gray; font-style: italic; 17 @ http://localhost:4200/chunk-H2E4C4AE.js:2883
[20062165ms] [LOG] %c [API SUCCESS]: GET LIST: menu-items/019c6bee-028a-70e4-98ea-557b645a3ae0 color: teal; font-style: italic; [Object, Object, Object, Object, Object, Object, Object, Object, Object, Object, Object, Object, Object, Object, Object, Object, Object, Object, Object, Object, Object, Object, Object, Object] @ http://localhost:4200/chunk-H2E4C4AE.js:2883
[20062166ms] [LOG] %c [MenuTrace] fetchMenuItemsFromApi.success color: #9C27B0; font-style: italic; {at: 2026-10-03T20:06:17.852Z, customerId: 019c6bee-028a-70e4-98ea-557b645a3ae0, customerReady: true, applicationUserId: 63f5fe75-4fbb-4328-a2dd-b7224778752e, lastCustomerId: 019c6bee-028a-70e4-98ea-557b645a3ae0} @ http://localhost:4200/chunk-H2E4C4AE.js:2883
[20062167ms] [LOG] %c [MenuTrace] triggerMenuLoad.response color: #9C27B0; font-style: italic; {at: 2026-10-03T20:06:17.853Z, customerId: 019c6bee-028a-70e4-98ea-557b645a3ae0, customerReady: true, applicationUserId: 63f5fe75-4fbb-4328-a2dd-b7224778752e, lastCustomerId: 019c6bee-028a-70e4-98ea-557b645a3ae0} @ http://localhost:4200/chunk-H2E4C4AE.js:2883
[20062314ms] [LOG] %cuser [OneSignal] Usuario logueado con ExternalUserId: 63f5fe75-4fbb-4328-a2dd-b7224778752e color: darkslateblue; font-style: italic; @ http://localhost:4200/chunk-H2E4C4AE.js:2883
[20062316ms] [LOG] %csub [OneSignal] Permiso: color: dodgerblue; font-style: italic; false | Suscrito: false @ http://localhost:4200/chunk-H2E4C4AE.js:2883
[20062316ms] [LOG] %cwarn [OneSignal] Usuario no completamente suscrito. color: orange; font-style: italic; @ http://localhost:4200/chunk-H2E4C4AE.js:2883
[20064933ms] [LOG] %c [API SUCCESS]: GET LIST: dashboard/global-pending-items/019c6bee-028a-70e4-98ea-557b645a3ae0 color: teal; font-style: italic; [Object, Object, Object, Object, Object, Object, Object, Object, Object, Object, Object, Object, Object, Object, Object, Object, Object, Object, Object, Object, Object, Object, Object, Object, Object, Object, Object, Object, Object, Object, Object, Object, Object] @ http://localhost:4200/chunk-H2E4C4AE.js:2883
[20065120ms] [LOG] %c [API SUCCESS]: GET LIST: dashboard/global-pending-items/019c6bee-028a-70e4-98ea-557b645a3ae0 color: teal; font-style: italic; [Object, Object, Object, Object, Object, Object, Object, Object, Object, Object, Object, Object, Object, Object, Object, Object, Object, Object, Object, Object, Object, Object, Object, Object, Object, Object, Object, Object, Object, Object, Object, Object, Object] @ http://localhost:4200/chunk-H2E4C4AE.js:2883
[21077262ms] [LOG] %c📦 [StorageService] Inicializando servicio de almacenamiento local... color: #3F51B5; font-style: italic; @ http://localhost:4200/chunk-A7I7GXMU.js:2883
[21077264ms] [LOG] %c [AuthService] Verificando ruta inicial: /dashboard | Es publica: false color: #9C27B0; font-style: italic; @ http://localhost:4200/chunk-A7I7GXMU.js:2883
[21077264ms] [LOG] %c [AuthService] Ruta no publica. Intentando login silencioso... color: #009688; font-style: italic; @ http://localhost:4200/chunk-A7I7GXMU.js:2883
[21077267ms] [LOG] %c🚀 [Initializer] Starting application state initialization... color: purple; font-style: italic; @ http://localhost:4200/chunk-A7I7GXMU.js:2883
[21078768ms] [LOG] %c [AuthService] Token renovado. Actualizando sesion en memoria. color: color: #4CAF50; font-style: italic;; font-style: italic; @ http://localhost:4200/chunk-A7I7GXMU.js:2883
[21078768ms] [LOG] %c [AuthTrace] refresh.success.before-set color: #03A9F4; font-style: italic; {at: 2026-10-03T20:23:14.455Z, applicationUserId: 63f5fe75-4fbb-4328-a2dd-b7224778752e, tokenCustomerId: 019c6bee-028a-70e4-98ea-557b645a3ae0, roles: Array(1), customerAccessCount: 10} @ http://localhost:4200/chunk-A7I7GXMU.js:2883
[21078769ms] [LOG] %c [AuthTrace] refresh.success.after-set color: #03A9F4; font-style: italic; {at: 2026-10-03T20:23:14.455Z, applicationUserId: 63f5fe75-4fbb-4328-a2dd-b7224778752e, tokenCustomerId: 019c6bee-028a-70e4-98ea-557b645a3ae0, roles: Array(1), customerAccessCount: 10} @ http://localhost:4200/chunk-A7I7GXMU.js:2883
[21078770ms] [LOG] %cLINK [SignalR] Construyendo conexion... color: blue; font-style: italic; @ http://localhost:4200/chunk-A7I7GXMU.js:2883
[21078771ms] [LOG] %cHEADSET [SignalR] Registrando listeners... color: cyan; font-style: italic; @ http://localhost:4200/chunk-A7I7GXMU.js:2883
[21078771ms] [LOG] %cLINK [SignalR] Iniciando conexion... color: blue; font-style: italic; @ http://localhost:4200/chunk-A7I7GXMU.js:2883
[21078772ms] [LOG] %c [AuthTrace] trySilentLogin.finalize color: #8BC34A; font-style: italic; {at: 2026-10-03T20:23:14.458Z, isAuthenticated: true} @ http://localhost:4200/chunk-A7I7GXMU.js:2883
[21078773ms] [LOG] %c🏢 [Initializer] User session found. Initializing customer state... color: #3F51B5; font-style: italic; @ http://localhost:4200/chunk-A7I7GXMU.js:2883
[21078774ms] [LOG] %c🔍 [StorageService] Recuperando valor para clave: 'customerId' color: #2196F3; font-style: italic; @ http://localhost:4200/chunk-A7I7GXMU.js:2883
[21078774ms] [LOG] %c [CustomerTrace] initialize.start color: #FF9800; font-style: italic; {at: 2026-10-03T20:23:14.460Z, state: Object, storedCustomerId: 019c6bee-028a-70e4-98ea-557b645a3ae0, tokenCustomerId: 019c6bee-028a-70e4-98ea-557b645a3ae0, customerAccess: Array(10)} @ http://localhost:4200/chunk-A7I7GXMU.js:2883
[21078775ms] [LOG] %c🔍 [StorageService] Recuperando valor para clave: 'customerId' color: #2196F3; font-style: italic; @ http://localhost:4200/chunk-A7I7GXMU.js:2883
[21078775ms] [LOG] %c🔍 [StorageService] Recuperando valor para clave: 'customerId' color: #2196F3; font-style: italic; @ http://localhost:4200/chunk-A7I7GXMU.js:2883
[21078776ms] [LOG] %c [CustomerTrace] initialize.selected-customer color: #FF9800; font-style: italic; {at: 2026-10-03T20:23:14.462Z, state: Object, storedCustomerId: 019c6bee-028a-70e4-98ea-557b645a3ae0, selectedCustomerId: 019c6bee-028a-70e4-98ea-557b645a3ae0} @ http://localhost:4200/chunk-A7I7GXMU.js:2883
[21078777ms] [LOG] %c💾 [StorageService] Guardando clave: 'customerId' color: #FF9800; font-style: italic; {value: 019c6bee-028a-70e4-98ea-557b645a3ae0} @ http://localhost:4200/chunk-A7I7GXMU.js:2883
[21078777ms] [LOG] %c✅ [StorageService] Clave 'customerId' guardada exitosamente. color: #4CAF50; font-style: italic; @ http://localhost:4200/chunk-A7I7GXMU.js:2883
[21078778ms] [LOG] %c🔍 [StorageService] Recuperando valor para clave: 'customerId' color: #2196F3; font-style: italic; @ http://localhost:4200/chunk-A7I7GXMU.js:2883
[21078779ms] [LOG] %c [CustomerTrace] loadDataForCustomer.start color: #FF9800; font-style: italic; {at: 2026-10-03T20:23:14.464Z, state: Object, storedCustomerId: 019c6bee-028a-70e4-98ea-557b645a3ae0, customerId: 019c6bee-028a-70e4-98ea-557b645a3ae0} @ http://localhost:4200/chunk-A7I7GXMU.js:2883
[21078781ms] [LOG] %c🛡️ [JwtInterceptorFn] Auth check completado. Interceptando ruta: color: #FF0000; font-style: italic; http://localhost:7070/api/customers/019c6bee-028a-70e4-98ea-557b645a3ae0 @ http://localhost:4200/chunk-A7I7GXMU.js:2883
[21078783ms] [LOG] %c🔍 [StorageService] Recuperando valor para clave: 'customerId' color: #2196F3; font-style: italic; @ http://localhost:4200/chunk-A7I7GXMU.js:2883
[21078784ms] [LOG] %c🔍 [StorageService] Recuperando valor para clave: 'customerId' color: #2196F3; font-style: italic; @ http://localhost:4200/chunk-A7I7GXMU.js:2883
[21078785ms] [LOG] %c [JwtTrace] request color: #F44336; font-style: italic; {at: 2026-10-03T20:23:14.470Z, url: http://localhost:7070/api/customers/019c6bee-028a-70e4-98ea-557b645a3ae0, method: GET, appUserId: 63f5fe75-4fbb-4328-a2dd-b7224778752e, storageCustomerId: 019c6bee-028a-70e4-98ea-557b645a3ae0} @ http://localhost:4200/chunk-A7I7GXMU.js:2883
[21078820ms] [INFO] [2026-10-03T20:23:14.506Z] Information: WebSocket connected to ws://localhost:7070/ws/notificationHub?id=ckZPmZYS8L9DA8BqEa2ZDg&access_token=eyJhbGciOiJIUzI1NiIsInR5cCI6IkpXVCJ9.eyJzdWIiOiI2M2Y1ZmU3NS00ZmJiLTQzMjgtYTJkZC1iNzIyNDc3ODc1MmUiLCJqdGkiOiIwMWExMDM2Zi02NGNlLTdmOTktYjc1ZS04MmZkMGRmNmU4NTgiLCJpYXQiOjE3OTEwNTg5OTQsIm5hbWUiOiJBZG1pbmlzdHJhZG9yIExCRyIsImVtYWlsIjoiaW5mb0BsdXh1cnlidWlsZGluZy5jb20ubXgiLCJ1c2VybmFtZSI6ImFkbWluIiwiY3VzdG9tZXJJZCI6IjAxOWM2YmVlLTAyOGEtNzBlNC05OGVhLTU1N2I2NDVhM2FlMCIsImN1c3RvbWVyTmFtZSI6IkxVWFVSWSBCVUlMRElORyBHUk9VUCBTQSBERSBDViIsImZpcnN0TmFtZSI6IkFkbWluaXN0cmFkb3IiLCJsYXN0TmFtZSI6IkxCRyIsInBob25lIjoiKDU1KSAwMDAwLSAwMDAwIiwicGhvdG9QYXRoIjoiaHR0cDovL2xvY2FsaG9zdDo3MDcwL2FwaS9maWxlcy9kb3dubG9hZD9maWxlUGF0aD1wdWJsaWMlMmZBZG1pbmlzdHJhdGlvbiUyZmFjY291bnRzJTJmMDFhMGM0M2ItYzFjOC03Njc1LWE0ODYtN2Y2NzhiNGM1NTU4LnBuZyIsInBvc2l0aW9uIjoiRGVzY29ub2NpZG8iLCJodHRwOi8vc2NoZW1hcy5taWNyb3NvZnQuY29tL3dzLzIwMDgvMDYvaWRlbnRpdHkvY2xhaW1zL3JvbGUiOiJTdXBlclVzdWFyaW8iLCJyb2xlSWQiOiI2OTlkN2NjMS1kMTQzLTQ5ODUtYjU1YS1kMDMwODY0YzY5M2UiLCJleHAiOjE3OTEwNjI1OTQsImlzcyI6Imh0dHBzOi8vbG9jYWxob3N0OjcwNjkiLCJhdWQiOiJodHRwczovL2xvY2FsaG9zdDo0MjAwIn0.fjE022ZOatOwtiM_gwKgGqYP6gYe56x0Jd6HoQQ9e0k. @ http://localhost:4200/@fs/D:/repos/luxuryapp-api/appsweb/angular/.angular/cache/22.1.8/luxury-app/vite/deps/@microsoft_signalr.js?v=023c1ce3:308
[21078821ms] [INFO] [2026-10-03T20:23:14.507Z] Information: Using HubProtocol 'json'. @ http://localhost:4200/@fs/D:/repos/luxuryapp-api/appsweb/angular/.angular/cache/22.1.8/luxury-app/vite/deps/@microsoft_signalr.js?v=023c1ce3:308
[21078823ms] [LOG] %cLINK [SignalR] Conexion iniciada con exito. color: green; font-style: italic; @ http://localhost:4200/chunk-A7I7GXMU.js:2883
[21078824ms] [LOG] %cSTATE [SignalR] connectionId = 'X7bQ4n-3feWKgZsSEWM2Pw' color: green; font-style: italic; @ http://localhost:4200/chunk-A7I7GXMU.js:2883
[21078832ms] [LOG] %cUSER [SignalR] Evento ConnectedUser recibido: color: blue; font-style: italic; Bienvenido 63f5fe75-4fbb-4328-a2dd-b7224778752e @ http://localhost:4200/chunk-A7I7GXMU.js:2883
[21078838ms] [LOG] %c🔍 [StorageService] Recuperando valor para clave: 'customerId' color: #2196F3; font-style: italic; @ http://localhost:4200/chunk-A7I7GXMU.js:2883
[21078839ms] [LOG] %c [CustomerTrace] loadDataForCustomer.response color: #FF9800; font-style: italic; {at: 2026-10-03T20:23:14.525Z, state: Object, storedCustomerId: 019c6bee-028a-70e4-98ea-557b645a3ae0, customerId: 019c6bee-028a-70e4-98ea-557b645a3ae0, success: true} @ http://localhost:4200/chunk-A7I7GXMU.js:2883
[21078839ms] [LOG] %c🔍 [StorageService] Recuperando valor para clave: 'customerId' color: #2196F3; font-style: italic; @ http://localhost:4200/chunk-A7I7GXMU.js:2883
[21078840ms] [LOG] %c [CustomerTrace] loadDataForCustomer.ready color: #FF9800; font-style: italic; {at: 2026-10-03T20:23:14.526Z, state: Object, storedCustomerId: 019c6bee-028a-70e4-98ea-557b645a3ae0, customerId: 019c6bee-028a-70e4-98ea-557b645a3ae0} @ http://localhost:4200/chunk-A7I7GXMU.js:2883
[21078840ms] [LOG] %c✅ [Initializer] State initialization complete. color: green; font-style: italic; @ http://localhost:4200/chunk-A7I7GXMU.js:2883
[21078849ms] [LOG] %c🔄 UpdateService: Inicializando servicio de actualizaciones color: blue; font-weight: bold; @ http://localhost:4200/chunk-2BPO4FAW.js:17
[21078850ms] [LOG] %c🔄 UpdateService: ❌ Service Worker NO habilitado color: red; font-weight: bold; @ http://localhost:4200/chunk-2BPO4FAW.js:33
[21078858ms] [LOG] %c🚀 [App] ¡Aplicación iniciada! Soy más ligero y rápido que nunca. color: #673AB7; font-style: italic; @ http://localhost:4200/chunk-A7I7GXMU.js:2883
[21078871ms] [LOG] Angular is running in development mode. @ http://localhost:4200/@fs/D:/repos/luxuryapp-api/appsweb/angular/.angular/cache/22.1.8/luxury-app/vite/deps/core-BtAdGG1h.js?v=023c1ce3:9175
[21079721ms] [LOG] %c🎉 [LayoutEmployee] ¡Layout de empleado cargado! Despertando a los gigantes (SignalR, OneSignal...) color: #2196F3; font-style: italic; @ http://localhost:4200/chunk-A7I7GXMU.js:2883
[21079721ms] [LOG] %cLINK [SignalR] Construyendo conexion... color: blue; font-style: italic; @ http://localhost:4200/chunk-A7I7GXMU.js:2883
[21079722ms] [LOG] %cHEADSET [SignalR] Registrando listeners... color: cyan; font-style: italic; @ http://localhost:4200/chunk-A7I7GXMU.js:2883
[21079722ms] [LOG] %cLINK [SignalR] Iniciando conexion... color: blue; font-style: italic; @ http://localhost:4200/chunk-A7I7GXMU.js:2883
[21079723ms] [LOG] %cℹ️ [LayoutEmployee] Usuario 63f5fe75-4fbb-4328-a2dd-b7224778752e autenticado. Iniciando OneSignal... color: dodgerblue;font-style: italic @ http://localhost:4200/chunk-A7I7GXMU.js:2896
[21079723ms] [LOG] %c... [OneSignal] Esperando que el SDK este listo... color: orange; font-style: italic; @ http://localhost:4200/chunk-A7I7GXMU.js:2883
[21079778ms] [LOG] %c🛡️ [JwtInterceptorFn] Auth check completado. Interceptando ruta: color: #FF0000; font-style: italic; http://localhost:7070/api/dashboard/global-pending-items/019c6bee-028a-70e4-98ea-557b645a3ae0 @ http://localhost:4200/chunk-A7I7GXMU.js:2883
[21079779ms] [LOG] %c🔍 [StorageService] Recuperando valor para clave: 'customerId' color: #2196F3; font-style: italic; @ http://localhost:4200/chunk-A7I7GXMU.js:2883
[21079780ms] [LOG] %c🔍 [StorageService] Recuperando valor para clave: 'customerId' color: #2196F3; font-style: italic; @ http://localhost:4200/chunk-A7I7GXMU.js:2883
[21079782ms] [LOG] %c [JwtTrace] request color: #F44336; font-style: italic; {at: 2026-10-03T20:23:15.466Z, url: http://localhost:7070/api/dashboard/global-pending-items/019c6bee-028a-70e4-98ea-557b645a3ae0, method: GET, appUserId: 63f5fe75-4fbb-4328-a2dd-b7224778752e, storageCustomerId: 019c6bee-028a-70e4-98ea-557b645a3ae0} @ http://localhost:4200/chunk-A7I7GXMU.js:2883
[21079788ms] [LOG] %c🛡️ [JwtInterceptorFn] Auth check completado. Interceptando ruta: color: #FF0000; font-style: italic; http://localhost:7070/api/dashboard/global-pending-items/019c6bee-028a-70e4-98ea-557b645a3ae0 @ http://localhost:4200/chunk-A7I7GXMU.js:2883
[21079790ms] [LOG] %c🔍 [StorageService] Recuperando valor para clave: 'customerId' color: #2196F3; font-style: italic; @ http://localhost:4200/chunk-A7I7GXMU.js:2883
[21079791ms] [LOG] %c🔍 [StorageService] Recuperando valor para clave: 'customerId' color: #2196F3; font-style: italic; @ http://localhost:4200/chunk-A7I7GXMU.js:2883
[21079792ms] [LOG] %c [JwtTrace] request color: #F44336; font-style: italic; {at: 2026-10-03T20:23:15.477Z, url: http://localhost:7070/api/dashboard/global-pending-items/019c6bee-028a-70e4-98ea-557b645a3ae0, method: GET, appUserId: 63f5fe75-4fbb-4328-a2dd-b7224778752e, storageCustomerId: 019c6bee-028a-70e4-98ea-557b645a3ae0} @ http://localhost:4200/chunk-A7I7GXMU.js:2883
[21079881ms] [LOG] %c🛡️ [JwtInterceptorFn] Auth check completado. Interceptando ruta: color: #FF0000; font-style: italic; http://localhost:7070/api/notifications @ http://localhost:4200/chunk-A7I7GXMU.js:2883
[21079882ms] [LOG] %c🔍 [StorageService] Recuperando valor para clave: 'customerId' color: #2196F3; font-style: italic; @ http://localhost:4200/chunk-A7I7GXMU.js:2883
[21079883ms] [LOG] %c🔍 [StorageService] Recuperando valor para clave: 'customerId' color: #2196F3; font-style: italic; @ http://localhost:4200/chunk-A7I7GXMU.js:2883
[21079884ms] [LOG] %c [JwtTrace] request color: #F44336; font-style: italic; {at: 2026-10-03T20:23:15.569Z, url: http://localhost:7070/api/notifications, method: GET, appUserId: 63f5fe75-4fbb-4328-a2dd-b7224778752e, storageCustomerId: 019c6bee-028a-70e4-98ea-557b645a3ae0} @ http://localhost:4200/chunk-A7I7GXMU.js:2883
[21079887ms] [LOG] %c🛡️ [JwtInterceptorFn] Auth check completado. Interceptando ruta: color: #FF0000; font-style: italic; http://localhost:7070/api/notifications/unread-count @ http://localhost:4200/chunk-A7I7GXMU.js:2883
[21079888ms] [LOG] %c🔍 [StorageService] Recuperando valor para clave: 'customerId' color: #2196F3; font-style: italic; @ http://localhost:4200/chunk-A7I7GXMU.js:2883
[21079889ms] [LOG] %c🔍 [StorageService] Recuperando valor para clave: 'customerId' color: #2196F3; font-style: italic; @ http://localhost:4200/chunk-A7I7GXMU.js:2883
[21079890ms] [LOG] %c [JwtTrace] request color: #F44336; font-style: italic; {at: 2026-10-03T20:23:15.575Z, url: http://localhost:7070/api/notifications/unread-count, method: GET, appUserId: 63f5fe75-4fbb-4328-a2dd-b7224778752e, storageCustomerId: 019c6bee-028a-70e4-98ea-557b645a3ae0} @ http://localhost:4200/chunk-A7I7GXMU.js:2883
[21079902ms] [LOG] %c [MenuTrace] effect.tick color: #9C27B0; font-style: italic; {at: 2026-10-03T20:23:15.588Z, customerId: 019c6bee-028a-70e4-98ea-557b645a3ae0, customerReady: true, applicationUserId: 63f5fe75-4fbb-4328-a2dd-b7224778752e, lastCustomerId: null} @ http://localhost:4200/chunk-A7I7GXMU.js:2883
[21079903ms] [LOG] %c [MenuService] Customer data and session are ready. Loading menu... color: green; font-style: italic; @ http://localhost:4200/chunk-A7I7GXMU.js:2883
[21079903ms] [LOG] %c [MenuTrace] triggerMenuLoad.start color: #9C27B0; font-style: italic; {at: 2026-10-03T20:23:15.589Z, customerId: 019c6bee-028a-70e4-98ea-557b645a3ae0, customerReady: true, applicationUserId: 63f5fe75-4fbb-4328-a2dd-b7224778752e, lastCustomerId: null} @ http://localhost:4200/chunk-A7I7GXMU.js:2883
[21079905ms] [LOG] %c🛡️ [JwtInterceptorFn] Auth check completado. Interceptando ruta: color: #FF0000; font-style: italic; http://localhost:7070/api/menu-items/019c6bee-028a-70e4-98ea-557b645a3ae0 @ http://localhost:4200/chunk-A7I7GXMU.js:2883
[21079906ms] [LOG] %c🔍 [StorageService] Recuperando valor para clave: 'customerId' color: #2196F3; font-style: italic; @ http://localhost:4200/chunk-A7I7GXMU.js:2883
[21079907ms] [LOG] %c🔍 [StorageService] Recuperando valor para clave: 'customerId' color: #2196F3; font-style: italic; @ http://localhost:4200/chunk-A7I7GXMU.js:2883
[21079907ms] [LOG] %c [JwtTrace] request color: #F44336; font-style: italic; {at: 2026-10-03T20:23:15.593Z, url: http://localhost:7070/api/menu-items/019c6bee-028a-70e4-98ea-557b645a3ae0, method: GET, appUserId: 63f5fe75-4fbb-4328-a2dd-b7224778752e, storageCustomerId: 019c6bee-028a-70e4-98ea-557b645a3ae0} @ http://localhost:4200/chunk-A7I7GXMU.js:2883
[21079914ms] [LOG] %cok [OneSignal] SDK listo color: green; font-style: italic; @ http://localhost:4200/chunk-A7I7GXMU.js:2883
[21080115ms] [INFO] [2026-10-03T20:23:15.802Z] Information: WebSocket connected to ws://localhost:7070/ws/notificationHub?id=HXOzAgURv9tmkDZmu5l3HA&access_token=eyJhbGciOiJIUzI1NiIsInR5cCI6IkpXVCJ9.eyJzdWIiOiI2M2Y1ZmU3NS00ZmJiLTQzMjgtYTJkZC1iNzIyNDc3ODc1MmUiLCJqdGkiOiIwMWExMDM2Zi02NGNlLTdmOTktYjc1ZS04MmZkMGRmNmU4NTgiLCJpYXQiOjE3OTEwNTg5OTQsIm5hbWUiOiJBZG1pbmlzdHJhZG9yIExCRyIsImVtYWlsIjoiaW5mb0BsdXh1cnlidWlsZGluZy5jb20ubXgiLCJ1c2VybmFtZSI6ImFkbWluIiwiY3VzdG9tZXJJZCI6IjAxOWM2YmVlLTAyOGEtNzBlNC05OGVhLTU1N2I2NDVhM2FlMCIsImN1c3RvbWVyTmFtZSI6IkxVWFVSWSBCVUlMRElORyBHUk9VUCBTQSBERSBDViIsImZpcnN0TmFtZSI6IkFkbWluaXN0cmFkb3IiLCJsYXN0TmFtZSI6IkxCRyIsInBob25lIjoiKDU1KSAwMDAwLSAwMDAwIiwicGhvdG9QYXRoIjoiaHR0cDovL2xvY2FsaG9zdDo3MDcwL2FwaS9maWxlcy9kb3dubG9hZD9maWxlUGF0aD1wdWJsaWMlMmZBZG1pbmlzdHJhdGlvbiUyZmFjY291bnRzJTJmMDFhMGM0M2ItYzFjOC03Njc1LWE0ODYtN2Y2NzhiNGM1NTU4LnBuZyIsInBvc2l0aW9uIjoiRGVzY29ub2NpZG8iLCJodHRwOi8vc2NoZW1hcy5taWNyb3NvZnQuY29tL3dzLzIwMDgvMDYvaWRlbnRpdHkvY2xhaW1zL3JvbGUiOiJTdXBlclVzdWFyaW8iLCJyb2xlSWQiOiI2OTlkN2NjMS1kMTQzLTQ5ODUtYjU1YS1kMDMwODY0YzY5M2UiLCJleHAiOjE3OTEwNjI1OTQsImlzcyI6Imh0dHBzOi8vbG9jYWxob3N0OjcwNjkiLCJhdWQiOiJodHRwczovL2xvY2FsaG9zdDo0MjAwIn0.fjE022ZOatOwtiM_gwKgGqYP6gYe56x0Jd6HoQQ9e0k. @ http://localhost:4200/@fs/D:/repos/luxuryapp-api/appsweb/angular/.angular/cache/22.1.8/luxury-app/vite/deps/@microsoft_signalr.js?v=023c1ce3:308
[21080116ms] [INFO] [2026-10-03T20:23:15.802Z] Information: Using HubProtocol 'json'. @ http://localhost:4200/@fs/D:/repos/luxuryapp-api/appsweb/angular/.angular/cache/22.1.8/luxury-app/vite/deps/@microsoft_signalr.js?v=023c1ce3:308
[21080154ms] [LOG] %cpkg [OneSignal] Inicializado con App ID: color: teal; font-style: italic; 3d1f1ce3-638f-4a30-b093-ab617baf91a8 @ http://localhost:4200/chunk-A7I7GXMU.js:2883
[21080155ms] [LOG] %cear [OneSignal] Listeners registrados. color: cyan; font-style: italic; @ http://localhost:4200/chunk-A7I7GXMU.js:2883
[21080155ms] [LOG] %cuser [OneSignal] Usuario logueado con ExternalUserId: 63f5fe75-4fbb-4328-a2dd-b7224778752e color: darkslateblue; font-style: italic; @ http://localhost:4200/chunk-A7I7GXMU.js:2883
[21080156ms] [LOG] %csub [OneSignal] Permiso: color: dodgerblue; font-style: italic; false | Suscrito: false @ http://localhost:4200/chunk-A7I7GXMU.js:2883
[21080156ms] [LOG] %cwarn [OneSignal] Usuario no completamente suscrito. color: orange; font-style: italic; @ http://localhost:4200/chunk-A7I7GXMU.js:2883
[21080178ms] [LOG] %cUSER [SignalR] Evento ConnectedUser recibido: color: blue; font-style: italic; Bienvenido 63f5fe75-4fbb-4328-a2dd-b7224778752e @ http://localhost:4200/chunk-A7I7GXMU.js:2883
[21080178ms] [LOG] %cLINK [SignalR] Conexion iniciada con exito. color: green; font-style: italic; @ http://localhost:4200/chunk-A7I7GXMU.js:2883
[21080178ms] [LOG] %cSTATE [SignalR] connectionId = '-2ZunBB5TGhqUgQB_OCd9w' color: green; font-style: italic; @ http://localhost:4200/chunk-A7I7GXMU.js:2883
[21080605ms] [ERROR] Failed to load resource: the server responded with a status of 404 (Not Found) @ http://localhost:7070/api/files/download?filePath=public%2fAdministration%2faccounts%2f01a0c43b-c1c8-7675-a486-7f678b4c5558.png:0
[21081255ms] [LOG] %c [API SUCCESS]: GET NoLoading: notifications/unread-count color: gray; font-style: italic; 17 @ http://localhost:4200/chunk-A7I7GXMU.js:2883
[21081259ms] [LOG] %c [API SUCCESS]: GET NoLoading: notifications color: gray; font-style: italic; [Object, Object, Object, Object, Object, Object, Object, Object, Object, Object, Object, Object, Object, Object, Object, Object, Object] @ http://localhost:4200/chunk-A7I7GXMU.js:2883
[21081452ms] [LOG] %c [API SUCCESS]: GET LIST: dashboard/global-pending-items/019c6bee-028a-70e4-98ea-557b645a3ae0 color: teal; font-style: italic; [Object, Object, Object, Object, Object, Object, Object, Object, Object, Object, Object, Object, Object, Object, Object, Object, Object, Object, Object, Object, Object, Object, Object, Object, Object, Object, Object, Object, Object, Object, Object, Object, Object] @ http://localhost:4200/chunk-A7I7GXMU.js:2883
[21081575ms] [LOG] %c [API SUCCESS]: GET LIST: dashboard/global-pending-items/019c6bee-028a-70e4-98ea-557b645a3ae0 color: teal; font-style: italic; [Object, Object, Object, Object, Object, Object, Object, Object, Object, Object, Object, Object, Object, Object, Object, Object, Object, Object, Object, Object, Object, Object, Object, Object, Object, Object, Object, Object, Object, Object, Object, Object, Object] @ http://localhost:4200/chunk-A7I7GXMU.js:2883
[21081786ms] [LOG] %c [API SUCCESS]: GET LIST: menu-items/019c6bee-028a-70e4-98ea-557b645a3ae0 color: teal; font-style: italic; [Object, Object, Object, Object, Object, Object, Object, Object, Object, Object, Object, Object, Object, Object, Object, Object, Object, Object, Object, Object, Object, Object, Object, Object] @ http://localhost:4200/chunk-A7I7GXMU.js:2883
[21081787ms] [LOG] %c [MenuTrace] fetchMenuItemsFromApi.success color: #9C27B0; font-style: italic; {at: 2026-10-03T20:23:17.473Z, customerId: 019c6bee-028a-70e4-98ea-557b645a3ae0, customerReady: true, applicationUserId: 63f5fe75-4fbb-4328-a2dd-b7224778752e, lastCustomerId: 019c6bee-028a-70e4-98ea-557b645a3ae0} @ http://localhost:4200/chunk-A7I7GXMU.js:2883
[21081787ms] [LOG] %c [MenuTrace] triggerMenuLoad.response color: #9C27B0; font-style: italic; {at: 2026-10-03T20:23:17.474Z, customerId: 019c6bee-028a-70e4-98ea-557b645a3ae0, customerReady: true, applicationUserId: 63f5fe75-4fbb-4328-a2dd-b7224778752e, lastCustomerId: 019c6bee-028a-70e4-98ea-557b645a3ae0} @ http://localhost:4200/chunk-A7I7GXMU.js:2883
