[     202ms] [LOG] %c📦 [StorageService] Inicializando servicio de almacenamiento local... color: #3F51B5; font-style: italic; @ http://localhost:4200/chunk-72LYY77U.js:59
[     203ms] [LOG] %c [AuthService] Verificando ruta inicial: /purchases/solicitud-compra/1 | Es publica: false color: #9C27B0; font-style: italic; @ http://localhost:4200/chunk-72LYY77U.js:59
[     203ms] [LOG] %c [AuthService] Ruta no publica. Intentando login silencioso... color: #009688; font-style: italic; @ http://localhost:4200/chunk-72LYY77U.js:59
[     205ms] [LOG] %c🚀 [Initializer] Starting application state initialization... color: purple; font-style: italic; @ http://localhost:4200/chunk-72LYY77U.js:59
[     259ms] [LOG] %c [AuthService] Token renovado. Actualizando sesion en memoria. color: color: #4CAF50; font-style: italic;; font-style: italic; @ http://localhost:4200/chunk-72LYY77U.js:59
[     259ms] [LOG] %c [AuthTrace] refresh.success.before-set color: #03A9F4; font-style: italic; {at: 2026-09-13T19:22:54.457Z, applicationUserId: 63f5fe75-4fbb-4328-a2dd-b7224778752e, tokenCustomerId: 019c6bee-028a-70e4-98ea-557b645a3ae0, roles: Array(1), customerAccessCount: 10} @ http://localhost:4200/chunk-72LYY77U.js:59
[     259ms] [LOG] %c [AuthTrace] refresh.success.after-set color: #03A9F4; font-style: italic; {at: 2026-09-13T19:22:54.457Z, applicationUserId: 63f5fe75-4fbb-4328-a2dd-b7224778752e, tokenCustomerId: 019c6bee-028a-70e4-98ea-557b645a3ae0, roles: Array(1), customerAccessCount: 10} @ http://localhost:4200/chunk-72LYY77U.js:59
[     260ms] [LOG] %cLINK [SignalR] Construyendo conexion... color: blue; font-style: italic; @ http://localhost:4200/chunk-72LYY77U.js:59
[     260ms] [LOG] %cHEADSET [SignalR] Registrando listeners... color: cyan; font-style: italic; @ http://localhost:4200/chunk-72LYY77U.js:59
[     260ms] [LOG] %cLINK [SignalR] Iniciando conexion... color: blue; font-style: italic; @ http://localhost:4200/chunk-72LYY77U.js:59
[     261ms] [LOG] %c [AuthTrace] trySilentLogin.finalize color: #8BC34A; font-style: italic; {at: 2026-09-13T19:22:54.458Z, isAuthenticated: true} @ http://localhost:4200/chunk-72LYY77U.js:59
[     261ms] [LOG] %c🏢 [Initializer] User session found. Initializing customer state... color: #3F51B5; font-style: italic; @ http://localhost:4200/chunk-72LYY77U.js:59
[     261ms] [LOG] %c🔍 [StorageService] Recuperando valor para clave: 'customerId' color: #2196F3; font-style: italic; @ http://localhost:4200/chunk-72LYY77U.js:59
[     262ms] [LOG] %c [CustomerTrace] initialize.start color: #FF9800; font-style: italic; {at: 2026-09-13T19:22:54.459Z, state: Object, storedCustomerId: 019c6bee-028a-70e4-98ea-557b645a3ae0, tokenCustomerId: 019c6bee-028a-70e4-98ea-557b645a3ae0, customerAccess: Array(10)} @ http://localhost:4200/chunk-72LYY77U.js:59
[     262ms] [LOG] %c🔍 [StorageService] Recuperando valor para clave: 'customerId' color: #2196F3; font-style: italic; @ http://localhost:4200/chunk-72LYY77U.js:59
[     262ms] [LOG] %c🔍 [StorageService] Recuperando valor para clave: 'customerId' color: #2196F3; font-style: italic; @ http://localhost:4200/chunk-72LYY77U.js:59
[     262ms] [LOG] %c [CustomerTrace] initialize.selected-customer color: #FF9800; font-style: italic; {at: 2026-09-13T19:22:54.460Z, state: Object, storedCustomerId: 019c6bee-028a-70e4-98ea-557b645a3ae0, selectedCustomerId: 019c6bee-028a-70e4-98ea-557b645a3ae0} @ http://localhost:4200/chunk-72LYY77U.js:59
[     263ms] [LOG] %c💾 [StorageService] Guardando clave: 'customerId' color: #FF9800; font-style: italic; {value: 019c6bee-028a-70e4-98ea-557b645a3ae0} @ http://localhost:4200/chunk-72LYY77U.js:59
[     263ms] [LOG] %c✅ [StorageService] Clave 'customerId' guardada exitosamente. color: #4CAF50; font-style: italic; @ http://localhost:4200/chunk-72LYY77U.js:59
[     263ms] [LOG] %c🔍 [StorageService] Recuperando valor para clave: 'customerId' color: #2196F3; font-style: italic; @ http://localhost:4200/chunk-72LYY77U.js:59
[     264ms] [LOG] %c [CustomerTrace] loadDataForCustomer.start color: #FF9800; font-style: italic; {at: 2026-09-13T19:22:54.461Z, state: Object, storedCustomerId: 019c6bee-028a-70e4-98ea-557b645a3ae0, customerId: 019c6bee-028a-70e4-98ea-557b645a3ae0} @ http://localhost:4200/chunk-72LYY77U.js:59
[     264ms] [LOG] %c🛡️ [JwtInterceptorFn] Auth check completado. Interceptando ruta: color: #FF0000; font-style: italic; http://localhost:7070/api/customers/019c6bee-028a-70e4-98ea-557b645a3ae0 @ http://localhost:4200/chunk-72LYY77U.js:59
[     265ms] [LOG] %c🔍 [StorageService] Recuperando valor para clave: 'customerId' color: #2196F3; font-style: italic; @ http://localhost:4200/chunk-72LYY77U.js:59
[     266ms] [LOG] %c🔍 [StorageService] Recuperando valor para clave: 'customerId' color: #2196F3; font-style: italic; @ http://localhost:4200/chunk-72LYY77U.js:59
[     266ms] [LOG] %c [JwtTrace] request color: #F44336; font-style: italic; {at: 2026-09-13T19:22:54.463Z, url: http://localhost:7070/api/customers/019c6bee-028a-70e4-98ea-557b645a3ae0, method: GET, appUserId: 63f5fe75-4fbb-4328-a2dd-b7224778752e, storageCustomerId: 019c6bee-028a-70e4-98ea-557b645a3ae0} @ http://localhost:4200/chunk-72LYY77U.js:59
[     280ms] [LOG] %c🔍 [StorageService] Recuperando valor para clave: 'customerId' color: #2196F3; font-style: italic; @ http://localhost:4200/chunk-72LYY77U.js:59
[     281ms] [LOG] %c [CustomerTrace] loadDataForCustomer.response color: #FF9800; font-style: italic; {at: 2026-09-13T19:22:54.478Z, state: Object, storedCustomerId: 019c6bee-028a-70e4-98ea-557b645a3ae0, customerId: 019c6bee-028a-70e4-98ea-557b645a3ae0, success: true} @ http://localhost:4200/chunk-72LYY77U.js:59
[     281ms] [LOG] %c🔍 [StorageService] Recuperando valor para clave: 'customerId' color: #2196F3; font-style: italic; @ http://localhost:4200/chunk-72LYY77U.js:59
[     281ms] [LOG] %c [CustomerTrace] loadDataForCustomer.ready color: #FF9800; font-style: italic; {at: 2026-09-13T19:22:54.478Z, state: Object, storedCustomerId: 019c6bee-028a-70e4-98ea-557b645a3ae0, customerId: 019c6bee-028a-70e4-98ea-557b645a3ae0} @ http://localhost:4200/chunk-72LYY77U.js:59
[     281ms] [LOG] %c✅ [Initializer] State initialization complete. color: green; font-style: italic; @ http://localhost:4200/chunk-72LYY77U.js:59
[     283ms] [LOG] %c🔄 UpdateService: Inicializando servicio de actualizaciones color: blue; font-weight: bold; @ http://localhost:4200/chunk-WEIOKMZ7.js:10
[     283ms] [LOG] %c🔄 UpdateService: ❌ Service Worker NO habilitado color: red; font-weight: bold; @ http://localhost:4200/chunk-WEIOKMZ7.js:22
[     289ms] [LOG] %c🚀 [App] ¡Aplicación iniciada! Soy más ligero y rápido que nunca. color: #673AB7; font-style: italic; @ http://localhost:4200/chunk-72LYY77U.js:59
[     305ms] [LOG] Angular is running in development mode. @ http://localhost:4200/@fs/D:/repos/luxuryapp-api/appsweb/angular/.angular/cache/22.1.8/luxury-app/vite/deps/core-gRj2gSiC.js?v=b1c063b9:9175
[     319ms] [INFO] [2026-09-13T19:22:54.516Z] Information: WebSocket connected to ws://localhost:7070/ws/notificationHub?id=9r2w6V2tp25zi0ckaUkv4w&access_token=eyJhbGciOiJIUzI1NiIsInR5cCI6IkpXVCJ9.eyJzdWIiOiI2M2Y1ZmU3NS00ZmJiLTQzMjgtYTJkZC1iNzIyNDc3ODc1MmUiLCJqdGkiOiIwMWEwOWMzOC1mODYyLTc1MzgtYWZiYy0wYzA5MmM3MjNjNmIiLCJpYXQiOjE3ODkzMjczNzQsIm5hbWUiOiJBZG1pbmlzdHJhZG9yIExCRyIsImVtYWlsIjoiaW5mb0BsdXh1cnlidWlsZGluZy5jb20ubXgiLCJ1c2VybmFtZSI6ImFkbWluIiwiY3VzdG9tZXJJZCI6IjAxOWM2YmVlLTAyOGEtNzBlNC05OGVhLTU1N2I2NDVhM2FlMCIsImN1c3RvbWVyTmFtZSI6IkxVWFVSWSBCVUlMRElORyBHUk9VUCBTQSBERSBDViIsImZpcnN0TmFtZSI6IkFkbWluaXN0cmFkb3IiLCJsYXN0TmFtZSI6IkxCRyIsInBob25lIjoiKDU1KSAwMDAwLSAwMDAwIiwicGhvdG9QYXRoIjoiaHR0cDovL2xvY2FsaG9zdDo3MDcwL2FwaS9maWxlcy9kb3dubG9hZD9maWxlUGF0aD1wdWJsaWMlMmZBZG1pbmlzdHJhdGlvbiUyZmFjY291bnRzJTJmMDE5ZmE0NjUtMTkyMC03NzcyLWE5NDgtNzZhMDFlOGFiNzZjLnBuZyIsInBvc2l0aW9uIjoiRGVzY29ub2NpZG8iLCJodHRwOi8vc2NoZW1hcy5taWNyb3NvZnQuY29tL3dzLzIwMDgvMDYvaWRlbnRpdHkvY2xhaW1zL3JvbGUiOiJTdXBlclVzdWFyaW8iLCJyb2xlSWQiOiI2OTlkN2NjMS1kMTQzLTQ5ODUtYjU1YS1kMDMwODY0YzY5M2UiLCJleHAiOjE3ODkzMzA5NzQsImlzcyI6Imh0dHBzOi8vbG9jYWxob3N0OjcwNjkiLCJhdWQiOiJodHRwczovL2xvY2FsaG9zdDo0MjAwIn0.K7phH4A8Qk-V8NlqIy7ryZXiotuGlAyMkWBPy2hXJ1Y. @ http://localhost:4200/@fs/D:/repos/luxuryapp-api/appsweb/angular/.angular/cache/22.1.8/luxury-app/vite/deps/@microsoft_signalr.js?v=6a2cc09d:308
[     319ms] [INFO] [2026-09-13T19:22:54.516Z] Information: Using HubProtocol 'json'. @ http://localhost:4200/@fs/D:/repos/luxuryapp-api/appsweb/angular/.angular/cache/22.1.8/luxury-app/vite/deps/@microsoft_signalr.js?v=6a2cc09d:308
[     322ms] [LOG] %cLINK [SignalR] Conexion iniciada con exito. color: green; font-style: italic; @ http://localhost:4200/chunk-72LYY77U.js:59
[     322ms] [LOG] %cSTATE [SignalR] connectionId = 'ExEZ_8J9kb3M8L3gu3nJcg' color: green; font-style: italic; @ http://localhost:4200/chunk-72LYY77U.js:59
[     322ms] [LOG] %cUSER [SignalR] Evento ConnectedUser recibido: color: blue; font-style: italic; Bienvenido 63f5fe75-4fbb-4328-a2dd-b7224778752e @ http://localhost:4200/chunk-72LYY77U.js:59
[     557ms] [LOG] %c🎉 [LayoutEmployee] ¡Layout de empleado cargado! Despertando a los gigantes (SignalR, OneSignal...) color: #2196F3; font-style: italic; @ http://localhost:4200/chunk-72LYY77U.js:59
[     557ms] [LOG] %cLINK [SignalR] Construyendo conexion... color: blue; font-style: italic; @ http://localhost:4200/chunk-72LYY77U.js:59
[     558ms] [LOG] %cHEADSET [SignalR] Registrando listeners... color: cyan; font-style: italic; @ http://localhost:4200/chunk-72LYY77U.js:59
[     558ms] [LOG] %cLINK [SignalR] Iniciando conexion... color: blue; font-style: italic; @ http://localhost:4200/chunk-72LYY77U.js:59
[     558ms] [LOG] %cℹ️ [LayoutEmployee] Usuario 63f5fe75-4fbb-4328-a2dd-b7224778752e autenticado. Iniciando OneSignal... color: dodgerblue;font-style: italic @ http://localhost:4200/chunk-72LYY77U.js:72
[     558ms] [LOG] %c... [OneSignal] Esperando que el SDK este listo... color: orange; font-style: italic; @ http://localhost:4200/chunk-72LYY77U.js:59
[     580ms] [LOG] %c🛡️ [JwtInterceptorFn] Auth check completado. Interceptando ruta: color: #FF0000; font-style: italic; http://localhost:7070/api/select-item-enum/status-orden-compra/false @ http://localhost:4200/chunk-72LYY77U.js:59
[     581ms] [LOG] %c🔍 [StorageService] Recuperando valor para clave: 'customerId' color: #2196F3; font-style: italic; @ http://localhost:4200/chunk-72LYY77U.js:59
[     582ms] [LOG] %c🔍 [StorageService] Recuperando valor para clave: 'customerId' color: #2196F3; font-style: italic; @ http://localhost:4200/chunk-72LYY77U.js:59
[     582ms] [LOG] %c [JwtTrace] request color: #F44336; font-style: italic; {at: 2026-09-13T19:22:54.779Z, url: http://localhost:7070/api/select-item-enum/status-orden-compra/false, method: GET, appUserId: 63f5fe75-4fbb-4328-a2dd-b7224778752e, storageCustomerId: 019c6bee-028a-70e4-98ea-557b645a3ae0} @ http://localhost:4200/chunk-72LYY77U.js:59
[     584ms] [LOG] %c🛡️ [JwtInterceptorFn] Auth check completado. Interceptando ruta: color: #FF0000; font-style: italic; http://localhost:7070/api/solicitud-compra/get-solicitud-compra-individual/1 @ http://localhost:4200/chunk-72LYY77U.js:59
[     585ms] [LOG] %c🔍 [StorageService] Recuperando valor para clave: 'customerId' color: #2196F3; font-style: italic; @ http://localhost:4200/chunk-72LYY77U.js:59
[     585ms] [LOG] %c🔍 [StorageService] Recuperando valor para clave: 'customerId' color: #2196F3; font-style: italic; @ http://localhost:4200/chunk-72LYY77U.js:59
[     586ms] [LOG] %c [JwtTrace] request color: #F44336; font-style: italic; {at: 2026-09-13T19:22:54.783Z, url: http://localhost:7070/api/solicitud-compra/get-solicitud-compra-individual/1, method: GET, appUserId: 63f5fe75-4fbb-4328-a2dd-b7224778752e, storageCustomerId: 019c6bee-028a-70e4-98ea-557b645a3ae0} @ http://localhost:4200/chunk-72LYY77U.js:59
[     587ms] [LOG] %c🛡️ [JwtInterceptorFn] Auth check completado. Interceptando ruta: color: #FF0000; font-style: italic; http://localhost:7070/api/orden-compra/cotizaciones-relacionadas/1 @ http://localhost:4200/chunk-72LYY77U.js:59
[     588ms] [LOG] %c🔍 [StorageService] Recuperando valor para clave: 'customerId' color: #2196F3; font-style: italic; @ http://localhost:4200/chunk-72LYY77U.js:59
[     588ms] [LOG] %c🔍 [StorageService] Recuperando valor para clave: 'customerId' color: #2196F3; font-style: italic; @ http://localhost:4200/chunk-72LYY77U.js:59
[     588ms] [LOG] %c [JwtTrace] request color: #F44336; font-style: italic; {at: 2026-09-13T19:22:54.785Z, url: http://localhost:7070/api/orden-compra/cotizaciones-relacionadas/1, method: GET, appUserId: 63f5fe75-4fbb-4328-a2dd-b7224778752e, storageCustomerId: 019c6bee-028a-70e4-98ea-557b645a3ae0} @ http://localhost:4200/chunk-72LYY77U.js:59
[     605ms] [LOG] %c🛡️ [JwtInterceptorFn] Auth check completado. Interceptando ruta: color: #FF0000; font-style: italic; http://localhost:7070/api/select-items/measurement-units @ http://localhost:4200/chunk-72LYY77U.js:59
[     605ms] [LOG] %c🔍 [StorageService] Recuperando valor para clave: 'customerId' color: #2196F3; font-style: italic; @ http://localhost:4200/chunk-72LYY77U.js:59
[     606ms] [LOG] %c🔍 [StorageService] Recuperando valor para clave: 'customerId' color: #2196F3; font-style: italic; @ http://localhost:4200/chunk-72LYY77U.js:59
[     606ms] [LOG] %c [JwtTrace] request color: #F44336; font-style: italic; {at: 2026-09-13T19:22:54.803Z, url: http://localhost:7070/api/select-items/measurement-units, method: GET, appUserId: 63f5fe75-4fbb-4328-a2dd-b7224778752e, storageCustomerId: 019c6bee-028a-70e4-98ea-557b645a3ae0} @ http://localhost:4200/chunk-72LYY77U.js:59
[     617ms] [WARNING] 
  It looks like you're using the disabled attribute with a reactive form directive. If you set disabled to true
  when you set up this control in your component class, the disabled attribute will actually be set in the DOM for
  you. We recommend using this approach to avoid 'changed after checked' errors.

  Example:
  // Specify the `disabled` property at control creation time:
  form = new FormGroup({
    first: new FormControl({value: 'Nancy', disabled: true}, Validators.required),
    last: new FormControl('Drew', Validators.required)
  });

  // Controls can also be enabled/disabled after creation:
  form.get('first')?.enable();
  form.get('last')?.disable();
 @ http://localhost:4200/@fs/D:/repos/luxuryapp-api/appsweb/angular/.angular/cache/22.1.8/luxury-app/vite/deps/@angular_forms.js?v=6a2cc09d:3968
[     759ms] [LOG] %c🛡️ [JwtInterceptorFn] Auth check completado. Interceptando ruta: color: #FF0000; font-style: italic; http://localhost:7070/api/notifications @ http://localhost:4200/chunk-72LYY77U.js:59
[     760ms] [LOG] %c🔍 [StorageService] Recuperando valor para clave: 'customerId' color: #2196F3; font-style: italic; @ http://localhost:4200/chunk-72LYY77U.js:59
[     760ms] [LOG] %c🔍 [StorageService] Recuperando valor para clave: 'customerId' color: #2196F3; font-style: italic; @ http://localhost:4200/chunk-72LYY77U.js:59
[     761ms] [LOG] %c [JwtTrace] request color: #F44336; font-style: italic; {at: 2026-09-13T19:22:54.958Z, url: http://localhost:7070/api/notifications, method: GET, appUserId: 63f5fe75-4fbb-4328-a2dd-b7224778752e, storageCustomerId: 019c6bee-028a-70e4-98ea-557b645a3ae0} @ http://localhost:4200/chunk-72LYY77U.js:59
[     763ms] [LOG] %c🛡️ [JwtInterceptorFn] Auth check completado. Interceptando ruta: color: #FF0000; font-style: italic; http://localhost:7070/api/notifications/unread-count @ http://localhost:4200/chunk-72LYY77U.js:59
[     764ms] [LOG] %c🔍 [StorageService] Recuperando valor para clave: 'customerId' color: #2196F3; font-style: italic; @ http://localhost:4200/chunk-72LYY77U.js:59
[     764ms] [LOG] %c🔍 [StorageService] Recuperando valor para clave: 'customerId' color: #2196F3; font-style: italic; @ http://localhost:4200/chunk-72LYY77U.js:59
[     765ms] [LOG] %c [JwtTrace] request color: #F44336; font-style: italic; {at: 2026-09-13T19:22:54.962Z, url: http://localhost:7070/api/notifications/unread-count, method: GET, appUserId: 63f5fe75-4fbb-4328-a2dd-b7224778752e, storageCustomerId: 019c6bee-028a-70e4-98ea-557b645a3ae0} @ http://localhost:4200/chunk-72LYY77U.js:59
[     787ms] [LOG] %c [MenuTrace] effect.tick color: #9C27B0; font-style: italic; {at: 2026-09-13T19:22:54.984Z, customerId: 019c6bee-028a-70e4-98ea-557b645a3ae0, customerReady: true, applicationUserId: 63f5fe75-4fbb-4328-a2dd-b7224778752e, lastCustomerId: null} @ http://localhost:4200/chunk-72LYY77U.js:59
[     787ms] [LOG] %c [MenuService] Customer data and session are ready. Loading menu... color: green; font-style: italic; @ http://localhost:4200/chunk-72LYY77U.js:59
[     787ms] [LOG] %c [MenuTrace] triggerMenuLoad.start color: #9C27B0; font-style: italic; {at: 2026-09-13T19:22:54.985Z, customerId: 019c6bee-028a-70e4-98ea-557b645a3ae0, customerReady: true, applicationUserId: 63f5fe75-4fbb-4328-a2dd-b7224778752e, lastCustomerId: null} @ http://localhost:4200/chunk-72LYY77U.js:59
[     788ms] [LOG] %c🛡️ [JwtInterceptorFn] Auth check completado. Interceptando ruta: color: #FF0000; font-style: italic; http://localhost:7070/api/menu-items/019c6bee-028a-70e4-98ea-557b645a3ae0 @ http://localhost:4200/chunk-72LYY77U.js:59
[     789ms] [LOG] %c🔍 [StorageService] Recuperando valor para clave: 'customerId' color: #2196F3; font-style: italic; @ http://localhost:4200/chunk-72LYY77U.js:59
[     789ms] [LOG] %c🔍 [StorageService] Recuperando valor para clave: 'customerId' color: #2196F3; font-style: italic; @ http://localhost:4200/chunk-72LYY77U.js:59
[     790ms] [LOG] %c [JwtTrace] request color: #F44336; font-style: italic; {at: 2026-09-13T19:22:54.987Z, url: http://localhost:7070/api/menu-items/019c6bee-028a-70e4-98ea-557b645a3ae0, method: GET, appUserId: 63f5fe75-4fbb-4328-a2dd-b7224778752e, storageCustomerId: 019c6bee-028a-70e4-98ea-557b645a3ae0} @ http://localhost:4200/chunk-72LYY77U.js:59
[     794ms] [LOG] %cok [OneSignal] SDK listo color: green; font-style: italic; @ http://localhost:4200/chunk-72LYY77U.js:59
[     817ms] [ERROR] Failed to load resource: the server responded with a status of 404 (Not Found) @ http://localhost:7070/api/files/download?filePath=public%2fAdministration%2faccounts%2f019fa465-1920-7772-a948-76a01e8ab76c.png:0
[     832ms] [ERROR] Failed to load resource: the server responded with a status of 404 (Not Found) @ http://localhost:7070/api/solicitud-compra/get-solicitud-compra-individual/1:0
[     834ms] [LOG] %c🚫 API Error: GET ITEM: solicitud-compra/get-solicitud-compra-individual/1 color: red;font-style: italic HttpErrorResponse @ http://localhost:4200/chunk-72LYY77U.js:72
[     835ms] [ERROR] Failed to load resource: the server responded with a status of 404 (Not Found) @ http://localhost:7070/api/orden-compra/cotizaciones-relacionadas/1:0
[     835ms] [LOG] %c🚫 API Error: GET LIST: orden-compra/cotizaciones-relacionadas/1 color: red;font-style: italic No se pudo completar la operacion. @ http://localhost:4200/chunk-72LYY77U.js:72
[     885ms] TypeError: Cannot read properties of null (reading 'length')
    at SolicitudCompra_Template (http://localhost:4200/chunk-PMV34KW2.js:1766:66)
    at executeTemplate (http://localhost:4200/@fs/D:/repos/luxuryapp-api/appsweb/angular/.angular/cache/22.1.8/luxury-app/vite/deps/core-gRj2gSiC.js?v=b1c063b9:4239:3)
    at refreshView (http://localhost:4200/@fs/D:/repos/luxuryapp-api/appsweb/angular/.angular/cache/22.1.8/luxury-app/vite/deps/core-gRj2gSiC.js?v=b1c063b9:4784:28)
    at detectChangesInView (http://localhost:4200/@fs/D:/repos/luxuryapp-api/appsweb/angular/.angular/cache/22.1.8/luxury-app/vite/deps/core-gRj2gSiC.js?v=b1c063b9:4882:25)
    at detectChangesInViewWhileDirty (http://localhost:4200/@fs/D:/repos/luxuryapp-api/appsweb/angular/.angular/cache/22.1.8/luxury-app/vite/deps/core-gRj2gSiC.js?v=b1c063b9:4738:3)
    at detectChangesInternal (http://localhost:4200/@fs/D:/repos/luxuryapp-api/appsweb/angular/.angular/cache/22.1.8/luxury-app/vite/deps/core-gRj2gSiC.js?v=b1c063b9:4729:3)
    at ViewRef$1.detectChanges (http://localhost:4200/@fs/D:/repos/luxuryapp-api/appsweb/angular/.angular/cache/22.1.8/luxury-app/vite/deps/core-gRj2gSiC.js?v=b1c063b9:5090:3)
    at http://localhost:4200/chunk-PMV34KW2.js:1558:16
[     885ms] [LOG] %c [API SUCCESS]: GET LIST: select-item-enum/status-orden-compra/false color: teal; font-style: italic; [Object, Object, Object] @ http://localhost:4200/chunk-72LYY77U.js:59
[     886ms] [LOG] %c🛡️ [JwtInterceptorFn] Auth check completado. Interceptando ruta: color: #FF0000; font-style: italic; http://localhost:7070/api/select-item-enum/tipo-solicitud-compra/false @ http://localhost:4200/chunk-72LYY77U.js:59
[     887ms] [LOG] %c🔍 [StorageService] Recuperando valor para clave: 'customerId' color: #2196F3; font-style: italic; @ http://localhost:4200/chunk-72LYY77U.js:59
[     887ms] [LOG] %c🔍 [StorageService] Recuperando valor para clave: 'customerId' color: #2196F3; font-style: italic; @ http://localhost:4200/chunk-72LYY77U.js:59
[     888ms] [LOG] %c [JwtTrace] request color: #F44336; font-style: italic; {at: 2026-09-13T19:22:55.085Z, url: http://localhost:7070/api/select-item-enum/tipo-solicitud-compra/false, method: GET, appUserId: 63f5fe75-4fbb-4328-a2dd-b7224778752e, storageCustomerId: 019c6bee-028a-70e4-98ea-557b645a3ae0} @ http://localhost:4200/chunk-72LYY77U.js:59
[     890ms] [LOG] %c [API SUCCESS]: GET ITEM: select-items/measurement-units color: dodgerblue; font-style: italic; [Object, Object, Object, Object, Object, Object, Object, Object, Object, Object, Object, Object, Object, Object, Object, Object, Object, Object, Object, Object, Object, Object, Object, Object, Object, Object] @ http://localhost:4200/chunk-72LYY77U.js:59
[     891ms] [LOG] %c [API SUCCESS]: GET NoLoading: notifications color: gray; font-style: italic; [Object, Object] @ http://localhost:4200/chunk-72LYY77U.js:59
[     892ms] [LOG] %c [API SUCCESS]: GET NoLoading: notifications/unread-count color: gray; font-style: italic; 2 @ http://localhost:4200/chunk-72LYY77U.js:59
[     893ms] [LOG] %c [API SUCCESS]: GET LIST: menu-items/019c6bee-028a-70e4-98ea-557b645a3ae0 color: teal; font-style: italic; [Object, Object, Object, Object, Object, Object, Object, Object, Object, Object, Object, Object, Object, Object, Object, Object, Object, Object, Object, Object, Object, Object, Object, Object] @ http://localhost:4200/chunk-72LYY77U.js:59
[     893ms] [LOG] %c [MenuTrace] fetchMenuItemsFromApi.success color: #9C27B0; font-style: italic; {at: 2026-09-13T19:22:55.091Z, customerId: 019c6bee-028a-70e4-98ea-557b645a3ae0, customerReady: true, applicationUserId: 63f5fe75-4fbb-4328-a2dd-b7224778752e, lastCustomerId: 019c6bee-028a-70e4-98ea-557b645a3ae0} @ http://localhost:4200/chunk-72LYY77U.js:59
[     893ms] [LOG] %c [MenuTrace] triggerMenuLoad.response color: #9C27B0; font-style: italic; {at: 2026-09-13T19:22:55.091Z, customerId: 019c6bee-028a-70e4-98ea-557b645a3ae0, customerReady: true, applicationUserId: 63f5fe75-4fbb-4328-a2dd-b7224778752e, lastCustomerId: 019c6bee-028a-70e4-98ea-557b645a3ae0} @ http://localhost:4200/chunk-72LYY77U.js:59
[     917ms] [LOG] %c [API SUCCESS]: GET LIST: select-item-enum/tipo-solicitud-compra/false color: teal; font-style: italic; [Object, Object, Object, Object, Object] @ http://localhost:4200/chunk-72LYY77U.js:59
[     918ms] [LOG] %c🛡️ [JwtInterceptorFn] Auth check completado. Interceptando ruta: color: #FF0000; font-style: italic; http://localhost:7070/api/select-item-enum/nivel-prioridad/false @ http://localhost:4200/chunk-72LYY77U.js:59
[     918ms] [LOG] %c🔍 [StorageService] Recuperando valor para clave: 'customerId' color: #2196F3; font-style: italic; @ http://localhost:4200/chunk-72LYY77U.js:59
[     919ms] [LOG] %c🔍 [StorageService] Recuperando valor para clave: 'customerId' color: #2196F3; font-style: italic; @ http://localhost:4200/chunk-72LYY77U.js:59
[     920ms] [LOG] %c [JwtTrace] request color: #F44336; font-style: italic; {at: 2026-09-13T19:22:55.116Z, url: http://localhost:7070/api/select-item-enum/nivel-prioridad/false, method: GET, appUserId: 63f5fe75-4fbb-4328-a2dd-b7224778752e, storageCustomerId: 019c6bee-028a-70e4-98ea-557b645a3ae0} @ http://localhost:4200/chunk-72LYY77U.js:59
[     924ms] [ERROR] [GlobalErrorHandler] TypeError: Cannot read properties of null (reading 'length')
    at SolicitudCompra_Template (http://localhost:4200/chunk-PMV34KW2.js:1766:66)
    at executeTemplate (http://localhost:4200/@fs/D:/repos/luxuryapp-api/appsweb/angular/.angular/cache/22.1.8/luxury-app/vite/deps/core-gRj2gSiC.js?v=b1c063b9:4239:3)
    at refreshView (http://localhost:4200/@fs/D:/repos/luxuryapp-api/appsweb/angular/.angular/cache/22.1.8/luxury-app/vite/deps/core-gRj2gSiC.js?v=b1c063b9:4784:28)
    at detectChangesInView (http://localhost:4200/@fs/D:/repos/luxuryapp-api/appsweb/angular/.angular/cache/22.1.8/luxury-app/vite/deps/core-gRj2gSiC.js?v=b1c063b9:4882:25)
    at detectChangesInViewIfAttached (http://localhost:4200/@fs/D:/repos/luxuryapp-api/appsweb/angular/.angular/cache/22.1.8/luxury-app/vite/deps/core-gRj2gSiC.js?v=b1c063b9:4868:2)
    at detectChangesInComponent (http://localhost:4200/@fs/D:/repos/luxuryapp-api/appsweb/angular/.angular/cache/22.1.8/luxury-app/vite/deps/core-gRj2gSiC.js?v=b1c063b9:4861:3)
    at detectChangesInChildComponents (http://localhost:4200/@fs/D:/repos/luxuryapp-api/appsweb/angular/.angular/cache/22.1.8/luxury-app/vite/deps/core-gRj2gSiC.js?v=b1c063b9:4897:46)
    at detectChangesInView (http://localhost:4200/@fs/D:/repos/luxuryapp-api/appsweb/angular/.angular/cache/22.1.8/luxury-app/vite/deps/core-gRj2gSiC.js?v=b1c063b9:4889:29)
    at detectChangesInViewIfAttached (http://localhost:4200/@fs/D:/repos/luxuryapp-api/appsweb/angular/.angular/cache/22.1.8/luxury-app/vite/deps/core-gRj2gSiC.js?v=b1c063b9:4868:2)
    at detectChangesInEmbeddedViews (http://localhost:4200/@fs/D:/repos/luxuryapp-api/appsweb/angular/.angular/cache/22.1.8/luxury-app/vite/deps/core-gRj2gSiC.js?v=b1c063b9:4842:3) @ http://localhost:4200/chunk-AYL5KBWN.js:143
[     924ms] [INFO] [2026-09-13T19:22:55.122Z] Information: WebSocket connected to ws://localhost:7070/ws/notificationHub?id=C9CeYQqofmrnePlOV_y0dA&access_token=eyJhbGciOiJIUzI1NiIsInR5cCI6IkpXVCJ9.eyJzdWIiOiI2M2Y1ZmU3NS00ZmJiLTQzMjgtYTJkZC1iNzIyNDc3ODc1MmUiLCJqdGkiOiIwMWEwOWMzOC1mODYyLTc1MzgtYWZiYy0wYzA5MmM3MjNjNmIiLCJpYXQiOjE3ODkzMjczNzQsIm5hbWUiOiJBZG1pbmlzdHJhZG9yIExCRyIsImVtYWlsIjoiaW5mb0BsdXh1cnlidWlsZGluZy5jb20ubXgiLCJ1c2VybmFtZSI6ImFkbWluIiwiY3VzdG9tZXJJZCI6IjAxOWM2YmVlLTAyOGEtNzBlNC05OGVhLTU1N2I2NDVhM2FlMCIsImN1c3RvbWVyTmFtZSI6IkxVWFVSWSBCVUlMRElORyBHUk9VUCBTQSBERSBDViIsImZpcnN0TmFtZSI6IkFkbWluaXN0cmFkb3IiLCJsYXN0TmFtZSI6IkxCRyIsInBob25lIjoiKDU1KSAwMDAwLSAwMDAwIiwicGhvdG9QYXRoIjoiaHR0cDovL2xvY2FsaG9zdDo3MDcwL2FwaS9maWxlcy9kb3dubG9hZD9maWxlUGF0aD1wdWJsaWMlMmZBZG1pbmlzdHJhdGlvbiUyZmFjY291bnRzJTJmMDE5ZmE0NjUtMTkyMC03NzcyLWE5NDgtNzZhMDFlOGFiNzZjLnBuZyIsInBvc2l0aW9uIjoiRGVzY29ub2NpZG8iLCJodHRwOi8vc2NoZW1hcy5taWNyb3NvZnQuY29tL3dzLzIwMDgvMDYvaWRlbnRpdHkvY2xhaW1zL3JvbGUiOiJTdXBlclVzdWFyaW8iLCJyb2xlSWQiOiI2OTlkN2NjMS1kMTQzLTQ5ODUtYjU1YS1kMDMwODY0YzY5M2UiLCJleHAiOjE3ODkzMzA5NzQsImlzcyI6Imh0dHBzOi8vbG9jYWxob3N0OjcwNjkiLCJhdWQiOiJodHRwczovL2xvY2FsaG9zdDo0MjAwIn0.K7phH4A8Qk-V8NlqIy7ryZXiotuGlAyMkWBPy2hXJ1Y. @ http://localhost:4200/@fs/D:/repos/luxuryapp-api/appsweb/angular/.angular/cache/22.1.8/luxury-app/vite/deps/@microsoft_signalr.js?v=6a2cc09d:308
[     925ms] [INFO] [2026-09-13T19:22:55.122Z] Information: Using HubProtocol 'json'. @ http://localhost:4200/@fs/D:/repos/luxuryapp-api/appsweb/angular/.angular/cache/22.1.8/luxury-app/vite/deps/@microsoft_signalr.js?v=6a2cc09d:308
[     928ms] [LOG] %cLINK [SignalR] Conexion iniciada con exito. color: green; font-style: italic; @ http://localhost:4200/chunk-72LYY77U.js:59
[     928ms] [LOG] %cSTATE [SignalR] connectionId = '2rDRbegsIaVP8LWwwAMv3Q' color: green; font-style: italic; @ http://localhost:4200/chunk-72LYY77U.js:59
[     929ms] [LOG] %cUSER [SignalR] Evento ConnectedUser recibido: color: blue; font-style: italic; Bienvenido 63f5fe75-4fbb-4328-a2dd-b7224778752e @ http://localhost:4200/chunk-72LYY77U.js:59
[     942ms] [LOG] %c [API SUCCESS]: GET LIST: select-item-enum/nivel-prioridad/false color: teal; font-style: italic; [Object, Object, Object, Object] @ http://localhost:4200/chunk-72LYY77U.js:59
[     943ms] [ERROR] [GlobalErrorHandler] TypeError: Cannot read properties of null (reading 'length')
    at SolicitudCompra_Template (http://localhost:4200/chunk-PMV34KW2.js:1766:66)
    at executeTemplate (http://localhost:4200/@fs/D:/repos/luxuryapp-api/appsweb/angular/.angular/cache/22.1.8/luxury-app/vite/deps/core-gRj2gSiC.js?v=b1c063b9:4239:3)
    at refreshView (http://localhost:4200/@fs/D:/repos/luxuryapp-api/appsweb/angular/.angular/cache/22.1.8/luxury-app/vite/deps/core-gRj2gSiC.js?v=b1c063b9:4784:28)
    at detectChangesInView (http://localhost:4200/@fs/D:/repos/luxuryapp-api/appsweb/angular/.angular/cache/22.1.8/luxury-app/vite/deps/core-gRj2gSiC.js?v=b1c063b9:4882:25)
    at detectChangesInViewIfAttached (http://localhost:4200/@fs/D:/repos/luxuryapp-api/appsweb/angular/.angular/cache/22.1.8/luxury-app/vite/deps/core-gRj2gSiC.js?v=b1c063b9:4868:2)
    at detectChangesInComponent (http://localhost:4200/@fs/D:/repos/luxuryapp-api/appsweb/angular/.angular/cache/22.1.8/luxury-app/vite/deps/core-gRj2gSiC.js?v=b1c063b9:4861:3)
    at detectChangesInChildComponents (http://localhost:4200/@fs/D:/repos/luxuryapp-api/appsweb/angular/.angular/cache/22.1.8/luxury-app/vite/deps/core-gRj2gSiC.js?v=b1c063b9:4897:46)
    at detectChangesInView (http://localhost:4200/@fs/D:/repos/luxuryapp-api/appsweb/angular/.angular/cache/22.1.8/luxury-app/vite/deps/core-gRj2gSiC.js?v=b1c063b9:4889:29)
    at detectChangesInViewIfAttached (http://localhost:4200/@fs/D:/repos/luxuryapp-api/appsweb/angular/.angular/cache/22.1.8/luxury-app/vite/deps/core-gRj2gSiC.js?v=b1c063b9:4868:2)
    at detectChangesInEmbeddedViews (http://localhost:4200/@fs/D:/repos/luxuryapp-api/appsweb/angular/.angular/cache/22.1.8/luxury-app/vite/deps/core-gRj2gSiC.js?v=b1c063b9:4842:3) @ http://localhost:4200/chunk-AYL5KBWN.js:143
[     964ms] [LOG] %cpkg [OneSignal] Inicializado con App ID: color: teal; font-style: italic; 3d1f1ce3-638f-4a30-b093-ab617baf91a8 @ http://localhost:4200/chunk-72LYY77U.js:59
[     965ms] [LOG] %cear [OneSignal] Listeners registrados. color: cyan; font-style: italic; @ http://localhost:4200/chunk-72LYY77U.js:59
[     965ms] [LOG] %cuser [OneSignal] Usuario logueado con ExternalUserId: 63f5fe75-4fbb-4328-a2dd-b7224778752e color: darkslateblue; font-style: italic; @ http://localhost:4200/chunk-72LYY77U.js:59
[     965ms] [LOG] %csub [OneSignal] Permiso: color: dodgerblue; font-style: italic; false | Suscrito: false @ http://localhost:4200/chunk-72LYY77U.js:59
[     966ms] [LOG] %cwarn [OneSignal] Usuario no completamente suscrito. color: orange; font-style: italic; @ http://localhost:4200/chunk-72LYY77U.js:59
[  318059ms] [LOG] %c📦 [StorageService] Inicializando servicio de almacenamiento local... color: #3F51B5; font-style: italic; @ http://localhost:4200/chunk-72LYY77U.js:59
[  318062ms] [LOG] %c [AuthService] Verificando ruta inicial: /purchases/solicitud-compra/1 | Es publica: false color: #9C27B0; font-style: italic; @ http://localhost:4200/chunk-72LYY77U.js:59
[  318062ms] [LOG] %c [AuthService] Ruta no publica. Intentando login silencioso... color: #009688; font-style: italic; @ http://localhost:4200/chunk-72LYY77U.js:59
[  318064ms] [LOG] %c🚀 [Initializer] Starting application state initialization... color: purple; font-style: italic; @ http://localhost:4200/chunk-72LYY77U.js:59
[  318789ms] [LOG] %c [AuthService] Token renovado. Actualizando sesion en memoria. color: color: #4CAF50; font-style: italic;; font-style: italic; @ http://localhost:4200/chunk-72LYY77U.js:59
[  318790ms] [LOG] %c [AuthTrace] refresh.success.before-set color: #03A9F4; font-style: italic; {at: 2026-09-13T19:28:12.987Z, applicationUserId: 63f5fe75-4fbb-4328-a2dd-b7224778752e, tokenCustomerId: 019c6bee-028a-70e4-98ea-557b645a3ae0, roles: Array(1), customerAccessCount: 10} @ http://localhost:4200/chunk-72LYY77U.js:59
[  318790ms] [LOG] %c [AuthTrace] refresh.success.after-set color: #03A9F4; font-style: italic; {at: 2026-09-13T19:28:12.987Z, applicationUserId: 63f5fe75-4fbb-4328-a2dd-b7224778752e, tokenCustomerId: 019c6bee-028a-70e4-98ea-557b645a3ae0, roles: Array(1), customerAccessCount: 10} @ http://localhost:4200/chunk-72LYY77U.js:59
[  318791ms] [LOG] %cLINK [SignalR] Construyendo conexion... color: blue; font-style: italic; @ http://localhost:4200/chunk-72LYY77U.js:59
[  318792ms] [LOG] %cHEADSET [SignalR] Registrando listeners... color: cyan; font-style: italic; @ http://localhost:4200/chunk-72LYY77U.js:59
[  318793ms] [LOG] %cLINK [SignalR] Iniciando conexion... color: blue; font-style: italic; @ http://localhost:4200/chunk-72LYY77U.js:59
[  318794ms] [LOG] %c [AuthTrace] trySilentLogin.finalize color: #8BC34A; font-style: italic; {at: 2026-09-13T19:28:12.991Z, isAuthenticated: true} @ http://localhost:4200/chunk-72LYY77U.js:59
[  318795ms] [LOG] %c🏢 [Initializer] User session found. Initializing customer state... color: #3F51B5; font-style: italic; @ http://localhost:4200/chunk-72LYY77U.js:59
[  318795ms] [LOG] %c🔍 [StorageService] Recuperando valor para clave: 'customerId' color: #2196F3; font-style: italic; @ http://localhost:4200/chunk-72LYY77U.js:59
[  318796ms] [LOG] %c [CustomerTrace] initialize.start color: #FF9800; font-style: italic; {at: 2026-09-13T19:28:12.993Z, state: Object, storedCustomerId: 019c6bee-028a-70e4-98ea-557b645a3ae0, tokenCustomerId: 019c6bee-028a-70e4-98ea-557b645a3ae0, customerAccess: Array(10)} @ http://localhost:4200/chunk-72LYY77U.js:59
[  318796ms] [LOG] %c🔍 [StorageService] Recuperando valor para clave: 'customerId' color: #2196F3; font-style: italic; @ http://localhost:4200/chunk-72LYY77U.js:59
[  318797ms] [LOG] %c🔍 [StorageService] Recuperando valor para clave: 'customerId' color: #2196F3; font-style: italic; @ http://localhost:4200/chunk-72LYY77U.js:59
[  318797ms] [LOG] %c [CustomerTrace] initialize.selected-customer color: #FF9800; font-style: italic; {at: 2026-09-13T19:28:12.994Z, state: Object, storedCustomerId: 019c6bee-028a-70e4-98ea-557b645a3ae0, selectedCustomerId: 019c6bee-028a-70e4-98ea-557b645a3ae0} @ http://localhost:4200/chunk-72LYY77U.js:59
[  318798ms] [LOG] %c💾 [StorageService] Guardando clave: 'customerId' color: #FF9800; font-style: italic; {value: 019c6bee-028a-70e4-98ea-557b645a3ae0} @ http://localhost:4200/chunk-72LYY77U.js:59
[  318798ms] [LOG] %c✅ [StorageService] Clave 'customerId' guardada exitosamente. color: #4CAF50; font-style: italic; @ http://localhost:4200/chunk-72LYY77U.js:59
[  318799ms] [LOG] %c🔍 [StorageService] Recuperando valor para clave: 'customerId' color: #2196F3; font-style: italic; @ http://localhost:4200/chunk-72LYY77U.js:59
[  318799ms] [LOG] %c [CustomerTrace] loadDataForCustomer.start color: #FF9800; font-style: italic; {at: 2026-09-13T19:28:12.996Z, state: Object, storedCustomerId: 019c6bee-028a-70e4-98ea-557b645a3ae0, customerId: 019c6bee-028a-70e4-98ea-557b645a3ae0} @ http://localhost:4200/chunk-72LYY77U.js:59
[  318801ms] [LOG] %c🛡️ [JwtInterceptorFn] Auth check completado. Interceptando ruta: color: #FF0000; font-style: italic; http://localhost:7070/api/customers/019c6bee-028a-70e4-98ea-557b645a3ae0 @ http://localhost:4200/chunk-72LYY77U.js:59
[  318801ms] [LOG] %c🔍 [StorageService] Recuperando valor para clave: 'customerId' color: #2196F3; font-style: italic; @ http://localhost:4200/chunk-72LYY77U.js:59
[  318802ms] [LOG] %c🔍 [StorageService] Recuperando valor para clave: 'customerId' color: #2196F3; font-style: italic; @ http://localhost:4200/chunk-72LYY77U.js:59
[  318802ms] [LOG] %c [JwtTrace] request color: #F44336; font-style: italic; {at: 2026-09-13T19:28:12.999Z, url: http://localhost:7070/api/customers/019c6bee-028a-70e4-98ea-557b645a3ae0, method: GET, appUserId: 63f5fe75-4fbb-4328-a2dd-b7224778752e, storageCustomerId: 019c6bee-028a-70e4-98ea-557b645a3ae0} @ http://localhost:4200/chunk-72LYY77U.js:59
[  318825ms] [INFO] [2026-09-13T19:28:13.023Z] Information: WebSocket connected to ws://localhost:7070/ws/notificationHub?id=E0YXyEb9xYW1mXMs9pGR9A&access_token=eyJhbGciOiJIUzI1NiIsInR5cCI6IkpXVCJ9.eyJzdWIiOiI2M2Y1ZmU3NS00ZmJiLTQzMjgtYTJkZC1iNzIyNDc3ODc1MmUiLCJqdGkiOiIwMWEwOWMzZC1kNDFhLTcxY2QtOThiNC1kY2M2YWUzN2E5ODYiLCJpYXQiOjE3ODkzMjc2OTIsIm5hbWUiOiJBZG1pbmlzdHJhZG9yIExCRyIsImVtYWlsIjoiaW5mb0BsdXh1cnlidWlsZGluZy5jb20ubXgiLCJ1c2VybmFtZSI6ImFkbWluIiwiY3VzdG9tZXJJZCI6IjAxOWM2YmVlLTAyOGEtNzBlNC05OGVhLTU1N2I2NDVhM2FlMCIsImN1c3RvbWVyTmFtZSI6IkxVWFVSWSBCVUlMRElORyBHUk9VUCBTQSBERSBDViIsImZpcnN0TmFtZSI6IkFkbWluaXN0cmFkb3IiLCJsYXN0TmFtZSI6IkxCRyIsInBob25lIjoiKDU1KSAwMDAwLSAwMDAwIiwicGhvdG9QYXRoIjoiaHR0cDovL2xvY2FsaG9zdDo3MDcwL2FwaS9maWxlcy9kb3dubG9hZD9maWxlUGF0aD1wdWJsaWMlMmZBZG1pbmlzdHJhdGlvbiUyZmFjY291bnRzJTJmMDE5ZmE0NjUtMTkyMC03NzcyLWE5NDgtNzZhMDFlOGFiNzZjLnBuZyIsInBvc2l0aW9uIjoiRGVzY29ub2NpZG8iLCJodHRwOi8vc2NoZW1hcy5taWNyb3NvZnQuY29tL3dzLzIwMDgvMDYvaWRlbnRpdHkvY2xhaW1zL3JvbGUiOiJTdXBlclVzdWFyaW8iLCJyb2xlSWQiOiI2OTlkN2NjMS1kMTQzLTQ5ODUtYjU1YS1kMDMwODY0YzY5M2UiLCJleHAiOjE3ODkzMzEyOTIsImlzcyI6Imh0dHBzOi8vbG9jYWxob3N0OjcwNjkiLCJhdWQiOiJodHRwczovL2xvY2FsaG9zdDo0MjAwIn0.7fbvdH9C4rSvfIfbODSyjcjK9byXsRFkr9qRqPvdlEE. @ http://localhost:4200/@fs/D:/repos/luxuryapp-api/appsweb/angular/.angular/cache/22.1.8/luxury-app/vite/deps/@microsoft_signalr.js?v=6a2cc09d:308
[  318826ms] [INFO] [2026-09-13T19:28:13.023Z] Information: Using HubProtocol 'json'. @ http://localhost:4200/@fs/D:/repos/luxuryapp-api/appsweb/angular/.angular/cache/22.1.8/luxury-app/vite/deps/@microsoft_signalr.js?v=6a2cc09d:308
[  318830ms] [LOG] %cLINK [SignalR] Conexion iniciada con exito. color: green; font-style: italic; @ http://localhost:4200/chunk-72LYY77U.js:59
[  318830ms] [LOG] %cSTATE [SignalR] connectionId = 'NnQz1cogpPkGJQDwVaF4sg' color: green; font-style: italic; @ http://localhost:4200/chunk-72LYY77U.js:59
[  318832ms] [LOG] %cUSER [SignalR] Evento ConnectedUser recibido: color: blue; font-style: italic; Bienvenido 63f5fe75-4fbb-4328-a2dd-b7224778752e @ http://localhost:4200/chunk-72LYY77U.js:59
[  318848ms] [LOG] %c🔍 [StorageService] Recuperando valor para clave: 'customerId' color: #2196F3; font-style: italic; @ http://localhost:4200/chunk-72LYY77U.js:59
[  318848ms] [LOG] %c [CustomerTrace] loadDataForCustomer.response color: #FF9800; font-style: italic; {at: 2026-09-13T19:28:13.045Z, state: Object, storedCustomerId: 019c6bee-028a-70e4-98ea-557b645a3ae0, customerId: 019c6bee-028a-70e4-98ea-557b645a3ae0, success: true} @ http://localhost:4200/chunk-72LYY77U.js:59
[  318849ms] [LOG] %c🔍 [StorageService] Recuperando valor para clave: 'customerId' color: #2196F3; font-style: italic; @ http://localhost:4200/chunk-72LYY77U.js:59
[  318850ms] [LOG] %c [CustomerTrace] loadDataForCustomer.ready color: #FF9800; font-style: italic; {at: 2026-09-13T19:28:13.047Z, state: Object, storedCustomerId: 019c6bee-028a-70e4-98ea-557b645a3ae0, customerId: 019c6bee-028a-70e4-98ea-557b645a3ae0} @ http://localhost:4200/chunk-72LYY77U.js:59
[  318852ms] [LOG] %c✅ [Initializer] State initialization complete. color: green; font-style: italic; @ http://localhost:4200/chunk-72LYY77U.js:59
[  318862ms] [LOG] %c🔄 UpdateService: Inicializando servicio de actualizaciones color: blue; font-weight: bold; @ http://localhost:4200/chunk-WEIOKMZ7.js:10
[  318862ms] [LOG] %c🔄 UpdateService: ❌ Service Worker NO habilitado color: red; font-weight: bold; @ http://localhost:4200/chunk-WEIOKMZ7.js:22
[  318877ms] [LOG] %c🚀 [App] ¡Aplicación iniciada! Soy más ligero y rápido que nunca. color: #673AB7; font-style: italic; @ http://localhost:4200/chunk-72LYY77U.js:59
[  318917ms] [LOG] Angular is running in development mode. @ http://localhost:4200/@fs/D:/repos/luxuryapp-api/appsweb/angular/.angular/cache/22.1.8/luxury-app/vite/deps/core-gRj2gSiC.js?v=b1c063b9:9175
[  319420ms] [LOG] %c🎉 [LayoutEmployee] ¡Layout de empleado cargado! Despertando a los gigantes (SignalR, OneSignal...) color: #2196F3; font-style: italic; @ http://localhost:4200/chunk-72LYY77U.js:59
[  319421ms] [LOG] %cLINK [SignalR] Construyendo conexion... color: blue; font-style: italic; @ http://localhost:4200/chunk-72LYY77U.js:59
[  319421ms] [LOG] %cHEADSET [SignalR] Registrando listeners... color: cyan; font-style: italic; @ http://localhost:4200/chunk-72LYY77U.js:59
[  319422ms] [LOG] %cLINK [SignalR] Iniciando conexion... color: blue; font-style: italic; @ http://localhost:4200/chunk-72LYY77U.js:59
[  319422ms] [LOG] %cℹ️ [LayoutEmployee] Usuario 63f5fe75-4fbb-4328-a2dd-b7224778752e autenticado. Iniciando OneSignal... color: dodgerblue;font-style: italic @ http://localhost:4200/chunk-72LYY77U.js:72
[  319423ms] [LOG] %c... [OneSignal] Esperando que el SDK este listo... color: orange; font-style: italic; @ http://localhost:4200/chunk-72LYY77U.js:59
[  319459ms] [LOG] %c🛡️ [JwtInterceptorFn] Auth check completado. Interceptando ruta: color: #FF0000; font-style: italic; http://localhost:7070/api/select-item-enum/status-orden-compra/false @ http://localhost:4200/chunk-72LYY77U.js:59
[  319460ms] [LOG] %c🔍 [StorageService] Recuperando valor para clave: 'customerId' color: #2196F3; font-style: italic; @ http://localhost:4200/chunk-72LYY77U.js:59
[  319461ms] [LOG] %c🔍 [StorageService] Recuperando valor para clave: 'customerId' color: #2196F3; font-style: italic; @ http://localhost:4200/chunk-72LYY77U.js:59
[  319462ms] [LOG] %c [JwtTrace] request color: #F44336; font-style: italic; {at: 2026-09-13T19:28:13.658Z, url: http://localhost:7070/api/select-item-enum/status-orden-compra/false, method: GET, appUserId: 63f5fe75-4fbb-4328-a2dd-b7224778752e, storageCustomerId: 019c6bee-028a-70e4-98ea-557b645a3ae0} @ http://localhost:4200/chunk-72LYY77U.js:59
[  319466ms] [LOG] %c🛡️ [JwtInterceptorFn] Auth check completado. Interceptando ruta: color: #FF0000; font-style: italic; http://localhost:7070/api/solicitud-compra/get-solicitud-compra-individual/1 @ http://localhost:4200/chunk-72LYY77U.js:59
[  319467ms] [LOG] %c🔍 [StorageService] Recuperando valor para clave: 'customerId' color: #2196F3; font-style: italic; @ http://localhost:4200/chunk-72LYY77U.js:59
[  319468ms] [LOG] %c🔍 [StorageService] Recuperando valor para clave: 'customerId' color: #2196F3; font-style: italic; @ http://localhost:4200/chunk-72LYY77U.js:59
[  319468ms] [LOG] %c [JwtTrace] request color: #F44336; font-style: italic; {at: 2026-09-13T19:28:13.665Z, url: http://localhost:7070/api/solicitud-compra/get-solicitud-compra-individual/1, method: GET, appUserId: 63f5fe75-4fbb-4328-a2dd-b7224778752e, storageCustomerId: 019c6bee-028a-70e4-98ea-557b645a3ae0} @ http://localhost:4200/chunk-72LYY77U.js:59
[  319471ms] [LOG] %c🛡️ [JwtInterceptorFn] Auth check completado. Interceptando ruta: color: #FF0000; font-style: italic; http://localhost:7070/api/orden-compra/cotizaciones-relacionadas/1 @ http://localhost:4200/chunk-72LYY77U.js:59
[  319472ms] [LOG] %c🔍 [StorageService] Recuperando valor para clave: 'customerId' color: #2196F3; font-style: italic; @ http://localhost:4200/chunk-72LYY77U.js:59
[  319473ms] [LOG] %c🔍 [StorageService] Recuperando valor para clave: 'customerId' color: #2196F3; font-style: italic; @ http://localhost:4200/chunk-72LYY77U.js:59
[  319474ms] [LOG] %c [JwtTrace] request color: #F44336; font-style: italic; {at: 2026-09-13T19:28:13.670Z, url: http://localhost:7070/api/orden-compra/cotizaciones-relacionadas/1, method: GET, appUserId: 63f5fe75-4fbb-4328-a2dd-b7224778752e, storageCustomerId: 019c6bee-028a-70e4-98ea-557b645a3ae0} @ http://localhost:4200/chunk-72LYY77U.js:59
[  319505ms] [LOG] %c🛡️ [JwtInterceptorFn] Auth check completado. Interceptando ruta: color: #FF0000; font-style: italic; http://localhost:7070/api/select-items/measurement-units @ http://localhost:4200/chunk-72LYY77U.js:59
[  319507ms] [LOG] %c🔍 [StorageService] Recuperando valor para clave: 'customerId' color: #2196F3; font-style: italic; @ http://localhost:4200/chunk-72LYY77U.js:59
[  319508ms] [LOG] %c🔍 [StorageService] Recuperando valor para clave: 'customerId' color: #2196F3; font-style: italic; @ http://localhost:4200/chunk-72LYY77U.js:59
[  319510ms] [LOG] %c [JwtTrace] request color: #F44336; font-style: italic; {at: 2026-09-13T19:28:13.705Z, url: http://localhost:7070/api/select-items/measurement-units, method: GET, appUserId: 63f5fe75-4fbb-4328-a2dd-b7224778752e, storageCustomerId: 019c6bee-028a-70e4-98ea-557b645a3ae0} @ http://localhost:4200/chunk-72LYY77U.js:59
[  319535ms] [WARNING] 
  It looks like you're using the disabled attribute with a reactive form directive. If you set disabled to true
  when you set up this control in your component class, the disabled attribute will actually be set in the DOM for
  you. We recommend using this approach to avoid 'changed after checked' errors.

  Example:
  // Specify the `disabled` property at control creation time:
  form = new FormGroup({
    first: new FormControl({value: 'Nancy', disabled: true}, Validators.required),
    last: new FormControl('Drew', Validators.required)
  });

  // Controls can also be enabled/disabled after creation:
  form.get('first')?.enable();
  form.get('last')?.disable();
 @ http://localhost:4200/@fs/D:/repos/luxuryapp-api/appsweb/angular/.angular/cache/22.1.8/luxury-app/vite/deps/@angular_forms.js?v=6a2cc09d:3968
[  319790ms] [LOG] %c🛡️ [JwtInterceptorFn] Auth check completado. Interceptando ruta: color: #FF0000; font-style: italic; http://localhost:7070/api/notifications @ http://localhost:4200/chunk-72LYY77U.js:59
[  319791ms] [LOG] %c🔍 [StorageService] Recuperando valor para clave: 'customerId' color: #2196F3; font-style: italic; @ http://localhost:4200/chunk-72LYY77U.js:59
[  319792ms] [LOG] %c🔍 [StorageService] Recuperando valor para clave: 'customerId' color: #2196F3; font-style: italic; @ http://localhost:4200/chunk-72LYY77U.js:59
[  319793ms] [LOG] %c [JwtTrace] request color: #F44336; font-style: italic; {at: 2026-09-13T19:28:13.989Z, url: http://localhost:7070/api/notifications, method: GET, appUserId: 63f5fe75-4fbb-4328-a2dd-b7224778752e, storageCustomerId: 019c6bee-028a-70e4-98ea-557b645a3ae0} @ http://localhost:4200/chunk-72LYY77U.js:59
[  319797ms] [LOG] %c🛡️ [JwtInterceptorFn] Auth check completado. Interceptando ruta: color: #FF0000; font-style: italic; http://localhost:7070/api/notifications/unread-count @ http://localhost:4200/chunk-72LYY77U.js:59
[  319799ms] [LOG] %c🔍 [StorageService] Recuperando valor para clave: 'customerId' color: #2196F3; font-style: italic; @ http://localhost:4200/chunk-72LYY77U.js:59
[  319800ms] [LOG] %c🔍 [StorageService] Recuperando valor para clave: 'customerId' color: #2196F3; font-style: italic; @ http://localhost:4200/chunk-72LYY77U.js:59
[  319801ms] [LOG] %c [JwtTrace] request color: #F44336; font-style: italic; {at: 2026-09-13T19:28:13.997Z, url: http://localhost:7070/api/notifications/unread-count, method: GET, appUserId: 63f5fe75-4fbb-4328-a2dd-b7224778752e, storageCustomerId: 019c6bee-028a-70e4-98ea-557b645a3ae0} @ http://localhost:4200/chunk-72LYY77U.js:59
[  319832ms] [LOG] %c [MenuTrace] effect.tick color: #9C27B0; font-style: italic; {at: 2026-09-13T19:28:14.029Z, customerId: 019c6bee-028a-70e4-98ea-557b645a3ae0, customerReady: true, applicationUserId: 63f5fe75-4fbb-4328-a2dd-b7224778752e, lastCustomerId: null} @ http://localhost:4200/chunk-72LYY77U.js:59
[  319832ms] [LOG] %c [MenuService] Customer data and session are ready. Loading menu... color: green; font-style: italic; @ http://localhost:4200/chunk-72LYY77U.js:59
[  319833ms] [LOG] %c [MenuTrace] triggerMenuLoad.start color: #9C27B0; font-style: italic; {at: 2026-09-13T19:28:14.030Z, customerId: 019c6bee-028a-70e4-98ea-557b645a3ae0, customerReady: true, applicationUserId: 63f5fe75-4fbb-4328-a2dd-b7224778752e, lastCustomerId: null} @ http://localhost:4200/chunk-72LYY77U.js:59
[  319833ms] [LOG] %c🛡️ [JwtInterceptorFn] Auth check completado. Interceptando ruta: color: #FF0000; font-style: italic; http://localhost:7070/api/menu-items/019c6bee-028a-70e4-98ea-557b645a3ae0 @ http://localhost:4200/chunk-72LYY77U.js:59
[  319834ms] [LOG] %c🔍 [StorageService] Recuperando valor para clave: 'customerId' color: #2196F3; font-style: italic; @ http://localhost:4200/chunk-72LYY77U.js:59
[  319834ms] [LOG] %c🔍 [StorageService] Recuperando valor para clave: 'customerId' color: #2196F3; font-style: italic; @ http://localhost:4200/chunk-72LYY77U.js:59
[  319834ms] [LOG] %c [JwtTrace] request color: #F44336; font-style: italic; {at: 2026-09-13T19:28:14.031Z, url: http://localhost:7070/api/menu-items/019c6bee-028a-70e4-98ea-557b645a3ae0, method: GET, appUserId: 63f5fe75-4fbb-4328-a2dd-b7224778752e, storageCustomerId: 019c6bee-028a-70e4-98ea-557b645a3ae0} @ http://localhost:4200/chunk-72LYY77U.js:59
[  319838ms] [LOG] %cok [OneSignal] SDK listo color: green; font-style: italic; @ http://localhost:4200/chunk-72LYY77U.js:59
[  319915ms] [ERROR] Failed to load resource: the server responded with a status of 404 (Not Found) @ http://localhost:7070/api/solicitud-compra/get-solicitud-compra-individual/1:0
[  319919ms] [LOG] %c🚫 API Error: GET ITEM: solicitud-compra/get-solicitud-compra-individual/1 color: red;font-style: italic HttpErrorResponse @ http://localhost:4200/chunk-72LYY77U.js:72
[  319919ms] [ERROR] Failed to load resource: the server responded with a status of 404 (Not Found) @ http://localhost:7070/api/orden-compra/cotizaciones-relacionadas/1:0
[  319920ms] [LOG] %c🚫 API Error: GET LIST: orden-compra/cotizaciones-relacionadas/1 color: red;font-style: italic No se pudo completar la operacion. @ http://localhost:4200/chunk-72LYY77U.js:72
[  319972ms] [ERROR] Failed to load resource: the server responded with a status of 404 (Not Found) @ http://localhost:7070/api/files/download?filePath=public%2fAdministration%2faccounts%2f019fa465-1920-7772-a948-76a01e8ab76c.png:0
[  319982ms] TypeError: Cannot read properties of null (reading 'length')
    at SolicitudCompra_Template (http://localhost:4200/chunk-PMV34KW2.js:1766:66)
    at executeTemplate (http://localhost:4200/@fs/D:/repos/luxuryapp-api/appsweb/angular/.angular/cache/22.1.8/luxury-app/vite/deps/core-gRj2gSiC.js?v=b1c063b9:4239:3)
    at refreshView (http://localhost:4200/@fs/D:/repos/luxuryapp-api/appsweb/angular/.angular/cache/22.1.8/luxury-app/vite/deps/core-gRj2gSiC.js?v=b1c063b9:4784:28)
    at detectChangesInView (http://localhost:4200/@fs/D:/repos/luxuryapp-api/appsweb/angular/.angular/cache/22.1.8/luxury-app/vite/deps/core-gRj2gSiC.js?v=b1c063b9:4882:25)
    at detectChangesInViewWhileDirty (http://localhost:4200/@fs/D:/repos/luxuryapp-api/appsweb/angular/.angular/cache/22.1.8/luxury-app/vite/deps/core-gRj2gSiC.js?v=b1c063b9:4738:3)
    at detectChangesInternal (http://localhost:4200/@fs/D:/repos/luxuryapp-api/appsweb/angular/.angular/cache/22.1.8/luxury-app/vite/deps/core-gRj2gSiC.js?v=b1c063b9:4729:3)
    at ViewRef$1.detectChanges (http://localhost:4200/@fs/D:/repos/luxuryapp-api/appsweb/angular/.angular/cache/22.1.8/luxury-app/vite/deps/core-gRj2gSiC.js?v=b1c063b9:5090:3)
    at http://localhost:4200/chunk-PMV34KW2.js:1558:16
[  319981ms] [LOG] %c [API SUCCESS]: GET ITEM: select-items/measurement-units color: dodgerblue; font-style: italic; [Object, Object, Object, Object, Object, Object, Object, Object, Object, Object, Object, Object, Object, Object, Object, Object, Object, Object, Object, Object, Object, Object, Object, Object, Object, Object] @ http://localhost:4200/chunk-72LYY77U.js:59
[  319982ms] [LOG] %c [API SUCCESS]: GET LIST: select-item-enum/status-orden-compra/false color: teal; font-style: italic; [Object, Object, Object] @ http://localhost:4200/chunk-72LYY77U.js:59
[  319984ms] [LOG] %c🛡️ [JwtInterceptorFn] Auth check completado. Interceptando ruta: color: #FF0000; font-style: italic; http://localhost:7070/api/select-item-enum/tipo-solicitud-compra/false @ http://localhost:4200/chunk-72LYY77U.js:59
[  319984ms] [LOG] %c🔍 [StorageService] Recuperando valor para clave: 'customerId' color: #2196F3; font-style: italic; @ http://localhost:4200/chunk-72LYY77U.js:59
[  319985ms] [LOG] %c🔍 [StorageService] Recuperando valor para clave: 'customerId' color: #2196F3; font-style: italic; @ http://localhost:4200/chunk-72LYY77U.js:59
[  319985ms] [LOG] %c [JwtTrace] request color: #F44336; font-style: italic; {at: 2026-09-13T19:28:14.182Z, url: http://localhost:7070/api/select-item-enum/tipo-solicitud-compra/false, method: GET, appUserId: 63f5fe75-4fbb-4328-a2dd-b7224778752e, storageCustomerId: 019c6bee-028a-70e4-98ea-557b645a3ae0} @ http://localhost:4200/chunk-72LYY77U.js:59
[  320007ms] [LOG] %c [API SUCCESS]: GET NoLoading: notifications color: gray; font-style: italic; [Object, Object] @ http://localhost:4200/chunk-72LYY77U.js:59
[  320029ms] [INFO] [2026-09-13T19:28:14.226Z] Information: WebSocket connected to ws://localhost:7070/ws/notificationHub?id=3Fv1fAAAvji6YWo8HSTi9w&access_token=eyJhbGciOiJIUzI1NiIsInR5cCI6IkpXVCJ9.eyJzdWIiOiI2M2Y1ZmU3NS00ZmJiLTQzMjgtYTJkZC1iNzIyNDc3ODc1MmUiLCJqdGkiOiIwMWEwOWMzZC1kNDFhLTcxY2QtOThiNC1kY2M2YWUzN2E5ODYiLCJpYXQiOjE3ODkzMjc2OTIsIm5hbWUiOiJBZG1pbmlzdHJhZG9yIExCRyIsImVtYWlsIjoiaW5mb0BsdXh1cnlidWlsZGluZy5jb20ubXgiLCJ1c2VybmFtZSI6ImFkbWluIiwiY3VzdG9tZXJJZCI6IjAxOWM2YmVlLTAyOGEtNzBlNC05OGVhLTU1N2I2NDVhM2FlMCIsImN1c3RvbWVyTmFtZSI6IkxVWFVSWSBCVUlMRElORyBHUk9VUCBTQSBERSBDViIsImZpcnN0TmFtZSI6IkFkbWluaXN0cmFkb3IiLCJsYXN0TmFtZSI6IkxCRyIsInBob25lIjoiKDU1KSAwMDAwLSAwMDAwIiwicGhvdG9QYXRoIjoiaHR0cDovL2xvY2FsaG9zdDo3MDcwL2FwaS9maWxlcy9kb3dubG9hZD9maWxlUGF0aD1wdWJsaWMlMmZBZG1pbmlzdHJhdGlvbiUyZmFjY291bnRzJTJmMDE5ZmE0NjUtMTkyMC03NzcyLWE5NDgtNzZhMDFlOGFiNzZjLnBuZyIsInBvc2l0aW9uIjoiRGVzY29ub2NpZG8iLCJodHRwOi8vc2NoZW1hcy5taWNyb3NvZnQuY29tL3dzLzIwMDgvMDYvaWRlbnRpdHkvY2xhaW1zL3JvbGUiOiJTdXBlclVzdWFyaW8iLCJyb2xlSWQiOiI2OTlkN2NjMS1kMTQzLTQ5ODUtYjU1YS1kMDMwODY0YzY5M2UiLCJleHAiOjE3ODkzMzEyOTIsImlzcyI6Imh0dHBzOi8vbG9jYWxob3N0OjcwNjkiLCJhdWQiOiJodHRwczovL2xvY2FsaG9zdDo0MjAwIn0.7fbvdH9C4rSvfIfbODSyjcjK9byXsRFkr9qRqPvdlEE. @ http://localhost:4200/@fs/D:/repos/luxuryapp-api/appsweb/angular/.angular/cache/22.1.8/luxury-app/vite/deps/@microsoft_signalr.js?v=6a2cc09d:308
[  320030ms] [INFO] [2026-09-13T19:28:14.227Z] Information: Using HubProtocol 'json'. @ http://localhost:4200/@fs/D:/repos/luxuryapp-api/appsweb/angular/.angular/cache/22.1.8/luxury-app/vite/deps/@microsoft_signalr.js?v=6a2cc09d:308
[  320067ms] [LOG] %c [API SUCCESS]: GET LIST: select-item-enum/tipo-solicitud-compra/false color: teal; font-style: italic; [Object, Object, Object, Object, Object] @ http://localhost:4200/chunk-72LYY77U.js:59
[  320069ms] [LOG] %c🛡️ [JwtInterceptorFn] Auth check completado. Interceptando ruta: color: #FF0000; font-style: italic; http://localhost:7070/api/select-item-enum/nivel-prioridad/false @ http://localhost:4200/chunk-72LYY77U.js:59
[  320070ms] [LOG] %c🔍 [StorageService] Recuperando valor para clave: 'customerId' color: #2196F3; font-style: italic; @ http://localhost:4200/chunk-72LYY77U.js:59
[  320071ms] [LOG] %c🔍 [StorageService] Recuperando valor para clave: 'customerId' color: #2196F3; font-style: italic; @ http://localhost:4200/chunk-72LYY77U.js:59
[  320072ms] [LOG] %c [JwtTrace] request color: #F44336; font-style: italic; {at: 2026-09-13T19:28:14.268Z, url: http://localhost:7070/api/select-item-enum/nivel-prioridad/false, method: GET, appUserId: 63f5fe75-4fbb-4328-a2dd-b7224778752e, storageCustomerId: 019c6bee-028a-70e4-98ea-557b645a3ae0} @ http://localhost:4200/chunk-72LYY77U.js:59
[  320078ms] [ERROR] [GlobalErrorHandler] TypeError: Cannot read properties of null (reading 'length')
    at SolicitudCompra_Template (http://localhost:4200/chunk-PMV34KW2.js:1766:66)
    at executeTemplate (http://localhost:4200/@fs/D:/repos/luxuryapp-api/appsweb/angular/.angular/cache/22.1.8/luxury-app/vite/deps/core-gRj2gSiC.js?v=b1c063b9:4239:3)
    at refreshView (http://localhost:4200/@fs/D:/repos/luxuryapp-api/appsweb/angular/.angular/cache/22.1.8/luxury-app/vite/deps/core-gRj2gSiC.js?v=b1c063b9:4784:28)
    at detectChangesInView (http://localhost:4200/@fs/D:/repos/luxuryapp-api/appsweb/angular/.angular/cache/22.1.8/luxury-app/vite/deps/core-gRj2gSiC.js?v=b1c063b9:4882:25)
    at detectChangesInViewIfAttached (http://localhost:4200/@fs/D:/repos/luxuryapp-api/appsweb/angular/.angular/cache/22.1.8/luxury-app/vite/deps/core-gRj2gSiC.js?v=b1c063b9:4868:2)
    at detectChangesInComponent (http://localhost:4200/@fs/D:/repos/luxuryapp-api/appsweb/angular/.angular/cache/22.1.8/luxury-app/vite/deps/core-gRj2gSiC.js?v=b1c063b9:4861:3)
    at detectChangesInChildComponents (http://localhost:4200/@fs/D:/repos/luxuryapp-api/appsweb/angular/.angular/cache/22.1.8/luxury-app/vite/deps/core-gRj2gSiC.js?v=b1c063b9:4897:46)
    at detectChangesInView (http://localhost:4200/@fs/D:/repos/luxuryapp-api/appsweb/angular/.angular/cache/22.1.8/luxury-app/vite/deps/core-gRj2gSiC.js?v=b1c063b9:4889:29)
    at detectChangesInViewIfAttached (http://localhost:4200/@fs/D:/repos/luxuryapp-api/appsweb/angular/.angular/cache/22.1.8/luxury-app/vite/deps/core-gRj2gSiC.js?v=b1c063b9:4868:2)
    at detectChangesInEmbeddedViews (http://localhost:4200/@fs/D:/repos/luxuryapp-api/appsweb/angular/.angular/cache/22.1.8/luxury-app/vite/deps/core-gRj2gSiC.js?v=b1c063b9:4842:3) @ http://localhost:4200/chunk-AYL5KBWN.js:143
[  320084ms] [LOG] %cLINK [SignalR] Conexion iniciada con exito. color: green; font-style: italic; @ http://localhost:4200/chunk-72LYY77U.js:59
[  320084ms] [LOG] %cSTATE [SignalR] connectionId = 'dMQ8abjptsubvSSzrr7NCw' color: green; font-style: italic; @ http://localhost:4200/chunk-72LYY77U.js:59
[  320089ms] [LOG] %cUSER [SignalR] Evento ConnectedUser recibido: color: blue; font-style: italic; Bienvenido 63f5fe75-4fbb-4328-a2dd-b7224778752e @ http://localhost:4200/chunk-72LYY77U.js:59
[  320142ms] [LOG] %cpkg [OneSignal] Inicializado con App ID: color: teal; font-style: italic; 3d1f1ce3-638f-4a30-b093-ab617baf91a8 @ http://localhost:4200/chunk-72LYY77U.js:59
[  320142ms] [LOG] %cear [OneSignal] Listeners registrados. color: cyan; font-style: italic; @ http://localhost:4200/chunk-72LYY77U.js:59
[  320143ms] [LOG] %cuser [OneSignal] Usuario logueado con ExternalUserId: 63f5fe75-4fbb-4328-a2dd-b7224778752e color: darkslateblue; font-style: italic; @ http://localhost:4200/chunk-72LYY77U.js:59
[  320144ms] [LOG] %csub [OneSignal] Permiso: color: dodgerblue; font-style: italic; false | Suscrito: false @ http://localhost:4200/chunk-72LYY77U.js:59
[  320144ms] [LOG] %cwarn [OneSignal] Usuario no completamente suscrito. color: orange; font-style: italic; @ http://localhost:4200/chunk-72LYY77U.js:59
[  320165ms] [LOG] %c [API SUCCESS]: GET LIST: select-item-enum/nivel-prioridad/false color: teal; font-style: italic; [Object, Object, Object, Object] @ http://localhost:4200/chunk-72LYY77U.js:59
[  320167ms] [ERROR] [GlobalErrorHandler] TypeError: Cannot read properties of null (reading 'length')
    at SolicitudCompra_Template (http://localhost:4200/chunk-PMV34KW2.js:1766:66)
    at executeTemplate (http://localhost:4200/@fs/D:/repos/luxuryapp-api/appsweb/angular/.angular/cache/22.1.8/luxury-app/vite/deps/core-gRj2gSiC.js?v=b1c063b9:4239:3)
    at refreshView (http://localhost:4200/@fs/D:/repos/luxuryapp-api/appsweb/angular/.angular/cache/22.1.8/luxury-app/vite/deps/core-gRj2gSiC.js?v=b1c063b9:4784:28)
    at detectChangesInView (http://localhost:4200/@fs/D:/repos/luxuryapp-api/appsweb/angular/.angular/cache/22.1.8/luxury-app/vite/deps/core-gRj2gSiC.js?v=b1c063b9:4882:25)
    at detectChangesInViewIfAttached (http://localhost:4200/@fs/D:/repos/luxuryapp-api/appsweb/angular/.angular/cache/22.1.8/luxury-app/vite/deps/core-gRj2gSiC.js?v=b1c063b9:4868:2)
    at detectChangesInComponent (http://localhost:4200/@fs/D:/repos/luxuryapp-api/appsweb/angular/.angular/cache/22.1.8/luxury-app/vite/deps/core-gRj2gSiC.js?v=b1c063b9:4861:3)
    at detectChangesInChildComponents (http://localhost:4200/@fs/D:/repos/luxuryapp-api/appsweb/angular/.angular/cache/22.1.8/luxury-app/vite/deps/core-gRj2gSiC.js?v=b1c063b9:4897:46)
    at detectChangesInView (http://localhost:4200/@fs/D:/repos/luxuryapp-api/appsweb/angular/.angular/cache/22.1.8/luxury-app/vite/deps/core-gRj2gSiC.js?v=b1c063b9:4889:29)
    at detectChangesInViewIfAttached (http://localhost:4200/@fs/D:/repos/luxuryapp-api/appsweb/angular/.angular/cache/22.1.8/luxury-app/vite/deps/core-gRj2gSiC.js?v=b1c063b9:4868:2)
    at detectChangesInEmbeddedViews (http://localhost:4200/@fs/D:/repos/luxuryapp-api/appsweb/angular/.angular/cache/22.1.8/luxury-app/vite/deps/core-gRj2gSiC.js?v=b1c063b9:4842:3) @ http://localhost:4200/chunk-AYL5KBWN.js:143
[  320188ms] [LOG] %c [API SUCCESS]: GET NoLoading: notifications/unread-count color: gray; font-style: italic; 2 @ http://localhost:4200/chunk-72LYY77U.js:59
[  320489ms] [LOG] %c [API SUCCESS]: GET LIST: menu-items/019c6bee-028a-70e4-98ea-557b645a3ae0 color: teal; font-style: italic; [Object, Object, Object, Object, Object, Object, Object, Object, Object, Object, Object, Object, Object, Object, Object, Object, Object, Object, Object, Object, Object, Object, Object, Object] @ http://localhost:4200/chunk-72LYY77U.js:59
[  320490ms] [LOG] %c [MenuTrace] fetchMenuItemsFromApi.success color: #9C27B0; font-style: italic; {at: 2026-09-13T19:28:14.687Z, customerId: 019c6bee-028a-70e4-98ea-557b645a3ae0, customerReady: true, applicationUserId: 63f5fe75-4fbb-4328-a2dd-b7224778752e, lastCustomerId: 019c6bee-028a-70e4-98ea-557b645a3ae0} @ http://localhost:4200/chunk-72LYY77U.js:59
[  320490ms] [LOG] %c [MenuTrace] triggerMenuLoad.response color: #9C27B0; font-style: italic; {at: 2026-09-13T19:28:14.688Z, customerId: 019c6bee-028a-70e4-98ea-557b645a3ae0, customerReady: true, applicationUserId: 63f5fe75-4fbb-4328-a2dd-b7224778752e, lastCustomerId: 019c6bee-028a-70e4-98ea-557b645a3ae0} @ http://localhost:4200/chunk-72LYY77U.js:59
[  512648ms] [LOG] [vite] server connection lost. Polling for restart... @ http://localhost:4200/@vite/client:992
[  514435ms] [LOG] %c📦 [StorageService] Inicializando servicio de almacenamiento local... color: #3F51B5; font-style: italic; @ http://localhost:4200/chunk-72LYY77U.js:59
[  514438ms] [LOG] %c [AuthService] Verificando ruta inicial: /purchases/solicitud-compra/1 | Es publica: false color: #9C27B0; font-style: italic; @ http://localhost:4200/chunk-72LYY77U.js:59
[  514438ms] [LOG] %c [AuthService] Ruta no publica. Intentando login silencioso... color: #009688; font-style: italic; @ http://localhost:4200/chunk-72LYY77U.js:59
[  514445ms] [LOG] %c🚀 [Initializer] Starting application state initialization... color: purple; font-style: italic; @ http://localhost:4200/chunk-72LYY77U.js:59
[  514619ms] [LOG] %c [AuthService] Token renovado. Actualizando sesion en memoria. color: color: #4CAF50; font-style: italic;; font-style: italic; @ http://localhost:4200/chunk-72LYY77U.js:59
[  514619ms] [LOG] %c [AuthTrace] refresh.success.before-set color: #03A9F4; font-style: italic; {at: 2026-09-13T19:31:28.817Z, applicationUserId: 63f5fe75-4fbb-4328-a2dd-b7224778752e, tokenCustomerId: 019c6bee-028a-70e4-98ea-557b645a3ae0, roles: Array(1), customerAccessCount: 10} @ http://localhost:4200/chunk-72LYY77U.js:59
[  514620ms] [LOG] %c [AuthTrace] refresh.success.after-set color: #03A9F4; font-style: italic; {at: 2026-09-13T19:31:28.817Z, applicationUserId: 63f5fe75-4fbb-4328-a2dd-b7224778752e, tokenCustomerId: 019c6bee-028a-70e4-98ea-557b645a3ae0, roles: Array(1), customerAccessCount: 10} @ http://localhost:4200/chunk-72LYY77U.js:59
[  514621ms] [LOG] %cLINK [SignalR] Construyendo conexion... color: blue; font-style: italic; @ http://localhost:4200/chunk-72LYY77U.js:59
[  514623ms] [LOG] %cHEADSET [SignalR] Registrando listeners... color: cyan; font-style: italic; @ http://localhost:4200/chunk-72LYY77U.js:59
[  514623ms] [LOG] %cLINK [SignalR] Iniciando conexion... color: blue; font-style: italic; @ http://localhost:4200/chunk-72LYY77U.js:59
[  514626ms] [LOG] %c [AuthTrace] trySilentLogin.finalize color: #8BC34A; font-style: italic; {at: 2026-09-13T19:31:28.823Z, isAuthenticated: true} @ http://localhost:4200/chunk-72LYY77U.js:59
[  514627ms] [LOG] %c🏢 [Initializer] User session found. Initializing customer state... color: #3F51B5; font-style: italic; @ http://localhost:4200/chunk-72LYY77U.js:59
[  514627ms] [LOG] %c🔍 [StorageService] Recuperando valor para clave: 'customerId' color: #2196F3; font-style: italic; @ http://localhost:4200/chunk-72LYY77U.js:59
[  514628ms] [LOG] %c [CustomerTrace] initialize.start color: #FF9800; font-style: italic; {at: 2026-09-13T19:31:28.825Z, state: Object, storedCustomerId: 019c6bee-028a-70e4-98ea-557b645a3ae0, tokenCustomerId: 019c6bee-028a-70e4-98ea-557b645a3ae0, customerAccess: Array(10)} @ http://localhost:4200/chunk-72LYY77U.js:59
[  514628ms] [LOG] %c🔍 [StorageService] Recuperando valor para clave: 'customerId' color: #2196F3; font-style: italic; @ http://localhost:4200/chunk-72LYY77U.js:59
[  514629ms] [LOG] %c🔍 [StorageService] Recuperando valor para clave: 'customerId' color: #2196F3; font-style: italic; @ http://localhost:4200/chunk-72LYY77U.js:59
[  514629ms] [LOG] %c [CustomerTrace] initialize.selected-customer color: #FF9800; font-style: italic; {at: 2026-09-13T19:31:28.826Z, state: Object, storedCustomerId: 019c6bee-028a-70e4-98ea-557b645a3ae0, selectedCustomerId: 019c6bee-028a-70e4-98ea-557b645a3ae0} @ http://localhost:4200/chunk-72LYY77U.js:59
[  514630ms] [LOG] %c💾 [StorageService] Guardando clave: 'customerId' color: #FF9800; font-style: italic; {value: 019c6bee-028a-70e4-98ea-557b645a3ae0} @ http://localhost:4200/chunk-72LYY77U.js:59
[  514630ms] [LOG] %c✅ [StorageService] Clave 'customerId' guardada exitosamente. color: #4CAF50; font-style: italic; @ http://localhost:4200/chunk-72LYY77U.js:59
[  514631ms] [LOG] %c🔍 [StorageService] Recuperando valor para clave: 'customerId' color: #2196F3; font-style: italic; @ http://localhost:4200/chunk-72LYY77U.js:59
[  514631ms] [LOG] %c [CustomerTrace] loadDataForCustomer.start color: #FF9800; font-style: italic; {at: 2026-09-13T19:31:28.828Z, state: Object, storedCustomerId: 019c6bee-028a-70e4-98ea-557b645a3ae0, customerId: 019c6bee-028a-70e4-98ea-557b645a3ae0} @ http://localhost:4200/chunk-72LYY77U.js:59
[  514636ms] [LOG] %c🛡️ [JwtInterceptorFn] Auth check completado. Interceptando ruta: color: #FF0000; font-style: italic; http://localhost:7070/api/customers/019c6bee-028a-70e4-98ea-557b645a3ae0 @ http://localhost:4200/chunk-72LYY77U.js:59
[  514639ms] [LOG] %c🔍 [StorageService] Recuperando valor para clave: 'customerId' color: #2196F3; font-style: italic; @ http://localhost:4200/chunk-72LYY77U.js:59
[  514641ms] [LOG] %c🔍 [StorageService] Recuperando valor para clave: 'customerId' color: #2196F3; font-style: italic; @ http://localhost:4200/chunk-72LYY77U.js:59
[  514642ms] [LOG] %c [JwtTrace] request color: #F44336; font-style: italic; {at: 2026-09-13T19:31:28.838Z, url: http://localhost:7070/api/customers/019c6bee-028a-70e4-98ea-557b645a3ae0, method: GET, appUserId: 63f5fe75-4fbb-4328-a2dd-b7224778752e, storageCustomerId: 019c6bee-028a-70e4-98ea-557b645a3ae0} @ http://localhost:4200/chunk-72LYY77U.js:59
[  514680ms] [INFO] [2026-09-13T19:31:28.878Z] Information: WebSocket connected to ws://localhost:7070/ws/notificationHub?id=N4uSRwQ54Ob5dDCROmzuCg&access_token=eyJhbGciOiJIUzI1NiIsInR5cCI6IkpXVCJ9.eyJzdWIiOiI2M2Y1ZmU3NS00ZmJiLTQzMjgtYTJkZC1iNzIyNDc3ODc1MmUiLCJqdGkiOiIwMWEwOWM0MC1kMTg4LTdiODctOTFiNi1hOTMxMTFhZjYyZWEiLCJpYXQiOjE3ODkzMjc4ODgsIm5hbWUiOiJBZG1pbmlzdHJhZG9yIExCRyIsImVtYWlsIjoiaW5mb0BsdXh1cnlidWlsZGluZy5jb20ubXgiLCJ1c2VybmFtZSI6ImFkbWluIiwiY3VzdG9tZXJJZCI6IjAxOWM2YmVlLTAyOGEtNzBlNC05OGVhLTU1N2I2NDVhM2FlMCIsImN1c3RvbWVyTmFtZSI6IkxVWFVSWSBCVUlMRElORyBHUk9VUCBTQSBERSBDViIsImZpcnN0TmFtZSI6IkFkbWluaXN0cmFkb3IiLCJsYXN0TmFtZSI6IkxCRyIsInBob25lIjoiKDU1KSAwMDAwLSAwMDAwIiwicGhvdG9QYXRoIjoiaHR0cDovL2xvY2FsaG9zdDo3MDcwL2FwaS9maWxlcy9kb3dubG9hZD9maWxlUGF0aD1wdWJsaWMlMmZBZG1pbmlzdHJhdGlvbiUyZmFjY291bnRzJTJmMDE5ZmE0NjUtMTkyMC03NzcyLWE5NDgtNzZhMDFlOGFiNzZjLnBuZyIsInBvc2l0aW9uIjoiRGVzY29ub2NpZG8iLCJodHRwOi8vc2NoZW1hcy5taWNyb3NvZnQuY29tL3dzLzIwMDgvMDYvaWRlbnRpdHkvY2xhaW1zL3JvbGUiOiJTdXBlclVzdWFyaW8iLCJyb2xlSWQiOiI2OTlkN2NjMS1kMTQzLTQ5ODUtYjU1YS1kMDMwODY0YzY5M2UiLCJleHAiOjE3ODkzMzE0ODgsImlzcyI6Imh0dHBzOi8vbG9jYWxob3N0OjcwNjkiLCJhdWQiOiJodHRwczovL2xvY2FsaG9zdDo0MjAwIn0.IRMIwrCTU5QGIUv4fzEGbhJlKVk_Xul3FQiVPehMVaw. @ http://localhost:4200/@fs/D:/repos/luxuryapp-api/appsweb/angular/.angular/cache/22.1.8/luxury-app/vite/deps/@microsoft_signalr.js?v=425e8364:308
[  514684ms] [INFO] [2026-09-13T19:31:28.881Z] Information: Using HubProtocol 'json'. @ http://localhost:4200/@fs/D:/repos/luxuryapp-api/appsweb/angular/.angular/cache/22.1.8/luxury-app/vite/deps/@microsoft_signalr.js?v=425e8364:308
[  514686ms] [LOG] %c🔍 [StorageService] Recuperando valor para clave: 'customerId' color: #2196F3; font-style: italic; @ http://localhost:4200/chunk-72LYY77U.js:59
[  514687ms] [LOG] %c [CustomerTrace] loadDataForCustomer.response color: #FF9800; font-style: italic; {at: 2026-09-13T19:31:28.884Z, state: Object, storedCustomerId: 019c6bee-028a-70e4-98ea-557b645a3ae0, customerId: 019c6bee-028a-70e4-98ea-557b645a3ae0, success: true} @ http://localhost:4200/chunk-72LYY77U.js:59
[  514687ms] [LOG] %c🔍 [StorageService] Recuperando valor para clave: 'customerId' color: #2196F3; font-style: italic; @ http://localhost:4200/chunk-72LYY77U.js:59
[  514688ms] [LOG] %c [CustomerTrace] loadDataForCustomer.ready color: #FF9800; font-style: italic; {at: 2026-09-13T19:31:28.885Z, state: Object, storedCustomerId: 019c6bee-028a-70e4-98ea-557b645a3ae0, customerId: 019c6bee-028a-70e4-98ea-557b645a3ae0} @ http://localhost:4200/chunk-72LYY77U.js:59
[  514689ms] [LOG] %c✅ [Initializer] State initialization complete. color: green; font-style: italic; @ http://localhost:4200/chunk-72LYY77U.js:59
[  514703ms] [LOG] %c🔄 UpdateService: Inicializando servicio de actualizaciones color: blue; font-weight: bold; @ http://localhost:4200/chunk-WEIOKMZ7.js:10
[  514703ms] [LOG] %c🔄 UpdateService: ❌ Service Worker NO habilitado color: red; font-weight: bold; @ http://localhost:4200/chunk-WEIOKMZ7.js:22
[  514740ms] [LOG] %c🚀 [App] ¡Aplicación iniciada! Soy más ligero y rápido que nunca. color: #673AB7; font-style: italic; @ http://localhost:4200/chunk-72LYY77U.js:59
[  514790ms] [LOG] Angular is running in development mode. @ http://localhost:4200/@fs/D:/repos/luxuryapp-api/appsweb/angular/.angular/cache/22.1.8/luxury-app/vite/deps/core-gRj2gSiC.js?v=425e8364:9175
[  514801ms] [LOG] %cLINK [SignalR] Conexion iniciada con exito. color: green; font-style: italic; @ http://localhost:4200/chunk-72LYY77U.js:59
[  514801ms] [LOG] %cSTATE [SignalR] connectionId = 'bR3FqfxYn3kAlfCa9YbRtg' color: green; font-style: italic; @ http://localhost:4200/chunk-72LYY77U.js:59
[  514803ms] [LOG] %cUSER [SignalR] Evento ConnectedUser recibido: color: blue; font-style: italic; Bienvenido 63f5fe75-4fbb-4328-a2dd-b7224778752e @ http://localhost:4200/chunk-72LYY77U.js:59
[  515750ms] [LOG] %c🎉 [LayoutEmployee] ¡Layout de empleado cargado! Despertando a los gigantes (SignalR, OneSignal...) color: #2196F3; font-style: italic; @ http://localhost:4200/chunk-72LYY77U.js:59
[  515751ms] [LOG] %cLINK [SignalR] Construyendo conexion... color: blue; font-style: italic; @ http://localhost:4200/chunk-72LYY77U.js:59
[  515752ms] [LOG] %cHEADSET [SignalR] Registrando listeners... color: cyan; font-style: italic; @ http://localhost:4200/chunk-72LYY77U.js:59
[  515753ms] [LOG] %cLINK [SignalR] Iniciando conexion... color: blue; font-style: italic; @ http://localhost:4200/chunk-72LYY77U.js:59
[  515754ms] [LOG] %cℹ️ [LayoutEmployee] Usuario 63f5fe75-4fbb-4328-a2dd-b7224778752e autenticado. Iniciando OneSignal... color: dodgerblue;font-style: italic @ http://localhost:4200/chunk-72LYY77U.js:72
[  515755ms] [LOG] %c... [OneSignal] Esperando que el SDK este listo... color: orange; font-style: italic; @ http://localhost:4200/chunk-72LYY77U.js:59
[  515805ms] [LOG] %c🛡️ [JwtInterceptorFn] Auth check completado. Interceptando ruta: color: #FF0000; font-style: italic; http://localhost:7070/api/select-item-enum/status-orden-compra/false @ http://localhost:4200/chunk-72LYY77U.js:59
[  515806ms] [LOG] %c🔍 [StorageService] Recuperando valor para clave: 'customerId' color: #2196F3; font-style: italic; @ http://localhost:4200/chunk-72LYY77U.js:59
[  515807ms] [LOG] %c🔍 [StorageService] Recuperando valor para clave: 'customerId' color: #2196F3; font-style: italic; @ http://localhost:4200/chunk-72LYY77U.js:59
[  515808ms] [LOG] %c [JwtTrace] request color: #F44336; font-style: italic; {at: 2026-09-13T19:31:30.004Z, url: http://localhost:7070/api/select-item-enum/status-orden-compra/false, method: GET, appUserId: 63f5fe75-4fbb-4328-a2dd-b7224778752e, storageCustomerId: 019c6bee-028a-70e4-98ea-557b645a3ae0} @ http://localhost:4200/chunk-72LYY77U.js:59
[  515811ms] [LOG] %c🛡️ [JwtInterceptorFn] Auth check completado. Interceptando ruta: color: #FF0000; font-style: italic; http://localhost:7070/api/solicitud-compra/get-solicitud-compra-individual/1 @ http://localhost:4200/chunk-72LYY77U.js:59
[  515812ms] [LOG] %c🔍 [StorageService] Recuperando valor para clave: 'customerId' color: #2196F3; font-style: italic; @ http://localhost:4200/chunk-72LYY77U.js:59
[  515813ms] [LOG] %c🔍 [StorageService] Recuperando valor para clave: 'customerId' color: #2196F3; font-style: italic; @ http://localhost:4200/chunk-72LYY77U.js:59
[  515813ms] [LOG] %c [JwtTrace] request color: #F44336; font-style: italic; {at: 2026-09-13T19:31:30.010Z, url: http://localhost:7070/api/solicitud-compra/get-solicitud-compra-individual/1, method: GET, appUserId: 63f5fe75-4fbb-4328-a2dd-b7224778752e, storageCustomerId: 019c6bee-028a-70e4-98ea-557b645a3ae0} @ http://localhost:4200/chunk-72LYY77U.js:59
[  515816ms] [LOG] %c🛡️ [JwtInterceptorFn] Auth check completado. Interceptando ruta: color: #FF0000; font-style: italic; http://localhost:7070/api/orden-compra/cotizaciones-relacionadas/1 @ http://localhost:4200/chunk-72LYY77U.js:59
[  515817ms] [LOG] %c🔍 [StorageService] Recuperando valor para clave: 'customerId' color: #2196F3; font-style: italic; @ http://localhost:4200/chunk-72LYY77U.js:59
[  515818ms] [LOG] %c🔍 [StorageService] Recuperando valor para clave: 'customerId' color: #2196F3; font-style: italic; @ http://localhost:4200/chunk-72LYY77U.js:59
[  515818ms] [LOG] %c [JwtTrace] request color: #F44336; font-style: italic; {at: 2026-09-13T19:31:30.015Z, url: http://localhost:7070/api/orden-compra/cotizaciones-relacionadas/1, method: GET, appUserId: 63f5fe75-4fbb-4328-a2dd-b7224778752e, storageCustomerId: 019c6bee-028a-70e4-98ea-557b645a3ae0} @ http://localhost:4200/chunk-72LYY77U.js:59
[  515854ms] [LOG] %c🛡️ [JwtInterceptorFn] Auth check completado. Interceptando ruta: color: #FF0000; font-style: italic; http://localhost:7070/api/select-items/measurement-units @ http://localhost:4200/chunk-72LYY77U.js:59
[  515855ms] [LOG] %c🔍 [StorageService] Recuperando valor para clave: 'customerId' color: #2196F3; font-style: italic; @ http://localhost:4200/chunk-72LYY77U.js:59
[  515856ms] [LOG] %c🔍 [StorageService] Recuperando valor para clave: 'customerId' color: #2196F3; font-style: italic; @ http://localhost:4200/chunk-72LYY77U.js:59
[  515856ms] [LOG] %c [JwtTrace] request color: #F44336; font-style: italic; {at: 2026-09-13T19:31:30.053Z, url: http://localhost:7070/api/select-items/measurement-units, method: GET, appUserId: 63f5fe75-4fbb-4328-a2dd-b7224778752e, storageCustomerId: 019c6bee-028a-70e4-98ea-557b645a3ae0} @ http://localhost:4200/chunk-72LYY77U.js:59
[  515876ms] [WARNING] 
  It looks like you're using the disabled attribute with a reactive form directive. If you set disabled to true
  when you set up this control in your component class, the disabled attribute will actually be set in the DOM for
  you. We recommend using this approach to avoid 'changed after checked' errors.

  Example:
  // Specify the `disabled` property at control creation time:
  form = new FormGroup({
    first: new FormControl({value: 'Nancy', disabled: true}, Validators.required),
    last: new FormControl('Drew', Validators.required)
  });

  // Controls can also be enabled/disabled after creation:
  form.get('first')?.enable();
  form.get('last')?.disable();
 @ http://localhost:4200/@vite/client:524
[  516129ms] [LOG] %c🛡️ [JwtInterceptorFn] Auth check completado. Interceptando ruta: color: #FF0000; font-style: italic; http://localhost:7070/api/notifications @ http://localhost:4200/chunk-72LYY77U.js:59
[  516130ms] [LOG] %c🔍 [StorageService] Recuperando valor para clave: 'customerId' color: #2196F3; font-style: italic; @ http://localhost:4200/chunk-72LYY77U.js:59
[  516131ms] [LOG] %c🔍 [StorageService] Recuperando valor para clave: 'customerId' color: #2196F3; font-style: italic; @ http://localhost:4200/chunk-72LYY77U.js:59
[  516131ms] [LOG] %c [JwtTrace] request color: #F44336; font-style: italic; {at: 2026-09-13T19:31:30.328Z, url: http://localhost:7070/api/notifications, method: GET, appUserId: 63f5fe75-4fbb-4328-a2dd-b7224778752e, storageCustomerId: 019c6bee-028a-70e4-98ea-557b645a3ae0} @ http://localhost:4200/chunk-72LYY77U.js:59
[  516134ms] [LOG] %c🛡️ [JwtInterceptorFn] Auth check completado. Interceptando ruta: color: #FF0000; font-style: italic; http://localhost:7070/api/notifications/unread-count @ http://localhost:4200/chunk-72LYY77U.js:59
[  516135ms] [LOG] %c🔍 [StorageService] Recuperando valor para clave: 'customerId' color: #2196F3; font-style: italic; @ http://localhost:4200/chunk-72LYY77U.js:59
[  516136ms] [LOG] %c🔍 [StorageService] Recuperando valor para clave: 'customerId' color: #2196F3; font-style: italic; @ http://localhost:4200/chunk-72LYY77U.js:59
[  516137ms] [LOG] %c [JwtTrace] request color: #F44336; font-style: italic; {at: 2026-09-13T19:31:30.333Z, url: http://localhost:7070/api/notifications/unread-count, method: GET, appUserId: 63f5fe75-4fbb-4328-a2dd-b7224778752e, storageCustomerId: 019c6bee-028a-70e4-98ea-557b645a3ae0} @ http://localhost:4200/chunk-72LYY77U.js:59
[  516172ms] [LOG] %c [MenuTrace] effect.tick color: #9C27B0; font-style: italic; {at: 2026-09-13T19:31:30.369Z, customerId: 019c6bee-028a-70e4-98ea-557b645a3ae0, customerReady: true, applicationUserId: 63f5fe75-4fbb-4328-a2dd-b7224778752e, lastCustomerId: null} @ http://localhost:4200/chunk-72LYY77U.js:59
[  516172ms] [LOG] %c [MenuService] Customer data and session are ready. Loading menu... color: green; font-style: italic; @ http://localhost:4200/chunk-72LYY77U.js:59
[  516173ms] [LOG] %c [MenuTrace] triggerMenuLoad.start color: #9C27B0; font-style: italic; {at: 2026-09-13T19:31:30.370Z, customerId: 019c6bee-028a-70e4-98ea-557b645a3ae0, customerReady: true, applicationUserId: 63f5fe75-4fbb-4328-a2dd-b7224778752e, lastCustomerId: null} @ http://localhost:4200/chunk-72LYY77U.js:59
[  516174ms] [LOG] %c🛡️ [JwtInterceptorFn] Auth check completado. Interceptando ruta: color: #FF0000; font-style: italic; http://localhost:7070/api/menu-items/019c6bee-028a-70e4-98ea-557b645a3ae0 @ http://localhost:4200/chunk-72LYY77U.js:59
[  516174ms] [LOG] %c🔍 [StorageService] Recuperando valor para clave: 'customerId' color: #2196F3; font-style: italic; @ http://localhost:4200/chunk-72LYY77U.js:59
[  516175ms] [LOG] %c🔍 [StorageService] Recuperando valor para clave: 'customerId' color: #2196F3; font-style: italic; @ http://localhost:4200/chunk-72LYY77U.js:59
[  516175ms] [LOG] %c [JwtTrace] request color: #F44336; font-style: italic; {at: 2026-09-13T19:31:30.372Z, url: http://localhost:7070/api/menu-items/019c6bee-028a-70e4-98ea-557b645a3ae0, method: GET, appUserId: 63f5fe75-4fbb-4328-a2dd-b7224778752e, storageCustomerId: 019c6bee-028a-70e4-98ea-557b645a3ae0} @ http://localhost:4200/chunk-72LYY77U.js:59
[  516182ms] [LOG] %cok [OneSignal] SDK listo color: green; font-style: italic; @ http://localhost:4200/chunk-72LYY77U.js:59
[  516238ms] [ERROR] Failed to load resource: the server responded with a status of 404 (Not Found) @ http://localhost:7070/api/solicitud-compra/get-solicitud-compra-individual/1:0
[  516242ms] [LOG] %c🚫 API Error: GET ITEM: solicitud-compra/get-solicitud-compra-individual/1 color: red;font-style: italic HttpErrorResponse @ http://localhost:4200/chunk-72LYY77U.js:72
[  516244ms] [ERROR] Failed to load resource: the server responded with a status of 404 (Not Found) @ http://localhost:7070/api/orden-compra/cotizaciones-relacionadas/1:0
[  516245ms] [LOG] %c🚫 API Error: GET LIST: orden-compra/cotizaciones-relacionadas/1 color: red;font-style: italic No se pudo completar la operacion. @ http://localhost:4200/chunk-72LYY77U.js:72
[  516248ms] [ERROR] Failed to load resource: the server responded with a status of 404 (Not Found) @ http://localhost:7070/api/files/download?filePath=public%2fAdministration%2faccounts%2f019fa465-1920-7772-a948-76a01e8ab76c.png:0
[  516335ms] TypeError: Cannot read properties of null (reading 'length')
    at SolicitudCompra_Template (http://localhost:4200/chunk-PMV34KW2.js:1766:66)
    at executeTemplate (http://localhost:4200/@fs/D:/repos/luxuryapp-api/appsweb/angular/.angular/cache/22.1.8/luxury-app/vite/deps/core-gRj2gSiC.js?v=425e8364:4239:3)
    at refreshView (http://localhost:4200/@fs/D:/repos/luxuryapp-api/appsweb/angular/.angular/cache/22.1.8/luxury-app/vite/deps/core-gRj2gSiC.js?v=425e8364:4784:28)
    at detectChangesInView (http://localhost:4200/@fs/D:/repos/luxuryapp-api/appsweb/angular/.angular/cache/22.1.8/luxury-app/vite/deps/core-gRj2gSiC.js?v=425e8364:4882:25)
    at detectChangesInViewWhileDirty (http://localhost:4200/@fs/D:/repos/luxuryapp-api/appsweb/angular/.angular/cache/22.1.8/luxury-app/vite/deps/core-gRj2gSiC.js?v=425e8364:4738:3)
    at detectChangesInternal (http://localhost:4200/@fs/D:/repos/luxuryapp-api/appsweb/angular/.angular/cache/22.1.8/luxury-app/vite/deps/core-gRj2gSiC.js?v=425e8364:4729:3)
    at ViewRef$1.detectChanges (http://localhost:4200/@fs/D:/repos/luxuryapp-api/appsweb/angular/.angular/cache/22.1.8/luxury-app/vite/deps/core-gRj2gSiC.js?v=425e8364:5090:3)
    at http://localhost:4200/chunk-PMV34KW2.js:1558:16
[  516331ms] [LOG] %c [API SUCCESS]: GET LIST: select-item-enum/status-orden-compra/false color: teal; font-style: italic; [Object, Object, Object] @ http://localhost:4200/chunk-72LYY77U.js:59
[  516332ms] [LOG] %c🛡️ [JwtInterceptorFn] Auth check completado. Interceptando ruta: color: #FF0000; font-style: italic; http://localhost:7070/api/select-item-enum/tipo-solicitud-compra/false @ http://localhost:4200/chunk-72LYY77U.js:59
[  516333ms] [LOG] %c🔍 [StorageService] Recuperando valor para clave: 'customerId' color: #2196F3; font-style: italic; @ http://localhost:4200/chunk-72LYY77U.js:59
[  516333ms] [LOG] %c🔍 [StorageService] Recuperando valor para clave: 'customerId' color: #2196F3; font-style: italic; @ http://localhost:4200/chunk-72LYY77U.js:59
[  516334ms] [LOG] %c [JwtTrace] request color: #F44336; font-style: italic; {at: 2026-09-13T19:31:30.531Z, url: http://localhost:7070/api/select-item-enum/tipo-solicitud-compra/false, method: GET, appUserId: 63f5fe75-4fbb-4328-a2dd-b7224778752e, storageCustomerId: 019c6bee-028a-70e4-98ea-557b645a3ae0} @ http://localhost:4200/chunk-72LYY77U.js:59
[  516336ms] [LOG] %c [API SUCCESS]: GET ITEM: select-items/measurement-units color: dodgerblue; font-style: italic; [Object, Object, Object, Object, Object, Object, Object, Object, Object, Object, Object, Object, Object, Object, Object, Object, Object, Object, Object, Object, Object, Object, Object, Object, Object, Object] @ http://localhost:4200/chunk-72LYY77U.js:59
[  516337ms] [LOG] %c [API SUCCESS]: GET NoLoading: notifications color: gray; font-style: italic; [Object, Object] @ http://localhost:4200/chunk-72LYY77U.js:59
[  516338ms] [LOG] %c [API SUCCESS]: GET NoLoading: notifications/unread-count color: gray; font-style: italic; 2 @ http://localhost:4200/chunk-72LYY77U.js:59
[  516374ms] [LOG] %c [API SUCCESS]: GET LIST: menu-items/019c6bee-028a-70e4-98ea-557b645a3ae0 color: teal; font-style: italic; [Object, Object, Object, Object, Object, Object, Object, Object, Object, Object, Object, Object, Object, Object, Object, Object, Object, Object, Object, Object, Object, Object, Object, Object] @ http://localhost:4200/chunk-72LYY77U.js:59
[  516375ms] [LOG] %c [MenuTrace] fetchMenuItemsFromApi.success color: #9C27B0; font-style: italic; {at: 2026-09-13T19:31:30.572Z, customerId: 019c6bee-028a-70e4-98ea-557b645a3ae0, customerReady: true, applicationUserId: 63f5fe75-4fbb-4328-a2dd-b7224778752e, lastCustomerId: 019c6bee-028a-70e4-98ea-557b645a3ae0} @ http://localhost:4200/chunk-72LYY77U.js:59
[  516375ms] [LOG] %c [MenuTrace] triggerMenuLoad.response color: #9C27B0; font-style: italic; {at: 2026-09-13T19:31:30.573Z, customerId: 019c6bee-028a-70e4-98ea-557b645a3ae0, customerReady: true, applicationUserId: 63f5fe75-4fbb-4328-a2dd-b7224778752e, lastCustomerId: 019c6bee-028a-70e4-98ea-557b645a3ae0} @ http://localhost:4200/chunk-72LYY77U.js:59
[  516376ms] [INFO] [2026-09-13T19:31:30.574Z] Information: WebSocket connected to ws://localhost:7070/ws/notificationHub?id=ArC5b0D_BWKJYtgUQ3peVQ&access_token=eyJhbGciOiJIUzI1NiIsInR5cCI6IkpXVCJ9.eyJzdWIiOiI2M2Y1ZmU3NS00ZmJiLTQzMjgtYTJkZC1iNzIyNDc3ODc1MmUiLCJqdGkiOiIwMWEwOWM0MC1kMTg4LTdiODctOTFiNi1hOTMxMTFhZjYyZWEiLCJpYXQiOjE3ODkzMjc4ODgsIm5hbWUiOiJBZG1pbmlzdHJhZG9yIExCRyIsImVtYWlsIjoiaW5mb0BsdXh1cnlidWlsZGluZy5jb20ubXgiLCJ1c2VybmFtZSI6ImFkbWluIiwiY3VzdG9tZXJJZCI6IjAxOWM2YmVlLTAyOGEtNzBlNC05OGVhLTU1N2I2NDVhM2FlMCIsImN1c3RvbWVyTmFtZSI6IkxVWFVSWSBCVUlMRElORyBHUk9VUCBTQSBERSBDViIsImZpcnN0TmFtZSI6IkFkbWluaXN0cmFkb3IiLCJsYXN0TmFtZSI6IkxCRyIsInBob25lIjoiKDU1KSAwMDAwLSAwMDAwIiwicGhvdG9QYXRoIjoiaHR0cDovL2xvY2FsaG9zdDo3MDcwL2FwaS9maWxlcy9kb3dubG9hZD9maWxlUGF0aD1wdWJsaWMlMmZBZG1pbmlzdHJhdGlvbiUyZmFjY291bnRzJTJmMDE5ZmE0NjUtMTkyMC03NzcyLWE5NDgtNzZhMDFlOGFiNzZjLnBuZyIsInBvc2l0aW9uIjoiRGVzY29ub2NpZG8iLCJodHRwOi8vc2NoZW1hcy5taWNyb3NvZnQuY29tL3dzLzIwMDgvMDYvaWRlbnRpdHkvY2xhaW1zL3JvbGUiOiJTdXBlclVzdWFyaW8iLCJyb2xlSWQiOiI2OTlkN2NjMS1kMTQzLTQ5ODUtYjU1YS1kMDMwODY0YzY5M2UiLCJleHAiOjE3ODkzMzE0ODgsImlzcyI6Imh0dHBzOi8vbG9jYWxob3N0OjcwNjkiLCJhdWQiOiJodHRwczovL2xvY2FsaG9zdDo0MjAwIn0.IRMIwrCTU5QGIUv4fzEGbhJlKVk_Xul3FQiVPehMVaw. @ http://localhost:4200/@fs/D:/repos/luxuryapp-api/appsweb/angular/.angular/cache/22.1.8/luxury-app/vite/deps/@microsoft_signalr.js?v=425e8364:308
[  516377ms] [INFO] [2026-09-13T19:31:30.574Z] Information: Using HubProtocol 'json'. @ http://localhost:4200/@fs/D:/repos/luxuryapp-api/appsweb/angular/.angular/cache/22.1.8/luxury-app/vite/deps/@microsoft_signalr.js?v=425e8364:308
[  516437ms] [LOG] %cLINK [SignalR] Conexion iniciada con exito. color: green; font-style: italic; @ http://localhost:4200/chunk-72LYY77U.js:59
[  516437ms] [LOG] %cSTATE [SignalR] connectionId = '7ZX40F3XFsGtfmEf8VQaoQ' color: green; font-style: italic; @ http://localhost:4200/chunk-72LYY77U.js:59
[  516444ms] [LOG] %cUSER [SignalR] Evento ConnectedUser recibido: color: blue; font-style: italic; Bienvenido 63f5fe75-4fbb-4328-a2dd-b7224778752e @ http://localhost:4200/chunk-72LYY77U.js:59
[  516446ms] [LOG] %c [API SUCCESS]: GET LIST: select-item-enum/tipo-solicitud-compra/false color: teal; font-style: italic; [Object, Object, Object, Object, Object] @ http://localhost:4200/chunk-72LYY77U.js:59
[  516447ms] [LOG] %c🛡️ [JwtInterceptorFn] Auth check completado. Interceptando ruta: color: #FF0000; font-style: italic; http://localhost:7070/api/select-item-enum/nivel-prioridad/false @ http://localhost:4200/chunk-72LYY77U.js:59
[  516447ms] [LOG] %c🔍 [StorageService] Recuperando valor para clave: 'customerId' color: #2196F3; font-style: italic; @ http://localhost:4200/chunk-72LYY77U.js:59
[  516448ms] [LOG] %c🔍 [StorageService] Recuperando valor para clave: 'customerId' color: #2196F3; font-style: italic; @ http://localhost:4200/chunk-72LYY77U.js:59
[  516448ms] [LOG] %c [JwtTrace] request color: #F44336; font-style: italic; {at: 2026-09-13T19:31:30.645Z, url: http://localhost:7070/api/select-item-enum/nivel-prioridad/false, method: GET, appUserId: 63f5fe75-4fbb-4328-a2dd-b7224778752e, storageCustomerId: 019c6bee-028a-70e4-98ea-557b645a3ae0} @ http://localhost:4200/chunk-72LYY77U.js:59
[  516452ms] [ERROR] [GlobalErrorHandler] TypeError: Cannot read properties of null (reading 'length')
    at SolicitudCompra_Template (http://localhost:4200/chunk-PMV34KW2.js:1766:66)
    at executeTemplate (http://localhost:4200/@fs/D:/repos/luxuryapp-api/appsweb/angular/.angular/cache/22.1.8/luxury-app/vite/deps/core-gRj2gSiC.js?v=425e8364:4239:3)
    at refreshView (http://localhost:4200/@fs/D:/repos/luxuryapp-api/appsweb/angular/.angular/cache/22.1.8/luxury-app/vite/deps/core-gRj2gSiC.js?v=425e8364:4784:28)
    at detectChangesInView (http://localhost:4200/@fs/D:/repos/luxuryapp-api/appsweb/angular/.angular/cache/22.1.8/luxury-app/vite/deps/core-gRj2gSiC.js?v=425e8364:4882:25)
    at detectChangesInViewIfAttached (http://localhost:4200/@fs/D:/repos/luxuryapp-api/appsweb/angular/.angular/cache/22.1.8/luxury-app/vite/deps/core-gRj2gSiC.js?v=425e8364:4868:2)
    at detectChangesInComponent (http://localhost:4200/@fs/D:/repos/luxuryapp-api/appsweb/angular/.angular/cache/22.1.8/luxury-app/vite/deps/core-gRj2gSiC.js?v=425e8364:4861:3)
    at detectChangesInChildComponents (http://localhost:4200/@fs/D:/repos/luxuryapp-api/appsweb/angular/.angular/cache/22.1.8/luxury-app/vite/deps/core-gRj2gSiC.js?v=425e8364:4897:46)
    at detectChangesInView (http://localhost:4200/@fs/D:/repos/luxuryapp-api/appsweb/angular/.angular/cache/22.1.8/luxury-app/vite/deps/core-gRj2gSiC.js?v=425e8364:4889:29)
    at detectChangesInViewIfAttached (http://localhost:4200/@fs/D:/repos/luxuryapp-api/appsweb/angular/.angular/cache/22.1.8/luxury-app/vite/deps/core-gRj2gSiC.js?v=425e8364:4868:2)
    at detectChangesInEmbeddedViews (http://localhost:4200/@fs/D:/repos/luxuryapp-api/appsweb/angular/.angular/cache/22.1.8/luxury-app/vite/deps/core-gRj2gSiC.js?v=425e8364:4842:3) @ http://localhost:4200/@vite/client:524
[  516504ms] [LOG] %cpkg [OneSignal] Inicializado con App ID: color: teal; font-style: italic; 3d1f1ce3-638f-4a30-b093-ab617baf91a8 @ http://localhost:4200/chunk-72LYY77U.js:59
[  516504ms] [LOG] %cear [OneSignal] Listeners registrados. color: cyan; font-style: italic; @ http://localhost:4200/chunk-72LYY77U.js:59
[  516504ms] [LOG] %cuser [OneSignal] Usuario logueado con ExternalUserId: 63f5fe75-4fbb-4328-a2dd-b7224778752e color: darkslateblue; font-style: italic; @ http://localhost:4200/chunk-72LYY77U.js:59
[  516505ms] [LOG] %csub [OneSignal] Permiso: color: dodgerblue; font-style: italic; false | Suscrito: false @ http://localhost:4200/chunk-72LYY77U.js:59
[  516505ms] [LOG] %cwarn [OneSignal] Usuario no completamente suscrito. color: orange; font-style: italic; @ http://localhost:4200/chunk-72LYY77U.js:59
[  516506ms] [LOG] %c [API SUCCESS]: GET LIST: select-item-enum/nivel-prioridad/false color: teal; font-style: italic; [Object, Object, Object, Object] @ http://localhost:4200/chunk-72LYY77U.js:59
[  516509ms] [ERROR] [GlobalErrorHandler] TypeError: Cannot read properties of null (reading 'length')
    at SolicitudCompra_Template (http://localhost:4200/chunk-PMV34KW2.js:1766:66)
    at executeTemplate (http://localhost:4200/@fs/D:/repos/luxuryapp-api/appsweb/angular/.angular/cache/22.1.8/luxury-app/vite/deps/core-gRj2gSiC.js?v=425e8364:4239:3)
    at refreshView (http://localhost:4200/@fs/D:/repos/luxuryapp-api/appsweb/angular/.angular/cache/22.1.8/luxury-app/vite/deps/core-gRj2gSiC.js?v=425e8364:4784:28)
    at detectChangesInView (http://localhost:4200/@fs/D:/repos/luxuryapp-api/appsweb/angular/.angular/cache/22.1.8/luxury-app/vite/deps/core-gRj2gSiC.js?v=425e8364:4882:25)
    at detectChangesInViewIfAttached (http://localhost:4200/@fs/D:/repos/luxuryapp-api/appsweb/angular/.angular/cache/22.1.8/luxury-app/vite/deps/core-gRj2gSiC.js?v=425e8364:4868:2)
    at detectChangesInComponent (http://localhost:4200/@fs/D:/repos/luxuryapp-api/appsweb/angular/.angular/cache/22.1.8/luxury-app/vite/deps/core-gRj2gSiC.js?v=425e8364:4861:3)
    at detectChangesInChildComponents (http://localhost:4200/@fs/D:/repos/luxuryapp-api/appsweb/angular/.angular/cache/22.1.8/luxury-app/vite/deps/core-gRj2gSiC.js?v=425e8364:4897:46)
    at detectChangesInView (http://localhost:4200/@fs/D:/repos/luxuryapp-api/appsweb/angular/.angular/cache/22.1.8/luxury-app/vite/deps/core-gRj2gSiC.js?v=425e8364:4889:29)
    at detectChangesInViewIfAttached (http://localhost:4200/@fs/D:/repos/luxuryapp-api/appsweb/angular/.angular/cache/22.1.8/luxury-app/vite/deps/core-gRj2gSiC.js?v=425e8364:4868:2)
    at detectChangesInEmbeddedViews (http://localhost:4200/@fs/D:/repos/luxuryapp-api/appsweb/angular/.angular/cache/22.1.8/luxury-app/vite/deps/core-gRj2gSiC.js?v=425e8364:4842:3) @ http://localhost:4200/@vite/client:524
[  795116ms] [LOG] %c📦 [StorageService] Inicializando servicio de almacenamiento local... color: #3F51B5; font-style: italic; @ http://localhost:4200/chunk-72LYY77U.js:59
[  795119ms] [LOG] %c [AuthService] Verificando ruta inicial: /purchases/solicitud-compra/1 | Es publica: false color: #9C27B0; font-style: italic; @ http://localhost:4200/chunk-72LYY77U.js:59
[  795119ms] [LOG] %c [AuthService] Ruta no publica. Intentando login silencioso... color: #009688; font-style: italic; @ http://localhost:4200/chunk-72LYY77U.js:59
[  795126ms] [LOG] %c🚀 [Initializer] Starting application state initialization... color: purple; font-style: italic; @ http://localhost:4200/chunk-72LYY77U.js:59
[  796933ms] [LOG] %c [AuthService] Token renovado. Actualizando sesion en memoria. color: color: #4CAF50; font-style: italic;; font-style: italic; @ http://localhost:4200/chunk-72LYY77U.js:59
[  796934ms] [LOG] %c [AuthTrace] refresh.success.before-set color: #03A9F4; font-style: italic; {at: 2026-09-13T19:36:11.131Z, applicationUserId: 63f5fe75-4fbb-4328-a2dd-b7224778752e, tokenCustomerId: 019c6bee-028a-70e4-98ea-557b645a3ae0, roles: Array(1), customerAccessCount: 10} @ http://localhost:4200/chunk-72LYY77U.js:59
[  796934ms] [LOG] %c [AuthTrace] refresh.success.after-set color: #03A9F4; font-style: italic; {at: 2026-09-13T19:36:11.132Z, applicationUserId: 63f5fe75-4fbb-4328-a2dd-b7224778752e, tokenCustomerId: 019c6bee-028a-70e4-98ea-557b645a3ae0, roles: Array(1), customerAccessCount: 10} @ http://localhost:4200/chunk-72LYY77U.js:59
[  796935ms] [LOG] %cLINK [SignalR] Construyendo conexion... color: blue; font-style: italic; @ http://localhost:4200/chunk-72LYY77U.js:59
[  796937ms] [LOG] %cHEADSET [SignalR] Registrando listeners... color: cyan; font-style: italic; @ http://localhost:4200/chunk-72LYY77U.js:59
[  796938ms] [LOG] %cLINK [SignalR] Iniciando conexion... color: blue; font-style: italic; @ http://localhost:4200/chunk-72LYY77U.js:59
[  796940ms] [LOG] %c [AuthTrace] trySilentLogin.finalize color: #8BC34A; font-style: italic; {at: 2026-09-13T19:36:11.137Z, isAuthenticated: true} @ http://localhost:4200/chunk-72LYY77U.js:59
[  796941ms] [LOG] %c🏢 [Initializer] User session found. Initializing customer state... color: #3F51B5; font-style: italic; @ http://localhost:4200/chunk-72LYY77U.js:59
[  796942ms] [LOG] %c🔍 [StorageService] Recuperando valor para clave: 'customerId' color: #2196F3; font-style: italic; @ http://localhost:4200/chunk-72LYY77U.js:59
[  796943ms] [LOG] %c [CustomerTrace] initialize.start color: #FF9800; font-style: italic; {at: 2026-09-13T19:36:11.140Z, state: Object, storedCustomerId: 019c6bee-028a-70e4-98ea-557b645a3ae0, tokenCustomerId: 019c6bee-028a-70e4-98ea-557b645a3ae0, customerAccess: Array(10)} @ http://localhost:4200/chunk-72LYY77U.js:59
[  796943ms] [LOG] %c🔍 [StorageService] Recuperando valor para clave: 'customerId' color: #2196F3; font-style: italic; @ http://localhost:4200/chunk-72LYY77U.js:59
[  796944ms] [LOG] %c🔍 [StorageService] Recuperando valor para clave: 'customerId' color: #2196F3; font-style: italic; @ http://localhost:4200/chunk-72LYY77U.js:59
[  796945ms] [LOG] %c [CustomerTrace] initialize.selected-customer color: #FF9800; font-style: italic; {at: 2026-09-13T19:36:11.141Z, state: Object, storedCustomerId: 019c6bee-028a-70e4-98ea-557b645a3ae0, selectedCustomerId: 019c6bee-028a-70e4-98ea-557b645a3ae0} @ http://localhost:4200/chunk-72LYY77U.js:59
[  796946ms] [LOG] %c💾 [StorageService] Guardando clave: 'customerId' color: #FF9800; font-style: italic; {value: 019c6bee-028a-70e4-98ea-557b645a3ae0} @ http://localhost:4200/chunk-72LYY77U.js:59
[  796947ms] [LOG] %c✅ [StorageService] Clave 'customerId' guardada exitosamente. color: #4CAF50; font-style: italic; @ http://localhost:4200/chunk-72LYY77U.js:59
[  796948ms] [LOG] %c🔍 [StorageService] Recuperando valor para clave: 'customerId' color: #2196F3; font-style: italic; @ http://localhost:4200/chunk-72LYY77U.js:59
[  796949ms] [LOG] %c [CustomerTrace] loadDataForCustomer.start color: #FF9800; font-style: italic; {at: 2026-09-13T19:36:11.145Z, state: Object, storedCustomerId: 019c6bee-028a-70e4-98ea-557b645a3ae0, customerId: 019c6bee-028a-70e4-98ea-557b645a3ae0} @ http://localhost:4200/chunk-72LYY77U.js:59
[  796954ms] [LOG] %c🛡️ [JwtInterceptorFn] Auth check completado. Interceptando ruta: color: #FF0000; font-style: italic; http://localhost:7070/api/customers/019c6bee-028a-70e4-98ea-557b645a3ae0 @ http://localhost:4200/chunk-72LYY77U.js:59
[  796957ms] [LOG] %c🔍 [StorageService] Recuperando valor para clave: 'customerId' color: #2196F3; font-style: italic; @ http://localhost:4200/chunk-72LYY77U.js:59
[  796959ms] [LOG] %c🔍 [StorageService] Recuperando valor para clave: 'customerId' color: #2196F3; font-style: italic; @ http://localhost:4200/chunk-72LYY77U.js:59
[  796961ms] [LOG] %c [JwtTrace] request color: #F44336; font-style: italic; {at: 2026-09-13T19:36:11.156Z, url: http://localhost:7070/api/customers/019c6bee-028a-70e4-98ea-557b645a3ae0, method: GET, appUserId: 63f5fe75-4fbb-4328-a2dd-b7224778752e, storageCustomerId: 019c6bee-028a-70e4-98ea-557b645a3ae0} @ http://localhost:4200/chunk-72LYY77U.js:59
[  797023ms] [INFO] [2026-09-13T19:36:11.220Z] Information: WebSocket connected to ws://localhost:7070/ws/notificationHub?id=9LpVj46wgk92n1GgccVh2A&access_token=eyJhbGciOiJIUzI1NiIsInR5cCI6IkpXVCJ9.eyJzdWIiOiI2M2Y1ZmU3NS00ZmJiLTQzMjgtYTJkZC1iNzIyNDc3ODc1MmUiLCJqdGkiOiIwMWEwOWM0NS0xZmIyLTdjYjAtYjBlOC1lMmYwMmI5MzIyOWMiLCJpYXQiOjE3ODkzMjgxNzAsIm5hbWUiOiJBZG1pbmlzdHJhZG9yIExCRyIsImVtYWlsIjoiaW5mb0BsdXh1cnlidWlsZGluZy5jb20ubXgiLCJ1c2VybmFtZSI6ImFkbWluIiwiY3VzdG9tZXJJZCI6IjAxOWM2YmVlLTAyOGEtNzBlNC05OGVhLTU1N2I2NDVhM2FlMCIsImN1c3RvbWVyTmFtZSI6IkxVWFVSWSBCVUlMRElORyBHUk9VUCBTQSBERSBDViIsImZpcnN0TmFtZSI6IkFkbWluaXN0cmFkb3IiLCJsYXN0TmFtZSI6IkxCRyIsInBob25lIjoiKDU1KSAwMDAwLSAwMDAwIiwicGhvdG9QYXRoIjoiaHR0cDovL2xvY2FsaG9zdDo3MDcwL2FwaS9maWxlcy9kb3dubG9hZD9maWxlUGF0aD1wdWJsaWMlMmZBZG1pbmlzdHJhdGlvbiUyZmFjY291bnRzJTJmMDE5ZmE0NjUtMTkyMC03NzcyLWE5NDgtNzZhMDFlOGFiNzZjLnBuZyIsInBvc2l0aW9uIjoiRGVzY29ub2NpZG8iLCJodHRwOi8vc2NoZW1hcy5taWNyb3NvZnQuY29tL3dzLzIwMDgvMDYvaWRlbnRpdHkvY2xhaW1zL3JvbGUiOiJTdXBlclVzdWFyaW8iLCJyb2xlSWQiOiI2OTlkN2NjMS1kMTQzLTQ5ODUtYjU1YS1kMDMwODY0YzY5M2UiLCJleHAiOjE3ODkzMzE3NzAsImlzcyI6Imh0dHBzOi8vbG9jYWxob3N0OjcwNjkiLCJhdWQiOiJodHRwczovL2xvY2FsaG9zdDo0MjAwIn0.Xqw2FMk02R7lL2in1O46bne7wmsE5tgGJUOiWTbWMnE. @ http://localhost:4200/@fs/D:/repos/luxuryapp-api/appsweb/angular/.angular/cache/22.1.8/luxury-app/vite/deps/@microsoft_signalr.js?v=74c2038a:308
[  797024ms] [INFO] [2026-09-13T19:36:11.222Z] Information: Using HubProtocol 'json'. @ http://localhost:4200/@fs/D:/repos/luxuryapp-api/appsweb/angular/.angular/cache/22.1.8/luxury-app/vite/deps/@microsoft_signalr.js?v=74c2038a:308
[  797051ms] [LOG] %cLINK [SignalR] Conexion iniciada con exito. color: green; font-style: italic; @ http://localhost:4200/chunk-72LYY77U.js:59
[  797051ms] [LOG] %cSTATE [SignalR] connectionId = '-cQUWYHWFf9gE4DZZ4JSCQ' color: green; font-style: italic; @ http://localhost:4200/chunk-72LYY77U.js:59
[  797056ms] [LOG] %c🔍 [StorageService] Recuperando valor para clave: 'customerId' color: #2196F3; font-style: italic; @ http://localhost:4200/chunk-72LYY77U.js:59
[  797057ms] [LOG] %c [CustomerTrace] loadDataForCustomer.response color: #FF9800; font-style: italic; {at: 2026-09-13T19:36:11.253Z, state: Object, storedCustomerId: 019c6bee-028a-70e4-98ea-557b645a3ae0, customerId: 019c6bee-028a-70e4-98ea-557b645a3ae0, success: true} @ http://localhost:4200/chunk-72LYY77U.js:59
[  797057ms] [LOG] %c🔍 [StorageService] Recuperando valor para clave: 'customerId' color: #2196F3; font-style: italic; @ http://localhost:4200/chunk-72LYY77U.js:59
[  797058ms] [LOG] %c [CustomerTrace] loadDataForCustomer.ready color: #FF9800; font-style: italic; {at: 2026-09-13T19:36:11.255Z, state: Object, storedCustomerId: 019c6bee-028a-70e4-98ea-557b645a3ae0, customerId: 019c6bee-028a-70e4-98ea-557b645a3ae0} @ http://localhost:4200/chunk-72LYY77U.js:59
[  797058ms] [LOG] %c✅ [Initializer] State initialization complete. color: green; font-style: italic; @ http://localhost:4200/chunk-72LYY77U.js:59
[  797077ms] [LOG] %cUSER [SignalR] Evento ConnectedUser recibido: color: blue; font-style: italic; Bienvenido 63f5fe75-4fbb-4328-a2dd-b7224778752e @ http://localhost:4200/chunk-72LYY77U.js:59
[  817447ms] [LOG] %c🔄 UpdateService: Inicializando servicio de actualizaciones color: blue; font-weight: bold; @ http://localhost:4200/chunk-WEIOKMZ7.js:10
[  817447ms] [LOG] %c🔄 UpdateService: ❌ Service Worker NO habilitado color: red; font-weight: bold; @ http://localhost:4200/chunk-WEIOKMZ7.js:22
[  817488ms] [LOG] %c🚀 [App] ¡Aplicación iniciada! Soy más ligero y rápido que nunca. color: #673AB7; font-style: italic; @ http://localhost:4200/chunk-72LYY77U.js:59
[  817543ms] [LOG] Angular is running in development mode. @ http://localhost:4200/@fs/D:/repos/luxuryapp-api/appsweb/angular/.angular/cache/22.1.8/luxury-app/vite/deps/core-gRj2gSiC.js?v=74c2038a:9175
[  820305ms] [LOG] %c🎉 [LayoutEmployee] ¡Layout de empleado cargado! Despertando a los gigantes (SignalR, OneSignal...) color: #2196F3; font-style: italic; @ http://localhost:4200/chunk-72LYY77U.js:59
[  820305ms] [LOG] %cLINK [SignalR] Construyendo conexion... color: blue; font-style: italic; @ http://localhost:4200/chunk-72LYY77U.js:59
[  820306ms] [LOG] %cHEADSET [SignalR] Registrando listeners... color: cyan; font-style: italic; @ http://localhost:4200/chunk-72LYY77U.js:59
[  820306ms] [LOG] %cLINK [SignalR] Iniciando conexion... color: blue; font-style: italic; @ http://localhost:4200/chunk-72LYY77U.js:59
[  820307ms] [LOG] %cℹ️ [LayoutEmployee] Usuario 63f5fe75-4fbb-4328-a2dd-b7224778752e autenticado. Iniciando OneSignal... color: dodgerblue;font-style: italic @ http://localhost:4200/chunk-72LYY77U.js:72
[  820308ms] [LOG] %c... [OneSignal] Esperando que el SDK este listo... color: orange; font-style: italic; @ http://localhost:4200/chunk-72LYY77U.js:59
[  820373ms] [LOG] %c🛡️ [JwtInterceptorFn] Auth check completado. Interceptando ruta: color: #FF0000; font-style: italic; http://localhost:7070/api/select-item-enum/status-orden-compra/false @ http://localhost:4200/chunk-72LYY77U.js:59
[  820374ms] [LOG] %c🔍 [StorageService] Recuperando valor para clave: 'customerId' color: #2196F3; font-style: italic; @ http://localhost:4200/chunk-72LYY77U.js:59
[  820375ms] [LOG] %c🔍 [StorageService] Recuperando valor para clave: 'customerId' color: #2196F3; font-style: italic; @ http://localhost:4200/chunk-72LYY77U.js:59
[  820376ms] [LOG] %c [JwtTrace] request color: #F44336; font-style: italic; {at: 2026-09-13T19:36:34.572Z, url: http://localhost:7070/api/select-item-enum/status-orden-compra/false, method: GET, appUserId: 63f5fe75-4fbb-4328-a2dd-b7224778752e, storageCustomerId: 019c6bee-028a-70e4-98ea-557b645a3ae0} @ http://localhost:4200/chunk-72LYY77U.js:59
[  820379ms] [LOG] %c🛡️ [JwtInterceptorFn] Auth check completado. Interceptando ruta: color: #FF0000; font-style: italic; http://localhost:7070/api/solicitud-compra/get-solicitud-compra-individual/1 @ http://localhost:4200/chunk-72LYY77U.js:59
[  820380ms] [LOG] %c🔍 [StorageService] Recuperando valor para clave: 'customerId' color: #2196F3; font-style: italic; @ http://localhost:4200/chunk-72LYY77U.js:59
[  820384ms] [LOG] %c🔍 [StorageService] Recuperando valor para clave: 'customerId' color: #2196F3; font-style: italic; @ http://localhost:4200/chunk-72LYY77U.js:59
[  820385ms] [LOG] %c [JwtTrace] request color: #F44336; font-style: italic; {at: 2026-09-13T19:36:34.579Z, url: http://localhost:7070/api/solicitud-compra/get-solicitud-compra-individual/1, method: GET, appUserId: 63f5fe75-4fbb-4328-a2dd-b7224778752e, storageCustomerId: 019c6bee-028a-70e4-98ea-557b645a3ae0} @ http://localhost:4200/chunk-72LYY77U.js:59
[  820388ms] [LOG] %c🛡️ [JwtInterceptorFn] Auth check completado. Interceptando ruta: color: #FF0000; font-style: italic; http://localhost:7070/api/orden-compra/cotizaciones-relacionadas/1 @ http://localhost:4200/chunk-72LYY77U.js:59
[  820389ms] [LOG] %c🔍 [StorageService] Recuperando valor para clave: 'customerId' color: #2196F3; font-style: italic; @ http://localhost:4200/chunk-72LYY77U.js:59
[  820389ms] [LOG] %c🔍 [StorageService] Recuperando valor para clave: 'customerId' color: #2196F3; font-style: italic; @ http://localhost:4200/chunk-72LYY77U.js:59
[  820390ms] [LOG] %c [JwtTrace] request color: #F44336; font-style: italic; {at: 2026-09-13T19:36:34.587Z, url: http://localhost:7070/api/orden-compra/cotizaciones-relacionadas/1, method: GET, appUserId: 63f5fe75-4fbb-4328-a2dd-b7224778752e, storageCustomerId: 019c6bee-028a-70e4-98ea-557b645a3ae0} @ http://localhost:4200/chunk-72LYY77U.js:59
[  820463ms] [LOG] %c🛡️ [JwtInterceptorFn] Auth check completado. Interceptando ruta: color: #FF0000; font-style: italic; http://localhost:7070/api/select-items/measurement-units @ http://localhost:4200/chunk-72LYY77U.js:59
[  820464ms] [LOG] %c🔍 [StorageService] Recuperando valor para clave: 'customerId' color: #2196F3; font-style: italic; @ http://localhost:4200/chunk-72LYY77U.js:59
[  820469ms] [LOG] %c🔍 [StorageService] Recuperando valor para clave: 'customerId' color: #2196F3; font-style: italic; @ http://localhost:4200/chunk-72LYY77U.js:59
[  820470ms] [LOG] %c [JwtTrace] request color: #F44336; font-style: italic; {at: 2026-09-13T19:36:34.666Z, url: http://localhost:7070/api/select-items/measurement-units, method: GET, appUserId: 63f5fe75-4fbb-4328-a2dd-b7224778752e, storageCustomerId: 019c6bee-028a-70e4-98ea-557b645a3ae0} @ http://localhost:4200/chunk-72LYY77U.js:59
[  820510ms] [WARNING] 
  It looks like you're using the disabled attribute with a reactive form directive. If you set disabled to true
  when you set up this control in your component class, the disabled attribute will actually be set in the DOM for
  you. We recommend using this approach to avoid 'changed after checked' errors.

  Example:
  // Specify the `disabled` property at control creation time:
  form = new FormGroup({
    first: new FormControl({value: 'Nancy', disabled: true}, Validators.required),
    last: new FormControl('Drew', Validators.required)
  });

  // Controls can also be enabled/disabled after creation:
  form.get('first')?.enable();
  form.get('last')?.disable();
 @ http://localhost:4200/@fs/D:/repos/luxuryapp-api/appsweb/angular/.angular/cache/22.1.8/luxury-app/vite/deps/@angular_forms.js?v=74c2038a:3968
[  820811ms] [LOG] %c🛡️ [JwtInterceptorFn] Auth check completado. Interceptando ruta: color: #FF0000; font-style: italic; http://localhost:7070/api/notifications @ http://localhost:4200/chunk-72LYY77U.js:59
[  820812ms] [LOG] %c🔍 [StorageService] Recuperando valor para clave: 'customerId' color: #2196F3; font-style: italic; @ http://localhost:4200/chunk-72LYY77U.js:59
[  820813ms] [LOG] %c🔍 [StorageService] Recuperando valor para clave: 'customerId' color: #2196F3; font-style: italic; @ http://localhost:4200/chunk-72LYY77U.js:59
[  820813ms] [LOG] %c [JwtTrace] request color: #F44336; font-style: italic; {at: 2026-09-13T19:36:35.010Z, url: http://localhost:7070/api/notifications, method: GET, appUserId: 63f5fe75-4fbb-4328-a2dd-b7224778752e, storageCustomerId: 019c6bee-028a-70e4-98ea-557b645a3ae0} @ http://localhost:4200/chunk-72LYY77U.js:59
[  820817ms] [LOG] %c🛡️ [JwtInterceptorFn] Auth check completado. Interceptando ruta: color: #FF0000; font-style: italic; http://localhost:7070/api/notifications/unread-count @ http://localhost:4200/chunk-72LYY77U.js:59
[  820817ms] [LOG] %c🔍 [StorageService] Recuperando valor para clave: 'customerId' color: #2196F3; font-style: italic; @ http://localhost:4200/chunk-72LYY77U.js:59
[  820818ms] [LOG] %c🔍 [StorageService] Recuperando valor para clave: 'customerId' color: #2196F3; font-style: italic; @ http://localhost:4200/chunk-72LYY77U.js:59
[  820819ms] [LOG] %c [JwtTrace] request color: #F44336; font-style: italic; {at: 2026-09-13T19:36:35.015Z, url: http://localhost:7070/api/notifications/unread-count, method: GET, appUserId: 63f5fe75-4fbb-4328-a2dd-b7224778752e, storageCustomerId: 019c6bee-028a-70e4-98ea-557b645a3ae0} @ http://localhost:4200/chunk-72LYY77U.js:59
[  820849ms] [LOG] %c [MenuTrace] effect.tick color: #9C27B0; font-style: italic; {at: 2026-09-13T19:36:35.045Z, customerId: 019c6bee-028a-70e4-98ea-557b645a3ae0, customerReady: true, applicationUserId: 63f5fe75-4fbb-4328-a2dd-b7224778752e, lastCustomerId: null} @ http://localhost:4200/chunk-72LYY77U.js:59
[  820850ms] [LOG] %c [MenuService] Customer data and session are ready. Loading menu... color: green; font-style: italic; @ http://localhost:4200/chunk-72LYY77U.js:59
[  820850ms] [LOG] %c [MenuTrace] triggerMenuLoad.start color: #9C27B0; font-style: italic; {at: 2026-09-13T19:36:35.048Z, customerId: 019c6bee-028a-70e4-98ea-557b645a3ae0, customerReady: true, applicationUserId: 63f5fe75-4fbb-4328-a2dd-b7224778752e, lastCustomerId: null} @ http://localhost:4200/chunk-72LYY77U.js:59
[  820851ms] [LOG] %c🛡️ [JwtInterceptorFn] Auth check completado. Interceptando ruta: color: #FF0000; font-style: italic; http://localhost:7070/api/menu-items/019c6bee-028a-70e4-98ea-557b645a3ae0 @ http://localhost:4200/chunk-72LYY77U.js:59
[  820852ms] [LOG] %c🔍 [StorageService] Recuperando valor para clave: 'customerId' color: #2196F3; font-style: italic; @ http://localhost:4200/chunk-72LYY77U.js:59
[  820852ms] [LOG] %c🔍 [StorageService] Recuperando valor para clave: 'customerId' color: #2196F3; font-style: italic; @ http://localhost:4200/chunk-72LYY77U.js:59
[  820853ms] [LOG] %c [JwtTrace] request color: #F44336; font-style: italic; {at: 2026-09-13T19:36:35.050Z, url: http://localhost:7070/api/menu-items/019c6bee-028a-70e4-98ea-557b645a3ae0, method: GET, appUserId: 63f5fe75-4fbb-4328-a2dd-b7224778752e, storageCustomerId: 019c6bee-028a-70e4-98ea-557b645a3ae0} @ http://localhost:4200/chunk-72LYY77U.js:59
[  820859ms] [LOG] %cok [OneSignal] SDK listo color: green; font-style: italic; @ http://localhost:4200/chunk-72LYY77U.js:59
[  820908ms] [ERROR] Failed to load resource: the server responded with a status of 404 (Not Found) @ http://localhost:7070/api/orden-compra/cotizaciones-relacionadas/1:0
[  820911ms] [LOG] %c🚫 API Error: GET LIST: orden-compra/cotizaciones-relacionadas/1 color: red;font-style: italic No se pudo completar la operacion. @ http://localhost:4200/chunk-72LYY77U.js:72
[  820913ms] [ERROR] Failed to load resource: the server responded with a status of 404 (Not Found) @ http://localhost:7070/api/solicitud-compra/get-solicitud-compra-individual/1:0
[  820914ms] [LOG] %c🚫 API Error: GET ITEM: solicitud-compra/get-solicitud-compra-individual/1 color: red;font-style: italic HttpErrorResponse @ http://localhost:4200/chunk-72LYY77U.js:72
[  821037ms] TypeError: Cannot read properties of null (reading 'length')
    at SolicitudCompra_Template (http://localhost:4200/chunk-GPCJDVHN.js:1767:66)
    at executeTemplate (http://localhost:4200/@fs/D:/repos/luxuryapp-api/appsweb/angular/.angular/cache/22.1.8/luxury-app/vite/deps/core-gRj2gSiC.js?v=74c2038a:4239:3)
    at refreshView (http://localhost:4200/@fs/D:/repos/luxuryapp-api/appsweb/angular/.angular/cache/22.1.8/luxury-app/vite/deps/core-gRj2gSiC.js?v=74c2038a:4784:28)
    at detectChangesInView (http://localhost:4200/@fs/D:/repos/luxuryapp-api/appsweb/angular/.angular/cache/22.1.8/luxury-app/vite/deps/core-gRj2gSiC.js?v=74c2038a:4882:25)
    at detectChangesInViewWhileDirty (http://localhost:4200/@fs/D:/repos/luxuryapp-api/appsweb/angular/.angular/cache/22.1.8/luxury-app/vite/deps/core-gRj2gSiC.js?v=74c2038a:4738:3)
    at detectChangesInternal (http://localhost:4200/@fs/D:/repos/luxuryapp-api/appsweb/angular/.angular/cache/22.1.8/luxury-app/vite/deps/core-gRj2gSiC.js?v=74c2038a:4729:3)
    at ViewRef$1.detectChanges (http://localhost:4200/@fs/D:/repos/luxuryapp-api/appsweb/angular/.angular/cache/22.1.8/luxury-app/vite/deps/core-gRj2gSiC.js?v=74c2038a:5090:3)
    at http://localhost:4200/chunk-GPCJDVHN.js:1559:16
[  821030ms] [LOG] %c [API SUCCESS]: GET LIST: select-item-enum/status-orden-compra/false color: teal; font-style: italic; [Object, Object, Object] @ http://localhost:4200/chunk-72LYY77U.js:59
[  821031ms] [LOG] %c🛡️ [JwtInterceptorFn] Auth check completado. Interceptando ruta: color: #FF0000; font-style: italic; http://localhost:7070/api/select-item-enum/tipo-solicitud-compra/false @ http://localhost:4200/chunk-72LYY77U.js:59
[  821037ms] [LOG] %c🔍 [StorageService] Recuperando valor para clave: 'customerId' color: #2196F3; font-style: italic; @ http://localhost:4200/chunk-72LYY77U.js:59
[  821038ms] [LOG] %c🔍 [StorageService] Recuperando valor para clave: 'customerId' color: #2196F3; font-style: italic; @ http://localhost:4200/chunk-72LYY77U.js:59
[  821039ms] [LOG] %c [JwtTrace] request color: #F44336; font-style: italic; {at: 2026-09-13T19:36:35.235Z, url: http://localhost:7070/api/select-item-enum/tipo-solicitud-compra/false, method: GET, appUserId: 63f5fe75-4fbb-4328-a2dd-b7224778752e, storageCustomerId: 019c6bee-028a-70e4-98ea-557b645a3ae0} @ http://localhost:4200/chunk-72LYY77U.js:59
[  821046ms] [LOG] %c [API SUCCESS]: GET ITEM: select-items/measurement-units color: dodgerblue; font-style: italic; [Object, Object, Object, Object, Object, Object, Object, Object, Object, Object, Object, Object, Object, Object, Object, Object, Object, Object, Object, Object, Object, Object, Object, Object, Object, Object] @ http://localhost:4200/chunk-72LYY77U.js:59
[  821069ms] [LOG] %c [API SUCCESS]: GET NoLoading: notifications/unread-count color: gray; font-style: italic; 2 @ http://localhost:4200/chunk-72LYY77U.js:59
[  821138ms] [INFO] [2026-09-13T19:36:35.336Z] Information: WebSocket connected to ws://localhost:7070/ws/notificationHub?id=iflnPbvRh6-jx8TCYK1V0g&access_token=eyJhbGciOiJIUzI1NiIsInR5cCI6IkpXVCJ9.eyJzdWIiOiI2M2Y1ZmU3NS00ZmJiLTQzMjgtYTJkZC1iNzIyNDc3ODc1MmUiLCJqdGkiOiIwMWEwOWM0NS0xZmIyLTdjYjAtYjBlOC1lMmYwMmI5MzIyOWMiLCJpYXQiOjE3ODkzMjgxNzAsIm5hbWUiOiJBZG1pbmlzdHJhZG9yIExCRyIsImVtYWlsIjoiaW5mb0BsdXh1cnlidWlsZGluZy5jb20ubXgiLCJ1c2VybmFtZSI6ImFkbWluIiwiY3VzdG9tZXJJZCI6IjAxOWM2YmVlLTAyOGEtNzBlNC05OGVhLTU1N2I2NDVhM2FlMCIsImN1c3RvbWVyTmFtZSI6IkxVWFVSWSBCVUlMRElORyBHUk9VUCBTQSBERSBDViIsImZpcnN0TmFtZSI6IkFkbWluaXN0cmFkb3IiLCJsYXN0TmFtZSI6IkxCRyIsInBob25lIjoiKDU1KSAwMDAwLSAwMDAwIiwicGhvdG9QYXRoIjoiaHR0cDovL2xvY2FsaG9zdDo3MDcwL2FwaS9maWxlcy9kb3dubG9hZD9maWxlUGF0aD1wdWJsaWMlMmZBZG1pbmlzdHJhdGlvbiUyZmFjY291bnRzJTJmMDE5ZmE0NjUtMTkyMC03NzcyLWE5NDgtNzZhMDFlOGFiNzZjLnBuZyIsInBvc2l0aW9uIjoiRGVzY29ub2NpZG8iLCJodHRwOi8vc2NoZW1hcy5taWNyb3NvZnQuY29tL3dzLzIwMDgvMDYvaWRlbnRpdHkvY2xhaW1zL3JvbGUiOiJTdXBlclVzdWFyaW8iLCJyb2xlSWQiOiI2OTlkN2NjMS1kMTQzLTQ5ODUtYjU1YS1kMDMwODY0YzY5M2UiLCJleHAiOjE3ODkzMzE3NzAsImlzcyI6Imh0dHBzOi8vbG9jYWxob3N0OjcwNjkiLCJhdWQiOiJodHRwczovL2xvY2FsaG9zdDo0MjAwIn0.Xqw2FMk02R7lL2in1O46bne7wmsE5tgGJUOiWTbWMnE. @ http://localhost:4200/@fs/D:/repos/luxuryapp-api/appsweb/angular/.angular/cache/22.1.8/luxury-app/vite/deps/@microsoft_signalr.js?v=74c2038a:308
[  821139ms] [INFO] [2026-09-13T19:36:35.336Z] Information: Using HubProtocol 'json'. @ http://localhost:4200/@fs/D:/repos/luxuryapp-api/appsweb/angular/.angular/cache/22.1.8/luxury-app/vite/deps/@microsoft_signalr.js?v=74c2038a:308
[  821140ms] [ERROR] Failed to load resource: the server responded with a status of 404 (Not Found) @ http://localhost:7070/api/files/download?filePath=public%2fAdministration%2faccounts%2f019fa465-1920-7772-a948-76a01e8ab76c.png:0
[  821191ms] [LOG] %cLINK [SignalR] Conexion iniciada con exito. color: green; font-style: italic; @ http://localhost:4200/chunk-72LYY77U.js:59
[  821191ms] [LOG] %cSTATE [SignalR] connectionId = 'zv1W92-oki3zwvaXzW9B6Q' color: green; font-style: italic; @ http://localhost:4200/chunk-72LYY77U.js:59
[  821191ms] [LOG] %cpkg [OneSignal] Inicializado con App ID: color: teal; font-style: italic; 3d1f1ce3-638f-4a30-b093-ab617baf91a8 @ http://localhost:4200/chunk-72LYY77U.js:59
[  821192ms] [LOG] %cear [OneSignal] Listeners registrados. color: cyan; font-style: italic; @ http://localhost:4200/chunk-72LYY77U.js:59
[  821192ms] [LOG] %cuser [OneSignal] Usuario logueado con ExternalUserId: 63f5fe75-4fbb-4328-a2dd-b7224778752e color: darkslateblue; font-style: italic; @ http://localhost:4200/chunk-72LYY77U.js:59
[  821192ms] [LOG] %csub [OneSignal] Permiso: color: dodgerblue; font-style: italic; false | Suscrito: false @ http://localhost:4200/chunk-72LYY77U.js:59
[  821193ms] [LOG] %cwarn [OneSignal] Usuario no completamente suscrito. color: orange; font-style: italic; @ http://localhost:4200/chunk-72LYY77U.js:59
[  821193ms] [LOG] %cUSER [SignalR] Evento ConnectedUser recibido: color: blue; font-style: italic; Bienvenido 63f5fe75-4fbb-4328-a2dd-b7224778752e @ http://localhost:4200/chunk-72LYY77U.js:59
[  821282ms] [LOG] %c [API SUCCESS]: GET LIST: select-item-enum/tipo-solicitud-compra/false color: teal; font-style: italic; [Object, Object, Object, Object, Object] @ http://localhost:4200/chunk-72LYY77U.js:59
[  821285ms] [LOG] %c🛡️ [JwtInterceptorFn] Auth check completado. Interceptando ruta: color: #FF0000; font-style: italic; http://localhost:7070/api/select-item-enum/nivel-prioridad/false @ http://localhost:4200/chunk-72LYY77U.js:59
[  821286ms] [LOG] %c🔍 [StorageService] Recuperando valor para clave: 'customerId' color: #2196F3; font-style: italic; @ http://localhost:4200/chunk-72LYY77U.js:59
[  821287ms] [LOG] %c🔍 [StorageService] Recuperando valor para clave: 'customerId' color: #2196F3; font-style: italic; @ http://localhost:4200/chunk-72LYY77U.js:59
[  821292ms] [LOG] %c [JwtTrace] request color: #F44336; font-style: italic; {at: 2026-09-13T19:36:35.484Z, url: http://localhost:7070/api/select-item-enum/nivel-prioridad/false, method: GET, appUserId: 63f5fe75-4fbb-4328-a2dd-b7224778752e, storageCustomerId: 019c6bee-028a-70e4-98ea-557b645a3ae0} @ http://localhost:4200/chunk-72LYY77U.js:59
[  821294ms] [ERROR] [GlobalErrorHandler] TypeError: Cannot read properties of null (reading 'length')
    at SolicitudCompra_Template (http://localhost:4200/chunk-GPCJDVHN.js:1767:66)
    at executeTemplate (http://localhost:4200/@fs/D:/repos/luxuryapp-api/appsweb/angular/.angular/cache/22.1.8/luxury-app/vite/deps/core-gRj2gSiC.js?v=74c2038a:4239:3)
    at refreshView (http://localhost:4200/@fs/D:/repos/luxuryapp-api/appsweb/angular/.angular/cache/22.1.8/luxury-app/vite/deps/core-gRj2gSiC.js?v=74c2038a:4784:28)
    at detectChangesInView (http://localhost:4200/@fs/D:/repos/luxuryapp-api/appsweb/angular/.angular/cache/22.1.8/luxury-app/vite/deps/core-gRj2gSiC.js?v=74c2038a:4882:25)
    at detectChangesInViewIfAttached (http://localhost:4200/@fs/D:/repos/luxuryapp-api/appsweb/angular/.angular/cache/22.1.8/luxury-app/vite/deps/core-gRj2gSiC.js?v=74c2038a:4868:2)
    at detectChangesInComponent (http://localhost:4200/@fs/D:/repos/luxuryapp-api/appsweb/angular/.angular/cache/22.1.8/luxury-app/vite/deps/core-gRj2gSiC.js?v=74c2038a:4861:3)
    at detectChangesInChildComponents (http://localhost:4200/@fs/D:/repos/luxuryapp-api/appsweb/angular/.angular/cache/22.1.8/luxury-app/vite/deps/core-gRj2gSiC.js?v=74c2038a:4897:46)
    at detectChangesInView (http://localhost:4200/@fs/D:/repos/luxuryapp-api/appsweb/angular/.angular/cache/22.1.8/luxury-app/vite/deps/core-gRj2gSiC.js?v=74c2038a:4889:29)
    at detectChangesInViewIfAttached (http://localhost:4200/@fs/D:/repos/luxuryapp-api/appsweb/angular/.angular/cache/22.1.8/luxury-app/vite/deps/core-gRj2gSiC.js?v=74c2038a:4868:2)
    at detectChangesInEmbeddedViews (http://localhost:4200/@fs/D:/repos/luxuryapp-api/appsweb/angular/.angular/cache/22.1.8/luxury-app/vite/deps/core-gRj2gSiC.js?v=74c2038a:4842:3) @ http://localhost:4200/chunk-AYL5KBWN.js:143
[  821410ms] [LOG] %c [API SUCCESS]: GET LIST: select-item-enum/nivel-prioridad/false color: teal; font-style: italic; [Object, Object, Object, Object] @ http://localhost:4200/chunk-72LYY77U.js:59
[  821411ms] [ERROR] [GlobalErrorHandler] TypeError: Cannot read properties of null (reading 'length')
    at SolicitudCompra_Template (http://localhost:4200/chunk-GPCJDVHN.js:1767:66)
    at executeTemplate (http://localhost:4200/@fs/D:/repos/luxuryapp-api/appsweb/angular/.angular/cache/22.1.8/luxury-app/vite/deps/core-gRj2gSiC.js?v=74c2038a:4239:3)
    at refreshView (http://localhost:4200/@fs/D:/repos/luxuryapp-api/appsweb/angular/.angular/cache/22.1.8/luxury-app/vite/deps/core-gRj2gSiC.js?v=74c2038a:4784:28)
    at detectChangesInView (http://localhost:4200/@fs/D:/repos/luxuryapp-api/appsweb/angular/.angular/cache/22.1.8/luxury-app/vite/deps/core-gRj2gSiC.js?v=74c2038a:4882:25)
    at detectChangesInViewIfAttached (http://localhost:4200/@fs/D:/repos/luxuryapp-api/appsweb/angular/.angular/cache/22.1.8/luxury-app/vite/deps/core-gRj2gSiC.js?v=74c2038a:4868:2)
    at detectChangesInComponent (http://localhost:4200/@fs/D:/repos/luxuryapp-api/appsweb/angular/.angular/cache/22.1.8/luxury-app/vite/deps/core-gRj2gSiC.js?v=74c2038a:4861:3)
    at detectChangesInChildComponents (http://localhost:4200/@fs/D:/repos/luxuryapp-api/appsweb/angular/.angular/cache/22.1.8/luxury-app/vite/deps/core-gRj2gSiC.js?v=74c2038a:4897:46)
    at detectChangesInView (http://localhost:4200/@fs/D:/repos/luxuryapp-api/appsweb/angular/.angular/cache/22.1.8/luxury-app/vite/deps/core-gRj2gSiC.js?v=74c2038a:4889:29)
    at detectChangesInViewIfAttached (http://localhost:4200/@fs/D:/repos/luxuryapp-api/appsweb/angular/.angular/cache/22.1.8/luxury-app/vite/deps/core-gRj2gSiC.js?v=74c2038a:4868:2)
    at detectChangesInEmbeddedViews (http://localhost:4200/@fs/D:/repos/luxuryapp-api/appsweb/angular/.angular/cache/22.1.8/luxury-app/vite/deps/core-gRj2gSiC.js?v=74c2038a:4842:3) @ http://localhost:4200/chunk-AYL5KBWN.js:143
[  822348ms] [LOG] %c [API SUCCESS]: GET LIST: menu-items/019c6bee-028a-70e4-98ea-557b645a3ae0 color: teal; font-style: italic; [Object, Object, Object, Object, Object, Object, Object, Object, Object, Object, Object, Object, Object, Object, Object, Object, Object, Object, Object, Object, Object, Object, Object, Object] @ http://localhost:4200/chunk-72LYY77U.js:59
[  822349ms] [LOG] %c [MenuTrace] fetchMenuItemsFromApi.success color: #9C27B0; font-style: italic; {at: 2026-09-13T19:36:36.547Z, customerId: 019c6bee-028a-70e4-98ea-557b645a3ae0, customerReady: true, applicationUserId: 63f5fe75-4fbb-4328-a2dd-b7224778752e, lastCustomerId: 019c6bee-028a-70e4-98ea-557b645a3ae0} @ http://localhost:4200/chunk-72LYY77U.js:59
[  822350ms] [LOG] %c [MenuTrace] triggerMenuLoad.response color: #9C27B0; font-style: italic; {at: 2026-09-13T19:36:36.548Z, customerId: 019c6bee-028a-70e4-98ea-557b645a3ae0, customerReady: true, applicationUserId: 63f5fe75-4fbb-4328-a2dd-b7224778752e, lastCustomerId: 019c6bee-028a-70e4-98ea-557b645a3ae0} @ http://localhost:4200/chunk-72LYY77U.js:59
[  823020ms] [LOG] %c [API SUCCESS]: GET NoLoading: notifications color: gray; font-style: italic; [Object, Object] @ http://localhost:4200/chunk-72LYY77U.js:59
[  866531ms] [LOG] %c📦 [StorageService] Inicializando servicio de almacenamiento local... color: #3F51B5; font-style: italic; @ http://localhost:4200/chunk-72LYY77U.js:59
[  866532ms] [LOG] %c [AuthService] Verificando ruta inicial: /purchases/solicitud-compra/1 | Es publica: false color: #9C27B0; font-style: italic; @ http://localhost:4200/chunk-72LYY77U.js:59
[  866533ms] [LOG] %c [AuthService] Ruta no publica. Intentando login silencioso... color: #009688; font-style: italic; @ http://localhost:4200/chunk-72LYY77U.js:59
[  866536ms] [LOG] %c🚀 [Initializer] Starting application state initialization... color: purple; font-style: italic; @ http://localhost:4200/chunk-72LYY77U.js:59
[  866872ms] [LOG] %c [AuthService] Token renovado. Actualizando sesion en memoria. color: color: #4CAF50; font-style: italic;; font-style: italic; @ http://localhost:4200/chunk-72LYY77U.js:59
[  866872ms] [LOG] %c [AuthTrace] refresh.success.before-set color: #03A9F4; font-style: italic; {at: 2026-09-13T19:37:21.070Z, applicationUserId: 63f5fe75-4fbb-4328-a2dd-b7224778752e, tokenCustomerId: 019c6bee-028a-70e4-98ea-557b645a3ae0, roles: Array(1), customerAccessCount: 10} @ http://localhost:4200/chunk-72LYY77U.js:59
[  866873ms] [LOG] %c [AuthTrace] refresh.success.after-set color: #03A9F4; font-style: italic; {at: 2026-09-13T19:37:21.070Z, applicationUserId: 63f5fe75-4fbb-4328-a2dd-b7224778752e, tokenCustomerId: 019c6bee-028a-70e4-98ea-557b645a3ae0, roles: Array(1), customerAccessCount: 10} @ http://localhost:4200/chunk-72LYY77U.js:59
[  866873ms] [LOG] %cLINK [SignalR] Construyendo conexion... color: blue; font-style: italic; @ http://localhost:4200/chunk-72LYY77U.js:59
[  866874ms] [LOG] %cHEADSET [SignalR] Registrando listeners... color: cyan; font-style: italic; @ http://localhost:4200/chunk-72LYY77U.js:59
[  866874ms] [LOG] %cLINK [SignalR] Iniciando conexion... color: blue; font-style: italic; @ http://localhost:4200/chunk-72LYY77U.js:59
[  866875ms] [LOG] %c [AuthTrace] trySilentLogin.finalize color: #8BC34A; font-style: italic; {at: 2026-09-13T19:37:21.073Z, isAuthenticated: true} @ http://localhost:4200/chunk-72LYY77U.js:59
[  866876ms] [LOG] %c🏢 [Initializer] User session found. Initializing customer state... color: #3F51B5; font-style: italic; @ http://localhost:4200/chunk-72LYY77U.js:59
[  866876ms] [LOG] %c🔍 [StorageService] Recuperando valor para clave: 'customerId' color: #2196F3; font-style: italic; @ http://localhost:4200/chunk-72LYY77U.js:59
[  866877ms] [LOG] %c [CustomerTrace] initialize.start color: #FF9800; font-style: italic; {at: 2026-09-13T19:37:21.074Z, state: Object, storedCustomerId: 019c6bee-028a-70e4-98ea-557b645a3ae0, tokenCustomerId: 019c6bee-028a-70e4-98ea-557b645a3ae0, customerAccess: Array(10)} @ http://localhost:4200/chunk-72LYY77U.js:59
[  866877ms] [LOG] %c🔍 [StorageService] Recuperando valor para clave: 'customerId' color: #2196F3; font-style: italic; @ http://localhost:4200/chunk-72LYY77U.js:59
[  866878ms] [LOG] %c🔍 [StorageService] Recuperando valor para clave: 'customerId' color: #2196F3; font-style: italic; @ http://localhost:4200/chunk-72LYY77U.js:59
[  866878ms] [LOG] %c [CustomerTrace] initialize.selected-customer color: #FF9800; font-style: italic; {at: 2026-09-13T19:37:21.075Z, state: Object, storedCustomerId: 019c6bee-028a-70e4-98ea-557b645a3ae0, selectedCustomerId: 019c6bee-028a-70e4-98ea-557b645a3ae0} @ http://localhost:4200/chunk-72LYY77U.js:59
[  866879ms] [LOG] %c💾 [StorageService] Guardando clave: 'customerId' color: #FF9800; font-style: italic; {value: 019c6bee-028a-70e4-98ea-557b645a3ae0} @ http://localhost:4200/chunk-72LYY77U.js:59
[  866879ms] [LOG] %c✅ [StorageService] Clave 'customerId' guardada exitosamente. color: #4CAF50; font-style: italic; @ http://localhost:4200/chunk-72LYY77U.js:59
[  866880ms] [LOG] %c🔍 [StorageService] Recuperando valor para clave: 'customerId' color: #2196F3; font-style: italic; @ http://localhost:4200/chunk-72LYY77U.js:59
[  866880ms] [LOG] %c [CustomerTrace] loadDataForCustomer.start color: #FF9800; font-style: italic; {at: 2026-09-13T19:37:21.077Z, state: Object, storedCustomerId: 019c6bee-028a-70e4-98ea-557b645a3ae0, customerId: 019c6bee-028a-70e4-98ea-557b645a3ae0} @ http://localhost:4200/chunk-72LYY77U.js:59
[  866882ms] [LOG] %c🛡️ [JwtInterceptorFn] Auth check completado. Interceptando ruta: color: #FF0000; font-style: italic; http://localhost:7070/api/customers/019c6bee-028a-70e4-98ea-557b645a3ae0 @ http://localhost:4200/chunk-72LYY77U.js:59
[  866884ms] [LOG] %c🔍 [StorageService] Recuperando valor para clave: 'customerId' color: #2196F3; font-style: italic; @ http://localhost:4200/chunk-72LYY77U.js:59
[  866885ms] [LOG] %c🔍 [StorageService] Recuperando valor para clave: 'customerId' color: #2196F3; font-style: italic; @ http://localhost:4200/chunk-72LYY77U.js:59
[  866886ms] [LOG] %c [JwtTrace] request color: #F44336; font-style: italic; {at: 2026-09-13T19:37:21.082Z, url: http://localhost:7070/api/customers/019c6bee-028a-70e4-98ea-557b645a3ae0, method: GET, appUserId: 63f5fe75-4fbb-4328-a2dd-b7224778752e, storageCustomerId: 019c6bee-028a-70e4-98ea-557b645a3ae0} @ http://localhost:4200/chunk-72LYY77U.js:59
[  866912ms] [LOG] %c🔍 [StorageService] Recuperando valor para clave: 'customerId' color: #2196F3; font-style: italic; @ http://localhost:4200/chunk-72LYY77U.js:59
[  866912ms] [LOG] %c [CustomerTrace] loadDataForCustomer.response color: #FF9800; font-style: italic; {at: 2026-09-13T19:37:21.109Z, state: Object, storedCustomerId: 019c6bee-028a-70e4-98ea-557b645a3ae0, customerId: 019c6bee-028a-70e4-98ea-557b645a3ae0, success: true} @ http://localhost:4200/chunk-72LYY77U.js:59
[  866913ms] [LOG] %c🔍 [StorageService] Recuperando valor para clave: 'customerId' color: #2196F3; font-style: italic; @ http://localhost:4200/chunk-72LYY77U.js:59
[  866913ms] [LOG] %c [CustomerTrace] loadDataForCustomer.ready color: #FF9800; font-style: italic; {at: 2026-09-13T19:37:21.110Z, state: Object, storedCustomerId: 019c6bee-028a-70e4-98ea-557b645a3ae0, customerId: 019c6bee-028a-70e4-98ea-557b645a3ae0} @ http://localhost:4200/chunk-72LYY77U.js:59
[  866914ms] [LOG] %c✅ [Initializer] State initialization complete. color: green; font-style: italic; @ http://localhost:4200/chunk-72LYY77U.js:59
[  866918ms] [LOG] %c🔄 UpdateService: Inicializando servicio de actualizaciones color: blue; font-weight: bold; @ http://localhost:4200/chunk-WEIOKMZ7.js:10
[  866918ms] [LOG] %c🔄 UpdateService: ❌ Service Worker NO habilitado color: red; font-weight: bold; @ http://localhost:4200/chunk-WEIOKMZ7.js:22
[  866932ms] [LOG] %c🚀 [App] ¡Aplicación iniciada! Soy más ligero y rápido que nunca. color: #673AB7; font-style: italic; @ http://localhost:4200/chunk-72LYY77U.js:59
[  866964ms] [LOG] Angular is running in development mode. @ http://localhost:4200/@fs/D:/repos/luxuryapp-api/appsweb/angular/.angular/cache/22.1.8/luxury-app/vite/deps/core-gRj2gSiC.js?v=74c2038a:9175
[  866979ms] [INFO] [2026-09-13T19:37:21.176Z] Information: WebSocket connected to ws://localhost:7070/ws/notificationHub?id=LqtkMKW9qZFbQdFgDiCJeA&access_token=eyJhbGciOiJIUzI1NiIsInR5cCI6IkpXVCJ9.eyJzdWIiOiI2M2Y1ZmU3NS00ZmJiLTQzMjgtYTJkZC1iNzIyNDc3ODc1MmUiLCJqdGkiOiIwMWEwOWM0Ni0zMDdjLTcxMmQtYmZhZC0xOTZlZDgyNzQ4NmEiLCJpYXQiOjE3ODkzMjgyNDAsIm5hbWUiOiJBZG1pbmlzdHJhZG9yIExCRyIsImVtYWlsIjoiaW5mb0BsdXh1cnlidWlsZGluZy5jb20ubXgiLCJ1c2VybmFtZSI6ImFkbWluIiwiY3VzdG9tZXJJZCI6IjAxOWM2YmVlLTAyOGEtNzBlNC05OGVhLTU1N2I2NDVhM2FlMCIsImN1c3RvbWVyTmFtZSI6IkxVWFVSWSBCVUlMRElORyBHUk9VUCBTQSBERSBDViIsImZpcnN0TmFtZSI6IkFkbWluaXN0cmFkb3IiLCJsYXN0TmFtZSI6IkxCRyIsInBob25lIjoiKDU1KSAwMDAwLSAwMDAwIiwicGhvdG9QYXRoIjoiaHR0cDovL2xvY2FsaG9zdDo3MDcwL2FwaS9maWxlcy9kb3dubG9hZD9maWxlUGF0aD1wdWJsaWMlMmZBZG1pbmlzdHJhdGlvbiUyZmFjY291bnRzJTJmMDE5ZmE0NjUtMTkyMC03NzcyLWE5NDgtNzZhMDFlOGFiNzZjLnBuZyIsInBvc2l0aW9uIjoiRGVzY29ub2NpZG8iLCJodHRwOi8vc2NoZW1hcy5taWNyb3NvZnQuY29tL3dzLzIwMDgvMDYvaWRlbnRpdHkvY2xhaW1zL3JvbGUiOiJTdXBlclVzdWFyaW8iLCJyb2xlSWQiOiI2OTlkN2NjMS1kMTQzLTQ5ODUtYjU1YS1kMDMwODY0YzY5M2UiLCJleHAiOjE3ODkzMzE4NDAsImlzcyI6Imh0dHBzOi8vbG9jYWxob3N0OjcwNjkiLCJhdWQiOiJodHRwczovL2xvY2FsaG9zdDo0MjAwIn0.bv-Qve5TmyhXYkDPoGqgHRoov4rHhobEl5iytEshX3s. @ http://localhost:4200/@fs/D:/repos/luxuryapp-api/appsweb/angular/.angular/cache/22.1.8/luxury-app/vite/deps/@microsoft_signalr.js?v=74c2038a:308
[  866979ms] [INFO] [2026-09-13T19:37:21.177Z] Information: Using HubProtocol 'json'. @ http://localhost:4200/@fs/D:/repos/luxuryapp-api/appsweb/angular/.angular/cache/22.1.8/luxury-app/vite/deps/@microsoft_signalr.js?v=74c2038a:308
[  866983ms] [LOG] %cUSER [SignalR] Evento ConnectedUser recibido: color: blue; font-style: italic; Bienvenido 63f5fe75-4fbb-4328-a2dd-b7224778752e @ http://localhost:4200/chunk-72LYY77U.js:59
[  866984ms] [LOG] %cLINK [SignalR] Conexion iniciada con exito. color: green; font-style: italic; @ http://localhost:4200/chunk-72LYY77U.js:59
[  866984ms] [LOG] %cSTATE [SignalR] connectionId = 'kZDp8q_v5T1GKnSoPWkosQ' color: green; font-style: italic; @ http://localhost:4200/chunk-72LYY77U.js:59
[  867443ms] [LOG] %c🎉 [LayoutEmployee] ¡Layout de empleado cargado! Despertando a los gigantes (SignalR, OneSignal...) color: #2196F3; font-style: italic; @ http://localhost:4200/chunk-72LYY77U.js:59
[  867444ms] [LOG] %cLINK [SignalR] Construyendo conexion... color: blue; font-style: italic; @ http://localhost:4200/chunk-72LYY77U.js:59
[  867444ms] [LOG] %cHEADSET [SignalR] Registrando listeners... color: cyan; font-style: italic; @ http://localhost:4200/chunk-72LYY77U.js:59
[  867444ms] [LOG] %cLINK [SignalR] Iniciando conexion... color: blue; font-style: italic; @ http://localhost:4200/chunk-72LYY77U.js:59
[  867445ms] [LOG] %cℹ️ [LayoutEmployee] Usuario 63f5fe75-4fbb-4328-a2dd-b7224778752e autenticado. Iniciando OneSignal... color: dodgerblue;font-style: italic @ http://localhost:4200/chunk-72LYY77U.js:72
[  867445ms] [LOG] %c... [OneSignal] Esperando que el SDK este listo... color: orange; font-style: italic; @ http://localhost:4200/chunk-72LYY77U.js:59
[  867507ms] [LOG] %c🛡️ [JwtInterceptorFn] Auth check completado. Interceptando ruta: color: #FF0000; font-style: italic; http://localhost:7070/api/select-item-enum/status-orden-compra/false @ http://localhost:4200/chunk-72LYY77U.js:59
[  867509ms] [LOG] %c🔍 [StorageService] Recuperando valor para clave: 'customerId' color: #2196F3; font-style: italic; @ http://localhost:4200/chunk-72LYY77U.js:59
[  867510ms] [LOG] %c🔍 [StorageService] Recuperando valor para clave: 'customerId' color: #2196F3; font-style: italic; @ http://localhost:4200/chunk-72LYY77U.js:59
[  867512ms] [LOG] %c [JwtTrace] request color: #F44336; font-style: italic; {at: 2026-09-13T19:37:21.707Z, url: http://localhost:7070/api/select-item-enum/status-orden-compra/false, method: GET, appUserId: 63f5fe75-4fbb-4328-a2dd-b7224778752e, storageCustomerId: 019c6bee-028a-70e4-98ea-557b645a3ae0} @ http://localhost:4200/chunk-72LYY77U.js:59
[  867520ms] [LOG] %c🛡️ [JwtInterceptorFn] Auth check completado. Interceptando ruta: color: #FF0000; font-style: italic; http://localhost:7070/api/solicitud-compra/get-solicitud-compra-individual/1 @ http://localhost:4200/chunk-72LYY77U.js:59
[  867522ms] [LOG] %c🔍 [StorageService] Recuperando valor para clave: 'customerId' color: #2196F3; font-style: italic; @ http://localhost:4200/chunk-72LYY77U.js:59
[  867523ms] [LOG] %c🔍 [StorageService] Recuperando valor para clave: 'customerId' color: #2196F3; font-style: italic; @ http://localhost:4200/chunk-72LYY77U.js:59
[  867524ms] [LOG] %c [JwtTrace] request color: #F44336; font-style: italic; {at: 2026-09-13T19:37:21.720Z, url: http://localhost:7070/api/solicitud-compra/get-solicitud-compra-individual/1, method: GET, appUserId: 63f5fe75-4fbb-4328-a2dd-b7224778752e, storageCustomerId: 019c6bee-028a-70e4-98ea-557b645a3ae0} @ http://localhost:4200/chunk-72LYY77U.js:59
[  867531ms] [LOG] %c🛡️ [JwtInterceptorFn] Auth check completado. Interceptando ruta: color: #FF0000; font-style: italic; http://localhost:7070/api/orden-compra/cotizaciones-relacionadas/1 @ http://localhost:4200/chunk-72LYY77U.js:59
[  867534ms] [LOG] %c🔍 [StorageService] Recuperando valor para clave: 'customerId' color: #2196F3; font-style: italic; @ http://localhost:4200/chunk-72LYY77U.js:59
[  867535ms] [LOG] %c🔍 [StorageService] Recuperando valor para clave: 'customerId' color: #2196F3; font-style: italic; @ http://localhost:4200/chunk-72LYY77U.js:59
[  867536ms] [LOG] %c [JwtTrace] request color: #F44336; font-style: italic; {at: 2026-09-13T19:37:21.732Z, url: http://localhost:7070/api/orden-compra/cotizaciones-relacionadas/1, method: GET, appUserId: 63f5fe75-4fbb-4328-a2dd-b7224778752e, storageCustomerId: 019c6bee-028a-70e4-98ea-557b645a3ae0} @ http://localhost:4200/chunk-72LYY77U.js:59
[  867565ms] [LOG] %c🛡️ [JwtInterceptorFn] Auth check completado. Interceptando ruta: color: #FF0000; font-style: italic; http://localhost:7070/api/select-items/measurement-units @ http://localhost:4200/chunk-72LYY77U.js:59
[  867567ms] [LOG] %c🔍 [StorageService] Recuperando valor para clave: 'customerId' color: #2196F3; font-style: italic; @ http://localhost:4200/chunk-72LYY77U.js:59
[  867568ms] [LOG] %c🔍 [StorageService] Recuperando valor para clave: 'customerId' color: #2196F3; font-style: italic; @ http://localhost:4200/chunk-72LYY77U.js:59
[  867569ms] [LOG] %c [JwtTrace] request color: #F44336; font-style: italic; {at: 2026-09-13T19:37:21.765Z, url: http://localhost:7070/api/select-items/measurement-units, method: GET, appUserId: 63f5fe75-4fbb-4328-a2dd-b7224778752e, storageCustomerId: 019c6bee-028a-70e4-98ea-557b645a3ae0} @ http://localhost:4200/chunk-72LYY77U.js:59
[  867584ms] [WARNING] 
  It looks like you're using the disabled attribute with a reactive form directive. If you set disabled to true
  when you set up this control in your component class, the disabled attribute will actually be set in the DOM for
  you. We recommend using this approach to avoid 'changed after checked' errors.

  Example:
  // Specify the `disabled` property at control creation time:
  form = new FormGroup({
    first: new FormControl({value: 'Nancy', disabled: true}, Validators.required),
    last: new FormControl('Drew', Validators.required)
  });

  // Controls can also be enabled/disabled after creation:
  form.get('first')?.enable();
  form.get('last')?.disable();
 @ http://localhost:4200/@fs/D:/repos/luxuryapp-api/appsweb/angular/.angular/cache/22.1.8/luxury-app/vite/deps/@angular_forms.js?v=74c2038a:3968
[  867865ms] [LOG] %c🛡️ [JwtInterceptorFn] Auth check completado. Interceptando ruta: color: #FF0000; font-style: italic; http://localhost:7070/api/notifications @ http://localhost:4200/chunk-72LYY77U.js:59
[  867866ms] [LOG] %c🔍 [StorageService] Recuperando valor para clave: 'customerId' color: #2196F3; font-style: italic; @ http://localhost:4200/chunk-72LYY77U.js:59
[  867867ms] [LOG] %c🔍 [StorageService] Recuperando valor para clave: 'customerId' color: #2196F3; font-style: italic; @ http://localhost:4200/chunk-72LYY77U.js:59
[  867870ms] [LOG] %c [JwtTrace] request color: #F44336; font-style: italic; {at: 2026-09-13T19:37:22.064Z, url: http://localhost:7070/api/notifications, method: GET, appUserId: 63f5fe75-4fbb-4328-a2dd-b7224778752e, storageCustomerId: 019c6bee-028a-70e4-98ea-557b645a3ae0} @ http://localhost:4200/chunk-72LYY77U.js:59
[  867875ms] [LOG] %c🛡️ [JwtInterceptorFn] Auth check completado. Interceptando ruta: color: #FF0000; font-style: italic; http://localhost:7070/api/notifications/unread-count @ http://localhost:4200/chunk-72LYY77U.js:59
[  867877ms] [LOG] %c🔍 [StorageService] Recuperando valor para clave: 'customerId' color: #2196F3; font-style: italic; @ http://localhost:4200/chunk-72LYY77U.js:59
[  867878ms] [LOG] %c🔍 [StorageService] Recuperando valor para clave: 'customerId' color: #2196F3; font-style: italic; @ http://localhost:4200/chunk-72LYY77U.js:59
[  867880ms] [LOG] %c [JwtTrace] request color: #F44336; font-style: italic; {at: 2026-09-13T19:37:22.075Z, url: http://localhost:7070/api/notifications/unread-count, method: GET, appUserId: 63f5fe75-4fbb-4328-a2dd-b7224778752e, storageCustomerId: 019c6bee-028a-70e4-98ea-557b645a3ae0} @ http://localhost:4200/chunk-72LYY77U.js:59
[  867914ms] [LOG] %c [MenuTrace] effect.tick color: #9C27B0; font-style: italic; {at: 2026-09-13T19:37:22.111Z, customerId: 019c6bee-028a-70e4-98ea-557b645a3ae0, customerReady: true, applicationUserId: 63f5fe75-4fbb-4328-a2dd-b7224778752e, lastCustomerId: null} @ http://localhost:4200/chunk-72LYY77U.js:59
[  867915ms] [LOG] %c [MenuService] Customer data and session are ready. Loading menu... color: green; font-style: italic; @ http://localhost:4200/chunk-72LYY77U.js:59
[  867915ms] [LOG] %c [MenuTrace] triggerMenuLoad.start color: #9C27B0; font-style: italic; {at: 2026-09-13T19:37:22.113Z, customerId: 019c6bee-028a-70e4-98ea-557b645a3ae0, customerReady: true, applicationUserId: 63f5fe75-4fbb-4328-a2dd-b7224778752e, lastCustomerId: null} @ http://localhost:4200/chunk-72LYY77U.js:59
[  867917ms] [LOG] %c🛡️ [JwtInterceptorFn] Auth check completado. Interceptando ruta: color: #FF0000; font-style: italic; http://localhost:7070/api/menu-items/019c6bee-028a-70e4-98ea-557b645a3ae0 @ http://localhost:4200/chunk-72LYY77U.js:59
[  867918ms] [LOG] %c🔍 [StorageService] Recuperando valor para clave: 'customerId' color: #2196F3; font-style: italic; @ http://localhost:4200/chunk-72LYY77U.js:59
[  867918ms] [LOG] %c🔍 [StorageService] Recuperando valor para clave: 'customerId' color: #2196F3; font-style: italic; @ http://localhost:4200/chunk-72LYY77U.js:59
[  867919ms] [LOG] %c [JwtTrace] request color: #F44336; font-style: italic; {at: 2026-09-13T19:37:22.116Z, url: http://localhost:7070/api/menu-items/019c6bee-028a-70e4-98ea-557b645a3ae0, method: GET, appUserId: 63f5fe75-4fbb-4328-a2dd-b7224778752e, storageCustomerId: 019c6bee-028a-70e4-98ea-557b645a3ae0} @ http://localhost:4200/chunk-72LYY77U.js:59
[  867926ms] [LOG] %cok [OneSignal] SDK listo color: green; font-style: italic; @ http://localhost:4200/chunk-72LYY77U.js:59
[  867959ms] [ERROR] Failed to load resource: the server responded with a status of 404 (Not Found) @ http://localhost:7070/api/files/download?filePath=public%2fAdministration%2faccounts%2f019fa465-1920-7772-a948-76a01e8ab76c.png:0
[  868097ms] [ERROR] Failed to load resource: the server responded with a status of 404 (Not Found) @ http://localhost:7070/api/solicitud-compra/get-solicitud-compra-individual/1:0
[  868099ms] [LOG] %c🚫 API Error: GET ITEM: solicitud-compra/get-solicitud-compra-individual/1 color: red;font-style: italic HttpErrorResponse @ http://localhost:4200/chunk-72LYY77U.js:72
[  868100ms] [ERROR] Failed to load resource: the server responded with a status of 404 (Not Found) @ http://localhost:7070/api/orden-compra/cotizaciones-relacionadas/1:0
[  868101ms] [LOG] %c🚫 API Error: GET LIST: orden-compra/cotizaciones-relacionadas/1 color: red;font-style: italic No se pudo completar la operacion. @ http://localhost:4200/chunk-72LYY77U.js:72
[  868244ms] TypeError: Cannot read properties of null (reading 'length')
    at SolicitudCompra_Template (http://localhost:4200/chunk-PMV34KW2.js:1766:66)
    at executeTemplate (http://localhost:4200/@fs/D:/repos/luxuryapp-api/appsweb/angular/.angular/cache/22.1.8/luxury-app/vite/deps/core-gRj2gSiC.js?v=74c2038a:4239:3)
    at refreshView (http://localhost:4200/@fs/D:/repos/luxuryapp-api/appsweb/angular/.angular/cache/22.1.8/luxury-app/vite/deps/core-gRj2gSiC.js?v=74c2038a:4784:28)
    at detectChangesInView (http://localhost:4200/@fs/D:/repos/luxuryapp-api/appsweb/angular/.angular/cache/22.1.8/luxury-app/vite/deps/core-gRj2gSiC.js?v=74c2038a:4882:25)
    at detectChangesInViewWhileDirty (http://localhost:4200/@fs/D:/repos/luxuryapp-api/appsweb/angular/.angular/cache/22.1.8/luxury-app/vite/deps/core-gRj2gSiC.js?v=74c2038a:4738:3)
    at detectChangesInternal (http://localhost:4200/@fs/D:/repos/luxuryapp-api/appsweb/angular/.angular/cache/22.1.8/luxury-app/vite/deps/core-gRj2gSiC.js?v=74c2038a:4729:3)
    at ViewRef$1.detectChanges (http://localhost:4200/@fs/D:/repos/luxuryapp-api/appsweb/angular/.angular/cache/22.1.8/luxury-app/vite/deps/core-gRj2gSiC.js?v=74c2038a:5090:3)
    at http://localhost:4200/chunk-PMV34KW2.js:1558:16
[  868244ms] [LOG] %c [API SUCCESS]: GET ITEM: select-items/measurement-units color: dodgerblue; font-style: italic; [Object, Object, Object, Object, Object, Object, Object, Object, Object, Object, Object, Object, Object, Object, Object, Object, Object, Object, Object, Object, Object, Object, Object, Object, Object, Object] @ http://localhost:4200/chunk-72LYY77U.js:59
[  868245ms] [LOG] %c [API SUCCESS]: GET LIST: select-item-enum/status-orden-compra/false color: teal; font-style: italic; [Object, Object, Object] @ http://localhost:4200/chunk-72LYY77U.js:59
[  868246ms] [LOG] %c🛡️ [JwtInterceptorFn] Auth check completado. Interceptando ruta: color: #FF0000; font-style: italic; http://localhost:7070/api/select-item-enum/tipo-solicitud-compra/false @ http://localhost:4200/chunk-72LYY77U.js:59
[  868247ms] [LOG] %c🔍 [StorageService] Recuperando valor para clave: 'customerId' color: #2196F3; font-style: italic; @ http://localhost:4200/chunk-72LYY77U.js:59
[  868248ms] [LOG] %c🔍 [StorageService] Recuperando valor para clave: 'customerId' color: #2196F3; font-style: italic; @ http://localhost:4200/chunk-72LYY77U.js:59
[  868248ms] [LOG] %c [JwtTrace] request color: #F44336; font-style: italic; {at: 2026-09-13T19:37:22.445Z, url: http://localhost:7070/api/select-item-enum/tipo-solicitud-compra/false, method: GET, appUserId: 63f5fe75-4fbb-4328-a2dd-b7224778752e, storageCustomerId: 019c6bee-028a-70e4-98ea-557b645a3ae0} @ http://localhost:4200/chunk-72LYY77U.js:59
[  868251ms] [LOG] %c [API SUCCESS]: GET NoLoading: notifications color: gray; font-style: italic; [Object, Object] @ http://localhost:4200/chunk-72LYY77U.js:59
[  868252ms] [LOG] %c [API SUCCESS]: GET NoLoading: notifications/unread-count color: gray; font-style: italic; 2 @ http://localhost:4200/chunk-72LYY77U.js:59
[  868253ms] [LOG] %c [API SUCCESS]: GET LIST: menu-items/019c6bee-028a-70e4-98ea-557b645a3ae0 color: teal; font-style: italic; [Object, Object, Object, Object, Object, Object, Object, Object, Object, Object, Object, Object, Object, Object, Object, Object, Object, Object, Object, Object, Object, Object, Object, Object] @ http://localhost:4200/chunk-72LYY77U.js:59
[  868254ms] [LOG] %c [MenuTrace] fetchMenuItemsFromApi.success color: #9C27B0; font-style: italic; {at: 2026-09-13T19:37:22.451Z, customerId: 019c6bee-028a-70e4-98ea-557b645a3ae0, customerReady: true, applicationUserId: 63f5fe75-4fbb-4328-a2dd-b7224778752e, lastCustomerId: 019c6bee-028a-70e4-98ea-557b645a3ae0} @ http://localhost:4200/chunk-72LYY77U.js:59
[  868254ms] [LOG] %c [MenuTrace] triggerMenuLoad.response color: #9C27B0; font-style: italic; {at: 2026-09-13T19:37:22.452Z, customerId: 019c6bee-028a-70e4-98ea-557b645a3ae0, customerReady: true, applicationUserId: 63f5fe75-4fbb-4328-a2dd-b7224778752e, lastCustomerId: 019c6bee-028a-70e4-98ea-557b645a3ae0} @ http://localhost:4200/chunk-72LYY77U.js:59
[  868344ms] [INFO] [2026-09-13T19:37:22.542Z] Information: WebSocket connected to ws://localhost:7070/ws/notificationHub?id=ZWZV0EelFhYI_BdGPKmHBw&access_token=eyJhbGciOiJIUzI1NiIsInR5cCI6IkpXVCJ9.eyJzdWIiOiI2M2Y1ZmU3NS00ZmJiLTQzMjgtYTJkZC1iNzIyNDc3ODc1MmUiLCJqdGkiOiIwMWEwOWM0Ni0zMDdjLTcxMmQtYmZhZC0xOTZlZDgyNzQ4NmEiLCJpYXQiOjE3ODkzMjgyNDAsIm5hbWUiOiJBZG1pbmlzdHJhZG9yIExCRyIsImVtYWlsIjoiaW5mb0BsdXh1cnlidWlsZGluZy5jb20ubXgiLCJ1c2VybmFtZSI6ImFkbWluIiwiY3VzdG9tZXJJZCI6IjAxOWM2YmVlLTAyOGEtNzBlNC05OGVhLTU1N2I2NDVhM2FlMCIsImN1c3RvbWVyTmFtZSI6IkxVWFVSWSBCVUlMRElORyBHUk9VUCBTQSBERSBDViIsImZpcnN0TmFtZSI6IkFkbWluaXN0cmFkb3IiLCJsYXN0TmFtZSI6IkxCRyIsInBob25lIjoiKDU1KSAwMDAwLSAwMDAwIiwicGhvdG9QYXRoIjoiaHR0cDovL2xvY2FsaG9zdDo3MDcwL2FwaS9maWxlcy9kb3dubG9hZD9maWxlUGF0aD1wdWJsaWMlMmZBZG1pbmlzdHJhdGlvbiUyZmFjY291bnRzJTJmMDE5ZmE0NjUtMTkyMC03NzcyLWE5NDgtNzZhMDFlOGFiNzZjLnBuZyIsInBvc2l0aW9uIjoiRGVzY29ub2NpZG8iLCJodHRwOi8vc2NoZW1hcy5taWNyb3NvZnQuY29tL3dzLzIwMDgvMDYvaWRlbnRpdHkvY2xhaW1zL3JvbGUiOiJTdXBlclVzdWFyaW8iLCJyb2xlSWQiOiI2OTlkN2NjMS1kMTQzLTQ5ODUtYjU1YS1kMDMwODY0YzY5M2UiLCJleHAiOjE3ODkzMzE4NDAsImlzcyI6Imh0dHBzOi8vbG9jYWxob3N0OjcwNjkiLCJhdWQiOiJodHRwczovL2xvY2FsaG9zdDo0MjAwIn0.bv-Qve5TmyhXYkDPoGqgHRoov4rHhobEl5iytEshX3s. @ http://localhost:4200/@fs/D:/repos/luxuryapp-api/appsweb/angular/.angular/cache/22.1.8/luxury-app/vite/deps/@microsoft_signalr.js?v=74c2038a:308
[  868345ms] [INFO] [2026-09-13T19:37:22.542Z] Information: Using HubProtocol 'json'. @ http://localhost:4200/@fs/D:/repos/luxuryapp-api/appsweb/angular/.angular/cache/22.1.8/luxury-app/vite/deps/@microsoft_signalr.js?v=74c2038a:308
[  868352ms] [LOG] %cLINK [SignalR] Conexion iniciada con exito. color: green; font-style: italic; @ http://localhost:4200/chunk-72LYY77U.js:59
[  868353ms] [LOG] %cSTATE [SignalR] connectionId = 'DLmP8XxR2xTXCxINtrmyjw' color: green; font-style: italic; @ http://localhost:4200/chunk-72LYY77U.js:59
[  868354ms] [LOG] %cUSER [SignalR] Evento ConnectedUser recibido: color: blue; font-style: italic; Bienvenido 63f5fe75-4fbb-4328-a2dd-b7224778752e @ http://localhost:4200/chunk-72LYY77U.js:59
[  868418ms] [LOG] %c [API SUCCESS]: GET LIST: select-item-enum/tipo-solicitud-compra/false color: teal; font-style: italic; [Object, Object, Object, Object, Object] @ http://localhost:4200/chunk-72LYY77U.js:59
[  868419ms] [LOG] %c🛡️ [JwtInterceptorFn] Auth check completado. Interceptando ruta: color: #FF0000; font-style: italic; http://localhost:7070/api/select-item-enum/nivel-prioridad/false @ http://localhost:4200/chunk-72LYY77U.js:59
[  868421ms] [LOG] %c🔍 [StorageService] Recuperando valor para clave: 'customerId' color: #2196F3; font-style: italic; @ http://localhost:4200/chunk-72LYY77U.js:59
[  868422ms] [LOG] %c🔍 [StorageService] Recuperando valor para clave: 'customerId' color: #2196F3; font-style: italic; @ http://localhost:4200/chunk-72LYY77U.js:59
[  868423ms] [LOG] %c [JwtTrace] request color: #F44336; font-style: italic; {at: 2026-09-13T19:37:22.619Z, url: http://localhost:7070/api/select-item-enum/nivel-prioridad/false, method: GET, appUserId: 63f5fe75-4fbb-4328-a2dd-b7224778752e, storageCustomerId: 019c6bee-028a-70e4-98ea-557b645a3ae0} @ http://localhost:4200/chunk-72LYY77U.js:59
[  868428ms] [ERROR] [GlobalErrorHandler] TypeError: Cannot read properties of null (reading 'length')
    at SolicitudCompra_Template (http://localhost:4200/chunk-PMV34KW2.js:1766:66)
    at executeTemplate (http://localhost:4200/@fs/D:/repos/luxuryapp-api/appsweb/angular/.angular/cache/22.1.8/luxury-app/vite/deps/core-gRj2gSiC.js?v=74c2038a:4239:3)
    at refreshView (http://localhost:4200/@fs/D:/repos/luxuryapp-api/appsweb/angular/.angular/cache/22.1.8/luxury-app/vite/deps/core-gRj2gSiC.js?v=74c2038a:4784:28)
    at detectChangesInView (http://localhost:4200/@fs/D:/repos/luxuryapp-api/appsweb/angular/.angular/cache/22.1.8/luxury-app/vite/deps/core-gRj2gSiC.js?v=74c2038a:4882:25)
    at detectChangesInViewIfAttached (http://localhost:4200/@fs/D:/repos/luxuryapp-api/appsweb/angular/.angular/cache/22.1.8/luxury-app/vite/deps/core-gRj2gSiC.js?v=74c2038a:4868:2)
    at detectChangesInComponent (http://localhost:4200/@fs/D:/repos/luxuryapp-api/appsweb/angular/.angular/cache/22.1.8/luxury-app/vite/deps/core-gRj2gSiC.js?v=74c2038a:4861:3)
    at detectChangesInChildComponents (http://localhost:4200/@fs/D:/repos/luxuryapp-api/appsweb/angular/.angular/cache/22.1.8/luxury-app/vite/deps/core-gRj2gSiC.js?v=74c2038a:4897:46)
    at detectChangesInView (http://localhost:4200/@fs/D:/repos/luxuryapp-api/appsweb/angular/.angular/cache/22.1.8/luxury-app/vite/deps/core-gRj2gSiC.js?v=74c2038a:4889:29)
    at detectChangesInViewIfAttached (http://localhost:4200/@fs/D:/repos/luxuryapp-api/appsweb/angular/.angular/cache/22.1.8/luxury-app/vite/deps/core-gRj2gSiC.js?v=74c2038a:4868:2)
    at detectChangesInEmbeddedViews (http://localhost:4200/@fs/D:/repos/luxuryapp-api/appsweb/angular/.angular/cache/22.1.8/luxury-app/vite/deps/core-gRj2gSiC.js?v=74c2038a:4842:3) @ http://localhost:4200/chunk-AYL5KBWN.js:143
[  868473ms] [LOG] %cpkg [OneSignal] Inicializado con App ID: color: teal; font-style: italic; 3d1f1ce3-638f-4a30-b093-ab617baf91a8 @ http://localhost:4200/chunk-72LYY77U.js:59
[  868474ms] [LOG] %cear [OneSignal] Listeners registrados. color: cyan; font-style: italic; @ http://localhost:4200/chunk-72LYY77U.js:59
[  868474ms] [LOG] %cuser [OneSignal] Usuario logueado con ExternalUserId: 63f5fe75-4fbb-4328-a2dd-b7224778752e color: darkslateblue; font-style: italic; @ http://localhost:4200/chunk-72LYY77U.js:59
[  868475ms] [LOG] %csub [OneSignal] Permiso: color: dodgerblue; font-style: italic; false | Suscrito: false @ http://localhost:4200/chunk-72LYY77U.js:59
[  868475ms] [LOG] %cwarn [OneSignal] Usuario no completamente suscrito. color: orange; font-style: italic; @ http://localhost:4200/chunk-72LYY77U.js:59
[  868537ms] [LOG] %c [API SUCCESS]: GET LIST: select-item-enum/nivel-prioridad/false color: teal; font-style: italic; [Object, Object, Object, Object] @ http://localhost:4200/chunk-72LYY77U.js:59
[  868539ms] [ERROR] [GlobalErrorHandler] TypeError: Cannot read properties of null (reading 'length')
    at SolicitudCompra_Template (http://localhost:4200/chunk-PMV34KW2.js:1766:66)
    at executeTemplate (http://localhost:4200/@fs/D:/repos/luxuryapp-api/appsweb/angular/.angular/cache/22.1.8/luxury-app/vite/deps/core-gRj2gSiC.js?v=74c2038a:4239:3)
    at refreshView (http://localhost:4200/@fs/D:/repos/luxuryapp-api/appsweb/angular/.angular/cache/22.1.8/luxury-app/vite/deps/core-gRj2gSiC.js?v=74c2038a:4784:28)
    at detectChangesInView (http://localhost:4200/@fs/D:/repos/luxuryapp-api/appsweb/angular/.angular/cache/22.1.8/luxury-app/vite/deps/core-gRj2gSiC.js?v=74c2038a:4882:25)
    at detectChangesInViewIfAttached (http://localhost:4200/@fs/D:/repos/luxuryapp-api/appsweb/angular/.angular/cache/22.1.8/luxury-app/vite/deps/core-gRj2gSiC.js?v=74c2038a:4868:2)
    at detectChangesInComponent (http://localhost:4200/@fs/D:/repos/luxuryapp-api/appsweb/angular/.angular/cache/22.1.8/luxury-app/vite/deps/core-gRj2gSiC.js?v=74c2038a:4861:3)
    at detectChangesInChildComponents (http://localhost:4200/@fs/D:/repos/luxuryapp-api/appsweb/angular/.angular/cache/22.1.8/luxury-app/vite/deps/core-gRj2gSiC.js?v=74c2038a:4897:46)
    at detectChangesInView (http://localhost:4200/@fs/D:/repos/luxuryapp-api/appsweb/angular/.angular/cache/22.1.8/luxury-app/vite/deps/core-gRj2gSiC.js?v=74c2038a:4889:29)
    at detectChangesInViewIfAttached (http://localhost:4200/@fs/D:/repos/luxuryapp-api/appsweb/angular/.angular/cache/22.1.8/luxury-app/vite/deps/core-gRj2gSiC.js?v=74c2038a:4868:2)
    at detectChangesInEmbeddedViews (http://localhost:4200/@fs/D:/repos/luxuryapp-api/appsweb/angular/.angular/cache/22.1.8/luxury-app/vite/deps/core-gRj2gSiC.js?v=74c2038a:4842:3) @ http://localhost:4200/chunk-AYL5KBWN.js:143
[  884258ms] [LOG] %c📦 [StorageService] Inicializando servicio de almacenamiento local... color: #3F51B5; font-style: italic; @ http://localhost:4200/chunk-72LYY77U.js:59
[  884260ms] [LOG] %c [AuthService] Verificando ruta inicial: /purchases/solicitud-compra/1 | Es publica: false color: #9C27B0; font-style: italic; @ http://localhost:4200/chunk-72LYY77U.js:59
[  884260ms] [LOG] %c [AuthService] Ruta no publica. Intentando login silencioso... color: #009688; font-style: italic; @ http://localhost:4200/chunk-72LYY77U.js:59
[  884263ms] [LOG] %c🚀 [Initializer] Starting application state initialization... color: purple; font-style: italic; @ http://localhost:4200/chunk-72LYY77U.js:59
[  884377ms] [LOG] %c [AuthService] Token renovado. Actualizando sesion en memoria. color: color: #4CAF50; font-style: italic;; font-style: italic; @ http://localhost:4200/chunk-72LYY77U.js:59
[  884378ms] [LOG] %c [AuthTrace] refresh.success.before-set color: #03A9F4; font-style: italic; {at: 2026-09-13T19:37:38.575Z, applicationUserId: 63f5fe75-4fbb-4328-a2dd-b7224778752e, tokenCustomerId: 019c6bee-028a-70e4-98ea-557b645a3ae0, roles: Array(1), customerAccessCount: 10} @ http://localhost:4200/chunk-72LYY77U.js:59
[  884378ms] [LOG] %c [AuthTrace] refresh.success.after-set color: #03A9F4; font-style: italic; {at: 2026-09-13T19:37:38.576Z, applicationUserId: 63f5fe75-4fbb-4328-a2dd-b7224778752e, tokenCustomerId: 019c6bee-028a-70e4-98ea-557b645a3ae0, roles: Array(1), customerAccessCount: 10} @ http://localhost:4200/chunk-72LYY77U.js:59
[  884379ms] [LOG] %cLINK [SignalR] Construyendo conexion... color: blue; font-style: italic; @ http://localhost:4200/chunk-72LYY77U.js:59
[  884380ms] [LOG] %cHEADSET [SignalR] Registrando listeners... color: cyan; font-style: italic; @ http://localhost:4200/chunk-72LYY77U.js:59
[  884380ms] [LOG] %cLINK [SignalR] Iniciando conexion... color: blue; font-style: italic; @ http://localhost:4200/chunk-72LYY77U.js:59
[  884380ms] [LOG] %c [AuthTrace] trySilentLogin.finalize color: #8BC34A; font-style: italic; {at: 2026-09-13T19:37:38.578Z, isAuthenticated: true} @ http://localhost:4200/chunk-72LYY77U.js:59
[  884381ms] [LOG] %c🏢 [Initializer] User session found. Initializing customer state... color: #3F51B5; font-style: italic; @ http://localhost:4200/chunk-72LYY77U.js:59
[  884382ms] [LOG] %c🔍 [StorageService] Recuperando valor para clave: 'customerId' color: #2196F3; font-style: italic; @ http://localhost:4200/chunk-72LYY77U.js:59
[  884382ms] [LOG] %c [CustomerTrace] initialize.start color: #FF9800; font-style: italic; {at: 2026-09-13T19:37:38.579Z, state: Object, storedCustomerId: 019c6bee-028a-70e4-98ea-557b645a3ae0, tokenCustomerId: 019c6bee-028a-70e4-98ea-557b645a3ae0, customerAccess: Array(10)} @ http://localhost:4200/chunk-72LYY77U.js:59
[  884383ms] [LOG] %c🔍 [StorageService] Recuperando valor para clave: 'customerId' color: #2196F3; font-style: italic; @ http://localhost:4200/chunk-72LYY77U.js:59
[  884384ms] [LOG] %c🔍 [StorageService] Recuperando valor para clave: 'customerId' color: #2196F3; font-style: italic; @ http://localhost:4200/chunk-72LYY77U.js:59
[  884384ms] [LOG] %c [CustomerTrace] initialize.selected-customer color: #FF9800; font-style: italic; {at: 2026-09-13T19:37:38.581Z, state: Object, storedCustomerId: 019c6bee-028a-70e4-98ea-557b645a3ae0, selectedCustomerId: 019c6bee-028a-70e4-98ea-557b645a3ae0} @ http://localhost:4200/chunk-72LYY77U.js:59
[  884385ms] [LOG] %c💾 [StorageService] Guardando clave: 'customerId' color: #FF9800; font-style: italic; {value: 019c6bee-028a-70e4-98ea-557b645a3ae0} @ http://localhost:4200/chunk-72LYY77U.js:59
[  884385ms] [LOG] %c✅ [StorageService] Clave 'customerId' guardada exitosamente. color: #4CAF50; font-style: italic; @ http://localhost:4200/chunk-72LYY77U.js:59
[  884386ms] [LOG] %c🔍 [StorageService] Recuperando valor para clave: 'customerId' color: #2196F3; font-style: italic; @ http://localhost:4200/chunk-72LYY77U.js:59
[  884386ms] [LOG] %c [CustomerTrace] loadDataForCustomer.start color: #FF9800; font-style: italic; {at: 2026-09-13T19:37:38.583Z, state: Object, storedCustomerId: 019c6bee-028a-70e4-98ea-557b645a3ae0, customerId: 019c6bee-028a-70e4-98ea-557b645a3ae0} @ http://localhost:4200/chunk-72LYY77U.js:59
[  884388ms] [LOG] %c🛡️ [JwtInterceptorFn] Auth check completado. Interceptando ruta: color: #FF0000; font-style: italic; http://localhost:7070/api/customers/019c6bee-028a-70e4-98ea-557b645a3ae0 @ http://localhost:4200/chunk-72LYY77U.js:59
[  884389ms] [LOG] %c🔍 [StorageService] Recuperando valor para clave: 'customerId' color: #2196F3; font-style: italic; @ http://localhost:4200/chunk-72LYY77U.js:59
[  884390ms] [LOG] %c🔍 [StorageService] Recuperando valor para clave: 'customerId' color: #2196F3; font-style: italic; @ http://localhost:4200/chunk-72LYY77U.js:59
[  884391ms] [LOG] %c [JwtTrace] request color: #F44336; font-style: italic; {at: 2026-09-13T19:37:38.588Z, url: http://localhost:7070/api/customers/019c6bee-028a-70e4-98ea-557b645a3ae0, method: GET, appUserId: 63f5fe75-4fbb-4328-a2dd-b7224778752e, storageCustomerId: 019c6bee-028a-70e4-98ea-557b645a3ae0} @ http://localhost:4200/chunk-72LYY77U.js:59
[  884414ms] [LOG] %c🔍 [StorageService] Recuperando valor para clave: 'customerId' color: #2196F3; font-style: italic; @ http://localhost:4200/chunk-72LYY77U.js:59
[  884414ms] [LOG] %c [CustomerTrace] loadDataForCustomer.response color: #FF9800; font-style: italic; {at: 2026-09-13T19:37:38.611Z, state: Object, storedCustomerId: 019c6bee-028a-70e4-98ea-557b645a3ae0, customerId: 019c6bee-028a-70e4-98ea-557b645a3ae0, success: true} @ http://localhost:4200/chunk-72LYY77U.js:59
[  884415ms] [LOG] %c🔍 [StorageService] Recuperando valor para clave: 'customerId' color: #2196F3; font-style: italic; @ http://localhost:4200/chunk-72LYY77U.js:59
[  884415ms] [LOG] %c [CustomerTrace] loadDataForCustomer.ready color: #FF9800; font-style: italic; {at: 2026-09-13T19:37:38.612Z, state: Object, storedCustomerId: 019c6bee-028a-70e4-98ea-557b645a3ae0, customerId: 019c6bee-028a-70e4-98ea-557b645a3ae0} @ http://localhost:4200/chunk-72LYY77U.js:59
[  884415ms] [LOG] %c✅ [Initializer] State initialization complete. color: green; font-style: italic; @ http://localhost:4200/chunk-72LYY77U.js:59
[  884419ms] [LOG] %c🔄 UpdateService: Inicializando servicio de actualizaciones color: blue; font-weight: bold; @ http://localhost:4200/chunk-WEIOKMZ7.js:10
[  884419ms] [LOG] %c🔄 UpdateService: ❌ Service Worker NO habilitado color: red; font-weight: bold; @ http://localhost:4200/chunk-WEIOKMZ7.js:22
[  884431ms] [LOG] %c🚀 [App] ¡Aplicación iniciada! Soy más ligero y rápido que nunca. color: #673AB7; font-style: italic; @ http://localhost:4200/chunk-72LYY77U.js:59
[  884462ms] [LOG] Angular is running in development mode. @ http://localhost:4200/@fs/D:/repos/luxuryapp-api/appsweb/angular/.angular/cache/22.1.8/luxury-app/vite/deps/core-gRj2gSiC.js?v=74c2038a:9175
[  884466ms] [INFO] [2026-09-13T19:37:38.663Z] Information: WebSocket connected to ws://localhost:7070/ws/notificationHub?id=YJILzKrbVBzE05z9aVXXng&access_token=eyJhbGciOiJIUzI1NiIsInR5cCI6IkpXVCJ9.eyJzdWIiOiI2M2Y1ZmU3NS00ZmJiLTQzMjgtYTJkZC1iNzIyNDc3ODc1MmUiLCJqdGkiOiIwMWEwOWM0Ni03NWM1LTc2YTItYWRmYS00NjM5MjhjNzdlYzkiLCJpYXQiOjE3ODkzMjgyNTgsIm5hbWUiOiJBZG1pbmlzdHJhZG9yIExCRyIsImVtYWlsIjoiaW5mb0BsdXh1cnlidWlsZGluZy5jb20ubXgiLCJ1c2VybmFtZSI6ImFkbWluIiwiY3VzdG9tZXJJZCI6IjAxOWM2YmVlLTAyOGEtNzBlNC05OGVhLTU1N2I2NDVhM2FlMCIsImN1c3RvbWVyTmFtZSI6IkxVWFVSWSBCVUlMRElORyBHUk9VUCBTQSBERSBDViIsImZpcnN0TmFtZSI6IkFkbWluaXN0cmFkb3IiLCJsYXN0TmFtZSI6IkxCRyIsInBob25lIjoiKDU1KSAwMDAwLSAwMDAwIiwicGhvdG9QYXRoIjoiaHR0cDovL2xvY2FsaG9zdDo3MDcwL2FwaS9maWxlcy9kb3dubG9hZD9maWxlUGF0aD1wdWJsaWMlMmZBZG1pbmlzdHJhdGlvbiUyZmFjY291bnRzJTJmMDE5ZmE0NjUtMTkyMC03NzcyLWE5NDgtNzZhMDFlOGFiNzZjLnBuZyIsInBvc2l0aW9uIjoiRGVzY29ub2NpZG8iLCJodHRwOi8vc2NoZW1hcy5taWNyb3NvZnQuY29tL3dzLzIwMDgvMDYvaWRlbnRpdHkvY2xhaW1zL3JvbGUiOiJTdXBlclVzdWFyaW8iLCJyb2xlSWQiOiI2OTlkN2NjMS1kMTQzLTQ5ODUtYjU1YS1kMDMwODY0YzY5M2UiLCJleHAiOjE3ODkzMzE4NTgsImlzcyI6Imh0dHBzOi8vbG9jYWxob3N0OjcwNjkiLCJhdWQiOiJodHRwczovL2xvY2FsaG9zdDo0MjAwIn0.ld7Ac6dKBRfrJc3B5OX6vPEQRmBqyVrYKbhRpZpRDw8. @ http://localhost:4200/@fs/D:/repos/luxuryapp-api/appsweb/angular/.angular/cache/22.1.8/luxury-app/vite/deps/@microsoft_signalr.js?v=74c2038a:308
[  884466ms] [INFO] [2026-09-13T19:37:38.664Z] Information: Using HubProtocol 'json'. @ http://localhost:4200/@fs/D:/repos/luxuryapp-api/appsweb/angular/.angular/cache/22.1.8/luxury-app/vite/deps/@microsoft_signalr.js?v=74c2038a:308
[  884472ms] [LOG] %cLINK [SignalR] Conexion iniciada con exito. color: green; font-style: italic; @ http://localhost:4200/chunk-72LYY77U.js:59
[  884472ms] [LOG] %cSTATE [SignalR] connectionId = '0A8TIXP6ExdAjp2H0Lk1fw' color: green; font-style: italic; @ http://localhost:4200/chunk-72LYY77U.js:59
[  884473ms] [LOG] %cUSER [SignalR] Evento ConnectedUser recibido: color: blue; font-style: italic; Bienvenido 63f5fe75-4fbb-4328-a2dd-b7224778752e @ http://localhost:4200/chunk-72LYY77U.js:59
[  884960ms] [LOG] %c🎉 [LayoutEmployee] ¡Layout de empleado cargado! Despertando a los gigantes (SignalR, OneSignal...) color: #2196F3; font-style: italic; @ http://localhost:4200/chunk-72LYY77U.js:59
[  884961ms] [LOG] %cLINK [SignalR] Construyendo conexion... color: blue; font-style: italic; @ http://localhost:4200/chunk-72LYY77U.js:59
[  884961ms] [LOG] %cHEADSET [SignalR] Registrando listeners... color: cyan; font-style: italic; @ http://localhost:4200/chunk-72LYY77U.js:59
[  884962ms] [LOG] %cLINK [SignalR] Iniciando conexion... color: blue; font-style: italic; @ http://localhost:4200/chunk-72LYY77U.js:59
[  884962ms] [LOG] %cℹ️ [LayoutEmployee] Usuario 63f5fe75-4fbb-4328-a2dd-b7224778752e autenticado. Iniciando OneSignal... color: dodgerblue;font-style: italic @ http://localhost:4200/chunk-72LYY77U.js:72
[  884963ms] [LOG] %c... [OneSignal] Esperando que el SDK este listo... color: orange; font-style: italic; @ http://localhost:4200/chunk-72LYY77U.js:59
[  885001ms] [LOG] %c🛡️ [JwtInterceptorFn] Auth check completado. Interceptando ruta: color: #FF0000; font-style: italic; http://localhost:7070/api/select-item-enum/status-orden-compra/false @ http://localhost:4200/chunk-72LYY77U.js:59
[  885003ms] [LOG] %c🔍 [StorageService] Recuperando valor para clave: 'customerId' color: #2196F3; font-style: italic; @ http://localhost:4200/chunk-72LYY77U.js:59
[  885004ms] [LOG] %c🔍 [StorageService] Recuperando valor para clave: 'customerId' color: #2196F3; font-style: italic; @ http://localhost:4200/chunk-72LYY77U.js:59
[  885005ms] [LOG] %c [JwtTrace] request color: #F44336; font-style: italic; {at: 2026-09-13T19:37:39.201Z, url: http://localhost:7070/api/select-item-enum/status-orden-compra/false, method: GET, appUserId: 63f5fe75-4fbb-4328-a2dd-b7224778752e, storageCustomerId: 019c6bee-028a-70e4-98ea-557b645a3ae0} @ http://localhost:4200/chunk-72LYY77U.js:59
[  885010ms] [LOG] %c🛡️ [JwtInterceptorFn] Auth check completado. Interceptando ruta: color: #FF0000; font-style: italic; http://localhost:7070/api/solicitud-compra/get-solicitud-compra-individual/1 @ http://localhost:4200/chunk-72LYY77U.js:59
[  885011ms] [LOG] %c🔍 [StorageService] Recuperando valor para clave: 'customerId' color: #2196F3; font-style: italic; @ http://localhost:4200/chunk-72LYY77U.js:59
[  885012ms] [LOG] %c🔍 [StorageService] Recuperando valor para clave: 'customerId' color: #2196F3; font-style: italic; @ http://localhost:4200/chunk-72LYY77U.js:59
[  885013ms] [LOG] %c [JwtTrace] request color: #F44336; font-style: italic; {at: 2026-09-13T19:37:39.209Z, url: http://localhost:7070/api/solicitud-compra/get-solicitud-compra-individual/1, method: GET, appUserId: 63f5fe75-4fbb-4328-a2dd-b7224778752e, storageCustomerId: 019c6bee-028a-70e4-98ea-557b645a3ae0} @ http://localhost:4200/chunk-72LYY77U.js:59
[  885016ms] [LOG] %c🛡️ [JwtInterceptorFn] Auth check completado. Interceptando ruta: color: #FF0000; font-style: italic; http://localhost:7070/api/orden-compra/cotizaciones-relacionadas/1 @ http://localhost:4200/chunk-72LYY77U.js:59
[  885017ms] [LOG] %c🔍 [StorageService] Recuperando valor para clave: 'customerId' color: #2196F3; font-style: italic; @ http://localhost:4200/chunk-72LYY77U.js:59
[  885018ms] [LOG] %c🔍 [StorageService] Recuperando valor para clave: 'customerId' color: #2196F3; font-style: italic; @ http://localhost:4200/chunk-72LYY77U.js:59
[  885019ms] [LOG] %c [JwtTrace] request color: #F44336; font-style: italic; {at: 2026-09-13T19:37:39.215Z, url: http://localhost:7070/api/orden-compra/cotizaciones-relacionadas/1, method: GET, appUserId: 63f5fe75-4fbb-4328-a2dd-b7224778752e, storageCustomerId: 019c6bee-028a-70e4-98ea-557b645a3ae0} @ http://localhost:4200/chunk-72LYY77U.js:59
[  885050ms] [LOG] %c🛡️ [JwtInterceptorFn] Auth check completado. Interceptando ruta: color: #FF0000; font-style: italic; http://localhost:7070/api/select-items/measurement-units @ http://localhost:4200/chunk-72LYY77U.js:59
[  885052ms] [LOG] %c🔍 [StorageService] Recuperando valor para clave: 'customerId' color: #2196F3; font-style: italic; @ http://localhost:4200/chunk-72LYY77U.js:59
[  885054ms] [LOG] %c🔍 [StorageService] Recuperando valor para clave: 'customerId' color: #2196F3; font-style: italic; @ http://localhost:4200/chunk-72LYY77U.js:59
[  885056ms] [LOG] %c [JwtTrace] request color: #F44336; font-style: italic; {at: 2026-09-13T19:37:39.251Z, url: http://localhost:7070/api/select-items/measurement-units, method: GET, appUserId: 63f5fe75-4fbb-4328-a2dd-b7224778752e, storageCustomerId: 019c6bee-028a-70e4-98ea-557b645a3ae0} @ http://localhost:4200/chunk-72LYY77U.js:59
[  885081ms] [WARNING] 
  It looks like you're using the disabled attribute with a reactive form directive. If you set disabled to true
  when you set up this control in your component class, the disabled attribute will actually be set in the DOM for
  you. We recommend using this approach to avoid 'changed after checked' errors.

  Example:
  // Specify the `disabled` property at control creation time:
  form = new FormGroup({
    first: new FormControl({value: 'Nancy', disabled: true}, Validators.required),
    last: new FormControl('Drew', Validators.required)
  });

  // Controls can also be enabled/disabled after creation:
  form.get('first')?.enable();
  form.get('last')?.disable();
 @ http://localhost:4200/@fs/D:/repos/luxuryapp-api/appsweb/angular/.angular/cache/22.1.8/luxury-app/vite/deps/@angular_forms.js?v=74c2038a:3968
[  885323ms] [LOG] %c🛡️ [JwtInterceptorFn] Auth check completado. Interceptando ruta: color: #FF0000; font-style: italic; http://localhost:7070/api/notifications @ http://localhost:4200/chunk-72LYY77U.js:59
[  885324ms] [LOG] %c🔍 [StorageService] Recuperando valor para clave: 'customerId' color: #2196F3; font-style: italic; @ http://localhost:4200/chunk-72LYY77U.js:59
[  885324ms] [LOG] %c🔍 [StorageService] Recuperando valor para clave: 'customerId' color: #2196F3; font-style: italic; @ http://localhost:4200/chunk-72LYY77U.js:59
[  885325ms] [LOG] %c [JwtTrace] request color: #F44336; font-style: italic; {at: 2026-09-13T19:37:39.522Z, url: http://localhost:7070/api/notifications, method: GET, appUserId: 63f5fe75-4fbb-4328-a2dd-b7224778752e, storageCustomerId: 019c6bee-028a-70e4-98ea-557b645a3ae0} @ http://localhost:4200/chunk-72LYY77U.js:59
[  885328ms] [LOG] %c🛡️ [JwtInterceptorFn] Auth check completado. Interceptando ruta: color: #FF0000; font-style: italic; http://localhost:7070/api/notifications/unread-count @ http://localhost:4200/chunk-72LYY77U.js:59
[  885330ms] [LOG] %c🔍 [StorageService] Recuperando valor para clave: 'customerId' color: #2196F3; font-style: italic; @ http://localhost:4200/chunk-72LYY77U.js:59
[  885331ms] [LOG] %c🔍 [StorageService] Recuperando valor para clave: 'customerId' color: #2196F3; font-style: italic; @ http://localhost:4200/chunk-72LYY77U.js:59
[  885334ms] [LOG] %c [JwtTrace] request color: #F44336; font-style: italic; {at: 2026-09-13T19:37:39.528Z, url: http://localhost:7070/api/notifications/unread-count, method: GET, appUserId: 63f5fe75-4fbb-4328-a2dd-b7224778752e, storageCustomerId: 019c6bee-028a-70e4-98ea-557b645a3ae0} @ http://localhost:4200/chunk-72LYY77U.js:59
[  885361ms] [LOG] %c [MenuTrace] effect.tick color: #9C27B0; font-style: italic; {at: 2026-09-13T19:37:39.558Z, customerId: 019c6bee-028a-70e4-98ea-557b645a3ae0, customerReady: true, applicationUserId: 63f5fe75-4fbb-4328-a2dd-b7224778752e, lastCustomerId: null} @ http://localhost:4200/chunk-72LYY77U.js:59
[  885362ms] [LOG] %c [MenuService] Customer data and session are ready. Loading menu... color: green; font-style: italic; @ http://localhost:4200/chunk-72LYY77U.js:59
[  885362ms] [LOG] %c [MenuTrace] triggerMenuLoad.start color: #9C27B0; font-style: italic; {at: 2026-09-13T19:37:39.560Z, customerId: 019c6bee-028a-70e4-98ea-557b645a3ae0, customerReady: true, applicationUserId: 63f5fe75-4fbb-4328-a2dd-b7224778752e, lastCustomerId: null} @ http://localhost:4200/chunk-72LYY77U.js:59
[  885364ms] [LOG] %c🛡️ [JwtInterceptorFn] Auth check completado. Interceptando ruta: color: #FF0000; font-style: italic; http://localhost:7070/api/menu-items/019c6bee-028a-70e4-98ea-557b645a3ae0 @ http://localhost:4200/chunk-72LYY77U.js:59
[  885364ms] [LOG] %c🔍 [StorageService] Recuperando valor para clave: 'customerId' color: #2196F3; font-style: italic; @ http://localhost:4200/chunk-72LYY77U.js:59
[  885365ms] [LOG] %c🔍 [StorageService] Recuperando valor para clave: 'customerId' color: #2196F3; font-style: italic; @ http://localhost:4200/chunk-72LYY77U.js:59
[  885367ms] [LOG] %c [JwtTrace] request color: #F44336; font-style: italic; {at: 2026-09-13T19:37:39.562Z, url: http://localhost:7070/api/menu-items/019c6bee-028a-70e4-98ea-557b645a3ae0, method: GET, appUserId: 63f5fe75-4fbb-4328-a2dd-b7224778752e, storageCustomerId: 019c6bee-028a-70e4-98ea-557b645a3ae0} @ http://localhost:4200/chunk-72LYY77U.js:59
[  885375ms] [LOG] %cok [OneSignal] SDK listo color: green; font-style: italic; @ http://localhost:4200/chunk-72LYY77U.js:59
[  885431ms] [ERROR] Failed to load resource: the server responded with a status of 404 (Not Found) @ http://localhost:7070/api/files/download?filePath=public%2fAdministration%2faccounts%2f019fa465-1920-7772-a948-76a01e8ab76c.png:0
[  885448ms] [ERROR] Failed to load resource: the server responded with a status of 404 (Not Found) @ http://localhost:7070/api/solicitud-compra/get-solicitud-compra-individual/1:0
[  885449ms] [LOG] %c🚫 API Error: GET ITEM: solicitud-compra/get-solicitud-compra-individual/1 color: red;font-style: italic HttpErrorResponse @ http://localhost:4200/chunk-72LYY77U.js:72
[  885449ms] [ERROR] Failed to load resource: the server responded with a status of 404 (Not Found) @ http://localhost:7070/api/orden-compra/cotizaciones-relacionadas/1:0
[  885450ms] [LOG] %c🚫 API Error: GET LIST: orden-compra/cotizaciones-relacionadas/1 color: red;font-style: italic No se pudo completar la operacion. @ http://localhost:4200/chunk-72LYY77U.js:72
[  885496ms] TypeError: Cannot read properties of null (reading 'length')
    at SolicitudCompra_Template (http://localhost:4200/chunk-FUMMKIV5.js:1766:66)
    at executeTemplate (http://localhost:4200/@fs/D:/repos/luxuryapp-api/appsweb/angular/.angular/cache/22.1.8/luxury-app/vite/deps/core-gRj2gSiC.js?v=74c2038a:4239:3)
    at refreshView (http://localhost:4200/@fs/D:/repos/luxuryapp-api/appsweb/angular/.angular/cache/22.1.8/luxury-app/vite/deps/core-gRj2gSiC.js?v=74c2038a:4784:28)
    at detectChangesInView (http://localhost:4200/@fs/D:/repos/luxuryapp-api/appsweb/angular/.angular/cache/22.1.8/luxury-app/vite/deps/core-gRj2gSiC.js?v=74c2038a:4882:25)
    at detectChangesInViewWhileDirty (http://localhost:4200/@fs/D:/repos/luxuryapp-api/appsweb/angular/.angular/cache/22.1.8/luxury-app/vite/deps/core-gRj2gSiC.js?v=74c2038a:4738:3)
    at detectChangesInternal (http://localhost:4200/@fs/D:/repos/luxuryapp-api/appsweb/angular/.angular/cache/22.1.8/luxury-app/vite/deps/core-gRj2gSiC.js?v=74c2038a:4729:3)
    at ViewRef$1.detectChanges (http://localhost:4200/@fs/D:/repos/luxuryapp-api/appsweb/angular/.angular/cache/22.1.8/luxury-app/vite/deps/core-gRj2gSiC.js?v=74c2038a:5090:3)
    at http://localhost:4200/chunk-FUMMKIV5.js:1558:16
[  885496ms] [LOG] %c [API SUCCESS]: GET LIST: select-item-enum/status-orden-compra/false color: teal; font-style: italic; [Object, Object, Object] @ http://localhost:4200/chunk-72LYY77U.js:59
[  885497ms] [LOG] %c🛡️ [JwtInterceptorFn] Auth check completado. Interceptando ruta: color: #FF0000; font-style: italic; http://localhost:7070/api/select-item-enum/tipo-solicitud-compra/false @ http://localhost:4200/chunk-72LYY77U.js:59
[  885501ms] [LOG] %c🔍 [StorageService] Recuperando valor para clave: 'customerId' color: #2196F3; font-style: italic; @ http://localhost:4200/chunk-72LYY77U.js:59
[  885501ms] [LOG] %c🔍 [StorageService] Recuperando valor para clave: 'customerId' color: #2196F3; font-style: italic; @ http://localhost:4200/chunk-72LYY77U.js:59
[  885502ms] [LOG] %c [JwtTrace] request color: #F44336; font-style: italic; {at: 2026-09-13T19:37:39.699Z, url: http://localhost:7070/api/select-item-enum/tipo-solicitud-compra/false, method: GET, appUserId: 63f5fe75-4fbb-4328-a2dd-b7224778752e, storageCustomerId: 019c6bee-028a-70e4-98ea-557b645a3ae0} @ http://localhost:4200/chunk-72LYY77U.js:59
[  885506ms] [LOG] %c [API SUCCESS]: GET ITEM: select-items/measurement-units color: dodgerblue; font-style: italic; [Object, Object, Object, Object, Object, Object, Object, Object, Object, Object, Object, Object, Object, Object, Object, Object, Object, Object, Object, Object, Object, Object, Object, Object, Object, Object] @ http://localhost:4200/chunk-72LYY77U.js:59
[  885522ms] [LOG] %c [API SUCCESS]: GET NoLoading: notifications/unread-count color: gray; font-style: italic; 2 @ http://localhost:4200/chunk-72LYY77U.js:59
[  885554ms] [LOG] %c [API SUCCESS]: GET LIST: menu-items/019c6bee-028a-70e4-98ea-557b645a3ae0 color: teal; font-style: italic; [Object, Object, Object, Object, Object, Object, Object, Object, Object, Object, Object, Object, Object, Object, Object, Object, Object, Object, Object, Object, Object, Object, Object, Object] @ http://localhost:4200/chunk-72LYY77U.js:59
[  885555ms] [LOG] %c [MenuTrace] fetchMenuItemsFromApi.success color: #9C27B0; font-style: italic; {at: 2026-09-13T19:37:39.753Z, customerId: 019c6bee-028a-70e4-98ea-557b645a3ae0, customerReady: true, applicationUserId: 63f5fe75-4fbb-4328-a2dd-b7224778752e, lastCustomerId: 019c6bee-028a-70e4-98ea-557b645a3ae0} @ http://localhost:4200/chunk-72LYY77U.js:59
[  885555ms] [LOG] %c [MenuTrace] triggerMenuLoad.response color: #9C27B0; font-style: italic; {at: 2026-09-13T19:37:39.753Z, customerId: 019c6bee-028a-70e4-98ea-557b645a3ae0, customerReady: true, applicationUserId: 63f5fe75-4fbb-4328-a2dd-b7224778752e, lastCustomerId: 019c6bee-028a-70e4-98ea-557b645a3ae0} @ http://localhost:4200/chunk-72LYY77U.js:59
[  885556ms] [LOG] %c [API SUCCESS]: GET NoLoading: notifications color: gray; font-style: italic; [Object, Object] @ http://localhost:4200/chunk-72LYY77U.js:59
[  885599ms] [INFO] [2026-09-13T19:37:39.797Z] Information: WebSocket connected to ws://localhost:7070/ws/notificationHub?id=06kKXlr64XcvKNuu2j7NNw&access_token=eyJhbGciOiJIUzI1NiIsInR5cCI6IkpXVCJ9.eyJzdWIiOiI2M2Y1ZmU3NS00ZmJiLTQzMjgtYTJkZC1iNzIyNDc3ODc1MmUiLCJqdGkiOiIwMWEwOWM0Ni03NWM1LTc2YTItYWRmYS00NjM5MjhjNzdlYzkiLCJpYXQiOjE3ODkzMjgyNTgsIm5hbWUiOiJBZG1pbmlzdHJhZG9yIExCRyIsImVtYWlsIjoiaW5mb0BsdXh1cnlidWlsZGluZy5jb20ubXgiLCJ1c2VybmFtZSI6ImFkbWluIiwiY3VzdG9tZXJJZCI6IjAxOWM2YmVlLTAyOGEtNzBlNC05OGVhLTU1N2I2NDVhM2FlMCIsImN1c3RvbWVyTmFtZSI6IkxVWFVSWSBCVUlMRElORyBHUk9VUCBTQSBERSBDViIsImZpcnN0TmFtZSI6IkFkbWluaXN0cmFkb3IiLCJsYXN0TmFtZSI6IkxCRyIsInBob25lIjoiKDU1KSAwMDAwLSAwMDAwIiwicGhvdG9QYXRoIjoiaHR0cDovL2xvY2FsaG9zdDo3MDcwL2FwaS9maWxlcy9kb3dubG9hZD9maWxlUGF0aD1wdWJsaWMlMmZBZG1pbmlzdHJhdGlvbiUyZmFjY291bnRzJTJmMDE5ZmE0NjUtMTkyMC03NzcyLWE5NDgtNzZhMDFlOGFiNzZjLnBuZyIsInBvc2l0aW9uIjoiRGVzY29ub2NpZG8iLCJodHRwOi8vc2NoZW1hcy5taWNyb3NvZnQuY29tL3dzLzIwMDgvMDYvaWRlbnRpdHkvY2xhaW1zL3JvbGUiOiJTdXBlclVzdWFyaW8iLCJyb2xlSWQiOiI2OTlkN2NjMS1kMTQzLTQ5ODUtYjU1YS1kMDMwODY0YzY5M2UiLCJleHAiOjE3ODkzMzE4NTgsImlzcyI6Imh0dHBzOi8vbG9jYWxob3N0OjcwNjkiLCJhdWQiOiJodHRwczovL2xvY2FsaG9zdDo0MjAwIn0.ld7Ac6dKBRfrJc3B5OX6vPEQRmBqyVrYKbhRpZpRDw8. @ http://localhost:4200/@fs/D:/repos/luxuryapp-api/appsweb/angular/.angular/cache/22.1.8/luxury-app/vite/deps/@microsoft_signalr.js?v=74c2038a:308
[  885600ms] [INFO] [2026-09-13T19:37:39.797Z] Information: Using HubProtocol 'json'. @ http://localhost:4200/@fs/D:/repos/luxuryapp-api/appsweb/angular/.angular/cache/22.1.8/luxury-app/vite/deps/@microsoft_signalr.js?v=74c2038a:308
[  885611ms] [LOG] %cLINK [SignalR] Conexion iniciada con exito. color: green; font-style: italic; @ http://localhost:4200/chunk-72LYY77U.js:59
[  885611ms] [LOG] %cSTATE [SignalR] connectionId = 'Ox0dZaBh5QMEXRWPRp5w6Q' color: green; font-style: italic; @ http://localhost:4200/chunk-72LYY77U.js:59
[  885631ms] [LOG] %cUSER [SignalR] Evento ConnectedUser recibido: color: blue; font-style: italic; Bienvenido 63f5fe75-4fbb-4328-a2dd-b7224778752e @ http://localhost:4200/chunk-72LYY77U.js:59
[  885737ms] [LOG] %c [API SUCCESS]: GET LIST: select-item-enum/tipo-solicitud-compra/false color: teal; font-style: italic; [Object, Object, Object, Object, Object] @ http://localhost:4200/chunk-72LYY77U.js:59
[  885738ms] [LOG] %c🛡️ [JwtInterceptorFn] Auth check completado. Interceptando ruta: color: #FF0000; font-style: italic; http://localhost:7070/api/select-item-enum/nivel-prioridad/false @ http://localhost:4200/chunk-72LYY77U.js:59
[  885738ms] [LOG] %c🔍 [StorageService] Recuperando valor para clave: 'customerId' color: #2196F3; font-style: italic; @ http://localhost:4200/chunk-72LYY77U.js:59
[  885739ms] [LOG] %c🔍 [StorageService] Recuperando valor para clave: 'customerId' color: #2196F3; font-style: italic; @ http://localhost:4200/chunk-72LYY77U.js:59
[  885739ms] [LOG] %c [JwtTrace] request color: #F44336; font-style: italic; {at: 2026-09-13T19:37:39.936Z, url: http://localhost:7070/api/select-item-enum/nivel-prioridad/false, method: GET, appUserId: 63f5fe75-4fbb-4328-a2dd-b7224778752e, storageCustomerId: 019c6bee-028a-70e4-98ea-557b645a3ae0} @ http://localhost:4200/chunk-72LYY77U.js:59
[  885742ms] [ERROR] [GlobalErrorHandler] TypeError: Cannot read properties of null (reading 'length')
    at SolicitudCompra_Template (http://localhost:4200/chunk-FUMMKIV5.js:1766:66)
    at executeTemplate (http://localhost:4200/@fs/D:/repos/luxuryapp-api/appsweb/angular/.angular/cache/22.1.8/luxury-app/vite/deps/core-gRj2gSiC.js?v=74c2038a:4239:3)
    at refreshView (http://localhost:4200/@fs/D:/repos/luxuryapp-api/appsweb/angular/.angular/cache/22.1.8/luxury-app/vite/deps/core-gRj2gSiC.js?v=74c2038a:4784:28)
    at detectChangesInView (http://localhost:4200/@fs/D:/repos/luxuryapp-api/appsweb/angular/.angular/cache/22.1.8/luxury-app/vite/deps/core-gRj2gSiC.js?v=74c2038a:4882:25)
    at detectChangesInViewIfAttached (http://localhost:4200/@fs/D:/repos/luxuryapp-api/appsweb/angular/.angular/cache/22.1.8/luxury-app/vite/deps/core-gRj2gSiC.js?v=74c2038a:4868:2)
    at detectChangesInComponent (http://localhost:4200/@fs/D:/repos/luxuryapp-api/appsweb/angular/.angular/cache/22.1.8/luxury-app/vite/deps/core-gRj2gSiC.js?v=74c2038a:4861:3)
    at detectChangesInChildComponents (http://localhost:4200/@fs/D:/repos/luxuryapp-api/appsweb/angular/.angular/cache/22.1.8/luxury-app/vite/deps/core-gRj2gSiC.js?v=74c2038a:4897:46)
    at detectChangesInView (http://localhost:4200/@fs/D:/repos/luxuryapp-api/appsweb/angular/.angular/cache/22.1.8/luxury-app/vite/deps/core-gRj2gSiC.js?v=74c2038a:4889:29)
    at detectChangesInViewIfAttached (http://localhost:4200/@fs/D:/repos/luxuryapp-api/appsweb/angular/.angular/cache/22.1.8/luxury-app/vite/deps/core-gRj2gSiC.js?v=74c2038a:4868:2)
    at detectChangesInEmbeddedViews (http://localhost:4200/@fs/D:/repos/luxuryapp-api/appsweb/angular/.angular/cache/22.1.8/luxury-app/vite/deps/core-gRj2gSiC.js?v=74c2038a:4842:3) @ http://localhost:4200/chunk-AYL5KBWN.js:143
[  885809ms] [LOG] %c [API SUCCESS]: GET LIST: select-item-enum/nivel-prioridad/false color: teal; font-style: italic; [Object, Object, Object, Object] @ http://localhost:4200/chunk-72LYY77U.js:59
[  885811ms] [ERROR] [GlobalErrorHandler] TypeError: Cannot read properties of null (reading 'length')
    at SolicitudCompra_Template (http://localhost:4200/chunk-FUMMKIV5.js:1766:66)
    at executeTemplate (http://localhost:4200/@fs/D:/repos/luxuryapp-api/appsweb/angular/.angular/cache/22.1.8/luxury-app/vite/deps/core-gRj2gSiC.js?v=74c2038a:4239:3)
    at refreshView (http://localhost:4200/@fs/D:/repos/luxuryapp-api/appsweb/angular/.angular/cache/22.1.8/luxury-app/vite/deps/core-gRj2gSiC.js?v=74c2038a:4784:28)
    at detectChangesInView (http://localhost:4200/@fs/D:/repos/luxuryapp-api/appsweb/angular/.angular/cache/22.1.8/luxury-app/vite/deps/core-gRj2gSiC.js?v=74c2038a:4882:25)
    at detectChangesInViewIfAttached (http://localhost:4200/@fs/D:/repos/luxuryapp-api/appsweb/angular/.angular/cache/22.1.8/luxury-app/vite/deps/core-gRj2gSiC.js?v=74c2038a:4868:2)
    at detectChangesInComponent (http://localhost:4200/@fs/D:/repos/luxuryapp-api/appsweb/angular/.angular/cache/22.1.8/luxury-app/vite/deps/core-gRj2gSiC.js?v=74c2038a:4861:3)
    at detectChangesInChildComponents (http://localhost:4200/@fs/D:/repos/luxuryapp-api/appsweb/angular/.angular/cache/22.1.8/luxury-app/vite/deps/core-gRj2gSiC.js?v=74c2038a:4897:46)
    at detectChangesInView (http://localhost:4200/@fs/D:/repos/luxuryapp-api/appsweb/angular/.angular/cache/22.1.8/luxury-app/vite/deps/core-gRj2gSiC.js?v=74c2038a:4889:29)
    at detectChangesInViewIfAttached (http://localhost:4200/@fs/D:/repos/luxuryapp-api/appsweb/angular/.angular/cache/22.1.8/luxury-app/vite/deps/core-gRj2gSiC.js?v=74c2038a:4868:2)
    at detectChangesInEmbeddedViews (http://localhost:4200/@fs/D:/repos/luxuryapp-api/appsweb/angular/.angular/cache/22.1.8/luxury-app/vite/deps/core-gRj2gSiC.js?v=74c2038a:4842:3) @ http://localhost:4200/chunk-AYL5KBWN.js:143
[  885828ms] [LOG] %cpkg [OneSignal] Inicializado con App ID: color: teal; font-style: italic; 3d1f1ce3-638f-4a30-b093-ab617baf91a8 @ http://localhost:4200/chunk-72LYY77U.js:59
[  885828ms] [LOG] %cear [OneSignal] Listeners registrados. color: cyan; font-style: italic; @ http://localhost:4200/chunk-72LYY77U.js:59
[  885829ms] [LOG] %cuser [OneSignal] Usuario logueado con ExternalUserId: 63f5fe75-4fbb-4328-a2dd-b7224778752e color: darkslateblue; font-style: italic; @ http://localhost:4200/chunk-72LYY77U.js:59
[  885830ms] [LOG] %csub [OneSignal] Permiso: color: dodgerblue; font-style: italic; false | Suscrito: false @ http://localhost:4200/chunk-72LYY77U.js:59
[  885830ms] [LOG] %cwarn [OneSignal] Usuario no completamente suscrito. color: orange; font-style: italic; @ http://localhost:4200/chunk-72LYY77U.js:59
[ 1144842ms] [LOG] %c📦 [StorageService] Inicializando servicio de almacenamiento local... color: #3F51B5; font-style: italic; @ http://localhost:4200/chunk-72LYY77U.js:59
[ 1144843ms] [LOG] %c [AuthService] Verificando ruta inicial: /purchases/solicitud-compra/1 | Es publica: false color: #9C27B0; font-style: italic; @ http://localhost:4200/chunk-72LYY77U.js:59
[ 1144844ms] [LOG] %c [AuthService] Ruta no publica. Intentando login silencioso... color: #009688; font-style: italic; @ http://localhost:4200/chunk-72LYY77U.js:59
[ 1144846ms] [LOG] %c🚀 [Initializer] Starting application state initialization... color: purple; font-style: italic; @ http://localhost:4200/chunk-72LYY77U.js:59
[ 1145009ms] [LOG] %c [AuthService] Token renovado. Actualizando sesion en memoria. color: color: #4CAF50; font-style: italic;; font-style: italic; @ http://localhost:4200/chunk-72LYY77U.js:59
[ 1145009ms] [LOG] %c [AuthTrace] refresh.success.before-set color: #03A9F4; font-style: italic; {at: 2026-09-13T19:41:59.207Z, applicationUserId: 63f5fe75-4fbb-4328-a2dd-b7224778752e, tokenCustomerId: 019c6bee-028a-70e4-98ea-557b645a3ae0, roles: Array(1), customerAccessCount: 10} @ http://localhost:4200/chunk-72LYY77U.js:59
[ 1145010ms] [LOG] %c [AuthTrace] refresh.success.after-set color: #03A9F4; font-style: italic; {at: 2026-09-13T19:41:59.207Z, applicationUserId: 63f5fe75-4fbb-4328-a2dd-b7224778752e, tokenCustomerId: 019c6bee-028a-70e4-98ea-557b645a3ae0, roles: Array(1), customerAccessCount: 10} @ http://localhost:4200/chunk-72LYY77U.js:59
[ 1145010ms] [LOG] %cLINK [SignalR] Construyendo conexion... color: blue; font-style: italic; @ http://localhost:4200/chunk-72LYY77U.js:59
[ 1145011ms] [LOG] %cHEADSET [SignalR] Registrando listeners... color: cyan; font-style: italic; @ http://localhost:4200/chunk-72LYY77U.js:59
[ 1145011ms] [LOG] %cLINK [SignalR] Iniciando conexion... color: blue; font-style: italic; @ http://localhost:4200/chunk-72LYY77U.js:59
[ 1145012ms] [LOG] %c [AuthTrace] trySilentLogin.finalize color: #8BC34A; font-style: italic; {at: 2026-09-13T19:41:59.209Z, isAuthenticated: true} @ http://localhost:4200/chunk-72LYY77U.js:59
[ 1145013ms] [LOG] %c🏢 [Initializer] User session found. Initializing customer state... color: #3F51B5; font-style: italic; @ http://localhost:4200/chunk-72LYY77U.js:59
[ 1145013ms] [LOG] %c🔍 [StorageService] Recuperando valor para clave: 'customerId' color: #2196F3; font-style: italic; @ http://localhost:4200/chunk-72LYY77U.js:59
[ 1145014ms] [LOG] %c [CustomerTrace] initialize.start color: #FF9800; font-style: italic; {at: 2026-09-13T19:41:59.211Z, state: Object, storedCustomerId: 019c6bee-028a-70e4-98ea-557b645a3ae0, tokenCustomerId: 019c6bee-028a-70e4-98ea-557b645a3ae0, customerAccess: Array(10)} @ http://localhost:4200/chunk-72LYY77U.js:59
[ 1145015ms] [LOG] %c🔍 [StorageService] Recuperando valor para clave: 'customerId' color: #2196F3; font-style: italic; @ http://localhost:4200/chunk-72LYY77U.js:59
[ 1145015ms] [LOG] %c🔍 [StorageService] Recuperando valor para clave: 'customerId' color: #2196F3; font-style: italic; @ http://localhost:4200/chunk-72LYY77U.js:59
[ 1145016ms] [LOG] %c [CustomerTrace] initialize.selected-customer color: #FF9800; font-style: italic; {at: 2026-09-13T19:41:59.213Z, state: Object, storedCustomerId: 019c6bee-028a-70e4-98ea-557b645a3ae0, selectedCustomerId: 019c6bee-028a-70e4-98ea-557b645a3ae0} @ http://localhost:4200/chunk-72LYY77U.js:59
[ 1145016ms] [LOG] %c💾 [StorageService] Guardando clave: 'customerId' color: #FF9800; font-style: italic; {value: 019c6bee-028a-70e4-98ea-557b645a3ae0} @ http://localhost:4200/chunk-72LYY77U.js:59
[ 1145017ms] [LOG] %c✅ [StorageService] Clave 'customerId' guardada exitosamente. color: #4CAF50; font-style: italic; @ http://localhost:4200/chunk-72LYY77U.js:59
[ 1145017ms] [LOG] %c🔍 [StorageService] Recuperando valor para clave: 'customerId' color: #2196F3; font-style: italic; @ http://localhost:4200/chunk-72LYY77U.js:59
[ 1145018ms] [LOG] %c [CustomerTrace] loadDataForCustomer.start color: #FF9800; font-style: italic; {at: 2026-09-13T19:41:59.215Z, state: Object, storedCustomerId: 019c6bee-028a-70e4-98ea-557b645a3ae0, customerId: 019c6bee-028a-70e4-98ea-557b645a3ae0} @ http://localhost:4200/chunk-72LYY77U.js:59
[ 1145020ms] [LOG] %c🛡️ [JwtInterceptorFn] Auth check completado. Interceptando ruta: color: #FF0000; font-style: italic; http://localhost:7070/api/customers/019c6bee-028a-70e4-98ea-557b645a3ae0 @ http://localhost:4200/chunk-72LYY77U.js:59
[ 1145021ms] [LOG] %c🔍 [StorageService] Recuperando valor para clave: 'customerId' color: #2196F3; font-style: italic; @ http://localhost:4200/chunk-72LYY77U.js:59
[ 1145022ms] [LOG] %c🔍 [StorageService] Recuperando valor para clave: 'customerId' color: #2196F3; font-style: italic; @ http://localhost:4200/chunk-72LYY77U.js:59
[ 1145022ms] [LOG] %c [JwtTrace] request color: #F44336; font-style: italic; {at: 2026-09-13T19:41:59.219Z, url: http://localhost:7070/api/customers/019c6bee-028a-70e4-98ea-557b645a3ae0, method: GET, appUserId: 63f5fe75-4fbb-4328-a2dd-b7224778752e, storageCustomerId: 019c6bee-028a-70e4-98ea-557b645a3ae0} @ http://localhost:4200/chunk-72LYY77U.js:59
[ 1145043ms] [INFO] [2026-09-13T19:41:59.241Z] Information: WebSocket connected to ws://localhost:7070/ws/notificationHub?id=qR0r16bDy-gq77qbJwUVig&access_token=eyJhbGciOiJIUzI1NiIsInR5cCI6IkpXVCJ9.eyJzdWIiOiI2M2Y1ZmU3NS00ZmJiLTQzMjgtYTJkZC1iNzIyNDc3ODc1MmUiLCJqdGkiOiIwMWEwOWM0YS02ZmZmLTdjOWItODNlNy01Mjc1MTNkNTEzZDMiLCJpYXQiOjE3ODkzMjg1MTksIm5hbWUiOiJBZG1pbmlzdHJhZG9yIExCRyIsImVtYWlsIjoiaW5mb0BsdXh1cnlidWlsZGluZy5jb20ubXgiLCJ1c2VybmFtZSI6ImFkbWluIiwiY3VzdG9tZXJJZCI6IjAxOWM2YmVlLTAyOGEtNzBlNC05OGVhLTU1N2I2NDVhM2FlMCIsImN1c3RvbWVyTmFtZSI6IkxVWFVSWSBCVUlMRElORyBHUk9VUCBTQSBERSBDViIsImZpcnN0TmFtZSI6IkFkbWluaXN0cmFkb3IiLCJsYXN0TmFtZSI6IkxCRyIsInBob25lIjoiKDU1KSAwMDAwLSAwMDAwIiwicGhvdG9QYXRoIjoiaHR0cDovL2xvY2FsaG9zdDo3MDcwL2FwaS9maWxlcy9kb3dubG9hZD9maWxlUGF0aD1wdWJsaWMlMmZBZG1pbmlzdHJhdGlvbiUyZmFjY291bnRzJTJmMDE5ZmE0NjUtMTkyMC03NzcyLWE5NDgtNzZhMDFlOGFiNzZjLnBuZyIsInBvc2l0aW9uIjoiRGVzY29ub2NpZG8iLCJodHRwOi8vc2NoZW1hcy5taWNyb3NvZnQuY29tL3dzLzIwMDgvMDYvaWRlbnRpdHkvY2xhaW1zL3JvbGUiOiJTdXBlclVzdWFyaW8iLCJyb2xlSWQiOiI2OTlkN2NjMS1kMTQzLTQ5ODUtYjU1YS1kMDMwODY0YzY5M2UiLCJleHAiOjE3ODkzMzIxMTksImlzcyI6Imh0dHBzOi8vbG9jYWxob3N0OjcwNjkiLCJhdWQiOiJodHRwczovL2xvY2FsaG9zdDo0MjAwIn0.O-guffTq4fXewa4DYa3v1d5eOa6PEm2SckqpJaZUw-o. @ http://localhost:4200/@fs/D:/repos/luxuryapp-api/appsweb/angular/.angular/cache/22.1.8/luxury-app/vite/deps/@microsoft_signalr.js?v=74c2038a:308
[ 1145044ms] [INFO] [2026-09-13T19:41:59.241Z] Information: Using HubProtocol 'json'. @ http://localhost:4200/@fs/D:/repos/luxuryapp-api/appsweb/angular/.angular/cache/22.1.8/luxury-app/vite/deps/@microsoft_signalr.js?v=74c2038a:308
[ 1145045ms] [LOG] %cLINK [SignalR] Conexion iniciada con exito. color: green; font-style: italic; @ http://localhost:4200/chunk-72LYY77U.js:59
[ 1145046ms] [LOG] %cSTATE [SignalR] connectionId = '1xUFBfqJ_mPIxzmBEp0l_Q' color: green; font-style: italic; @ http://localhost:4200/chunk-72LYY77U.js:59
[ 1145046ms] [LOG] %cUSER [SignalR] Evento ConnectedUser recibido: color: blue; font-style: italic; Bienvenido 63f5fe75-4fbb-4328-a2dd-b7224778752e @ http://localhost:4200/chunk-72LYY77U.js:59
[ 1145052ms] [LOG] %c🔍 [StorageService] Recuperando valor para clave: 'customerId' color: #2196F3; font-style: italic; @ http://localhost:4200/chunk-72LYY77U.js:59
[ 1145052ms] [LOG] %c [CustomerTrace] loadDataForCustomer.response color: #FF9800; font-style: italic; {at: 2026-09-13T19:41:59.249Z, state: Object, storedCustomerId: 019c6bee-028a-70e4-98ea-557b645a3ae0, customerId: 019c6bee-028a-70e4-98ea-557b645a3ae0, success: true} @ http://localhost:4200/chunk-72LYY77U.js:59
[ 1145053ms] [LOG] %c🔍 [StorageService] Recuperando valor para clave: 'customerId' color: #2196F3; font-style: italic; @ http://localhost:4200/chunk-72LYY77U.js:59
[ 1145053ms] [LOG] %c [CustomerTrace] loadDataForCustomer.ready color: #FF9800; font-style: italic; {at: 2026-09-13T19:41:59.250Z, state: Object, storedCustomerId: 019c6bee-028a-70e4-98ea-557b645a3ae0, customerId: 019c6bee-028a-70e4-98ea-557b645a3ae0} @ http://localhost:4200/chunk-72LYY77U.js:59
[ 1145054ms] [LOG] %c✅ [Initializer] State initialization complete. color: green; font-style: italic; @ http://localhost:4200/chunk-72LYY77U.js:59
[ 1145057ms] [LOG] %c🔄 UpdateService: Inicializando servicio de actualizaciones color: blue; font-weight: bold; @ http://localhost:4200/chunk-WEIOKMZ7.js:10
[ 1145057ms] [LOG] %c🔄 UpdateService: ❌ Service Worker NO habilitado color: red; font-weight: bold; @ http://localhost:4200/chunk-WEIOKMZ7.js:22
[ 1145071ms] [LOG] %c🚀 [App] ¡Aplicación iniciada! Soy más ligero y rápido que nunca. color: #673AB7; font-style: italic; @ http://localhost:4200/chunk-72LYY77U.js:59
[ 1145099ms] [LOG] Angular is running in development mode. @ http://localhost:4200/@fs/D:/repos/luxuryapp-api/appsweb/angular/.angular/cache/22.1.8/luxury-app/vite/deps/core-gRj2gSiC.js?v=74c2038a:9175
[ 1145530ms] [LOG] %c🎉 [LayoutEmployee] ¡Layout de empleado cargado! Despertando a los gigantes (SignalR, OneSignal...) color: #2196F3; font-style: italic; @ http://localhost:4200/chunk-72LYY77U.js:59
[ 1145531ms] [LOG] %cLINK [SignalR] Construyendo conexion... color: blue; font-style: italic; @ http://localhost:4200/chunk-72LYY77U.js:59
[ 1145531ms] [LOG] %cHEADSET [SignalR] Registrando listeners... color: cyan; font-style: italic; @ http://localhost:4200/chunk-72LYY77U.js:59
[ 1145532ms] [LOG] %cLINK [SignalR] Iniciando conexion... color: blue; font-style: italic; @ http://localhost:4200/chunk-72LYY77U.js:59
[ 1145533ms] [LOG] %cℹ️ [LayoutEmployee] Usuario 63f5fe75-4fbb-4328-a2dd-b7224778752e autenticado. Iniciando OneSignal... color: dodgerblue;font-style: italic @ http://localhost:4200/chunk-72LYY77U.js:72
[ 1145533ms] [LOG] %c... [OneSignal] Esperando que el SDK este listo... color: orange; font-style: italic; @ http://localhost:4200/chunk-72LYY77U.js:59
[ 1145557ms] [LOG] %c🛡️ [JwtInterceptorFn] Auth check completado. Interceptando ruta: color: #FF0000; font-style: italic; http://localhost:7070/api/select-item-enum/status-orden-compra/false @ http://localhost:4200/chunk-72LYY77U.js:59
[ 1145558ms] [LOG] %c🔍 [StorageService] Recuperando valor para clave: 'customerId' color: #2196F3; font-style: italic; @ http://localhost:4200/chunk-72LYY77U.js:59
[ 1145559ms] [LOG] %c🔍 [StorageService] Recuperando valor para clave: 'customerId' color: #2196F3; font-style: italic; @ http://localhost:4200/chunk-72LYY77U.js:59
[ 1145560ms] [LOG] %c [JwtTrace] request color: #F44336; font-style: italic; {at: 2026-09-13T19:41:59.757Z, url: http://localhost:7070/api/select-item-enum/status-orden-compra/false, method: GET, appUserId: 63f5fe75-4fbb-4328-a2dd-b7224778752e, storageCustomerId: 019c6bee-028a-70e4-98ea-557b645a3ae0} @ http://localhost:4200/chunk-72LYY77U.js:59
[ 1145563ms] [LOG] %c🛡️ [JwtInterceptorFn] Auth check completado. Interceptando ruta: color: #FF0000; font-style: italic; http://localhost:7070/api/solicitud-compra/get-solicitud-compra-individual/1 @ http://localhost:4200/chunk-72LYY77U.js:59
[ 1145564ms] [LOG] %c🔍 [StorageService] Recuperando valor para clave: 'customerId' color: #2196F3; font-style: italic; @ http://localhost:4200/chunk-72LYY77U.js:59
[ 1145565ms] [LOG] %c🔍 [StorageService] Recuperando valor para clave: 'customerId' color: #2196F3; font-style: italic; @ http://localhost:4200/chunk-72LYY77U.js:59
[ 1145568ms] [LOG] %c [JwtTrace] request color: #F44336; font-style: italic; {at: 2026-09-13T19:41:59.762Z, url: http://localhost:7070/api/solicitud-compra/get-solicitud-compra-individual/1, method: GET, appUserId: 63f5fe75-4fbb-4328-a2dd-b7224778752e, storageCustomerId: 019c6bee-028a-70e4-98ea-557b645a3ae0} @ http://localhost:4200/chunk-72LYY77U.js:59
[ 1145575ms] [LOG] %c🛡️ [JwtInterceptorFn] Auth check completado. Interceptando ruta: color: #FF0000; font-style: italic; http://localhost:7070/api/orden-compra/cotizaciones-relacionadas/1 @ http://localhost:4200/chunk-72LYY77U.js:59
[ 1145577ms] [LOG] %c🔍 [StorageService] Recuperando valor para clave: 'customerId' color: #2196F3; font-style: italic; @ http://localhost:4200/chunk-72LYY77U.js:59
[ 1145579ms] [LOG] %c🔍 [StorageService] Recuperando valor para clave: 'customerId' color: #2196F3; font-style: italic; @ http://localhost:4200/chunk-72LYY77U.js:59
[ 1145580ms] [LOG] %c [JwtTrace] request color: #F44336; font-style: italic; {at: 2026-09-13T19:41:59.776Z, url: http://localhost:7070/api/orden-compra/cotizaciones-relacionadas/1, method: GET, appUserId: 63f5fe75-4fbb-4328-a2dd-b7224778752e, storageCustomerId: 019c6bee-028a-70e4-98ea-557b645a3ae0} @ http://localhost:4200/chunk-72LYY77U.js:59
[ 1145639ms] [LOG] %c🛡️ [JwtInterceptorFn] Auth check completado. Interceptando ruta: color: #FF0000; font-style: italic; http://localhost:7070/api/select-items/measurement-units @ http://localhost:4200/chunk-72LYY77U.js:59
[ 1145642ms] [LOG] %c🔍 [StorageService] Recuperando valor para clave: 'customerId' color: #2196F3; font-style: italic; @ http://localhost:4200/chunk-72LYY77U.js:59
[ 1145645ms] [LOG] %c🔍 [StorageService] Recuperando valor para clave: 'customerId' color: #2196F3; font-style: italic; @ http://localhost:4200/chunk-72LYY77U.js:59
[ 1145648ms] [LOG] %c [JwtTrace] request color: #F44336; font-style: italic; {at: 2026-09-13T19:41:59.841Z, url: http://localhost:7070/api/select-items/measurement-units, method: GET, appUserId: 63f5fe75-4fbb-4328-a2dd-b7224778752e, storageCustomerId: 019c6bee-028a-70e4-98ea-557b645a3ae0} @ http://localhost:4200/chunk-72LYY77U.js:59
[ 1145671ms] [WARNING] 
  It looks like you're using the disabled attribute with a reactive form directive. If you set disabled to true
  when you set up this control in your component class, the disabled attribute will actually be set in the DOM for
  you. We recommend using this approach to avoid 'changed after checked' errors.

  Example:
  // Specify the `disabled` property at control creation time:
  form = new FormGroup({
    first: new FormControl({value: 'Nancy', disabled: true}, Validators.required),
    last: new FormControl('Drew', Validators.required)
  });

  // Controls can also be enabled/disabled after creation:
  form.get('first')?.enable();
  form.get('last')?.disable();
 @ http://localhost:4200/@fs/D:/repos/luxuryapp-api/appsweb/angular/.angular/cache/22.1.8/luxury-app/vite/deps/@angular_forms.js?v=74c2038a:3968
[ 1145896ms] [LOG] %c🛡️ [JwtInterceptorFn] Auth check completado. Interceptando ruta: color: #FF0000; font-style: italic; http://localhost:7070/api/notifications @ http://localhost:4200/chunk-72LYY77U.js:59
[ 1145897ms] [LOG] %c🔍 [StorageService] Recuperando valor para clave: 'customerId' color: #2196F3; font-style: italic; @ http://localhost:4200/chunk-72LYY77U.js:59
[ 1145898ms] [LOG] %c🔍 [StorageService] Recuperando valor para clave: 'customerId' color: #2196F3; font-style: italic; @ http://localhost:4200/chunk-72LYY77U.js:59
[ 1145899ms] [LOG] %c [JwtTrace] request color: #F44336; font-style: italic; {at: 2026-09-13T19:42:00.095Z, url: http://localhost:7070/api/notifications, method: GET, appUserId: 63f5fe75-4fbb-4328-a2dd-b7224778752e, storageCustomerId: 019c6bee-028a-70e4-98ea-557b645a3ae0} @ http://localhost:4200/chunk-72LYY77U.js:59
[ 1145902ms] [LOG] %c🛡️ [JwtInterceptorFn] Auth check completado. Interceptando ruta: color: #FF0000; font-style: italic; http://localhost:7070/api/notifications/unread-count @ http://localhost:4200/chunk-72LYY77U.js:59
[ 1145903ms] [LOG] %c🔍 [StorageService] Recuperando valor para clave: 'customerId' color: #2196F3; font-style: italic; @ http://localhost:4200/chunk-72LYY77U.js:59
[ 1145904ms] [LOG] %c🔍 [StorageService] Recuperando valor para clave: 'customerId' color: #2196F3; font-style: italic; @ http://localhost:4200/chunk-72LYY77U.js:59
[ 1145905ms] [LOG] %c [JwtTrace] request color: #F44336; font-style: italic; {at: 2026-09-13T19:42:00.101Z, url: http://localhost:7070/api/notifications/unread-count, method: GET, appUserId: 63f5fe75-4fbb-4328-a2dd-b7224778752e, storageCustomerId: 019c6bee-028a-70e4-98ea-557b645a3ae0} @ http://localhost:4200/chunk-72LYY77U.js:59
[ 1145930ms] [LOG] %c [MenuTrace] effect.tick color: #9C27B0; font-style: italic; {at: 2026-09-13T19:42:00.127Z, customerId: 019c6bee-028a-70e4-98ea-557b645a3ae0, customerReady: true, applicationUserId: 63f5fe75-4fbb-4328-a2dd-b7224778752e, lastCustomerId: null} @ http://localhost:4200/chunk-72LYY77U.js:59
[ 1145930ms] [LOG] %c [MenuService] Customer data and session are ready. Loading menu... color: green; font-style: italic; @ http://localhost:4200/chunk-72LYY77U.js:59
[ 1145930ms] [LOG] %c [MenuTrace] triggerMenuLoad.start color: #9C27B0; font-style: italic; {at: 2026-09-13T19:42:00.128Z, customerId: 019c6bee-028a-70e4-98ea-557b645a3ae0, customerReady: true, applicationUserId: 63f5fe75-4fbb-4328-a2dd-b7224778752e, lastCustomerId: null} @ http://localhost:4200/chunk-72LYY77U.js:59
[ 1145931ms] [LOG] %c🛡️ [JwtInterceptorFn] Auth check completado. Interceptando ruta: color: #FF0000; font-style: italic; http://localhost:7070/api/menu-items/019c6bee-028a-70e4-98ea-557b645a3ae0 @ http://localhost:4200/chunk-72LYY77U.js:59
[ 1145932ms] [LOG] %c🔍 [StorageService] Recuperando valor para clave: 'customerId' color: #2196F3; font-style: italic; @ http://localhost:4200/chunk-72LYY77U.js:59
[ 1145933ms] [LOG] %c🔍 [StorageService] Recuperando valor para clave: 'customerId' color: #2196F3; font-style: italic; @ http://localhost:4200/chunk-72LYY77U.js:59
[ 1145933ms] [LOG] %c [JwtTrace] request color: #F44336; font-style: italic; {at: 2026-09-13T19:42:00.130Z, url: http://localhost:7070/api/menu-items/019c6bee-028a-70e4-98ea-557b645a3ae0, method: GET, appUserId: 63f5fe75-4fbb-4328-a2dd-b7224778752e, storageCustomerId: 019c6bee-028a-70e4-98ea-557b645a3ae0} @ http://localhost:4200/chunk-72LYY77U.js:59
[ 1145938ms] [LOG] %cok [OneSignal] SDK listo color: green; font-style: italic; @ http://localhost:4200/chunk-72LYY77U.js:59
[ 1145969ms] [ERROR] Failed to load resource: the server responded with a status of 404 (Not Found) @ http://localhost:7070/api/files/download?filePath=public%2fAdministration%2faccounts%2f019fa465-1920-7772-a948-76a01e8ab76c.png:0
[ 1146017ms] [ERROR] Failed to load resource: the server responded with a status of 404 (Not Found) @ http://localhost:7070/api/solicitud-compra/get-solicitud-compra-individual/1:0
[ 1146019ms] [LOG] %c🚫 API Error: GET ITEM: solicitud-compra/get-solicitud-compra-individual/1 color: red;font-style: italic HttpErrorResponse @ http://localhost:4200/chunk-72LYY77U.js:72
[ 1146020ms] [ERROR] Failed to load resource: the server responded with a status of 404 (Not Found) @ http://localhost:7070/api/orden-compra/cotizaciones-relacionadas/1:0
[ 1146021ms] [LOG] %c🚫 API Error: GET LIST: orden-compra/cotizaciones-relacionadas/1 color: red;font-style: italic No se pudo completar la operacion. @ http://localhost:4200/chunk-72LYY77U.js:72
[ 1146169ms] TypeError: Cannot read properties of null (reading 'length')
    at SolicitudCompra_Template (http://localhost:4200/chunk-FUMMKIV5.js:1766:66)
    at executeTemplate (http://localhost:4200/@fs/D:/repos/luxuryapp-api/appsweb/angular/.angular/cache/22.1.8/luxury-app/vite/deps/core-gRj2gSiC.js?v=74c2038a:4239:3)
    at refreshView (http://localhost:4200/@fs/D:/repos/luxuryapp-api/appsweb/angular/.angular/cache/22.1.8/luxury-app/vite/deps/core-gRj2gSiC.js?v=74c2038a:4784:28)
    at detectChangesInView (http://localhost:4200/@fs/D:/repos/luxuryapp-api/appsweb/angular/.angular/cache/22.1.8/luxury-app/vite/deps/core-gRj2gSiC.js?v=74c2038a:4882:25)
    at detectChangesInViewWhileDirty (http://localhost:4200/@fs/D:/repos/luxuryapp-api/appsweb/angular/.angular/cache/22.1.8/luxury-app/vite/deps/core-gRj2gSiC.js?v=74c2038a:4738:3)
    at detectChangesInternal (http://localhost:4200/@fs/D:/repos/luxuryapp-api/appsweb/angular/.angular/cache/22.1.8/luxury-app/vite/deps/core-gRj2gSiC.js?v=74c2038a:4729:3)
    at ViewRef$1.detectChanges (http://localhost:4200/@fs/D:/repos/luxuryapp-api/appsweb/angular/.angular/cache/22.1.8/luxury-app/vite/deps/core-gRj2gSiC.js?v=74c2038a:5090:3)
    at http://localhost:4200/chunk-FUMMKIV5.js:1558:16
[ 1146164ms] [LOG] %c [API SUCCESS]: GET ITEM: select-items/measurement-units color: dodgerblue; font-style: italic; [Object, Object, Object, Object, Object, Object, Object, Object, Object, Object, Object, Object, Object, Object, Object, Object, Object, Object, Object, Object, Object, Object, Object, Object, Object, Object] @ http://localhost:4200/chunk-72LYY77U.js:59
[ 1146165ms] [LOG] %c [API SUCCESS]: GET LIST: select-item-enum/status-orden-compra/false color: teal; font-style: italic; [Object, Object, Object] @ http://localhost:4200/chunk-72LYY77U.js:59
[ 1146166ms] [LOG] %c🛡️ [JwtInterceptorFn] Auth check completado. Interceptando ruta: color: #FF0000; font-style: italic; http://localhost:7070/api/select-item-enum/tipo-solicitud-compra/false @ http://localhost:4200/chunk-72LYY77U.js:59
[ 1146167ms] [LOG] %c🔍 [StorageService] Recuperando valor para clave: 'customerId' color: #2196F3; font-style: italic; @ http://localhost:4200/chunk-72LYY77U.js:59
[ 1146167ms] [LOG] %c🔍 [StorageService] Recuperando valor para clave: 'customerId' color: #2196F3; font-style: italic; @ http://localhost:4200/chunk-72LYY77U.js:59
[ 1146168ms] [LOG] %c [JwtTrace] request color: #F44336; font-style: italic; {at: 2026-09-13T19:42:00.365Z, url: http://localhost:7070/api/select-item-enum/tipo-solicitud-compra/false, method: GET, appUserId: 63f5fe75-4fbb-4328-a2dd-b7224778752e, storageCustomerId: 019c6bee-028a-70e4-98ea-557b645a3ae0} @ http://localhost:4200/chunk-72LYY77U.js:59
[ 1146187ms] [LOG] %c [API SUCCESS]: GET NoLoading: notifications color: gray; font-style: italic; [Object, Object] @ http://localhost:4200/chunk-72LYY77U.js:59
[ 1146195ms] [LOG] %c [API SUCCESS]: GET NoLoading: notifications/unread-count color: gray; font-style: italic; 2 @ http://localhost:4200/chunk-72LYY77U.js:59
[ 1146225ms] [INFO] [2026-09-13T19:42:00.423Z] Information: WebSocket connected to ws://localhost:7070/ws/notificationHub?id=n14uYPRGdR2rh9jLfMtaBg&access_token=eyJhbGciOiJIUzI1NiIsInR5cCI6IkpXVCJ9.eyJzdWIiOiI2M2Y1ZmU3NS00ZmJiLTQzMjgtYTJkZC1iNzIyNDc3ODc1MmUiLCJqdGkiOiIwMWEwOWM0YS02ZmZmLTdjOWItODNlNy01Mjc1MTNkNTEzZDMiLCJpYXQiOjE3ODkzMjg1MTksIm5hbWUiOiJBZG1pbmlzdHJhZG9yIExCRyIsImVtYWlsIjoiaW5mb0BsdXh1cnlidWlsZGluZy5jb20ubXgiLCJ1c2VybmFtZSI6ImFkbWluIiwiY3VzdG9tZXJJZCI6IjAxOWM2YmVlLTAyOGEtNzBlNC05OGVhLTU1N2I2NDVhM2FlMCIsImN1c3RvbWVyTmFtZSI6IkxVWFVSWSBCVUlMRElORyBHUk9VUCBTQSBERSBDViIsImZpcnN0TmFtZSI6IkFkbWluaXN0cmFkb3IiLCJsYXN0TmFtZSI6IkxCRyIsInBob25lIjoiKDU1KSAwMDAwLSAwMDAwIiwicGhvdG9QYXRoIjoiaHR0cDovL2xvY2FsaG9zdDo3MDcwL2FwaS9maWxlcy9kb3dubG9hZD9maWxlUGF0aD1wdWJsaWMlMmZBZG1pbmlzdHJhdGlvbiUyZmFjY291bnRzJTJmMDE5ZmE0NjUtMTkyMC03NzcyLWE5NDgtNzZhMDFlOGFiNzZjLnBuZyIsInBvc2l0aW9uIjoiRGVzY29ub2NpZG8iLCJodHRwOi8vc2NoZW1hcy5taWNyb3NvZnQuY29tL3dzLzIwMDgvMDYvaWRlbnRpdHkvY2xhaW1zL3JvbGUiOiJTdXBlclVzdWFyaW8iLCJyb2xlSWQiOiI2OTlkN2NjMS1kMTQzLTQ5ODUtYjU1YS1kMDMwODY0YzY5M2UiLCJleHAiOjE3ODkzMzIxMTksImlzcyI6Imh0dHBzOi8vbG9jYWxob3N0OjcwNjkiLCJhdWQiOiJodHRwczovL2xvY2FsaG9zdDo0MjAwIn0.O-guffTq4fXewa4DYa3v1d5eOa6PEm2SckqpJaZUw-o. @ http://localhost:4200/@fs/D:/repos/luxuryapp-api/appsweb/angular/.angular/cache/22.1.8/luxury-app/vite/deps/@microsoft_signalr.js?v=74c2038a:308
[ 1146226ms] [INFO] [2026-09-13T19:42:00.423Z] Information: Using HubProtocol 'json'. @ http://localhost:4200/@fs/D:/repos/luxuryapp-api/appsweb/angular/.angular/cache/22.1.8/luxury-app/vite/deps/@microsoft_signalr.js?v=74c2038a:308
[ 1146253ms] [LOG] %cLINK [SignalR] Conexion iniciada con exito. color: green; font-style: italic; @ http://localhost:4200/chunk-72LYY77U.js:59
[ 1146253ms] [LOG] %cSTATE [SignalR] connectionId = 'AWpOs660gHLU-oJR0UFqTw' color: green; font-style: italic; @ http://localhost:4200/chunk-72LYY77U.js:59
[ 1146260ms] [LOG] %cUSER [SignalR] Evento ConnectedUser recibido: color: blue; font-style: italic; Bienvenido 63f5fe75-4fbb-4328-a2dd-b7224778752e @ http://localhost:4200/chunk-72LYY77U.js:59
[ 1146296ms] [LOG] %c [API SUCCESS]: GET LIST: select-item-enum/tipo-solicitud-compra/false color: teal; font-style: italic; [Object, Object, Object, Object, Object] @ http://localhost:4200/chunk-72LYY77U.js:59
[ 1146297ms] [LOG] %c🛡️ [JwtInterceptorFn] Auth check completado. Interceptando ruta: color: #FF0000; font-style: italic; http://localhost:7070/api/select-item-enum/nivel-prioridad/false @ http://localhost:4200/chunk-72LYY77U.js:59
[ 1146298ms] [LOG] %c🔍 [StorageService] Recuperando valor para clave: 'customerId' color: #2196F3; font-style: italic; @ http://localhost:4200/chunk-72LYY77U.js:59
[ 1146298ms] [LOG] %c🔍 [StorageService] Recuperando valor para clave: 'customerId' color: #2196F3; font-style: italic; @ http://localhost:4200/chunk-72LYY77U.js:59
[ 1146299ms] [LOG] %c [JwtTrace] request color: #F44336; font-style: italic; {at: 2026-09-13T19:42:00.496Z, url: http://localhost:7070/api/select-item-enum/nivel-prioridad/false, method: GET, appUserId: 63f5fe75-4fbb-4328-a2dd-b7224778752e, storageCustomerId: 019c6bee-028a-70e4-98ea-557b645a3ae0} @ http://localhost:4200/chunk-72LYY77U.js:59
[ 1146304ms] [ERROR] [GlobalErrorHandler] TypeError: Cannot read properties of null (reading 'length')
    at SolicitudCompra_Template (http://localhost:4200/chunk-FUMMKIV5.js:1766:66)
    at executeTemplate (http://localhost:4200/@fs/D:/repos/luxuryapp-api/appsweb/angular/.angular/cache/22.1.8/luxury-app/vite/deps/core-gRj2gSiC.js?v=74c2038a:4239:3)
    at refreshView (http://localhost:4200/@fs/D:/repos/luxuryapp-api/appsweb/angular/.angular/cache/22.1.8/luxury-app/vite/deps/core-gRj2gSiC.js?v=74c2038a:4784:28)
    at detectChangesInView (http://localhost:4200/@fs/D:/repos/luxuryapp-api/appsweb/angular/.angular/cache/22.1.8/luxury-app/vite/deps/core-gRj2gSiC.js?v=74c2038a:4882:25)
    at detectChangesInViewIfAttached (http://localhost:4200/@fs/D:/repos/luxuryapp-api/appsweb/angular/.angular/cache/22.1.8/luxury-app/vite/deps/core-gRj2gSiC.js?v=74c2038a:4868:2)
    at detectChangesInComponent (http://localhost:4200/@fs/D:/repos/luxuryapp-api/appsweb/angular/.angular/cache/22.1.8/luxury-app/vite/deps/core-gRj2gSiC.js?v=74c2038a:4861:3)
    at detectChangesInChildComponents (http://localhost:4200/@fs/D:/repos/luxuryapp-api/appsweb/angular/.angular/cache/22.1.8/luxury-app/vite/deps/core-gRj2gSiC.js?v=74c2038a:4897:46)
    at detectChangesInView (http://localhost:4200/@fs/D:/repos/luxuryapp-api/appsweb/angular/.angular/cache/22.1.8/luxury-app/vite/deps/core-gRj2gSiC.js?v=74c2038a:4889:29)
    at detectChangesInViewIfAttached (http://localhost:4200/@fs/D:/repos/luxuryapp-api/appsweb/angular/.angular/cache/22.1.8/luxury-app/vite/deps/core-gRj2gSiC.js?v=74c2038a:4868:2)
    at detectChangesInEmbeddedViews (http://localhost:4200/@fs/D:/repos/luxuryapp-api/appsweb/angular/.angular/cache/22.1.8/luxury-app/vite/deps/core-gRj2gSiC.js?v=74c2038a:4842:3) @ http://localhost:4200/chunk-AYL5KBWN.js:143
[ 1146340ms] [LOG] %c [API SUCCESS]: GET LIST: select-item-enum/nivel-prioridad/false color: teal; font-style: italic; [Object, Object, Object, Object] @ http://localhost:4200/chunk-72LYY77U.js:59
[ 1146342ms] [ERROR] [GlobalErrorHandler] TypeError: Cannot read properties of null (reading 'length')
    at SolicitudCompra_Template (http://localhost:4200/chunk-FUMMKIV5.js:1766:66)
    at executeTemplate (http://localhost:4200/@fs/D:/repos/luxuryapp-api/appsweb/angular/.angular/cache/22.1.8/luxury-app/vite/deps/core-gRj2gSiC.js?v=74c2038a:4239:3)
    at refreshView (http://localhost:4200/@fs/D:/repos/luxuryapp-api/appsweb/angular/.angular/cache/22.1.8/luxury-app/vite/deps/core-gRj2gSiC.js?v=74c2038a:4784:28)
    at detectChangesInView (http://localhost:4200/@fs/D:/repos/luxuryapp-api/appsweb/angular/.angular/cache/22.1.8/luxury-app/vite/deps/core-gRj2gSiC.js?v=74c2038a:4882:25)
    at detectChangesInViewIfAttached (http://localhost:4200/@fs/D:/repos/luxuryapp-api/appsweb/angular/.angular/cache/22.1.8/luxury-app/vite/deps/core-gRj2gSiC.js?v=74c2038a:4868:2)
    at detectChangesInComponent (http://localhost:4200/@fs/D:/repos/luxuryapp-api/appsweb/angular/.angular/cache/22.1.8/luxury-app/vite/deps/core-gRj2gSiC.js?v=74c2038a:4861:3)
    at detectChangesInChildComponents (http://localhost:4200/@fs/D:/repos/luxuryapp-api/appsweb/angular/.angular/cache/22.1.8/luxury-app/vite/deps/core-gRj2gSiC.js?v=74c2038a:4897:46)
    at detectChangesInView (http://localhost:4200/@fs/D:/repos/luxuryapp-api/appsweb/angular/.angular/cache/22.1.8/luxury-app/vite/deps/core-gRj2gSiC.js?v=74c2038a:4889:29)
    at detectChangesInViewIfAttached (http://localhost:4200/@fs/D:/repos/luxuryapp-api/appsweb/angular/.angular/cache/22.1.8/luxury-app/vite/deps/core-gRj2gSiC.js?v=74c2038a:4868:2)
    at detectChangesInEmbeddedViews (http://localhost:4200/@fs/D:/repos/luxuryapp-api/appsweb/angular/.angular/cache/22.1.8/luxury-app/vite/deps/core-gRj2gSiC.js?v=74c2038a:4842:3) @ http://localhost:4200/chunk-AYL5KBWN.js:143
[ 1146344ms] [LOG] %c [API SUCCESS]: GET LIST: menu-items/019c6bee-028a-70e4-98ea-557b645a3ae0 color: teal; font-style: italic; [Object, Object, Object, Object, Object, Object, Object, Object, Object, Object, Object, Object, Object, Object, Object, Object, Object, Object, Object, Object, Object, Object, Object, Object] @ http://localhost:4200/chunk-72LYY77U.js:59
[ 1146345ms] [LOG] %c [MenuTrace] fetchMenuItemsFromApi.success color: #9C27B0; font-style: italic; {at: 2026-09-13T19:42:00.542Z, customerId: 019c6bee-028a-70e4-98ea-557b645a3ae0, customerReady: true, applicationUserId: 63f5fe75-4fbb-4328-a2dd-b7224778752e, lastCustomerId: 019c6bee-028a-70e4-98ea-557b645a3ae0} @ http://localhost:4200/chunk-72LYY77U.js:59
[ 1146345ms] [LOG] %c [MenuTrace] triggerMenuLoad.response color: #9C27B0; font-style: italic; {at: 2026-09-13T19:42:00.543Z, customerId: 019c6bee-028a-70e4-98ea-557b645a3ae0, customerReady: true, applicationUserId: 63f5fe75-4fbb-4328-a2dd-b7224778752e, lastCustomerId: 019c6bee-028a-70e4-98ea-557b645a3ae0} @ http://localhost:4200/chunk-72LYY77U.js:59
[ 1146441ms] [LOG] %cpkg [OneSignal] Inicializado con App ID: color: teal; font-style: italic; 3d1f1ce3-638f-4a30-b093-ab617baf91a8 @ http://localhost:4200/chunk-72LYY77U.js:59
[ 1146442ms] [LOG] %cear [OneSignal] Listeners registrados. color: cyan; font-style: italic; @ http://localhost:4200/chunk-72LYY77U.js:59
[ 1146442ms] [LOG] %cuser [OneSignal] Usuario logueado con ExternalUserId: 63f5fe75-4fbb-4328-a2dd-b7224778752e color: darkslateblue; font-style: italic; @ http://localhost:4200/chunk-72LYY77U.js:59
[ 1146443ms] [LOG] %csub [OneSignal] Permiso: color: dodgerblue; font-style: italic; false | Suscrito: false @ http://localhost:4200/chunk-72LYY77U.js:59
[ 1146443ms] [LOG] %cwarn [OneSignal] Usuario no completamente suscrito. color: orange; font-style: italic; @ http://localhost:4200/chunk-72LYY77U.js:59
[ 1212214ms] [LOG] %c📦 [StorageService] Inicializando servicio de almacenamiento local... color: #3F51B5; font-style: italic; @ http://localhost:4200/chunk-72LYY77U.js:59
[ 1212215ms] [LOG] %c [AuthService] Verificando ruta inicial: /purchases/solicitud-compra/1 | Es publica: false color: #9C27B0; font-style: italic; @ http://localhost:4200/chunk-72LYY77U.js:59
[ 1212215ms] [LOG] %c [AuthService] Ruta no publica. Intentando login silencioso... color: #009688; font-style: italic; @ http://localhost:4200/chunk-72LYY77U.js:59
[ 1212218ms] [LOG] %c🚀 [Initializer] Starting application state initialization... color: purple; font-style: italic; @ http://localhost:4200/chunk-72LYY77U.js:59
[ 1212312ms] [LOG] %c [AuthService] Token renovado. Actualizando sesion en memoria. color: color: #4CAF50; font-style: italic;; font-style: italic; @ http://localhost:4200/chunk-72LYY77U.js:59
[ 1212312ms] [LOG] %c [AuthTrace] refresh.success.before-set color: #03A9F4; font-style: italic; {at: 2026-09-13T19:43:06.510Z, applicationUserId: 63f5fe75-4fbb-4328-a2dd-b7224778752e, tokenCustomerId: 019c6bee-028a-70e4-98ea-557b645a3ae0, roles: Array(1), customerAccessCount: 10} @ http://localhost:4200/chunk-72LYY77U.js:59
[ 1212312ms] [LOG] %c [AuthTrace] refresh.success.after-set color: #03A9F4; font-style: italic; {at: 2026-09-13T19:43:06.510Z, applicationUserId: 63f5fe75-4fbb-4328-a2dd-b7224778752e, tokenCustomerId: 019c6bee-028a-70e4-98ea-557b645a3ae0, roles: Array(1), customerAccessCount: 10} @ http://localhost:4200/chunk-72LYY77U.js:59
[ 1212313ms] [LOG] %cLINK [SignalR] Construyendo conexion... color: blue; font-style: italic; @ http://localhost:4200/chunk-72LYY77U.js:59
[ 1212313ms] [LOG] %cHEADSET [SignalR] Registrando listeners... color: cyan; font-style: italic; @ http://localhost:4200/chunk-72LYY77U.js:59
[ 1212313ms] [LOG] %cLINK [SignalR] Iniciando conexion... color: blue; font-style: italic; @ http://localhost:4200/chunk-72LYY77U.js:59
[ 1212314ms] [LOG] %c [AuthTrace] trySilentLogin.finalize color: #8BC34A; font-style: italic; {at: 2026-09-13T19:43:06.511Z, isAuthenticated: true} @ http://localhost:4200/chunk-72LYY77U.js:59
[ 1212315ms] [LOG] %c🏢 [Initializer] User session found. Initializing customer state... color: #3F51B5; font-style: italic; @ http://localhost:4200/chunk-72LYY77U.js:59
[ 1212315ms] [LOG] %c🔍 [StorageService] Recuperando valor para clave: 'customerId' color: #2196F3; font-style: italic; @ http://localhost:4200/chunk-72LYY77U.js:59
[ 1212316ms] [LOG] %c [CustomerTrace] initialize.start color: #FF9800; font-style: italic; {at: 2026-09-13T19:43:06.512Z, state: Object, storedCustomerId: 019c6bee-028a-70e4-98ea-557b645a3ae0, tokenCustomerId: 019c6bee-028a-70e4-98ea-557b645a3ae0, customerAccess: Array(10)} @ http://localhost:4200/chunk-72LYY77U.js:59
[ 1212316ms] [LOG] %c🔍 [StorageService] Recuperando valor para clave: 'customerId' color: #2196F3; font-style: italic; @ http://localhost:4200/chunk-72LYY77U.js:59
[ 1212316ms] [LOG] %c🔍 [StorageService] Recuperando valor para clave: 'customerId' color: #2196F3; font-style: italic; @ http://localhost:4200/chunk-72LYY77U.js:59
[ 1212317ms] [LOG] %c [CustomerTrace] initialize.selected-customer color: #FF9800; font-style: italic; {at: 2026-09-13T19:43:06.514Z, state: Object, storedCustomerId: 019c6bee-028a-70e4-98ea-557b645a3ae0, selectedCustomerId: 019c6bee-028a-70e4-98ea-557b645a3ae0} @ http://localhost:4200/chunk-72LYY77U.js:59
[ 1212317ms] [LOG] %c💾 [StorageService] Guardando clave: 'customerId' color: #FF9800; font-style: italic; {value: 019c6bee-028a-70e4-98ea-557b645a3ae0} @ http://localhost:4200/chunk-72LYY77U.js:59
[ 1212318ms] [LOG] %c✅ [StorageService] Clave 'customerId' guardada exitosamente. color: #4CAF50; font-style: italic; @ http://localhost:4200/chunk-72LYY77U.js:59
[ 1212318ms] [LOG] %c🔍 [StorageService] Recuperando valor para clave: 'customerId' color: #2196F3; font-style: italic; @ http://localhost:4200/chunk-72LYY77U.js:59
[ 1212319ms] [LOG] %c [CustomerTrace] loadDataForCustomer.start color: #FF9800; font-style: italic; {at: 2026-09-13T19:43:06.516Z, state: Object, storedCustomerId: 019c6bee-028a-70e4-98ea-557b645a3ae0, customerId: 019c6bee-028a-70e4-98ea-557b645a3ae0} @ http://localhost:4200/chunk-72LYY77U.js:59
[ 1212320ms] [LOG] %c🛡️ [JwtInterceptorFn] Auth check completado. Interceptando ruta: color: #FF0000; font-style: italic; http://localhost:7070/api/customers/019c6bee-028a-70e4-98ea-557b645a3ae0 @ http://localhost:4200/chunk-72LYY77U.js:59
[ 1212321ms] [LOG] %c🔍 [StorageService] Recuperando valor para clave: 'customerId' color: #2196F3; font-style: italic; @ http://localhost:4200/chunk-72LYY77U.js:59
[ 1212322ms] [LOG] %c🔍 [StorageService] Recuperando valor para clave: 'customerId' color: #2196F3; font-style: italic; @ http://localhost:4200/chunk-72LYY77U.js:59
[ 1212322ms] [LOG] %c [JwtTrace] request color: #F44336; font-style: italic; {at: 2026-09-13T19:43:06.519Z, url: http://localhost:7070/api/customers/019c6bee-028a-70e4-98ea-557b645a3ae0, method: GET, appUserId: 63f5fe75-4fbb-4328-a2dd-b7224778752e, storageCustomerId: 019c6bee-028a-70e4-98ea-557b645a3ae0} @ http://localhost:4200/chunk-72LYY77U.js:59
[ 1212346ms] [INFO] [2026-09-13T19:43:06.544Z] Information: WebSocket connected to ws://localhost:7070/ws/notificationHub?id=8aAs0mpqnf1BthWppux0Gg&access_token=eyJhbGciOiJIUzI1NiIsInR5cCI6IkpXVCJ9.eyJzdWIiOiI2M2Y1ZmU3NS00ZmJiLTQzMjgtYTJkZC1iNzIyNDc3ODc1MmUiLCJqdGkiOiIwMWEwOWM0Yi03NmRjLTcxYzUtYjdlOS1jZTNiY2MzZGJjMWQiLCJpYXQiOjE3ODkzMjg1ODYsIm5hbWUiOiJBZG1pbmlzdHJhZG9yIExCRyIsImVtYWlsIjoiaW5mb0BsdXh1cnlidWlsZGluZy5jb20ubXgiLCJ1c2VybmFtZSI6ImFkbWluIiwiY3VzdG9tZXJJZCI6IjAxOWM2YmVlLTAyOGEtNzBlNC05OGVhLTU1N2I2NDVhM2FlMCIsImN1c3RvbWVyTmFtZSI6IkxVWFVSWSBCVUlMRElORyBHUk9VUCBTQSBERSBDViIsImZpcnN0TmFtZSI6IkFkbWluaXN0cmFkb3IiLCJsYXN0TmFtZSI6IkxCRyIsInBob25lIjoiKDU1KSAwMDAwLSAwMDAwIiwicGhvdG9QYXRoIjoiaHR0cDovL2xvY2FsaG9zdDo3MDcwL2FwaS9maWxlcy9kb3dubG9hZD9maWxlUGF0aD1wdWJsaWMlMmZBZG1pbmlzdHJhdGlvbiUyZmFjY291bnRzJTJmMDE5ZmE0NjUtMTkyMC03NzcyLWE5NDgtNzZhMDFlOGFiNzZjLnBuZyIsInBvc2l0aW9uIjoiRGVzY29ub2NpZG8iLCJodHRwOi8vc2NoZW1hcy5taWNyb3NvZnQuY29tL3dzLzIwMDgvMDYvaWRlbnRpdHkvY2xhaW1zL3JvbGUiOiJTdXBlclVzdWFyaW8iLCJyb2xlSWQiOiI2OTlkN2NjMS1kMTQzLTQ5ODUtYjU1YS1kMDMwODY0YzY5M2UiLCJleHAiOjE3ODkzMzIxODYsImlzcyI6Imh0dHBzOi8vbG9jYWxob3N0OjcwNjkiLCJhdWQiOiJodHRwczovL2xvY2FsaG9zdDo0MjAwIn0.-q_462l9MUB4ieGAu4YQ9jMmObTwHNQgwYSen-DYjeY. @ http://localhost:4200/@fs/D:/repos/luxuryapp-api/appsweb/angular/.angular/cache/22.1.8/luxury-app/vite/deps/@microsoft_signalr.js?v=74c2038a:308
[ 1212347ms] [INFO] [2026-09-13T19:43:06.545Z] Information: Using HubProtocol 'json'. @ http://localhost:4200/@fs/D:/repos/luxuryapp-api/appsweb/angular/.angular/cache/22.1.8/luxury-app/vite/deps/@microsoft_signalr.js?v=74c2038a:308
[ 1212354ms] [LOG] %cLINK [SignalR] Conexion iniciada con exito. color: green; font-style: italic; @ http://localhost:4200/chunk-72LYY77U.js:59
[ 1212354ms] [LOG] %cSTATE [SignalR] connectionId = '0sAdDrxZgy-XA6UNjxfDmA' color: green; font-style: italic; @ http://localhost:4200/chunk-72LYY77U.js:59
[ 1212355ms] [LOG] %cUSER [SignalR] Evento ConnectedUser recibido: color: blue; font-style: italic; Bienvenido 63f5fe75-4fbb-4328-a2dd-b7224778752e @ http://localhost:4200/chunk-72LYY77U.js:59
[ 1212367ms] [LOG] %c🔍 [StorageService] Recuperando valor para clave: 'customerId' color: #2196F3; font-style: italic; @ http://localhost:4200/chunk-72LYY77U.js:59
[ 1212367ms] [LOG] %c [CustomerTrace] loadDataForCustomer.response color: #FF9800; font-style: italic; {at: 2026-09-13T19:43:06.564Z, state: Object, storedCustomerId: 019c6bee-028a-70e4-98ea-557b645a3ae0, customerId: 019c6bee-028a-70e4-98ea-557b645a3ae0, success: true} @ http://localhost:4200/chunk-72LYY77U.js:59
[ 1212367ms] [LOG] %c🔍 [StorageService] Recuperando valor para clave: 'customerId' color: #2196F3; font-style: italic; @ http://localhost:4200/chunk-72LYY77U.js:59
[ 1212367ms] [LOG] %c [CustomerTrace] loadDataForCustomer.ready color: #FF9800; font-style: italic; {at: 2026-09-13T19:43:06.565Z, state: Object, storedCustomerId: 019c6bee-028a-70e4-98ea-557b645a3ae0, customerId: 019c6bee-028a-70e4-98ea-557b645a3ae0} @ http://localhost:4200/chunk-72LYY77U.js:59
[ 1212368ms] [LOG] %c✅ [Initializer] State initialization complete. color: green; font-style: italic; @ http://localhost:4200/chunk-72LYY77U.js:59
[ 1212370ms] [LOG] %c🔄 UpdateService: Inicializando servicio de actualizaciones color: blue; font-weight: bold; @ http://localhost:4200/chunk-WEIOKMZ7.js:10
[ 1212370ms] [LOG] %c🔄 UpdateService: ❌ Service Worker NO habilitado color: red; font-weight: bold; @ http://localhost:4200/chunk-WEIOKMZ7.js:22
[ 1212387ms] [LOG] %c🚀 [App] ¡Aplicación iniciada! Soy más ligero y rápido que nunca. color: #673AB7; font-style: italic; @ http://localhost:4200/chunk-72LYY77U.js:59
[ 1212407ms] [LOG] Angular is running in development mode. @ http://localhost:4200/@fs/D:/repos/luxuryapp-api/appsweb/angular/.angular/cache/22.1.8/luxury-app/vite/deps/core-gRj2gSiC.js?v=74c2038a:9175
[ 1212865ms] [LOG] %c🎉 [LayoutEmployee] ¡Layout de empleado cargado! Despertando a los gigantes (SignalR, OneSignal...) color: #2196F3; font-style: italic; @ http://localhost:4200/chunk-72LYY77U.js:59
[ 1212866ms] [LOG] %cLINK [SignalR] Construyendo conexion... color: blue; font-style: italic; @ http://localhost:4200/chunk-72LYY77U.js:59
[ 1212867ms] [LOG] %cHEADSET [SignalR] Registrando listeners... color: cyan; font-style: italic; @ http://localhost:4200/chunk-72LYY77U.js:59
[ 1212867ms] [LOG] %cLINK [SignalR] Iniciando conexion... color: blue; font-style: italic; @ http://localhost:4200/chunk-72LYY77U.js:59
[ 1212869ms] [LOG] %cℹ️ [LayoutEmployee] Usuario 63f5fe75-4fbb-4328-a2dd-b7224778752e autenticado. Iniciando OneSignal... color: dodgerblue;font-style: italic @ http://localhost:4200/chunk-72LYY77U.js:72
[ 1212869ms] [LOG] %c... [OneSignal] Esperando que el SDK este listo... color: orange; font-style: italic; @ http://localhost:4200/chunk-72LYY77U.js:59
[ 1212906ms] [LOG] %c🛡️ [JwtInterceptorFn] Auth check completado. Interceptando ruta: color: #FF0000; font-style: italic; http://localhost:7070/api/select-item-enum/status-orden-compra/false @ http://localhost:4200/chunk-72LYY77U.js:59
[ 1212907ms] [LOG] %c🔍 [StorageService] Recuperando valor para clave: 'customerId' color: #2196F3; font-style: italic; @ http://localhost:4200/chunk-72LYY77U.js:59
[ 1212907ms] [LOG] %c🔍 [StorageService] Recuperando valor para clave: 'customerId' color: #2196F3; font-style: italic; @ http://localhost:4200/chunk-72LYY77U.js:59
[ 1212908ms] [LOG] %c [JwtTrace] request color: #F44336; font-style: italic; {at: 2026-09-13T19:43:07.105Z, url: http://localhost:7070/api/select-item-enum/status-orden-compra/false, method: GET, appUserId: 63f5fe75-4fbb-4328-a2dd-b7224778752e, storageCustomerId: 019c6bee-028a-70e4-98ea-557b645a3ae0} @ http://localhost:4200/chunk-72LYY77U.js:59
[ 1212911ms] [LOG] %c🛡️ [JwtInterceptorFn] Auth check completado. Interceptando ruta: color: #FF0000; font-style: italic; http://localhost:7070/api/solicitud-compra/get-solicitud-compra-individual/1 @ http://localhost:4200/chunk-72LYY77U.js:59
[ 1212912ms] [LOG] %c🔍 [StorageService] Recuperando valor para clave: 'customerId' color: #2196F3; font-style: italic; @ http://localhost:4200/chunk-72LYY77U.js:59
[ 1212912ms] [LOG] %c🔍 [StorageService] Recuperando valor para clave: 'customerId' color: #2196F3; font-style: italic; @ http://localhost:4200/chunk-72LYY77U.js:59
[ 1212913ms] [LOG] %c [JwtTrace] request color: #F44336; font-style: italic; {at: 2026-09-13T19:43:07.110Z, url: http://localhost:7070/api/solicitud-compra/get-solicitud-compra-individual/1, method: GET, appUserId: 63f5fe75-4fbb-4328-a2dd-b7224778752e, storageCustomerId: 019c6bee-028a-70e4-98ea-557b645a3ae0} @ http://localhost:4200/chunk-72LYY77U.js:59
[ 1212916ms] [LOG] %c🛡️ [JwtInterceptorFn] Auth check completado. Interceptando ruta: color: #FF0000; font-style: italic; http://localhost:7070/api/orden-compra/cotizaciones-relacionadas/1 @ http://localhost:4200/chunk-72LYY77U.js:59
[ 1212918ms] [LOG] %c🔍 [StorageService] Recuperando valor para clave: 'customerId' color: #2196F3; font-style: italic; @ http://localhost:4200/chunk-72LYY77U.js:59
[ 1212919ms] [LOG] %c🔍 [StorageService] Recuperando valor para clave: 'customerId' color: #2196F3; font-style: italic; @ http://localhost:4200/chunk-72LYY77U.js:59
[ 1212921ms] [LOG] %c [JwtTrace] request color: #F44336; font-style: italic; {at: 2026-09-13T19:43:07.116Z, url: http://localhost:7070/api/orden-compra/cotizaciones-relacionadas/1, method: GET, appUserId: 63f5fe75-4fbb-4328-a2dd-b7224778752e, storageCustomerId: 019c6bee-028a-70e4-98ea-557b645a3ae0} @ http://localhost:4200/chunk-72LYY77U.js:59
[ 1212950ms] [LOG] %c🛡️ [JwtInterceptorFn] Auth check completado. Interceptando ruta: color: #FF0000; font-style: italic; http://localhost:7070/api/select-items/measurement-units @ http://localhost:4200/chunk-72LYY77U.js:59
[ 1212951ms] [LOG] %c🔍 [StorageService] Recuperando valor para clave: 'customerId' color: #2196F3; font-style: italic; @ http://localhost:4200/chunk-72LYY77U.js:59
[ 1212952ms] [LOG] %c🔍 [StorageService] Recuperando valor para clave: 'customerId' color: #2196F3; font-style: italic; @ http://localhost:4200/chunk-72LYY77U.js:59
[ 1212953ms] [LOG] %c [JwtTrace] request color: #F44336; font-style: italic; {at: 2026-09-13T19:43:07.149Z, url: http://localhost:7070/api/select-items/measurement-units, method: GET, appUserId: 63f5fe75-4fbb-4328-a2dd-b7224778752e, storageCustomerId: 019c6bee-028a-70e4-98ea-557b645a3ae0} @ http://localhost:4200/chunk-72LYY77U.js:59
[ 1212970ms] [WARNING] 
  It looks like you're using the disabled attribute with a reactive form directive. If you set disabled to true
  when you set up this control in your component class, the disabled attribute will actually be set in the DOM for
  you. We recommend using this approach to avoid 'changed after checked' errors.

  Example:
  // Specify the `disabled` property at control creation time:
  form = new FormGroup({
    first: new FormControl({value: 'Nancy', disabled: true}, Validators.required),
    last: new FormControl('Drew', Validators.required)
  });

  // Controls can also be enabled/disabled after creation:
  form.get('first')?.enable();
  form.get('last')?.disable();
 @ http://localhost:4200/@fs/D:/repos/luxuryapp-api/appsweb/angular/.angular/cache/22.1.8/luxury-app/vite/deps/@angular_forms.js?v=74c2038a:3968
[ 1213163ms] [LOG] %c🛡️ [JwtInterceptorFn] Auth check completado. Interceptando ruta: color: #FF0000; font-style: italic; http://localhost:7070/api/notifications @ http://localhost:4200/chunk-72LYY77U.js:59
[ 1213164ms] [LOG] %c🔍 [StorageService] Recuperando valor para clave: 'customerId' color: #2196F3; font-style: italic; @ http://localhost:4200/chunk-72LYY77U.js:59
[ 1213166ms] [LOG] %c🔍 [StorageService] Recuperando valor para clave: 'customerId' color: #2196F3; font-style: italic; @ http://localhost:4200/chunk-72LYY77U.js:59
[ 1213166ms] [LOG] %c [JwtTrace] request color: #F44336; font-style: italic; {at: 2026-09-13T19:43:07.363Z, url: http://localhost:7070/api/notifications, method: GET, appUserId: 63f5fe75-4fbb-4328-a2dd-b7224778752e, storageCustomerId: 019c6bee-028a-70e4-98ea-557b645a3ae0} @ http://localhost:4200/chunk-72LYY77U.js:59
[ 1213170ms] [LOG] %c🛡️ [JwtInterceptorFn] Auth check completado. Interceptando ruta: color: #FF0000; font-style: italic; http://localhost:7070/api/notifications/unread-count @ http://localhost:4200/chunk-72LYY77U.js:59
[ 1213172ms] [LOG] %c🔍 [StorageService] Recuperando valor para clave: 'customerId' color: #2196F3; font-style: italic; @ http://localhost:4200/chunk-72LYY77U.js:59
[ 1213173ms] [LOG] %c🔍 [StorageService] Recuperando valor para clave: 'customerId' color: #2196F3; font-style: italic; @ http://localhost:4200/chunk-72LYY77U.js:59
[ 1213173ms] [LOG] %c [JwtTrace] request color: #F44336; font-style: italic; {at: 2026-09-13T19:43:07.370Z, url: http://localhost:7070/api/notifications/unread-count, method: GET, appUserId: 63f5fe75-4fbb-4328-a2dd-b7224778752e, storageCustomerId: 019c6bee-028a-70e4-98ea-557b645a3ae0} @ http://localhost:4200/chunk-72LYY77U.js:59
[ 1213209ms] [LOG] %c [MenuTrace] effect.tick color: #9C27B0; font-style: italic; {at: 2026-09-13T19:43:07.406Z, customerId: 019c6bee-028a-70e4-98ea-557b645a3ae0, customerReady: true, applicationUserId: 63f5fe75-4fbb-4328-a2dd-b7224778752e, lastCustomerId: null} @ http://localhost:4200/chunk-72LYY77U.js:59
[ 1213210ms] [LOG] %c [MenuService] Customer data and session are ready. Loading menu... color: green; font-style: italic; @ http://localhost:4200/chunk-72LYY77U.js:59
[ 1213211ms] [LOG] %c [MenuTrace] triggerMenuLoad.start color: #9C27B0; font-style: italic; {at: 2026-09-13T19:43:07.408Z, customerId: 019c6bee-028a-70e4-98ea-557b645a3ae0, customerReady: true, applicationUserId: 63f5fe75-4fbb-4328-a2dd-b7224778752e, lastCustomerId: null} @ http://localhost:4200/chunk-72LYY77U.js:59
[ 1213212ms] [LOG] %c🛡️ [JwtInterceptorFn] Auth check completado. Interceptando ruta: color: #FF0000; font-style: italic; http://localhost:7070/api/menu-items/019c6bee-028a-70e4-98ea-557b645a3ae0 @ http://localhost:4200/chunk-72LYY77U.js:59
[ 1213213ms] [LOG] %c🔍 [StorageService] Recuperando valor para clave: 'customerId' color: #2196F3; font-style: italic; @ http://localhost:4200/chunk-72LYY77U.js:59
[ 1213214ms] [LOG] %c🔍 [StorageService] Recuperando valor para clave: 'customerId' color: #2196F3; font-style: italic; @ http://localhost:4200/chunk-72LYY77U.js:59
[ 1213214ms] [LOG] %c [JwtTrace] request color: #F44336; font-style: italic; {at: 2026-09-13T19:43:07.411Z, url: http://localhost:7070/api/menu-items/019c6bee-028a-70e4-98ea-557b645a3ae0, method: GET, appUserId: 63f5fe75-4fbb-4328-a2dd-b7224778752e, storageCustomerId: 019c6bee-028a-70e4-98ea-557b645a3ae0} @ http://localhost:4200/chunk-72LYY77U.js:59
[ 1213219ms] [LOG] %cok [OneSignal] SDK listo color: green; font-style: italic; @ http://localhost:4200/chunk-72LYY77U.js:59
[ 1213239ms] [ERROR] Failed to load resource: the server responded with a status of 404 (Not Found) @ http://localhost:7070/api/files/download?filePath=public%2fAdministration%2faccounts%2f019fa465-1920-7772-a948-76a01e8ab76c.png:0
[ 1213251ms] [ERROR] Failed to load resource: the server responded with a status of 404 (Not Found) @ http://localhost:7070/api/solicitud-compra/get-solicitud-compra-individual/1:0
[ 1213251ms] [LOG] %c🚫 API Error: GET ITEM: solicitud-compra/get-solicitud-compra-individual/1 color: red;font-style: italic HttpErrorResponse @ http://localhost:4200/chunk-72LYY77U.js:72
[ 1213252ms] [ERROR] Failed to load resource: the server responded with a status of 404 (Not Found) @ http://localhost:7070/api/orden-compra/cotizaciones-relacionadas/1:0
[ 1213253ms] [LOG] %c🚫 API Error: GET LIST: orden-compra/cotizaciones-relacionadas/1 color: red;font-style: italic No se pudo completar la operacion. @ http://localhost:4200/chunk-72LYY77U.js:72
[ 1213344ms] TypeError: Cannot read properties of null (reading 'length')
    at SolicitudCompra_Template (http://localhost:4200/chunk-FUMMKIV5.js:1766:66)
    at executeTemplate (http://localhost:4200/@fs/D:/repos/luxuryapp-api/appsweb/angular/.angular/cache/22.1.8/luxury-app/vite/deps/core-gRj2gSiC.js?v=74c2038a:4239:3)
    at refreshView (http://localhost:4200/@fs/D:/repos/luxuryapp-api/appsweb/angular/.angular/cache/22.1.8/luxury-app/vite/deps/core-gRj2gSiC.js?v=74c2038a:4784:28)
    at detectChangesInView (http://localhost:4200/@fs/D:/repos/luxuryapp-api/appsweb/angular/.angular/cache/22.1.8/luxury-app/vite/deps/core-gRj2gSiC.js?v=74c2038a:4882:25)
    at detectChangesInViewWhileDirty (http://localhost:4200/@fs/D:/repos/luxuryapp-api/appsweb/angular/.angular/cache/22.1.8/luxury-app/vite/deps/core-gRj2gSiC.js?v=74c2038a:4738:3)
    at detectChangesInternal (http://localhost:4200/@fs/D:/repos/luxuryapp-api/appsweb/angular/.angular/cache/22.1.8/luxury-app/vite/deps/core-gRj2gSiC.js?v=74c2038a:4729:3)
    at ViewRef$1.detectChanges (http://localhost:4200/@fs/D:/repos/luxuryapp-api/appsweb/angular/.angular/cache/22.1.8/luxury-app/vite/deps/core-gRj2gSiC.js?v=74c2038a:5090:3)
    at http://localhost:4200/chunk-FUMMKIV5.js:1558:16
[ 1213344ms] [LOG] %c [API SUCCESS]: GET LIST: select-item-enum/status-orden-compra/false color: teal; font-style: italic; [Object, Object, Object] @ http://localhost:4200/chunk-72LYY77U.js:59
[ 1213345ms] [LOG] %c🛡️ [JwtInterceptorFn] Auth check completado. Interceptando ruta: color: #FF0000; font-style: italic; http://localhost:7070/api/select-item-enum/tipo-solicitud-compra/false @ http://localhost:4200/chunk-72LYY77U.js:59
[ 1213345ms] [LOG] %c🔍 [StorageService] Recuperando valor para clave: 'customerId' color: #2196F3; font-style: italic; @ http://localhost:4200/chunk-72LYY77U.js:59
[ 1213346ms] [LOG] %c🔍 [StorageService] Recuperando valor para clave: 'customerId' color: #2196F3; font-style: italic; @ http://localhost:4200/chunk-72LYY77U.js:59
[ 1213346ms] [LOG] %c [JwtTrace] request color: #F44336; font-style: italic; {at: 2026-09-13T19:43:07.543Z, url: http://localhost:7070/api/select-item-enum/tipo-solicitud-compra/false, method: GET, appUserId: 63f5fe75-4fbb-4328-a2dd-b7224778752e, storageCustomerId: 019c6bee-028a-70e4-98ea-557b645a3ae0} @ http://localhost:4200/chunk-72LYY77U.js:59
[ 1213349ms] [LOG] %c [API SUCCESS]: GET ITEM: select-items/measurement-units color: dodgerblue; font-style: italic; [Object, Object, Object, Object, Object, Object, Object, Object, Object, Object, Object, Object, Object, Object, Object, Object, Object, Object, Object, Object, Object, Object, Object, Object, Object, Object] @ http://localhost:4200/chunk-72LYY77U.js:59
[ 1213350ms] [LOG] %c [API SUCCESS]: GET NoLoading: notifications color: gray; font-style: italic; [Object, Object] @ http://localhost:4200/chunk-72LYY77U.js:59
[ 1213351ms] [LOG] %c [API SUCCESS]: GET NoLoading: notifications/unread-count color: gray; font-style: italic; 2 @ http://localhost:4200/chunk-72LYY77U.js:59
[ 1213368ms] [LOG] %c [API SUCCESS]: GET LIST: menu-items/019c6bee-028a-70e4-98ea-557b645a3ae0 color: teal; font-style: italic; [Object, Object, Object, Object, Object, Object, Object, Object, Object, Object, Object, Object, Object, Object, Object, Object, Object, Object, Object, Object, Object, Object, Object, Object] @ http://localhost:4200/chunk-72LYY77U.js:59
[ 1213369ms] [LOG] %c [MenuTrace] fetchMenuItemsFromApi.success color: #9C27B0; font-style: italic; {at: 2026-09-13T19:43:07.566Z, customerId: 019c6bee-028a-70e4-98ea-557b645a3ae0, customerReady: true, applicationUserId: 63f5fe75-4fbb-4328-a2dd-b7224778752e, lastCustomerId: 019c6bee-028a-70e4-98ea-557b645a3ae0} @ http://localhost:4200/chunk-72LYY77U.js:59
[ 1213369ms] [LOG] %c [MenuTrace] triggerMenuLoad.response color: #9C27B0; font-style: italic; {at: 2026-09-13T19:43:07.566Z, customerId: 019c6bee-028a-70e4-98ea-557b645a3ae0, customerReady: true, applicationUserId: 63f5fe75-4fbb-4328-a2dd-b7224778752e, lastCustomerId: 019c6bee-028a-70e4-98ea-557b645a3ae0} @ http://localhost:4200/chunk-72LYY77U.js:59
[ 1213440ms] [INFO] [2026-09-13T19:43:07.637Z] Information: WebSocket connected to ws://localhost:7070/ws/notificationHub?id=Jsa-wfaw9TLFOmAkzxfhGQ&access_token=eyJhbGciOiJIUzI1NiIsInR5cCI6IkpXVCJ9.eyJzdWIiOiI2M2Y1ZmU3NS00ZmJiLTQzMjgtYTJkZC1iNzIyNDc3ODc1MmUiLCJqdGkiOiIwMWEwOWM0Yi03NmRjLTcxYzUtYjdlOS1jZTNiY2MzZGJjMWQiLCJpYXQiOjE3ODkzMjg1ODYsIm5hbWUiOiJBZG1pbmlzdHJhZG9yIExCRyIsImVtYWlsIjoiaW5mb0BsdXh1cnlidWlsZGluZy5jb20ubXgiLCJ1c2VybmFtZSI6ImFkbWluIiwiY3VzdG9tZXJJZCI6IjAxOWM2YmVlLTAyOGEtNzBlNC05OGVhLTU1N2I2NDVhM2FlMCIsImN1c3RvbWVyTmFtZSI6IkxVWFVSWSBCVUlMRElORyBHUk9VUCBTQSBERSBDViIsImZpcnN0TmFtZSI6IkFkbWluaXN0cmFkb3IiLCJsYXN0TmFtZSI6IkxCRyIsInBob25lIjoiKDU1KSAwMDAwLSAwMDAwIiwicGhvdG9QYXRoIjoiaHR0cDovL2xvY2FsaG9zdDo3MDcwL2FwaS9maWxlcy9kb3dubG9hZD9maWxlUGF0aD1wdWJsaWMlMmZBZG1pbmlzdHJhdGlvbiUyZmFjY291bnRzJTJmMDE5ZmE0NjUtMTkyMC03NzcyLWE5NDgtNzZhMDFlOGFiNzZjLnBuZyIsInBvc2l0aW9uIjoiRGVzY29ub2NpZG8iLCJodHRwOi8vc2NoZW1hcy5taWNyb3NvZnQuY29tL3dzLzIwMDgvMDYvaWRlbnRpdHkvY2xhaW1zL3JvbGUiOiJTdXBlclVzdWFyaW8iLCJyb2xlSWQiOiI2OTlkN2NjMS1kMTQzLTQ5ODUtYjU1YS1kMDMwODY0YzY5M2UiLCJleHAiOjE3ODkzMzIxODYsImlzcyI6Imh0dHBzOi8vbG9jYWxob3N0OjcwNjkiLCJhdWQiOiJodHRwczovL2xvY2FsaG9zdDo0MjAwIn0.-q_462l9MUB4ieGAu4YQ9jMmObTwHNQgwYSen-DYjeY. @ http://localhost:4200/@fs/D:/repos/luxuryapp-api/appsweb/angular/.angular/cache/22.1.8/luxury-app/vite/deps/@microsoft_signalr.js?v=74c2038a:308
[ 1213441ms] [INFO] [2026-09-13T19:43:07.638Z] Information: Using HubProtocol 'json'. @ http://localhost:4200/@fs/D:/repos/luxuryapp-api/appsweb/angular/.angular/cache/22.1.8/luxury-app/vite/deps/@microsoft_signalr.js?v=74c2038a:308
[ 1213445ms] [LOG] %c [API SUCCESS]: GET LIST: select-item-enum/tipo-solicitud-compra/false color: teal; font-style: italic; [Object, Object, Object, Object, Object] @ http://localhost:4200/chunk-72LYY77U.js:59
[ 1213446ms] [LOG] %c🛡️ [JwtInterceptorFn] Auth check completado. Interceptando ruta: color: #FF0000; font-style: italic; http://localhost:7070/api/select-item-enum/nivel-prioridad/false @ http://localhost:4200/chunk-72LYY77U.js:59
[ 1213447ms] [LOG] %c🔍 [StorageService] Recuperando valor para clave: 'customerId' color: #2196F3; font-style: italic; @ http://localhost:4200/chunk-72LYY77U.js:59
[ 1213448ms] [LOG] %c🔍 [StorageService] Recuperando valor para clave: 'customerId' color: #2196F3; font-style: italic; @ http://localhost:4200/chunk-72LYY77U.js:59
[ 1213449ms] [LOG] %c [JwtTrace] request color: #F44336; font-style: italic; {at: 2026-09-13T19:43:07.645Z, url: http://localhost:7070/api/select-item-enum/nivel-prioridad/false, method: GET, appUserId: 63f5fe75-4fbb-4328-a2dd-b7224778752e, storageCustomerId: 019c6bee-028a-70e4-98ea-557b645a3ae0} @ http://localhost:4200/chunk-72LYY77U.js:59
[ 1213454ms] [ERROR] [GlobalErrorHandler] TypeError: Cannot read properties of null (reading 'length')
    at SolicitudCompra_Template (http://localhost:4200/chunk-FUMMKIV5.js:1766:66)
    at executeTemplate (http://localhost:4200/@fs/D:/repos/luxuryapp-api/appsweb/angular/.angular/cache/22.1.8/luxury-app/vite/deps/core-gRj2gSiC.js?v=74c2038a:4239:3)
    at refreshView (http://localhost:4200/@fs/D:/repos/luxuryapp-api/appsweb/angular/.angular/cache/22.1.8/luxury-app/vite/deps/core-gRj2gSiC.js?v=74c2038a:4784:28)
    at detectChangesInView (http://localhost:4200/@fs/D:/repos/luxuryapp-api/appsweb/angular/.angular/cache/22.1.8/luxury-app/vite/deps/core-gRj2gSiC.js?v=74c2038a:4882:25)
    at detectChangesInViewIfAttached (http://localhost:4200/@fs/D:/repos/luxuryapp-api/appsweb/angular/.angular/cache/22.1.8/luxury-app/vite/deps/core-gRj2gSiC.js?v=74c2038a:4868:2)
    at detectChangesInComponent (http://localhost:4200/@fs/D:/repos/luxuryapp-api/appsweb/angular/.angular/cache/22.1.8/luxury-app/vite/deps/core-gRj2gSiC.js?v=74c2038a:4861:3)
    at detectChangesInChildComponents (http://localhost:4200/@fs/D:/repos/luxuryapp-api/appsweb/angular/.angular/cache/22.1.8/luxury-app/vite/deps/core-gRj2gSiC.js?v=74c2038a:4897:46)
    at detectChangesInView (http://localhost:4200/@fs/D:/repos/luxuryapp-api/appsweb/angular/.angular/cache/22.1.8/luxury-app/vite/deps/core-gRj2gSiC.js?v=74c2038a:4889:29)
    at detectChangesInViewIfAttached (http://localhost:4200/@fs/D:/repos/luxuryapp-api/appsweb/angular/.angular/cache/22.1.8/luxury-app/vite/deps/core-gRj2gSiC.js?v=74c2038a:4868:2)
    at detectChangesInEmbeddedViews (http://localhost:4200/@fs/D:/repos/luxuryapp-api/appsweb/angular/.angular/cache/22.1.8/luxury-app/vite/deps/core-gRj2gSiC.js?v=74c2038a:4842:3) @ http://localhost:4200/chunk-AYL5KBWN.js:143
[ 1213464ms] [LOG] %cLINK [SignalR] Conexion iniciada con exito. color: green; font-style: italic; @ http://localhost:4200/chunk-72LYY77U.js:59
[ 1213464ms] [LOG] %cSTATE [SignalR] connectionId = 'Oarttupg_rlflrRzlLU4ag' color: green; font-style: italic; @ http://localhost:4200/chunk-72LYY77U.js:59
[ 1213479ms] [LOG] %cUSER [SignalR] Evento ConnectedUser recibido: color: blue; font-style: italic; Bienvenido 63f5fe75-4fbb-4328-a2dd-b7224778752e @ http://localhost:4200/chunk-72LYY77U.js:59
[ 1213521ms] [LOG] %c [API SUCCESS]: GET LIST: select-item-enum/nivel-prioridad/false color: teal; font-style: italic; [Object, Object, Object, Object] @ http://localhost:4200/chunk-72LYY77U.js:59
[ 1213522ms] [ERROR] [GlobalErrorHandler] TypeError: Cannot read properties of null (reading 'length')
    at SolicitudCompra_Template (http://localhost:4200/chunk-FUMMKIV5.js:1766:66)
    at executeTemplate (http://localhost:4200/@fs/D:/repos/luxuryapp-api/appsweb/angular/.angular/cache/22.1.8/luxury-app/vite/deps/core-gRj2gSiC.js?v=74c2038a:4239:3)
    at refreshView (http://localhost:4200/@fs/D:/repos/luxuryapp-api/appsweb/angular/.angular/cache/22.1.8/luxury-app/vite/deps/core-gRj2gSiC.js?v=74c2038a:4784:28)
    at detectChangesInView (http://localhost:4200/@fs/D:/repos/luxuryapp-api/appsweb/angular/.angular/cache/22.1.8/luxury-app/vite/deps/core-gRj2gSiC.js?v=74c2038a:4882:25)
    at detectChangesInViewIfAttached (http://localhost:4200/@fs/D:/repos/luxuryapp-api/appsweb/angular/.angular/cache/22.1.8/luxury-app/vite/deps/core-gRj2gSiC.js?v=74c2038a:4868:2)
    at detectChangesInComponent (http://localhost:4200/@fs/D:/repos/luxuryapp-api/appsweb/angular/.angular/cache/22.1.8/luxury-app/vite/deps/core-gRj2gSiC.js?v=74c2038a:4861:3)
    at detectChangesInChildComponents (http://localhost:4200/@fs/D:/repos/luxuryapp-api/appsweb/angular/.angular/cache/22.1.8/luxury-app/vite/deps/core-gRj2gSiC.js?v=74c2038a:4897:46)
    at detectChangesInView (http://localhost:4200/@fs/D:/repos/luxuryapp-api/appsweb/angular/.angular/cache/22.1.8/luxury-app/vite/deps/core-gRj2gSiC.js?v=74c2038a:4889:29)
    at detectChangesInViewIfAttached (http://localhost:4200/@fs/D:/repos/luxuryapp-api/appsweb/angular/.angular/cache/22.1.8/luxury-app/vite/deps/core-gRj2gSiC.js?v=74c2038a:4868:2)
    at detectChangesInEmbeddedViews (http://localhost:4200/@fs/D:/repos/luxuryapp-api/appsweb/angular/.angular/cache/22.1.8/luxury-app/vite/deps/core-gRj2gSiC.js?v=74c2038a:4842:3) @ http://localhost:4200/chunk-AYL5KBWN.js:143
[ 1213554ms] [LOG] %cpkg [OneSignal] Inicializado con App ID: color: teal; font-style: italic; 3d1f1ce3-638f-4a30-b093-ab617baf91a8 @ http://localhost:4200/chunk-72LYY77U.js:59
[ 1213555ms] [LOG] %cear [OneSignal] Listeners registrados. color: cyan; font-style: italic; @ http://localhost:4200/chunk-72LYY77U.js:59
[ 1213555ms] [LOG] %cuser [OneSignal] Usuario logueado con ExternalUserId: 63f5fe75-4fbb-4328-a2dd-b7224778752e color: darkslateblue; font-style: italic; @ http://localhost:4200/chunk-72LYY77U.js:59
[ 1213556ms] [LOG] %csub [OneSignal] Permiso: color: dodgerblue; font-style: italic; false | Suscrito: false @ http://localhost:4200/chunk-72LYY77U.js:59
[ 1213556ms] [LOG] %cwarn [OneSignal] Usuario no completamente suscrito. color: orange; font-style: italic; @ http://localhost:4200/chunk-72LYY77U.js:59
[ 1247602ms] [LOG] %c📦 [StorageService] Inicializando servicio de almacenamiento local... color: #3F51B5; font-style: italic; @ http://localhost:4200/chunk-72LYY77U.js:59
[ 1247603ms] [LOG] %c [AuthService] Verificando ruta inicial: /purchases/solicitud-compra/1 | Es publica: false color: #9C27B0; font-style: italic; @ http://localhost:4200/chunk-72LYY77U.js:59
[ 1247603ms] [LOG] %c [AuthService] Ruta no publica. Intentando login silencioso... color: #009688; font-style: italic; @ http://localhost:4200/chunk-72LYY77U.js:59
[ 1247606ms] [LOG] %c🚀 [Initializer] Starting application state initialization... color: purple; font-style: italic; @ http://localhost:4200/chunk-72LYY77U.js:59
[ 1247674ms] [LOG] %c [AuthService] Token renovado. Actualizando sesion en memoria. color: color: #4CAF50; font-style: italic;; font-style: italic; @ http://localhost:4200/chunk-72LYY77U.js:59
[ 1247675ms] [LOG] %c [AuthTrace] refresh.success.before-set color: #03A9F4; font-style: italic; {at: 2026-09-13T19:43:41.872Z, applicationUserId: 63f5fe75-4fbb-4328-a2dd-b7224778752e, tokenCustomerId: 019c6bee-028a-70e4-98ea-557b645a3ae0, roles: Array(1), customerAccessCount: 10} @ http://localhost:4200/chunk-72LYY77U.js:59
[ 1247675ms] [LOG] %c [AuthTrace] refresh.success.after-set color: #03A9F4; font-style: italic; {at: 2026-09-13T19:43:41.872Z, applicationUserId: 63f5fe75-4fbb-4328-a2dd-b7224778752e, tokenCustomerId: 019c6bee-028a-70e4-98ea-557b645a3ae0, roles: Array(1), customerAccessCount: 10} @ http://localhost:4200/chunk-72LYY77U.js:59
[ 1247675ms] [LOG] %cLINK [SignalR] Construyendo conexion... color: blue; font-style: italic; @ http://localhost:4200/chunk-72LYY77U.js:59
[ 1247676ms] [LOG] %cHEADSET [SignalR] Registrando listeners... color: cyan; font-style: italic; @ http://localhost:4200/chunk-72LYY77U.js:59
[ 1247676ms] [LOG] %cLINK [SignalR] Iniciando conexion... color: blue; font-style: italic; @ http://localhost:4200/chunk-72LYY77U.js:59
[ 1247676ms] [LOG] %c [AuthTrace] trySilentLogin.finalize color: #8BC34A; font-style: italic; {at: 2026-09-13T19:43:41.874Z, isAuthenticated: true} @ http://localhost:4200/chunk-72LYY77U.js:59
[ 1247677ms] [LOG] %c🏢 [Initializer] User session found. Initializing customer state... color: #3F51B5; font-style: italic; @ http://localhost:4200/chunk-72LYY77U.js:59
[ 1247677ms] [LOG] %c🔍 [StorageService] Recuperando valor para clave: 'customerId' color: #2196F3; font-style: italic; @ http://localhost:4200/chunk-72LYY77U.js:59
[ 1247678ms] [LOG] %c [CustomerTrace] initialize.start color: #FF9800; font-style: italic; {at: 2026-09-13T19:43:41.875Z, state: Object, storedCustomerId: 019c6bee-028a-70e4-98ea-557b645a3ae0, tokenCustomerId: 019c6bee-028a-70e4-98ea-557b645a3ae0, customerAccess: Array(10)} @ http://localhost:4200/chunk-72LYY77U.js:59
[ 1247678ms] [LOG] %c🔍 [StorageService] Recuperando valor para clave: 'customerId' color: #2196F3; font-style: italic; @ http://localhost:4200/chunk-72LYY77U.js:59
[ 1247678ms] [LOG] %c🔍 [StorageService] Recuperando valor para clave: 'customerId' color: #2196F3; font-style: italic; @ http://localhost:4200/chunk-72LYY77U.js:59
[ 1247679ms] [LOG] %c [CustomerTrace] initialize.selected-customer color: #FF9800; font-style: italic; {at: 2026-09-13T19:43:41.876Z, state: Object, storedCustomerId: 019c6bee-028a-70e4-98ea-557b645a3ae0, selectedCustomerId: 019c6bee-028a-70e4-98ea-557b645a3ae0} @ http://localhost:4200/chunk-72LYY77U.js:59
[ 1247679ms] [LOG] %c💾 [StorageService] Guardando clave: 'customerId' color: #FF9800; font-style: italic; {value: 019c6bee-028a-70e4-98ea-557b645a3ae0} @ http://localhost:4200/chunk-72LYY77U.js:59
[ 1247680ms] [LOG] %c✅ [StorageService] Clave 'customerId' guardada exitosamente. color: #4CAF50; font-style: italic; @ http://localhost:4200/chunk-72LYY77U.js:59
[ 1247680ms] [LOG] %c🔍 [StorageService] Recuperando valor para clave: 'customerId' color: #2196F3; font-style: italic; @ http://localhost:4200/chunk-72LYY77U.js:59
[ 1247681ms] [LOG] %c [CustomerTrace] loadDataForCustomer.start color: #FF9800; font-style: italic; {at: 2026-09-13T19:43:41.878Z, state: Object, storedCustomerId: 019c6bee-028a-70e4-98ea-557b645a3ae0, customerId: 019c6bee-028a-70e4-98ea-557b645a3ae0} @ http://localhost:4200/chunk-72LYY77U.js:59
[ 1247682ms] [LOG] %c🛡️ [JwtInterceptorFn] Auth check completado. Interceptando ruta: color: #FF0000; font-style: italic; http://localhost:7070/api/customers/019c6bee-028a-70e4-98ea-557b645a3ae0 @ http://localhost:4200/chunk-72LYY77U.js:59
[ 1247685ms] [LOG] %c🔍 [StorageService] Recuperando valor para clave: 'customerId' color: #2196F3; font-style: italic; @ http://localhost:4200/chunk-72LYY77U.js:59
[ 1247686ms] [LOG] %c🔍 [StorageService] Recuperando valor para clave: 'customerId' color: #2196F3; font-style: italic; @ http://localhost:4200/chunk-72LYY77U.js:59
[ 1247686ms] [LOG] %c [JwtTrace] request color: #F44336; font-style: italic; {at: 2026-09-13T19:43:41.883Z, url: http://localhost:7070/api/customers/019c6bee-028a-70e4-98ea-557b645a3ae0, method: GET, appUserId: 63f5fe75-4fbb-4328-a2dd-b7224778752e, storageCustomerId: 019c6bee-028a-70e4-98ea-557b645a3ae0} @ http://localhost:4200/chunk-72LYY77U.js:59
[ 1247698ms] [INFO] [2026-09-13T19:43:41.895Z] Information: WebSocket connected to ws://localhost:7070/ws/notificationHub?id=BGv0PIuKoM_505ECN7cKZA&access_token=eyJhbGciOiJIUzI1NiIsInR5cCI6IkpXVCJ9.eyJzdWIiOiI2M2Y1ZmU3NS00ZmJiLTQzMjgtYTJkZC1iNzIyNDc3ODc1MmUiLCJqdGkiOiIwMWEwOWM0Yy0wMTAxLTc1NjMtOTYzZC1lMGYzNzE4MDI4MTYiLCJpYXQiOjE3ODkzMjg2MjEsIm5hbWUiOiJBZG1pbmlzdHJhZG9yIExCRyIsImVtYWlsIjoiaW5mb0BsdXh1cnlidWlsZGluZy5jb20ubXgiLCJ1c2VybmFtZSI6ImFkbWluIiwiY3VzdG9tZXJJZCI6IjAxOWM2YmVlLTAyOGEtNzBlNC05OGVhLTU1N2I2NDVhM2FlMCIsImN1c3RvbWVyTmFtZSI6IkxVWFVSWSBCVUlMRElORyBHUk9VUCBTQSBERSBDViIsImZpcnN0TmFtZSI6IkFkbWluaXN0cmFkb3IiLCJsYXN0TmFtZSI6IkxCRyIsInBob25lIjoiKDU1KSAwMDAwLSAwMDAwIiwicGhvdG9QYXRoIjoiaHR0cDovL2xvY2FsaG9zdDo3MDcwL2FwaS9maWxlcy9kb3dubG9hZD9maWxlUGF0aD1wdWJsaWMlMmZBZG1pbmlzdHJhdGlvbiUyZmFjY291bnRzJTJmMDE5ZmE0NjUtMTkyMC03NzcyLWE5NDgtNzZhMDFlOGFiNzZjLnBuZyIsInBvc2l0aW9uIjoiRGVzY29ub2NpZG8iLCJodHRwOi8vc2NoZW1hcy5taWNyb3NvZnQuY29tL3dzLzIwMDgvMDYvaWRlbnRpdHkvY2xhaW1zL3JvbGUiOiJTdXBlclVzdWFyaW8iLCJyb2xlSWQiOiI2OTlkN2NjMS1kMTQzLTQ5ODUtYjU1YS1kMDMwODY0YzY5M2UiLCJleHAiOjE3ODkzMzIyMjEsImlzcyI6Imh0dHBzOi8vbG9jYWxob3N0OjcwNjkiLCJhdWQiOiJodHRwczovL2xvY2FsaG9zdDo0MjAwIn0.jOPpk9k7jo28E8AgzlK7ahgxqYaMtdfH7MJe1OXic54. @ http://localhost:4200/@fs/D:/repos/luxuryapp-api/appsweb/angular/.angular/cache/22.1.8/luxury-app/vite/deps/@microsoft_signalr.js?v=74c2038a:308
[ 1247698ms] [INFO] [2026-09-13T19:43:41.896Z] Information: Using HubProtocol 'json'. @ http://localhost:4200/@fs/D:/repos/luxuryapp-api/appsweb/angular/.angular/cache/22.1.8/luxury-app/vite/deps/@microsoft_signalr.js?v=74c2038a:308
[ 1247699ms] [LOG] %c🔍 [StorageService] Recuperando valor para clave: 'customerId' color: #2196F3; font-style: italic; @ http://localhost:4200/chunk-72LYY77U.js:59
[ 1247699ms] [LOG] %c [CustomerTrace] loadDataForCustomer.response color: #FF9800; font-style: italic; {at: 2026-09-13T19:43:41.896Z, state: Object, storedCustomerId: 019c6bee-028a-70e4-98ea-557b645a3ae0, customerId: 019c6bee-028a-70e4-98ea-557b645a3ae0, success: true} @ http://localhost:4200/chunk-72LYY77U.js:59
[ 1247699ms] [LOG] %c🔍 [StorageService] Recuperando valor para clave: 'customerId' color: #2196F3; font-style: italic; @ http://localhost:4200/chunk-72LYY77U.js:59
[ 1247699ms] [LOG] %c [CustomerTrace] loadDataForCustomer.ready color: #FF9800; font-style: italic; {at: 2026-09-13T19:43:41.897Z, state: Object, storedCustomerId: 019c6bee-028a-70e4-98ea-557b645a3ae0, customerId: 019c6bee-028a-70e4-98ea-557b645a3ae0} @ http://localhost:4200/chunk-72LYY77U.js:59
[ 1247700ms] [LOG] %c✅ [Initializer] State initialization complete. color: green; font-style: italic; @ http://localhost:4200/chunk-72LYY77U.js:59
[ 1247702ms] [LOG] %c🔄 UpdateService: Inicializando servicio de actualizaciones color: blue; font-weight: bold; @ http://localhost:4200/chunk-WEIOKMZ7.js:10
[ 1247703ms] [LOG] %c🔄 UpdateService: ❌ Service Worker NO habilitado color: red; font-weight: bold; @ http://localhost:4200/chunk-WEIOKMZ7.js:22
[ 1247711ms] [LOG] %c🚀 [App] ¡Aplicación iniciada! Soy más ligero y rápido que nunca. color: #673AB7; font-style: italic; @ http://localhost:4200/chunk-72LYY77U.js:59
[ 1247726ms] [LOG] Angular is running in development mode. @ http://localhost:4200/@fs/D:/repos/luxuryapp-api/appsweb/angular/.angular/cache/22.1.8/luxury-app/vite/deps/core-gRj2gSiC.js?v=74c2038a:9175
[ 1247728ms] [LOG] %cLINK [SignalR] Conexion iniciada con exito. color: green; font-style: italic; @ http://localhost:4200/chunk-72LYY77U.js:59
[ 1247729ms] [LOG] %cSTATE [SignalR] connectionId = 'yyas9Y4PPT8S3rBzMksl2A' color: green; font-style: italic; @ http://localhost:4200/chunk-72LYY77U.js:59
[ 1247731ms] [LOG] %cUSER [SignalR] Evento ConnectedUser recibido: color: blue; font-style: italic; Bienvenido 63f5fe75-4fbb-4328-a2dd-b7224778752e @ http://localhost:4200/chunk-72LYY77U.js:59
[ 1247969ms] [LOG] %c🎉 [LayoutEmployee] ¡Layout de empleado cargado! Despertando a los gigantes (SignalR, OneSignal...) color: #2196F3; font-style: italic; @ http://localhost:4200/chunk-72LYY77U.js:59
[ 1247969ms] [LOG] %cLINK [SignalR] Construyendo conexion... color: blue; font-style: italic; @ http://localhost:4200/chunk-72LYY77U.js:59
[ 1247969ms] [LOG] %cHEADSET [SignalR] Registrando listeners... color: cyan; font-style: italic; @ http://localhost:4200/chunk-72LYY77U.js:59
[ 1247970ms] [LOG] %cLINK [SignalR] Iniciando conexion... color: blue; font-style: italic; @ http://localhost:4200/chunk-72LYY77U.js:59
[ 1247970ms] [LOG] %cℹ️ [LayoutEmployee] Usuario 63f5fe75-4fbb-4328-a2dd-b7224778752e autenticado. Iniciando OneSignal... color: dodgerblue;font-style: italic @ http://localhost:4200/chunk-72LYY77U.js:72
[ 1247970ms] [LOG] %c... [OneSignal] Esperando que el SDK este listo... color: orange; font-style: italic; @ http://localhost:4200/chunk-72LYY77U.js:59
[ 1247994ms] [LOG] %c🛡️ [JwtInterceptorFn] Auth check completado. Interceptando ruta: color: #FF0000; font-style: italic; http://localhost:7070/api/select-item-enum/status-orden-compra/false @ http://localhost:4200/chunk-72LYY77U.js:59
[ 1247995ms] [LOG] %c🔍 [StorageService] Recuperando valor para clave: 'customerId' color: #2196F3; font-style: italic; @ http://localhost:4200/chunk-72LYY77U.js:59
[ 1247996ms] [LOG] %c🔍 [StorageService] Recuperando valor para clave: 'customerId' color: #2196F3; font-style: italic; @ http://localhost:4200/chunk-72LYY77U.js:59
[ 1247997ms] [LOG] %c [JwtTrace] request color: #F44336; font-style: italic; {at: 2026-09-13T19:43:42.193Z, url: http://localhost:7070/api/select-item-enum/status-orden-compra/false, method: GET, appUserId: 63f5fe75-4fbb-4328-a2dd-b7224778752e, storageCustomerId: 019c6bee-028a-70e4-98ea-557b645a3ae0} @ http://localhost:4200/chunk-72LYY77U.js:59
[ 1248000ms] [LOG] %c🛡️ [JwtInterceptorFn] Auth check completado. Interceptando ruta: color: #FF0000; font-style: italic; http://localhost:7070/api/solicitud-compra/get-solicitud-compra-individual/1 @ http://localhost:4200/chunk-72LYY77U.js:59
[ 1248001ms] [LOG] %c🔍 [StorageService] Recuperando valor para clave: 'customerId' color: #2196F3; font-style: italic; @ http://localhost:4200/chunk-72LYY77U.js:59
[ 1248002ms] [LOG] %c🔍 [StorageService] Recuperando valor para clave: 'customerId' color: #2196F3; font-style: italic; @ http://localhost:4200/chunk-72LYY77U.js:59
[ 1248002ms] [LOG] %c [JwtTrace] request color: #F44336; font-style: italic; {at: 2026-09-13T19:43:42.199Z, url: http://localhost:7070/api/solicitud-compra/get-solicitud-compra-individual/1, method: GET, appUserId: 63f5fe75-4fbb-4328-a2dd-b7224778752e, storageCustomerId: 019c6bee-028a-70e4-98ea-557b645a3ae0} @ http://localhost:4200/chunk-72LYY77U.js:59
[ 1248005ms] [LOG] %c🛡️ [JwtInterceptorFn] Auth check completado. Interceptando ruta: color: #FF0000; font-style: italic; http://localhost:7070/api/orden-compra/cotizaciones-relacionadas/1 @ http://localhost:4200/chunk-72LYY77U.js:59
[ 1248006ms] [LOG] %c🔍 [StorageService] Recuperando valor para clave: 'customerId' color: #2196F3; font-style: italic; @ http://localhost:4200/chunk-72LYY77U.js:59
[ 1248006ms] [LOG] %c🔍 [StorageService] Recuperando valor para clave: 'customerId' color: #2196F3; font-style: italic; @ http://localhost:4200/chunk-72LYY77U.js:59
[ 1248007ms] [LOG] %c [JwtTrace] request color: #F44336; font-style: italic; {at: 2026-09-13T19:43:42.204Z, url: http://localhost:7070/api/orden-compra/cotizaciones-relacionadas/1, method: GET, appUserId: 63f5fe75-4fbb-4328-a2dd-b7224778752e, storageCustomerId: 019c6bee-028a-70e4-98ea-557b645a3ae0} @ http://localhost:4200/chunk-72LYY77U.js:59
[ 1248047ms] [LOG] %c🛡️ [JwtInterceptorFn] Auth check completado. Interceptando ruta: color: #FF0000; font-style: italic; http://localhost:7070/api/select-items/measurement-units @ http://localhost:4200/chunk-72LYY77U.js:59
[ 1248049ms] [LOG] %c🔍 [StorageService] Recuperando valor para clave: 'customerId' color: #2196F3; font-style: italic; @ http://localhost:4200/chunk-72LYY77U.js:59
[ 1248050ms] [LOG] %c🔍 [StorageService] Recuperando valor para clave: 'customerId' color: #2196F3; font-style: italic; @ http://localhost:4200/chunk-72LYY77U.js:59
[ 1248051ms] [LOG] %c [JwtTrace] request color: #F44336; font-style: italic; {at: 2026-09-13T19:43:42.247Z, url: http://localhost:7070/api/select-items/measurement-units, method: GET, appUserId: 63f5fe75-4fbb-4328-a2dd-b7224778752e, storageCustomerId: 019c6bee-028a-70e4-98ea-557b645a3ae0} @ http://localhost:4200/chunk-72LYY77U.js:59
[ 1248063ms] [WARNING] 
  It looks like you're using the disabled attribute with a reactive form directive. If you set disabled to true
  when you set up this control in your component class, the disabled attribute will actually be set in the DOM for
  you. We recommend using this approach to avoid 'changed after checked' errors.

  Example:
  // Specify the `disabled` property at control creation time:
  form = new FormGroup({
    first: new FormControl({value: 'Nancy', disabled: true}, Validators.required),
    last: new FormControl('Drew', Validators.required)
  });

  // Controls can also be enabled/disabled after creation:
  form.get('first')?.enable();
  form.get('last')?.disable();
 @ http://localhost:4200/@fs/D:/repos/luxuryapp-api/appsweb/angular/.angular/cache/22.1.8/luxury-app/vite/deps/@angular_forms.js?v=74c2038a:3968
[ 1248231ms] [LOG] %c🛡️ [JwtInterceptorFn] Auth check completado. Interceptando ruta: color: #FF0000; font-style: italic; http://localhost:7070/api/notifications @ http://localhost:4200/chunk-72LYY77U.js:59
[ 1248232ms] [LOG] %c🔍 [StorageService] Recuperando valor para clave: 'customerId' color: #2196F3; font-style: italic; @ http://localhost:4200/chunk-72LYY77U.js:59
[ 1248235ms] [LOG] %c🔍 [StorageService] Recuperando valor para clave: 'customerId' color: #2196F3; font-style: italic; @ http://localhost:4200/chunk-72LYY77U.js:59
[ 1248237ms] [LOG] %c [JwtTrace] request color: #F44336; font-style: italic; {at: 2026-09-13T19:43:42.430Z, url: http://localhost:7070/api/notifications, method: GET, appUserId: 63f5fe75-4fbb-4328-a2dd-b7224778752e, storageCustomerId: 019c6bee-028a-70e4-98ea-557b645a3ae0} @ http://localhost:4200/chunk-72LYY77U.js:59
[ 1248240ms] [LOG] %c🛡️ [JwtInterceptorFn] Auth check completado. Interceptando ruta: color: #FF0000; font-style: italic; http://localhost:7070/api/notifications/unread-count @ http://localhost:4200/chunk-72LYY77U.js:59
[ 1248242ms] [LOG] %c🔍 [StorageService] Recuperando valor para clave: 'customerId' color: #2196F3; font-style: italic; @ http://localhost:4200/chunk-72LYY77U.js:59
[ 1248243ms] [LOG] %c🔍 [StorageService] Recuperando valor para clave: 'customerId' color: #2196F3; font-style: italic; @ http://localhost:4200/chunk-72LYY77U.js:59
[ 1248243ms] [LOG] %c [JwtTrace] request color: #F44336; font-style: italic; {at: 2026-09-13T19:43:42.440Z, url: http://localhost:7070/api/notifications/unread-count, method: GET, appUserId: 63f5fe75-4fbb-4328-a2dd-b7224778752e, storageCustomerId: 019c6bee-028a-70e4-98ea-557b645a3ae0} @ http://localhost:4200/chunk-72LYY77U.js:59
[ 1248273ms] [LOG] %c [MenuTrace] effect.tick color: #9C27B0; font-style: italic; {at: 2026-09-13T19:43:42.470Z, customerId: 019c6bee-028a-70e4-98ea-557b645a3ae0, customerReady: true, applicationUserId: 63f5fe75-4fbb-4328-a2dd-b7224778752e, lastCustomerId: null} @ http://localhost:4200/chunk-72LYY77U.js:59
[ 1248273ms] [LOG] %c [MenuService] Customer data and session are ready. Loading menu... color: green; font-style: italic; @ http://localhost:4200/chunk-72LYY77U.js:59
[ 1248274ms] [LOG] %c [MenuTrace] triggerMenuLoad.start color: #9C27B0; font-style: italic; {at: 2026-09-13T19:43:42.471Z, customerId: 019c6bee-028a-70e4-98ea-557b645a3ae0, customerReady: true, applicationUserId: 63f5fe75-4fbb-4328-a2dd-b7224778752e, lastCustomerId: null} @ http://localhost:4200/chunk-72LYY77U.js:59
[ 1248275ms] [LOG] %c🛡️ [JwtInterceptorFn] Auth check completado. Interceptando ruta: color: #FF0000; font-style: italic; http://localhost:7070/api/menu-items/019c6bee-028a-70e4-98ea-557b645a3ae0 @ http://localhost:4200/chunk-72LYY77U.js:59
[ 1248275ms] [LOG] %c🔍 [StorageService] Recuperando valor para clave: 'customerId' color: #2196F3; font-style: italic; @ http://localhost:4200/chunk-72LYY77U.js:59
[ 1248276ms] [LOG] %c🔍 [StorageService] Recuperando valor para clave: 'customerId' color: #2196F3; font-style: italic; @ http://localhost:4200/chunk-72LYY77U.js:59
[ 1248277ms] [LOG] %c [JwtTrace] request color: #F44336; font-style: italic; {at: 2026-09-13T19:43:42.473Z, url: http://localhost:7070/api/menu-items/019c6bee-028a-70e4-98ea-557b645a3ae0, method: GET, appUserId: 63f5fe75-4fbb-4328-a2dd-b7224778752e, storageCustomerId: 019c6bee-028a-70e4-98ea-557b645a3ae0} @ http://localhost:4200/chunk-72LYY77U.js:59
[ 1248283ms] [LOG] %cok [OneSignal] SDK listo color: green; font-style: italic; @ http://localhost:4200/chunk-72LYY77U.js:59
[ 1248302ms] [ERROR] Failed to load resource: the server responded with a status of 404 (Not Found) @ http://localhost:7070/api/files/download?filePath=public%2fAdministration%2faccounts%2f019fa465-1920-7772-a948-76a01e8ab76c.png:0
[ 1248328ms] [ERROR] Failed to load resource: the server responded with a status of 404 (Not Found) @ http://localhost:7070/api/solicitud-compra/get-solicitud-compra-individual/1:0
[ 1248329ms] [LOG] %c🚫 API Error: GET ITEM: solicitud-compra/get-solicitud-compra-individual/1 color: red;font-style: italic HttpErrorResponse @ http://localhost:4200/chunk-72LYY77U.js:72
[ 1248329ms] [ERROR] Failed to load resource: the server responded with a status of 404 (Not Found) @ http://localhost:7070/api/orden-compra/cotizaciones-relacionadas/1:0
[ 1248330ms] [LOG] %c🚫 API Error: GET LIST: orden-compra/cotizaciones-relacionadas/1 color: red;font-style: italic No se pudo completar la operacion. @ http://localhost:4200/chunk-72LYY77U.js:72
[ 1248361ms] TypeError: Cannot read properties of null (reading 'length')
    at SolicitudCompra_Template (http://localhost:4200/chunk-FUMMKIV5.js:1766:66)
    at executeTemplate (http://localhost:4200/@fs/D:/repos/luxuryapp-api/appsweb/angular/.angular/cache/22.1.8/luxury-app/vite/deps/core-gRj2gSiC.js?v=74c2038a:4239:3)
    at refreshView (http://localhost:4200/@fs/D:/repos/luxuryapp-api/appsweb/angular/.angular/cache/22.1.8/luxury-app/vite/deps/core-gRj2gSiC.js?v=74c2038a:4784:28)
    at detectChangesInView (http://localhost:4200/@fs/D:/repos/luxuryapp-api/appsweb/angular/.angular/cache/22.1.8/luxury-app/vite/deps/core-gRj2gSiC.js?v=74c2038a:4882:25)
    at detectChangesInViewWhileDirty (http://localhost:4200/@fs/D:/repos/luxuryapp-api/appsweb/angular/.angular/cache/22.1.8/luxury-app/vite/deps/core-gRj2gSiC.js?v=74c2038a:4738:3)
    at detectChangesInternal (http://localhost:4200/@fs/D:/repos/luxuryapp-api/appsweb/angular/.angular/cache/22.1.8/luxury-app/vite/deps/core-gRj2gSiC.js?v=74c2038a:4729:3)
    at ViewRef$1.detectChanges (http://localhost:4200/@fs/D:/repos/luxuryapp-api/appsweb/angular/.angular/cache/22.1.8/luxury-app/vite/deps/core-gRj2gSiC.js?v=74c2038a:5090:3)
    at http://localhost:4200/chunk-FUMMKIV5.js:1558:16
[ 1248360ms] [LOG] %c [API SUCCESS]: GET LIST: select-item-enum/status-orden-compra/false color: teal; font-style: italic; [Object, Object, Object] @ http://localhost:4200/chunk-72LYY77U.js:59
[ 1248361ms] [LOG] %c🛡️ [JwtInterceptorFn] Auth check completado. Interceptando ruta: color: #FF0000; font-style: italic; http://localhost:7070/api/select-item-enum/tipo-solicitud-compra/false @ http://localhost:4200/chunk-72LYY77U.js:59
[ 1248362ms] [LOG] %c🔍 [StorageService] Recuperando valor para clave: 'customerId' color: #2196F3; font-style: italic; @ http://localhost:4200/chunk-72LYY77U.js:59
[ 1248362ms] [LOG] %c🔍 [StorageService] Recuperando valor para clave: 'customerId' color: #2196F3; font-style: italic; @ http://localhost:4200/chunk-72LYY77U.js:59
[ 1248363ms] [LOG] %c [JwtTrace] request color: #F44336; font-style: italic; {at: 2026-09-13T19:43:42.559Z, url: http://localhost:7070/api/select-item-enum/tipo-solicitud-compra/false, method: GET, appUserId: 63f5fe75-4fbb-4328-a2dd-b7224778752e, storageCustomerId: 019c6bee-028a-70e4-98ea-557b645a3ae0} @ http://localhost:4200/chunk-72LYY77U.js:59
[ 1248365ms] [LOG] %c [API SUCCESS]: GET ITEM: select-items/measurement-units color: dodgerblue; font-style: italic; [Object, Object, Object, Object, Object, Object, Object, Object, Object, Object, Object, Object, Object, Object, Object, Object, Object, Object, Object, Object, Object, Object, Object, Object, Object, Object] @ http://localhost:4200/chunk-72LYY77U.js:59
[ 1248367ms] [LOG] %c [API SUCCESS]: GET NoLoading: notifications color: gray; font-style: italic; [Object, Object] @ http://localhost:4200/chunk-72LYY77U.js:59
[ 1248367ms] [LOG] %c [API SUCCESS]: GET NoLoading: notifications/unread-count color: gray; font-style: italic; 2 @ http://localhost:4200/chunk-72LYY77U.js:59
[ 1248413ms] [INFO] [2026-09-13T19:43:42.611Z] Information: WebSocket connected to ws://localhost:7070/ws/notificationHub?id=FcIMmsDVYTuxMm0L2SxQvQ&access_token=eyJhbGciOiJIUzI1NiIsInR5cCI6IkpXVCJ9.eyJzdWIiOiI2M2Y1ZmU3NS00ZmJiLTQzMjgtYTJkZC1iNzIyNDc3ODc1MmUiLCJqdGkiOiIwMWEwOWM0Yy0wMTAxLTc1NjMtOTYzZC1lMGYzNzE4MDI4MTYiLCJpYXQiOjE3ODkzMjg2MjEsIm5hbWUiOiJBZG1pbmlzdHJhZG9yIExCRyIsImVtYWlsIjoiaW5mb0BsdXh1cnlidWlsZGluZy5jb20ubXgiLCJ1c2VybmFtZSI6ImFkbWluIiwiY3VzdG9tZXJJZCI6IjAxOWM2YmVlLTAyOGEtNzBlNC05OGVhLTU1N2I2NDVhM2FlMCIsImN1c3RvbWVyTmFtZSI6IkxVWFVSWSBCVUlMRElORyBHUk9VUCBTQSBERSBDViIsImZpcnN0TmFtZSI6IkFkbWluaXN0cmFkb3IiLCJsYXN0TmFtZSI6IkxCRyIsInBob25lIjoiKDU1KSAwMDAwLSAwMDAwIiwicGhvdG9QYXRoIjoiaHR0cDovL2xvY2FsaG9zdDo3MDcwL2FwaS9maWxlcy9kb3dubG9hZD9maWxlUGF0aD1wdWJsaWMlMmZBZG1pbmlzdHJhdGlvbiUyZmFjY291bnRzJTJmMDE5ZmE0NjUtMTkyMC03NzcyLWE5NDgtNzZhMDFlOGFiNzZjLnBuZyIsInBvc2l0aW9uIjoiRGVzY29ub2NpZG8iLCJodHRwOi8vc2NoZW1hcy5taWNyb3NvZnQuY29tL3dzLzIwMDgvMDYvaWRlbnRpdHkvY2xhaW1zL3JvbGUiOiJTdXBlclVzdWFyaW8iLCJyb2xlSWQiOiI2OTlkN2NjMS1kMTQzLTQ5ODUtYjU1YS1kMDMwODY0YzY5M2UiLCJleHAiOjE3ODkzMzIyMjEsImlzcyI6Imh0dHBzOi8vbG9jYWxob3N0OjcwNjkiLCJhdWQiOiJodHRwczovL2xvY2FsaG9zdDo0MjAwIn0.jOPpk9k7jo28E8AgzlK7ahgxqYaMtdfH7MJe1OXic54. @ http://localhost:4200/@fs/D:/repos/luxuryapp-api/appsweb/angular/.angular/cache/22.1.8/luxury-app/vite/deps/@microsoft_signalr.js?v=74c2038a:308
[ 1248414ms] [INFO] [2026-09-13T19:43:42.611Z] Information: Using HubProtocol 'json'. @ http://localhost:4200/@fs/D:/repos/luxuryapp-api/appsweb/angular/.angular/cache/22.1.8/luxury-app/vite/deps/@microsoft_signalr.js?v=74c2038a:308
[ 1248415ms] [LOG] %c [API SUCCESS]: GET LIST: menu-items/019c6bee-028a-70e4-98ea-557b645a3ae0 color: teal; font-style: italic; [Object, Object, Object, Object, Object, Object, Object, Object, Object, Object, Object, Object, Object, Object, Object, Object, Object, Object, Object, Object, Object, Object, Object, Object] @ http://localhost:4200/chunk-72LYY77U.js:59
[ 1248416ms] [LOG] %c [MenuTrace] fetchMenuItemsFromApi.success color: #9C27B0; font-style: italic; {at: 2026-09-13T19:43:42.613Z, customerId: 019c6bee-028a-70e4-98ea-557b645a3ae0, customerReady: true, applicationUserId: 63f5fe75-4fbb-4328-a2dd-b7224778752e, lastCustomerId: 019c6bee-028a-70e4-98ea-557b645a3ae0} @ http://localhost:4200/chunk-72LYY77U.js:59
[ 1248416ms] [LOG] %c [MenuTrace] triggerMenuLoad.response color: #9C27B0; font-style: italic; {at: 2026-09-13T19:43:42.614Z, customerId: 019c6bee-028a-70e4-98ea-557b645a3ae0, customerReady: true, applicationUserId: 63f5fe75-4fbb-4328-a2dd-b7224778752e, lastCustomerId: 019c6bee-028a-70e4-98ea-557b645a3ae0} @ http://localhost:4200/chunk-72LYY77U.js:59
[ 1248465ms] [LOG] %cUSER [SignalR] Evento ConnectedUser recibido: color: blue; font-style: italic; Bienvenido 63f5fe75-4fbb-4328-a2dd-b7224778752e @ http://localhost:4200/chunk-72LYY77U.js:59
[ 1248466ms] [LOG] %cLINK [SignalR] Conexion iniciada con exito. color: green; font-style: italic; @ http://localhost:4200/chunk-72LYY77U.js:59
[ 1248467ms] [LOG] %cSTATE [SignalR] connectionId = 'wSwb5Ixx5A07Lvwx-oq34g' color: green; font-style: italic; @ http://localhost:4200/chunk-72LYY77U.js:59
[ 1248483ms] [LOG] %c [API SUCCESS]: GET LIST: select-item-enum/tipo-solicitud-compra/false color: teal; font-style: italic; [Object, Object, Object, Object, Object] @ http://localhost:4200/chunk-72LYY77U.js:59
[ 1248484ms] [LOG] %c🛡️ [JwtInterceptorFn] Auth check completado. Interceptando ruta: color: #FF0000; font-style: italic; http://localhost:7070/api/select-item-enum/nivel-prioridad/false @ http://localhost:4200/chunk-72LYY77U.js:59
[ 1248485ms] [LOG] %c🔍 [StorageService] Recuperando valor para clave: 'customerId' color: #2196F3; font-style: italic; @ http://localhost:4200/chunk-72LYY77U.js:59
[ 1248486ms] [LOG] %c🔍 [StorageService] Recuperando valor para clave: 'customerId' color: #2196F3; font-style: italic; @ http://localhost:4200/chunk-72LYY77U.js:59
[ 1248486ms] [LOG] %c [JwtTrace] request color: #F44336; font-style: italic; {at: 2026-09-13T19:43:42.683Z, url: http://localhost:7070/api/select-item-enum/nivel-prioridad/false, method: GET, appUserId: 63f5fe75-4fbb-4328-a2dd-b7224778752e, storageCustomerId: 019c6bee-028a-70e4-98ea-557b645a3ae0} @ http://localhost:4200/chunk-72LYY77U.js:59
[ 1248491ms] [ERROR] [GlobalErrorHandler] TypeError: Cannot read properties of null (reading 'length')
    at SolicitudCompra_Template (http://localhost:4200/chunk-FUMMKIV5.js:1766:66)
    at executeTemplate (http://localhost:4200/@fs/D:/repos/luxuryapp-api/appsweb/angular/.angular/cache/22.1.8/luxury-app/vite/deps/core-gRj2gSiC.js?v=74c2038a:4239:3)
    at refreshView (http://localhost:4200/@fs/D:/repos/luxuryapp-api/appsweb/angular/.angular/cache/22.1.8/luxury-app/vite/deps/core-gRj2gSiC.js?v=74c2038a:4784:28)
    at detectChangesInView (http://localhost:4200/@fs/D:/repos/luxuryapp-api/appsweb/angular/.angular/cache/22.1.8/luxury-app/vite/deps/core-gRj2gSiC.js?v=74c2038a:4882:25)
    at detectChangesInViewIfAttached (http://localhost:4200/@fs/D:/repos/luxuryapp-api/appsweb/angular/.angular/cache/22.1.8/luxury-app/vite/deps/core-gRj2gSiC.js?v=74c2038a:4868:2)
    at detectChangesInComponent (http://localhost:4200/@fs/D:/repos/luxuryapp-api/appsweb/angular/.angular/cache/22.1.8/luxury-app/vite/deps/core-gRj2gSiC.js?v=74c2038a:4861:3)
    at detectChangesInChildComponents (http://localhost:4200/@fs/D:/repos/luxuryapp-api/appsweb/angular/.angular/cache/22.1.8/luxury-app/vite/deps/core-gRj2gSiC.js?v=74c2038a:4897:46)
    at detectChangesInView (http://localhost:4200/@fs/D:/repos/luxuryapp-api/appsweb/angular/.angular/cache/22.1.8/luxury-app/vite/deps/core-gRj2gSiC.js?v=74c2038a:4889:29)
    at detectChangesInViewIfAttached (http://localhost:4200/@fs/D:/repos/luxuryapp-api/appsweb/angular/.angular/cache/22.1.8/luxury-app/vite/deps/core-gRj2gSiC.js?v=74c2038a:4868:2)
    at detectChangesInEmbeddedViews (http://localhost:4200/@fs/D:/repos/luxuryapp-api/appsweb/angular/.angular/cache/22.1.8/luxury-app/vite/deps/core-gRj2gSiC.js?v=74c2038a:4842:3) @ http://localhost:4200/chunk-AYL5KBWN.js:143
[ 1248555ms] [LOG] %c [API SUCCESS]: GET LIST: select-item-enum/nivel-prioridad/false color: teal; font-style: italic; [Object, Object, Object, Object] @ http://localhost:4200/chunk-72LYY77U.js:59
[ 1248557ms] [ERROR] [GlobalErrorHandler] TypeError: Cannot read properties of null (reading 'length')
    at SolicitudCompra_Template (http://localhost:4200/chunk-FUMMKIV5.js:1766:66)
    at executeTemplate (http://localhost:4200/@fs/D:/repos/luxuryapp-api/appsweb/angular/.angular/cache/22.1.8/luxury-app/vite/deps/core-gRj2gSiC.js?v=74c2038a:4239:3)
    at refreshView (http://localhost:4200/@fs/D:/repos/luxuryapp-api/appsweb/angular/.angular/cache/22.1.8/luxury-app/vite/deps/core-gRj2gSiC.js?v=74c2038a:4784:28)
    at detectChangesInView (http://localhost:4200/@fs/D:/repos/luxuryapp-api/appsweb/angular/.angular/cache/22.1.8/luxury-app/vite/deps/core-gRj2gSiC.js?v=74c2038a:4882:25)
    at detectChangesInViewIfAttached (http://localhost:4200/@fs/D:/repos/luxuryapp-api/appsweb/angular/.angular/cache/22.1.8/luxury-app/vite/deps/core-gRj2gSiC.js?v=74c2038a:4868:2)
    at detectChangesInComponent (http://localhost:4200/@fs/D:/repos/luxuryapp-api/appsweb/angular/.angular/cache/22.1.8/luxury-app/vite/deps/core-gRj2gSiC.js?v=74c2038a:4861:3)
    at detectChangesInChildComponents (http://localhost:4200/@fs/D:/repos/luxuryapp-api/appsweb/angular/.angular/cache/22.1.8/luxury-app/vite/deps/core-gRj2gSiC.js?v=74c2038a:4897:46)
    at detectChangesInView (http://localhost:4200/@fs/D:/repos/luxuryapp-api/appsweb/angular/.angular/cache/22.1.8/luxury-app/vite/deps/core-gRj2gSiC.js?v=74c2038a:4889:29)
    at detectChangesInViewIfAttached (http://localhost:4200/@fs/D:/repos/luxuryapp-api/appsweb/angular/.angular/cache/22.1.8/luxury-app/vite/deps/core-gRj2gSiC.js?v=74c2038a:4868:2)
    at detectChangesInEmbeddedViews (http://localhost:4200/@fs/D:/repos/luxuryapp-api/appsweb/angular/.angular/cache/22.1.8/luxury-app/vite/deps/core-gRj2gSiC.js?v=74c2038a:4842:3) @ http://localhost:4200/chunk-AYL5KBWN.js:143
[ 1248591ms] [LOG] %cpkg [OneSignal] Inicializado con App ID: color: teal; font-style: italic; 3d1f1ce3-638f-4a30-b093-ab617baf91a8 @ http://localhost:4200/chunk-72LYY77U.js:59
[ 1248592ms] [LOG] %cear [OneSignal] Listeners registrados. color: cyan; font-style: italic; @ http://localhost:4200/chunk-72LYY77U.js:59
[ 1248592ms] [LOG] %cuser [OneSignal] Usuario logueado con ExternalUserId: 63f5fe75-4fbb-4328-a2dd-b7224778752e color: darkslateblue; font-style: italic; @ http://localhost:4200/chunk-72LYY77U.js:59
[ 1248592ms] [LOG] %csub [OneSignal] Permiso: color: dodgerblue; font-style: italic; false | Suscrito: false @ http://localhost:4200/chunk-72LYY77U.js:59
[ 1248592ms] [LOG] %cwarn [OneSignal] Usuario no completamente suscrito. color: orange; font-style: italic; @ http://localhost:4200/chunk-72LYY77U.js:59
[ 1551741ms] [LOG] %c📦 [StorageService] Inicializando servicio de almacenamiento local... color: #3F51B5; font-style: italic; @ http://localhost:4200/chunk-72LYY77U.js:59
[ 1551743ms] [LOG] %c [AuthService] Verificando ruta inicial: /purchases/solicitud-compra/1 | Es publica: false color: #9C27B0; font-style: italic; @ http://localhost:4200/chunk-72LYY77U.js:59
[ 1551743ms] [LOG] %c [AuthService] Ruta no publica. Intentando login silencioso... color: #009688; font-style: italic; @ http://localhost:4200/chunk-72LYY77U.js:59
[ 1551748ms] [LOG] %c🚀 [Initializer] Starting application state initialization... color: purple; font-style: italic; @ http://localhost:4200/chunk-72LYY77U.js:59
[ 1553094ms] [LOG] %c [AuthService] Token renovado. Actualizando sesion en memoria. color: color: #4CAF50; font-style: italic;; font-style: italic; @ http://localhost:4200/chunk-72LYY77U.js:59
[ 1553095ms] [LOG] %c [AuthTrace] refresh.success.before-set color: #03A9F4; font-style: italic; {at: 2026-09-13T19:48:47.292Z, applicationUserId: 63f5fe75-4fbb-4328-a2dd-b7224778752e, tokenCustomerId: 019c6bee-028a-70e4-98ea-557b645a3ae0, roles: Array(1), customerAccessCount: 10} @ http://localhost:4200/chunk-72LYY77U.js:59
[ 1553095ms] [LOG] %c [AuthTrace] refresh.success.after-set color: #03A9F4; font-style: italic; {at: 2026-09-13T19:48:47.293Z, applicationUserId: 63f5fe75-4fbb-4328-a2dd-b7224778752e, tokenCustomerId: 019c6bee-028a-70e4-98ea-557b645a3ae0, roles: Array(1), customerAccessCount: 10} @ http://localhost:4200/chunk-72LYY77U.js:59
[ 1553097ms] [LOG] %cLINK [SignalR] Construyendo conexion... color: blue; font-style: italic; @ http://localhost:4200/chunk-72LYY77U.js:59
[ 1553100ms] [LOG] %cHEADSET [SignalR] Registrando listeners... color: cyan; font-style: italic; @ http://localhost:4200/chunk-72LYY77U.js:59
[ 1553100ms] [LOG] %cLINK [SignalR] Iniciando conexion... color: blue; font-style: italic; @ http://localhost:4200/chunk-72LYY77U.js:59
[ 1553102ms] [LOG] %c [AuthTrace] trySilentLogin.finalize color: #8BC34A; font-style: italic; {at: 2026-09-13T19:48:47.299Z, isAuthenticated: true} @ http://localhost:4200/chunk-72LYY77U.js:59
[ 1553102ms] [LOG] %c🏢 [Initializer] User session found. Initializing customer state... color: #3F51B5; font-style: italic; @ http://localhost:4200/chunk-72LYY77U.js:59
[ 1553104ms] [LOG] %c🔍 [StorageService] Recuperando valor para clave: 'customerId' color: #2196F3; font-style: italic; @ http://localhost:4200/chunk-72LYY77U.js:59
[ 1553105ms] [LOG] %c [CustomerTrace] initialize.start color: #FF9800; font-style: italic; {at: 2026-09-13T19:48:47.301Z, state: Object, storedCustomerId: 019c6bee-028a-70e4-98ea-557b645a3ae0, tokenCustomerId: 019c6bee-028a-70e4-98ea-557b645a3ae0, customerAccess: Array(10)} @ http://localhost:4200/chunk-72LYY77U.js:59
[ 1553106ms] [LOG] %c🔍 [StorageService] Recuperando valor para clave: 'customerId' color: #2196F3; font-style: italic; @ http://localhost:4200/chunk-72LYY77U.js:59
[ 1553108ms] [LOG] %c🔍 [StorageService] Recuperando valor para clave: 'customerId' color: #2196F3; font-style: italic; @ http://localhost:4200/chunk-72LYY77U.js:59
[ 1553108ms] [LOG] %c [CustomerTrace] initialize.selected-customer color: #FF9800; font-style: italic; {at: 2026-09-13T19:48:47.305Z, state: Object, storedCustomerId: 019c6bee-028a-70e4-98ea-557b645a3ae0, selectedCustomerId: 019c6bee-028a-70e4-98ea-557b645a3ae0} @ http://localhost:4200/chunk-72LYY77U.js:59
[ 1553109ms] [LOG] %c💾 [StorageService] Guardando clave: 'customerId' color: #FF9800; font-style: italic; {value: 019c6bee-028a-70e4-98ea-557b645a3ae0} @ http://localhost:4200/chunk-72LYY77U.js:59
[ 1553110ms] [LOG] %c✅ [StorageService] Clave 'customerId' guardada exitosamente. color: #4CAF50; font-style: italic; @ http://localhost:4200/chunk-72LYY77U.js:59
[ 1553111ms] [LOG] %c🔍 [StorageService] Recuperando valor para clave: 'customerId' color: #2196F3; font-style: italic; @ http://localhost:4200/chunk-72LYY77U.js:59
[ 1553112ms] [LOG] %c [CustomerTrace] loadDataForCustomer.start color: #FF9800; font-style: italic; {at: 2026-09-13T19:48:47.308Z, state: Object, storedCustomerId: 019c6bee-028a-70e4-98ea-557b645a3ae0, customerId: 019c6bee-028a-70e4-98ea-557b645a3ae0} @ http://localhost:4200/chunk-72LYY77U.js:59
[ 1553115ms] [LOG] %c🛡️ [JwtInterceptorFn] Auth check completado. Interceptando ruta: color: #FF0000; font-style: italic; http://localhost:7070/api/customers/019c6bee-028a-70e4-98ea-557b645a3ae0 @ http://localhost:4200/chunk-72LYY77U.js:59
[ 1553117ms] [LOG] %c🔍 [StorageService] Recuperando valor para clave: 'customerId' color: #2196F3; font-style: italic; @ http://localhost:4200/chunk-72LYY77U.js:59
[ 1553118ms] [LOG] %c🔍 [StorageService] Recuperando valor para clave: 'customerId' color: #2196F3; font-style: italic; @ http://localhost:4200/chunk-72LYY77U.js:59
[ 1553119ms] [LOG] %c [JwtTrace] request color: #F44336; font-style: italic; {at: 2026-09-13T19:48:47.315Z, url: http://localhost:7070/api/customers/019c6bee-028a-70e4-98ea-557b645a3ae0, method: GET, appUserId: 63f5fe75-4fbb-4328-a2dd-b7224778752e, storageCustomerId: 019c6bee-028a-70e4-98ea-557b645a3ae0} @ http://localhost:4200/chunk-72LYY77U.js:59
[ 1553142ms] [INFO] [2026-09-13T19:48:47.340Z] Information: WebSocket connected to ws://localhost:7070/ws/notificationHub?id=8LIRrNwwR2iX89SWsShXqg&access_token=eyJhbGciOiJIUzI1NiIsInR5cCI6IkpXVCJ9.eyJzdWIiOiI2M2Y1ZmU3NS00ZmJiLTQzMjgtYTJkZC1iNzIyNDc3ODc1MmUiLCJqdGkiOiIwMWEwOWM1MC1hOTY5LTc4ZDAtYWJmNi00MzRhN2I1YWNkZmMiLCJpYXQiOjE3ODkzMjg5MjcsIm5hbWUiOiJBZG1pbmlzdHJhZG9yIExCRyIsImVtYWlsIjoiaW5mb0BsdXh1cnlidWlsZGluZy5jb20ubXgiLCJ1c2VybmFtZSI6ImFkbWluIiwiY3VzdG9tZXJJZCI6IjAxOWM2YmVlLTAyOGEtNzBlNC05OGVhLTU1N2I2NDVhM2FlMCIsImN1c3RvbWVyTmFtZSI6IkxVWFVSWSBCVUlMRElORyBHUk9VUCBTQSBERSBDViIsImZpcnN0TmFtZSI6IkFkbWluaXN0cmFkb3IiLCJsYXN0TmFtZSI6IkxCRyIsInBob25lIjoiKDU1KSAwMDAwLSAwMDAwIiwicGhvdG9QYXRoIjoiaHR0cDovL2xvY2FsaG9zdDo3MDcwL2FwaS9maWxlcy9kb3dubG9hZD9maWxlUGF0aD1wdWJsaWMlMmZBZG1pbmlzdHJhdGlvbiUyZmFjY291bnRzJTJmMDE5ZmE0NjUtMTkyMC03NzcyLWE5NDgtNzZhMDFlOGFiNzZjLnBuZyIsInBvc2l0aW9uIjoiRGVzY29ub2NpZG8iLCJodHRwOi8vc2NoZW1hcy5taWNyb3NvZnQuY29tL3dzLzIwMDgvMDYvaWRlbnRpdHkvY2xhaW1zL3JvbGUiOiJTdXBlclVzdWFyaW8iLCJyb2xlSWQiOiI2OTlkN2NjMS1kMTQzLTQ5ODUtYjU1YS1kMDMwODY0YzY5M2UiLCJleHAiOjE3ODkzMzI1MjcsImlzcyI6Imh0dHBzOi8vbG9jYWxob3N0OjcwNjkiLCJhdWQiOiJodHRwczovL2xvY2FsaG9zdDo0MjAwIn0.aUHcwFz3HVxmFTpafF4VLxhN0PsSu4hTKIFe5CaNFAU. @ http://localhost:4200/@fs/D:/repos/luxuryapp-api/appsweb/angular/.angular/cache/22.1.8/luxury-app/vite/deps/@microsoft_signalr.js?v=74c2038a:308
[ 1553143ms] [INFO] [2026-09-13T19:48:47.341Z] Information: Using HubProtocol 'json'. @ http://localhost:4200/@fs/D:/repos/luxuryapp-api/appsweb/angular/.angular/cache/22.1.8/luxury-app/vite/deps/@microsoft_signalr.js?v=74c2038a:308
[ 1553145ms] [LOG] %cLINK [SignalR] Conexion iniciada con exito. color: green; font-style: italic; @ http://localhost:4200/chunk-72LYY77U.js:59
[ 1553146ms] [LOG] %cSTATE [SignalR] connectionId = 'rwRWzj9rsEVJpNIxwW7N9Q' color: green; font-style: italic; @ http://localhost:4200/chunk-72LYY77U.js:59
[ 1553146ms] [LOG] %cUSER [SignalR] Evento ConnectedUser recibido: color: blue; font-style: italic; Bienvenido 63f5fe75-4fbb-4328-a2dd-b7224778752e @ http://localhost:4200/chunk-72LYY77U.js:59
[ 1553148ms] [LOG] %c🔍 [StorageService] Recuperando valor para clave: 'customerId' color: #2196F3; font-style: italic; @ http://localhost:4200/chunk-72LYY77U.js:59
[ 1553149ms] [LOG] %c [CustomerTrace] loadDataForCustomer.response color: #FF9800; font-style: italic; {at: 2026-09-13T19:48:47.345Z, state: Object, storedCustomerId: 019c6bee-028a-70e4-98ea-557b645a3ae0, customerId: 019c6bee-028a-70e4-98ea-557b645a3ae0, success: true} @ http://localhost:4200/chunk-72LYY77U.js:59
[ 1553150ms] [LOG] %c🔍 [StorageService] Recuperando valor para clave: 'customerId' color: #2196F3; font-style: italic; @ http://localhost:4200/chunk-72LYY77U.js:59
[ 1553151ms] [LOG] %c [CustomerTrace] loadDataForCustomer.ready color: #FF9800; font-style: italic; {at: 2026-09-13T19:48:47.347Z, state: Object, storedCustomerId: 019c6bee-028a-70e4-98ea-557b645a3ae0, customerId: 019c6bee-028a-70e4-98ea-557b645a3ae0} @ http://localhost:4200/chunk-72LYY77U.js:59
[ 1553152ms] [LOG] %c✅ [Initializer] State initialization complete. color: green; font-style: italic; @ http://localhost:4200/chunk-72LYY77U.js:59
[ 1553162ms] [LOG] %c🔄 UpdateService: Inicializando servicio de actualizaciones color: blue; font-weight: bold; @ http://localhost:4200/chunk-WEIOKMZ7.js:10
[ 1553162ms] [LOG] %c🔄 UpdateService: ❌ Service Worker NO habilitado color: red; font-weight: bold; @ http://localhost:4200/chunk-WEIOKMZ7.js:22
[ 1553180ms] [LOG] %c🚀 [App] ¡Aplicación iniciada! Soy más ligero y rápido que nunca. color: #673AB7; font-style: italic; @ http://localhost:4200/chunk-72LYY77U.js:59
[ 1553222ms] [LOG] Angular is running in development mode. @ http://localhost:4200/@fs/D:/repos/luxuryapp-api/appsweb/angular/.angular/cache/22.1.8/luxury-app/vite/deps/core-gRj2gSiC.js?v=74c2038a:9175
[ 1553765ms] [LOG] %c🎉 [LayoutEmployee] ¡Layout de empleado cargado! Despertando a los gigantes (SignalR, OneSignal...) color: #2196F3; font-style: italic; @ http://localhost:4200/chunk-72LYY77U.js:59
[ 1553765ms] [LOG] %cLINK [SignalR] Construyendo conexion... color: blue; font-style: italic; @ http://localhost:4200/chunk-72LYY77U.js:59
[ 1553766ms] [LOG] %cHEADSET [SignalR] Registrando listeners... color: cyan; font-style: italic; @ http://localhost:4200/chunk-72LYY77U.js:59
[ 1553767ms] [LOG] %cLINK [SignalR] Iniciando conexion... color: blue; font-style: italic; @ http://localhost:4200/chunk-72LYY77U.js:59
[ 1553768ms] [LOG] %cℹ️ [LayoutEmployee] Usuario 63f5fe75-4fbb-4328-a2dd-b7224778752e autenticado. Iniciando OneSignal... color: dodgerblue;font-style: italic @ http://localhost:4200/chunk-72LYY77U.js:72
[ 1553769ms] [LOG] %c... [OneSignal] Esperando que el SDK este listo... color: orange; font-style: italic; @ http://localhost:4200/chunk-72LYY77U.js:59
[ 1553819ms] [LOG] %c🛡️ [JwtInterceptorFn] Auth check completado. Interceptando ruta: color: #FF0000; font-style: italic; http://localhost:7070/api/select-item-enum/status-orden-compra/false @ http://localhost:4200/chunk-72LYY77U.js:59
[ 1553820ms] [LOG] %c🔍 [StorageService] Recuperando valor para clave: 'customerId' color: #2196F3; font-style: italic; @ http://localhost:4200/chunk-72LYY77U.js:59
[ 1553821ms] [LOG] %c🔍 [StorageService] Recuperando valor para clave: 'customerId' color: #2196F3; font-style: italic; @ http://localhost:4200/chunk-72LYY77U.js:59
[ 1553822ms] [LOG] %c [JwtTrace] request color: #F44336; font-style: italic; {at: 2026-09-13T19:48:48.018Z, url: http://localhost:7070/api/select-item-enum/status-orden-compra/false, method: GET, appUserId: 63f5fe75-4fbb-4328-a2dd-b7224778752e, storageCustomerId: 019c6bee-028a-70e4-98ea-557b645a3ae0} @ http://localhost:4200/chunk-72LYY77U.js:59
[ 1553827ms] [LOG] %c🛡️ [JwtInterceptorFn] Auth check completado. Interceptando ruta: color: #FF0000; font-style: italic; http://localhost:7070/api/solicitud-compra/get-solicitud-compra-individual/1 @ http://localhost:4200/chunk-72LYY77U.js:59
[ 1553829ms] [LOG] %c🔍 [StorageService] Recuperando valor para clave: 'customerId' color: #2196F3; font-style: italic; @ http://localhost:4200/chunk-72LYY77U.js:59
[ 1553830ms] [LOG] %c🔍 [StorageService] Recuperando valor para clave: 'customerId' color: #2196F3; font-style: italic; @ http://localhost:4200/chunk-72LYY77U.js:59
[ 1553832ms] [LOG] %c [JwtTrace] request color: #F44336; font-style: italic; {at: 2026-09-13T19:48:48.027Z, url: http://localhost:7070/api/solicitud-compra/get-solicitud-compra-individual/1, method: GET, appUserId: 63f5fe75-4fbb-4328-a2dd-b7224778752e, storageCustomerId: 019c6bee-028a-70e4-98ea-557b645a3ae0} @ http://localhost:4200/chunk-72LYY77U.js:59
[ 1553837ms] [LOG] %c🛡️ [JwtInterceptorFn] Auth check completado. Interceptando ruta: color: #FF0000; font-style: italic; http://localhost:7070/api/orden-compra/cotizaciones-relacionadas/1 @ http://localhost:4200/chunk-72LYY77U.js:59
[ 1553839ms] [LOG] %c🔍 [StorageService] Recuperando valor para clave: 'customerId' color: #2196F3; font-style: italic; @ http://localhost:4200/chunk-72LYY77U.js:59
[ 1553840ms] [LOG] %c🔍 [StorageService] Recuperando valor para clave: 'customerId' color: #2196F3; font-style: italic; @ http://localhost:4200/chunk-72LYY77U.js:59
[ 1553843ms] [LOG] %c [JwtTrace] request color: #F44336; font-style: italic; {at: 2026-09-13T19:48:48.038Z, url: http://localhost:7070/api/orden-compra/cotizaciones-relacionadas/1, method: GET, appUserId: 63f5fe75-4fbb-4328-a2dd-b7224778752e, storageCustomerId: 019c6bee-028a-70e4-98ea-557b645a3ae0} @ http://localhost:4200/chunk-72LYY77U.js:59
[ 1553880ms] [LOG] %c🛡️ [JwtInterceptorFn] Auth check completado. Interceptando ruta: color: #FF0000; font-style: italic; http://localhost:7070/api/select-items/measurement-units @ http://localhost:4200/chunk-72LYY77U.js:59
[ 1553881ms] [LOG] %c🔍 [StorageService] Recuperando valor para clave: 'customerId' color: #2196F3; font-style: italic; @ http://localhost:4200/chunk-72LYY77U.js:59
[ 1553882ms] [LOG] %c🔍 [StorageService] Recuperando valor para clave: 'customerId' color: #2196F3; font-style: italic; @ http://localhost:4200/chunk-72LYY77U.js:59
[ 1553883ms] [LOG] %c [JwtTrace] request color: #F44336; font-style: italic; {at: 2026-09-13T19:48:48.079Z, url: http://localhost:7070/api/select-items/measurement-units, method: GET, appUserId: 63f5fe75-4fbb-4328-a2dd-b7224778752e, storageCustomerId: 019c6bee-028a-70e4-98ea-557b645a3ae0} @ http://localhost:4200/chunk-72LYY77U.js:59
[ 1553904ms] [WARNING] 
  It looks like you're using the disabled attribute with a reactive form directive. If you set disabled to true
  when you set up this control in your component class, the disabled attribute will actually be set in the DOM for
  you. We recommend using this approach to avoid 'changed after checked' errors.

  Example:
  // Specify the `disabled` property at control creation time:
  form = new FormGroup({
    first: new FormControl({value: 'Nancy', disabled: true}, Validators.required),
    last: new FormControl('Drew', Validators.required)
  });

  // Controls can also be enabled/disabled after creation:
  form.get('first')?.enable();
  form.get('last')?.disable();
 @ http://localhost:4200/@fs/D:/repos/luxuryapp-api/appsweb/angular/.angular/cache/22.1.8/luxury-app/vite/deps/@angular_forms.js?v=74c2038a:3968
[ 1554152ms] [LOG] %c🛡️ [JwtInterceptorFn] Auth check completado. Interceptando ruta: color: #FF0000; font-style: italic; http://localhost:7070/api/notifications @ http://localhost:4200/chunk-72LYY77U.js:59
[ 1554153ms] [LOG] %c🔍 [StorageService] Recuperando valor para clave: 'customerId' color: #2196F3; font-style: italic; @ http://localhost:4200/chunk-72LYY77U.js:59
[ 1554154ms] [LOG] %c🔍 [StorageService] Recuperando valor para clave: 'customerId' color: #2196F3; font-style: italic; @ http://localhost:4200/chunk-72LYY77U.js:59
[ 1554155ms] [LOG] %c [JwtTrace] request color: #F44336; font-style: italic; {at: 2026-09-13T19:48:48.351Z, url: http://localhost:7070/api/notifications, method: GET, appUserId: 63f5fe75-4fbb-4328-a2dd-b7224778752e, storageCustomerId: 019c6bee-028a-70e4-98ea-557b645a3ae0} @ http://localhost:4200/chunk-72LYY77U.js:59
[ 1554158ms] [LOG] %c🛡️ [JwtInterceptorFn] Auth check completado. Interceptando ruta: color: #FF0000; font-style: italic; http://localhost:7070/api/notifications/unread-count @ http://localhost:4200/chunk-72LYY77U.js:59
[ 1554159ms] [LOG] %c🔍 [StorageService] Recuperando valor para clave: 'customerId' color: #2196F3; font-style: italic; @ http://localhost:4200/chunk-72LYY77U.js:59
[ 1554160ms] [LOG] %c🔍 [StorageService] Recuperando valor para clave: 'customerId' color: #2196F3; font-style: italic; @ http://localhost:4200/chunk-72LYY77U.js:59
[ 1554161ms] [LOG] %c [JwtTrace] request color: #F44336; font-style: italic; {at: 2026-09-13T19:48:48.357Z, url: http://localhost:7070/api/notifications/unread-count, method: GET, appUserId: 63f5fe75-4fbb-4328-a2dd-b7224778752e, storageCustomerId: 019c6bee-028a-70e4-98ea-557b645a3ae0} @ http://localhost:4200/chunk-72LYY77U.js:59
[ 1554191ms] [LOG] %c [MenuTrace] effect.tick color: #9C27B0; font-style: italic; {at: 2026-09-13T19:48:48.388Z, customerId: 019c6bee-028a-70e4-98ea-557b645a3ae0, customerReady: true, applicationUserId: 63f5fe75-4fbb-4328-a2dd-b7224778752e, lastCustomerId: null} @ http://localhost:4200/chunk-72LYY77U.js:59
[ 1554191ms] [LOG] %c [MenuService] Customer data and session are ready. Loading menu... color: green; font-style: italic; @ http://localhost:4200/chunk-72LYY77U.js:59
[ 1554192ms] [LOG] %c [MenuTrace] triggerMenuLoad.start color: #9C27B0; font-style: italic; {at: 2026-09-13T19:48:48.389Z, customerId: 019c6bee-028a-70e4-98ea-557b645a3ae0, customerReady: true, applicationUserId: 63f5fe75-4fbb-4328-a2dd-b7224778752e, lastCustomerId: null} @ http://localhost:4200/chunk-72LYY77U.js:59
[ 1554192ms] [LOG] %c🛡️ [JwtInterceptorFn] Auth check completado. Interceptando ruta: color: #FF0000; font-style: italic; http://localhost:7070/api/menu-items/019c6bee-028a-70e4-98ea-557b645a3ae0 @ http://localhost:4200/chunk-72LYY77U.js:59
[ 1554193ms] [LOG] %c🔍 [StorageService] Recuperando valor para clave: 'customerId' color: #2196F3; font-style: italic; @ http://localhost:4200/chunk-72LYY77U.js:59
[ 1554194ms] [LOG] %c🔍 [StorageService] Recuperando valor para clave: 'customerId' color: #2196F3; font-style: italic; @ http://localhost:4200/chunk-72LYY77U.js:59
[ 1554194ms] [LOG] %c [JwtTrace] request color: #F44336; font-style: italic; {at: 2026-09-13T19:48:48.391Z, url: http://localhost:7070/api/menu-items/019c6bee-028a-70e4-98ea-557b645a3ae0, method: GET, appUserId: 63f5fe75-4fbb-4328-a2dd-b7224778752e, storageCustomerId: 019c6bee-028a-70e4-98ea-557b645a3ae0} @ http://localhost:4200/chunk-72LYY77U.js:59
[ 1554200ms] [LOG] %cok [OneSignal] SDK listo color: green; font-style: italic; @ http://localhost:4200/chunk-72LYY77U.js:59
[ 1554272ms] [ERROR] Failed to load resource: the server responded with a status of 404 (Not Found) @ http://localhost:7070/api/solicitud-compra/get-solicitud-compra-individual/1:0
[ 1554275ms] [LOG] %c🚫 API Error: GET ITEM: solicitud-compra/get-solicitud-compra-individual/1 color: red;font-style: italic HttpErrorResponse @ http://localhost:4200/chunk-72LYY77U.js:72
[ 1554276ms] [ERROR] Failed to load resource: the server responded with a status of 404 (Not Found) @ http://localhost:7070/api/orden-compra/cotizaciones-relacionadas/1:0
[ 1554277ms] [LOG] %c🚫 API Error: GET LIST: orden-compra/cotizaciones-relacionadas/1 color: red;font-style: italic No se pudo completar la operacion. @ http://localhost:4200/chunk-72LYY77U.js:72
[ 1554351ms] [ERROR] Failed to load resource: the server responded with a status of 404 (Not Found) @ http://localhost:7070/api/files/download?filePath=public%2fAdministration%2faccounts%2f019fa465-1920-7772-a948-76a01e8ab76c.png:0
[ 1554371ms] TypeError: Cannot read properties of null (reading 'length')
    at SolicitudCompra_Template (http://localhost:4200/chunk-FUMMKIV5.js:1766:66)
    at executeTemplate (http://localhost:4200/@fs/D:/repos/luxuryapp-api/appsweb/angular/.angular/cache/22.1.8/luxury-app/vite/deps/core-gRj2gSiC.js?v=74c2038a:4239:3)
    at refreshView (http://localhost:4200/@fs/D:/repos/luxuryapp-api/appsweb/angular/.angular/cache/22.1.8/luxury-app/vite/deps/core-gRj2gSiC.js?v=74c2038a:4784:28)
    at detectChangesInView (http://localhost:4200/@fs/D:/repos/luxuryapp-api/appsweb/angular/.angular/cache/22.1.8/luxury-app/vite/deps/core-gRj2gSiC.js?v=74c2038a:4882:25)
    at detectChangesInViewWhileDirty (http://localhost:4200/@fs/D:/repos/luxuryapp-api/appsweb/angular/.angular/cache/22.1.8/luxury-app/vite/deps/core-gRj2gSiC.js?v=74c2038a:4738:3)
    at detectChangesInternal (http://localhost:4200/@fs/D:/repos/luxuryapp-api/appsweb/angular/.angular/cache/22.1.8/luxury-app/vite/deps/core-gRj2gSiC.js?v=74c2038a:4729:3)
    at ViewRef$1.detectChanges (http://localhost:4200/@fs/D:/repos/luxuryapp-api/appsweb/angular/.angular/cache/22.1.8/luxury-app/vite/deps/core-gRj2gSiC.js?v=74c2038a:5090:3)
    at http://localhost:4200/chunk-FUMMKIV5.js:1558:16
[ 1554366ms] [LOG] %c [API SUCCESS]: GET LIST: select-item-enum/status-orden-compra/false color: teal; font-style: italic; [Object, Object, Object] @ http://localhost:4200/chunk-72LYY77U.js:59
[ 1554367ms] [LOG] %c🛡️ [JwtInterceptorFn] Auth check completado. Interceptando ruta: color: #FF0000; font-style: italic; http://localhost:7070/api/select-item-enum/tipo-solicitud-compra/false @ http://localhost:4200/chunk-72LYY77U.js:59
[ 1554368ms] [LOG] %c🔍 [StorageService] Recuperando valor para clave: 'customerId' color: #2196F3; font-style: italic; @ http://localhost:4200/chunk-72LYY77U.js:59
[ 1554369ms] [LOG] %c🔍 [StorageService] Recuperando valor para clave: 'customerId' color: #2196F3; font-style: italic; @ http://localhost:4200/chunk-72LYY77U.js:59
[ 1554369ms] [LOG] %c [JwtTrace] request color: #F44336; font-style: italic; {at: 2026-09-13T19:48:48.566Z, url: http://localhost:7070/api/select-item-enum/tipo-solicitud-compra/false, method: GET, appUserId: 63f5fe75-4fbb-4328-a2dd-b7224778752e, storageCustomerId: 019c6bee-028a-70e4-98ea-557b645a3ae0} @ http://localhost:4200/chunk-72LYY77U.js:59
[ 1554372ms] [LOG] %c [API SUCCESS]: GET ITEM: select-items/measurement-units color: dodgerblue; font-style: italic; [Object, Object, Object, Object, Object, Object, Object, Object, Object, Object, Object, Object, Object, Object, Object, Object, Object, Object, Object, Object, Object, Object, Object, Object, Object, Object] @ http://localhost:4200/chunk-72LYY77U.js:59
[ 1554373ms] [LOG] %c [API SUCCESS]: GET NoLoading: notifications color: gray; font-style: italic; [Object, Object] @ http://localhost:4200/chunk-72LYY77U.js:59
[ 1554384ms] [LOG] %c [API SUCCESS]: GET NoLoading: notifications/unread-count color: gray; font-style: italic; 2 @ http://localhost:4200/chunk-72LYY77U.js:59
[ 1554407ms] [INFO] [2026-09-13T19:48:48.605Z] Information: WebSocket connected to ws://localhost:7070/ws/notificationHub?id=WM_4fPDeHalDYuproFx7aQ&access_token=eyJhbGciOiJIUzI1NiIsInR5cCI6IkpXVCJ9.eyJzdWIiOiI2M2Y1ZmU3NS00ZmJiLTQzMjgtYTJkZC1iNzIyNDc3ODc1MmUiLCJqdGkiOiIwMWEwOWM1MC1hOTY5LTc4ZDAtYWJmNi00MzRhN2I1YWNkZmMiLCJpYXQiOjE3ODkzMjg5MjcsIm5hbWUiOiJBZG1pbmlzdHJhZG9yIExCRyIsImVtYWlsIjoiaW5mb0BsdXh1cnlidWlsZGluZy5jb20ubXgiLCJ1c2VybmFtZSI6ImFkbWluIiwiY3VzdG9tZXJJZCI6IjAxOWM2YmVlLTAyOGEtNzBlNC05OGVhLTU1N2I2NDVhM2FlMCIsImN1c3RvbWVyTmFtZSI6IkxVWFVSWSBCVUlMRElORyBHUk9VUCBTQSBERSBDViIsImZpcnN0TmFtZSI6IkFkbWluaXN0cmFkb3IiLCJsYXN0TmFtZSI6IkxCRyIsInBob25lIjoiKDU1KSAwMDAwLSAwMDAwIiwicGhvdG9QYXRoIjoiaHR0cDovL2xvY2FsaG9zdDo3MDcwL2FwaS9maWxlcy9kb3dubG9hZD9maWxlUGF0aD1wdWJsaWMlMmZBZG1pbmlzdHJhdGlvbiUyZmFjY291bnRzJTJmMDE5ZmE0NjUtMTkyMC03NzcyLWE5NDgtNzZhMDFlOGFiNzZjLnBuZyIsInBvc2l0aW9uIjoiRGVzY29ub2NpZG8iLCJodHRwOi8vc2NoZW1hcy5taWNyb3NvZnQuY29tL3dzLzIwMDgvMDYvaWRlbnRpdHkvY2xhaW1zL3JvbGUiOiJTdXBlclVzdWFyaW8iLCJyb2xlSWQiOiI2OTlkN2NjMS1kMTQzLTQ5ODUtYjU1YS1kMDMwODY0YzY5M2UiLCJleHAiOjE3ODkzMzI1MjcsImlzcyI6Imh0dHBzOi8vbG9jYWxob3N0OjcwNjkiLCJhdWQiOiJodHRwczovL2xvY2FsaG9zdDo0MjAwIn0.aUHcwFz3HVxmFTpafF4VLxhN0PsSu4hTKIFe5CaNFAU. @ http://localhost:4200/@fs/D:/repos/luxuryapp-api/appsweb/angular/.angular/cache/22.1.8/luxury-app/vite/deps/@microsoft_signalr.js?v=74c2038a:308
[ 1554408ms] [INFO] [2026-09-13T19:48:48.605Z] Information: Using HubProtocol 'json'. @ http://localhost:4200/@fs/D:/repos/luxuryapp-api/appsweb/angular/.angular/cache/22.1.8/luxury-app/vite/deps/@microsoft_signalr.js?v=74c2038a:308
[ 1554418ms] [LOG] %cLINK [SignalR] Conexion iniciada con exito. color: green; font-style: italic; @ http://localhost:4200/chunk-72LYY77U.js:59
[ 1554419ms] [LOG] %cSTATE [SignalR] connectionId = 'qHt4qACOF2m6itWg_KYNxQ' color: green; font-style: italic; @ http://localhost:4200/chunk-72LYY77U.js:59
[ 1554444ms] [LOG] %cUSER [SignalR] Evento ConnectedUser recibido: color: blue; font-style: italic; Bienvenido 63f5fe75-4fbb-4328-a2dd-b7224778752e @ http://localhost:4200/chunk-72LYY77U.js:59
[ 1554455ms] [LOG] %c [API SUCCESS]: GET LIST: select-item-enum/tipo-solicitud-compra/false color: teal; font-style: italic; [Object, Object, Object, Object, Object] @ http://localhost:4200/chunk-72LYY77U.js:59
[ 1554456ms] [LOG] %c🛡️ [JwtInterceptorFn] Auth check completado. Interceptando ruta: color: #FF0000; font-style: italic; http://localhost:7070/api/select-item-enum/nivel-prioridad/false @ http://localhost:4200/chunk-72LYY77U.js:59
[ 1554457ms] [LOG] %c🔍 [StorageService] Recuperando valor para clave: 'customerId' color: #2196F3; font-style: italic; @ http://localhost:4200/chunk-72LYY77U.js:59
[ 1554458ms] [LOG] %c🔍 [StorageService] Recuperando valor para clave: 'customerId' color: #2196F3; font-style: italic; @ http://localhost:4200/chunk-72LYY77U.js:59
[ 1554459ms] [LOG] %c [JwtTrace] request color: #F44336; font-style: italic; {at: 2026-09-13T19:48:48.655Z, url: http://localhost:7070/api/select-item-enum/nivel-prioridad/false, method: GET, appUserId: 63f5fe75-4fbb-4328-a2dd-b7224778752e, storageCustomerId: 019c6bee-028a-70e4-98ea-557b645a3ae0} @ http://localhost:4200/chunk-72LYY77U.js:59
[ 1554463ms] [ERROR] [GlobalErrorHandler] TypeError: Cannot read properties of null (reading 'length')
    at SolicitudCompra_Template (http://localhost:4200/chunk-FUMMKIV5.js:1766:66)
    at executeTemplate (http://localhost:4200/@fs/D:/repos/luxuryapp-api/appsweb/angular/.angular/cache/22.1.8/luxury-app/vite/deps/core-gRj2gSiC.js?v=74c2038a:4239:3)
    at refreshView (http://localhost:4200/@fs/D:/repos/luxuryapp-api/appsweb/angular/.angular/cache/22.1.8/luxury-app/vite/deps/core-gRj2gSiC.js?v=74c2038a:4784:28)
    at detectChangesInView (http://localhost:4200/@fs/D:/repos/luxuryapp-api/appsweb/angular/.angular/cache/22.1.8/luxury-app/vite/deps/core-gRj2gSiC.js?v=74c2038a:4882:25)
    at detectChangesInViewIfAttached (http://localhost:4200/@fs/D:/repos/luxuryapp-api/appsweb/angular/.angular/cache/22.1.8/luxury-app/vite/deps/core-gRj2gSiC.js?v=74c2038a:4868:2)
    at detectChangesInComponent (http://localhost:4200/@fs/D:/repos/luxuryapp-api/appsweb/angular/.angular/cache/22.1.8/luxury-app/vite/deps/core-gRj2gSiC.js?v=74c2038a:4861:3)
    at detectChangesInChildComponents (http://localhost:4200/@fs/D:/repos/luxuryapp-api/appsweb/angular/.angular/cache/22.1.8/luxury-app/vite/deps/core-gRj2gSiC.js?v=74c2038a:4897:46)
    at detectChangesInView (http://localhost:4200/@fs/D:/repos/luxuryapp-api/appsweb/angular/.angular/cache/22.1.8/luxury-app/vite/deps/core-gRj2gSiC.js?v=74c2038a:4889:29)
    at detectChangesInViewIfAttached (http://localhost:4200/@fs/D:/repos/luxuryapp-api/appsweb/angular/.angular/cache/22.1.8/luxury-app/vite/deps/core-gRj2gSiC.js?v=74c2038a:4868:2)
    at detectChangesInEmbeddedViews (http://localhost:4200/@fs/D:/repos/luxuryapp-api/appsweb/angular/.angular/cache/22.1.8/luxury-app/vite/deps/core-gRj2gSiC.js?v=74c2038a:4842:3) @ http://localhost:4200/chunk-AYL5KBWN.js:143
[ 1554508ms] [LOG] %cpkg [OneSignal] Inicializado con App ID: color: teal; font-style: italic; 3d1f1ce3-638f-4a30-b093-ab617baf91a8 @ http://localhost:4200/chunk-72LYY77U.js:59
[ 1554509ms] [LOG] %cear [OneSignal] Listeners registrados. color: cyan; font-style: italic; @ http://localhost:4200/chunk-72LYY77U.js:59
[ 1554509ms] [LOG] %cuser [OneSignal] Usuario logueado con ExternalUserId: 63f5fe75-4fbb-4328-a2dd-b7224778752e color: darkslateblue; font-style: italic; @ http://localhost:4200/chunk-72LYY77U.js:59
[ 1554510ms] [LOG] %csub [OneSignal] Permiso: color: dodgerblue; font-style: italic; false | Suscrito: false @ http://localhost:4200/chunk-72LYY77U.js:59
[ 1554510ms] [LOG] %cwarn [OneSignal] Usuario no completamente suscrito. color: orange; font-style: italic; @ http://localhost:4200/chunk-72LYY77U.js:59
[ 1554571ms] [LOG] %c [API SUCCESS]: GET LIST: select-item-enum/nivel-prioridad/false color: teal; font-style: italic; [Object, Object, Object, Object] @ http://localhost:4200/chunk-72LYY77U.js:59
[ 1554573ms] [ERROR] [GlobalErrorHandler] TypeError: Cannot read properties of null (reading 'length')
    at SolicitudCompra_Template (http://localhost:4200/chunk-FUMMKIV5.js:1766:66)
    at executeTemplate (http://localhost:4200/@fs/D:/repos/luxuryapp-api/appsweb/angular/.angular/cache/22.1.8/luxury-app/vite/deps/core-gRj2gSiC.js?v=74c2038a:4239:3)
    at refreshView (http://localhost:4200/@fs/D:/repos/luxuryapp-api/appsweb/angular/.angular/cache/22.1.8/luxury-app/vite/deps/core-gRj2gSiC.js?v=74c2038a:4784:28)
    at detectChangesInView (http://localhost:4200/@fs/D:/repos/luxuryapp-api/appsweb/angular/.angular/cache/22.1.8/luxury-app/vite/deps/core-gRj2gSiC.js?v=74c2038a:4882:25)
    at detectChangesInViewIfAttached (http://localhost:4200/@fs/D:/repos/luxuryapp-api/appsweb/angular/.angular/cache/22.1.8/luxury-app/vite/deps/core-gRj2gSiC.js?v=74c2038a:4868:2)
    at detectChangesInComponent (http://localhost:4200/@fs/D:/repos/luxuryapp-api/appsweb/angular/.angular/cache/22.1.8/luxury-app/vite/deps/core-gRj2gSiC.js?v=74c2038a:4861:3)
    at detectChangesInChildComponents (http://localhost:4200/@fs/D:/repos/luxuryapp-api/appsweb/angular/.angular/cache/22.1.8/luxury-app/vite/deps/core-gRj2gSiC.js?v=74c2038a:4897:46)
    at detectChangesInView (http://localhost:4200/@fs/D:/repos/luxuryapp-api/appsweb/angular/.angular/cache/22.1.8/luxury-app/vite/deps/core-gRj2gSiC.js?v=74c2038a:4889:29)
    at detectChangesInViewIfAttached (http://localhost:4200/@fs/D:/repos/luxuryapp-api/appsweb/angular/.angular/cache/22.1.8/luxury-app/vite/deps/core-gRj2gSiC.js?v=74c2038a:4868:2)
    at detectChangesInEmbeddedViews (http://localhost:4200/@fs/D:/repos/luxuryapp-api/appsweb/angular/.angular/cache/22.1.8/luxury-app/vite/deps/core-gRj2gSiC.js?v=74c2038a:4842:3) @ http://localhost:4200/chunk-AYL5KBWN.js:143
[ 1554675ms] [LOG] %c [API SUCCESS]: GET LIST: menu-items/019c6bee-028a-70e4-98ea-557b645a3ae0 color: teal; font-style: italic; [Object, Object, Object, Object, Object, Object, Object, Object, Object, Object, Object, Object, Object, Object, Object, Object, Object, Object, Object, Object, Object, Object, Object, Object] @ http://localhost:4200/chunk-72LYY77U.js:59
[ 1554676ms] [LOG] %c [MenuTrace] fetchMenuItemsFromApi.success color: #9C27B0; font-style: italic; {at: 2026-09-13T19:48:48.874Z, customerId: 019c6bee-028a-70e4-98ea-557b645a3ae0, customerReady: true, applicationUserId: 63f5fe75-4fbb-4328-a2dd-b7224778752e, lastCustomerId: 019c6bee-028a-70e4-98ea-557b645a3ae0} @ http://localhost:4200/chunk-72LYY77U.js:59
[ 1554677ms] [LOG] %c [MenuTrace] triggerMenuLoad.response color: #9C27B0; font-style: italic; {at: 2026-09-13T19:48:48.874Z, customerId: 019c6bee-028a-70e4-98ea-557b645a3ae0, customerReady: true, applicationUserId: 63f5fe75-4fbb-4328-a2dd-b7224778752e, lastCustomerId: 019c6bee-028a-70e4-98ea-557b645a3ae0} @ http://localhost:4200/chunk-72LYY77U.js:59
[ 2409488ms] [ERROR] [2026-09-13T20:03:03.686Z] Error: Connection disconnected with error 'Error: WebSocket closed with status code: 1006 (no reason given).'. @ http://localhost:4200/@fs/D:/repos/luxuryapp-api/appsweb/angular/.angular/cache/22.1.8/luxury-app/vite/deps/@microsoft_signalr.js?v=74c2038a:302
[ 2409489ms] [INFO] [2026-09-13T20:03:03.687Z] Information: Connection reconnecting because of error 'Error: WebSocket closed with status code: 1006 (no reason given).'. @ http://localhost:4200/@fs/D:/repos/luxuryapp-api/appsweb/angular/.angular/cache/22.1.8/luxury-app/vite/deps/@microsoft_signalr.js?v=74c2038a:308
[ 2409490ms] [LOG] %cWAIT [SignalR] Reintentando... color: orange; font-style: italic; Error: WebSocket closed with status code: 1006 (no reason given).
    at WebSocketTransport._close (http://localhost:4200/@fs/D:/repos/luxuryapp-api/appsweb/angular/.angular/cache/22.1.8/luxury-app/vite/deps/@microsoft_signalr.js?v=74c2038a:1839:133)
    at webSocket.onclose (http://localhost:4200/@fs/D:/repos/luxuryapp-api/appsweb/angular/.angular/cache/22.1.8/luxury-app/vite/deps/@microsoft_signalr.js?v=74c2038a:1808:22) @ http://localhost:4200/chunk-72LYY77U.js:59
[ 2409490ms] [INFO] [2026-09-13T20:03:03.688Z] Information: Reconnect attempt number 1 will start in 2000 ms. @ http://localhost:4200/@fs/D:/repos/luxuryapp-api/appsweb/angular/.angular/cache/22.1.8/luxury-app/vite/deps/@microsoft_signalr.js?v=74c2038a:308
[ 2409490ms] [ERROR] [2026-09-13T20:03:03.688Z] Error: Connection disconnected with error 'Error: WebSocket closed with status code: 1006 (no reason given).'. @ http://localhost:4200/@fs/D:/repos/luxuryapp-api/appsweb/angular/.angular/cache/22.1.8/luxury-app/vite/deps/@microsoft_signalr.js?v=74c2038a:302
[ 2409491ms] [INFO] [2026-09-13T20:03:03.688Z] Information: Connection reconnecting because of error 'Error: WebSocket closed with status code: 1006 (no reason given).'. @ http://localhost:4200/@fs/D:/repos/luxuryapp-api/appsweb/angular/.angular/cache/22.1.8/luxury-app/vite/deps/@microsoft_signalr.js?v=74c2038a:308
[ 2409491ms] [LOG] %cWAIT [SignalR] Reintentando... color: orange; font-style: italic; Error: WebSocket closed with status code: 1006 (no reason given).
    at WebSocketTransport._close (http://localhost:4200/@fs/D:/repos/luxuryapp-api/appsweb/angular/.angular/cache/22.1.8/luxury-app/vite/deps/@microsoft_signalr.js?v=74c2038a:1839:133)
    at webSocket.onclose (http://localhost:4200/@fs/D:/repos/luxuryapp-api/appsweb/angular/.angular/cache/22.1.8/luxury-app/vite/deps/@microsoft_signalr.js?v=74c2038a:1808:22) @ http://localhost:4200/chunk-72LYY77U.js:59
[ 2409491ms] [INFO] [2026-09-13T20:03:03.688Z] Information: Reconnect attempt number 1 will start in 2000 ms. @ http://localhost:4200/@fs/D:/repos/luxuryapp-api/appsweb/angular/.angular/cache/22.1.8/luxury-app/vite/deps/@microsoft_signalr.js?v=74c2038a:308
[ 2411820ms] [ERROR] Failed to load resource: net::ERR_CONNECTION_RESET @ http://localhost:7070/ws/notificationHub/negotiate?negotiateVersion=1:0
[ 2411820ms] [WARNING] [2026-09-13T20:03:06.017Z] Warning: Error from HTTP request. TypeError: Failed to fetch. @ http://localhost:4200/@fs/D:/repos/luxuryapp-api/appsweb/angular/.angular/cache/22.1.8/luxury-app/vite/deps/@microsoft_signalr.js?v=74c2038a:305
[ 2411820ms] [ERROR] [2026-09-13T20:03:06.017Z] Error: Failed to complete negotiation with the server: TypeError: Failed to fetch @ http://localhost:4200/@fs/D:/repos/luxuryapp-api/appsweb/angular/.angular/cache/22.1.8/luxury-app/vite/deps/@microsoft_signalr.js?v=74c2038a:302
[ 2411821ms] [ERROR] [2026-09-13T20:03:06.018Z] Error: Failed to start the connection: Error: Failed to complete negotiation with the server: TypeError: Failed to fetch @ http://localhost:4200/@fs/D:/repos/luxuryapp-api/appsweb/angular/.angular/cache/22.1.8/luxury-app/vite/deps/@microsoft_signalr.js?v=74c2038a:302
[ 2411821ms] [INFO] [2026-09-13T20:03:06.018Z] Information: Reconnect attempt failed because of error 'Error: Failed to complete negotiation with the server: TypeError: Failed to fetch'. @ http://localhost:4200/@fs/D:/repos/luxuryapp-api/appsweb/angular/.angular/cache/22.1.8/luxury-app/vite/deps/@microsoft_signalr.js?v=74c2038a:308
[ 2411821ms] [INFO] [2026-09-13T20:03:06.018Z] Information: Reconnect attempt number 2 will start in 5000 ms. @ http://localhost:4200/@fs/D:/repos/luxuryapp-api/appsweb/angular/.angular/cache/22.1.8/luxury-app/vite/deps/@microsoft_signalr.js?v=74c2038a:308
[ 2412080ms] [ERROR] Failed to load resource: net::ERR_CONNECTION_RESET @ http://localhost:7070/ws/notificationHub/negotiate?negotiateVersion=1:0
[ 2412080ms] [WARNING] [2026-09-13T20:03:06.277Z] Warning: Error from HTTP request. TypeError: Failed to fetch. @ http://localhost:4200/@fs/D:/repos/luxuryapp-api/appsweb/angular/.angular/cache/22.1.8/luxury-app/vite/deps/@microsoft_signalr.js?v=74c2038a:305
[ 2412080ms] [ERROR] [2026-09-13T20:03:06.277Z] Error: Failed to complete negotiation with the server: TypeError: Failed to fetch @ http://localhost:4200/@fs/D:/repos/luxuryapp-api/appsweb/angular/.angular/cache/22.1.8/luxury-app/vite/deps/@microsoft_signalr.js?v=74c2038a:302
[ 2412080ms] [ERROR] [2026-09-13T20:03:06.278Z] Error: Failed to start the connection: Error: Failed to complete negotiation with the server: TypeError: Failed to fetch @ http://localhost:4200/@fs/D:/repos/luxuryapp-api/appsweb/angular/.angular/cache/22.1.8/luxury-app/vite/deps/@microsoft_signalr.js?v=74c2038a:302
[ 2412080ms] [INFO] [2026-09-13T20:03:06.278Z] Information: Reconnect attempt failed because of error 'Error: Failed to complete negotiation with the server: TypeError: Failed to fetch'. @ http://localhost:4200/@fs/D:/repos/luxuryapp-api/appsweb/angular/.angular/cache/22.1.8/luxury-app/vite/deps/@microsoft_signalr.js?v=74c2038a:308
[ 2412080ms] [INFO] [2026-09-13T20:03:06.278Z] Information: Reconnect attempt number 2 will start in 5000 ms. @ http://localhost:4200/@fs/D:/repos/luxuryapp-api/appsweb/angular/.angular/cache/22.1.8/luxury-app/vite/deps/@microsoft_signalr.js?v=74c2038a:308
[ 2417149ms] [ERROR] Failed to load resource: net::ERR_CONNECTION_RESET @ http://localhost:7070/ws/notificationHub/negotiate?negotiateVersion=1:0
[ 2417150ms] [WARNING] [2026-09-13T20:03:11.347Z] Warning: Error from HTTP request. TypeError: Failed to fetch. @ http://localhost:4200/@fs/D:/repos/luxuryapp-api/appsweb/angular/.angular/cache/22.1.8/luxury-app/vite/deps/@microsoft_signalr.js?v=74c2038a:305
[ 2417150ms] [ERROR] [2026-09-13T20:03:11.347Z] Error: Failed to complete negotiation with the server: TypeError: Failed to fetch @ http://localhost:4200/@fs/D:/repos/luxuryapp-api/appsweb/angular/.angular/cache/22.1.8/luxury-app/vite/deps/@microsoft_signalr.js?v=74c2038a:302
[ 2417150ms] [ERROR] [2026-09-13T20:03:11.347Z] Error: Failed to start the connection: Error: Failed to complete negotiation with the server: TypeError: Failed to fetch @ http://localhost:4200/@fs/D:/repos/luxuryapp-api/appsweb/angular/.angular/cache/22.1.8/luxury-app/vite/deps/@microsoft_signalr.js?v=74c2038a:302
[ 2417150ms] [INFO] [2026-09-13T20:03:11.348Z] Information: Reconnect attempt failed because of error 'Error: Failed to complete negotiation with the server: TypeError: Failed to fetch'. @ http://localhost:4200/@fs/D:/repos/luxuryapp-api/appsweb/angular/.angular/cache/22.1.8/luxury-app/vite/deps/@microsoft_signalr.js?v=74c2038a:308
[ 2417150ms] [INFO] [2026-09-13T20:03:11.348Z] Information: Reconnect attempt number 3 will start in 10000 ms. @ http://localhost:4200/@fs/D:/repos/luxuryapp-api/appsweb/angular/.angular/cache/22.1.8/luxury-app/vite/deps/@microsoft_signalr.js?v=74c2038a:308
[ 2417399ms] [ERROR] Failed to load resource: net::ERR_CONNECTION_RESET @ http://localhost:7070/ws/notificationHub/negotiate?negotiateVersion=1:0
[ 2417399ms] [WARNING] [2026-09-13T20:03:11.596Z] Warning: Error from HTTP request. TypeError: Failed to fetch. @ http://localhost:4200/@fs/D:/repos/luxuryapp-api/appsweb/angular/.angular/cache/22.1.8/luxury-app/vite/deps/@microsoft_signalr.js?v=74c2038a:305
[ 2417399ms] [ERROR] [2026-09-13T20:03:11.596Z] Error: Failed to complete negotiation with the server: TypeError: Failed to fetch @ http://localhost:4200/@fs/D:/repos/luxuryapp-api/appsweb/angular/.angular/cache/22.1.8/luxury-app/vite/deps/@microsoft_signalr.js?v=74c2038a:302
[ 2417399ms] [ERROR] [2026-09-13T20:03:11.596Z] Error: Failed to start the connection: Error: Failed to complete negotiation with the server: TypeError: Failed to fetch @ http://localhost:4200/@fs/D:/repos/luxuryapp-api/appsweb/angular/.angular/cache/22.1.8/luxury-app/vite/deps/@microsoft_signalr.js?v=74c2038a:302
[ 2417399ms] [INFO] [2026-09-13T20:03:11.596Z] Information: Reconnect attempt failed because of error 'Error: Failed to complete negotiation with the server: TypeError: Failed to fetch'. @ http://localhost:4200/@fs/D:/repos/luxuryapp-api/appsweb/angular/.angular/cache/22.1.8/luxury-app/vite/deps/@microsoft_signalr.js?v=74c2038a:308
[ 2417399ms] [INFO] [2026-09-13T20:03:11.596Z] Information: Reconnect attempt number 3 will start in 10000 ms. @ http://localhost:4200/@fs/D:/repos/luxuryapp-api/appsweb/angular/.angular/cache/22.1.8/luxury-app/vite/deps/@microsoft_signalr.js?v=74c2038a:308
[ 2427474ms] [ERROR] Failed to load resource: net::ERR_CONNECTION_RESET @ http://localhost:7070/ws/notificationHub/negotiate?negotiateVersion=1:0
[ 2427474ms] [WARNING] [2026-09-13T20:03:21.672Z] Warning: Error from HTTP request. TypeError: Failed to fetch. @ http://localhost:4200/@fs/D:/repos/luxuryapp-api/appsweb/angular/.angular/cache/22.1.8/luxury-app/vite/deps/@microsoft_signalr.js?v=74c2038a:305
[ 2427475ms] [ERROR] [2026-09-13T20:03:21.672Z] Error: Failed to complete negotiation with the server: TypeError: Failed to fetch @ http://localhost:4200/@fs/D:/repos/luxuryapp-api/appsweb/angular/.angular/cache/22.1.8/luxury-app/vite/deps/@microsoft_signalr.js?v=74c2038a:302
[ 2427475ms] [ERROR] [2026-09-13T20:03:21.672Z] Error: Failed to start the connection: Error: Failed to complete negotiation with the server: TypeError: Failed to fetch @ http://localhost:4200/@fs/D:/repos/luxuryapp-api/appsweb/angular/.angular/cache/22.1.8/luxury-app/vite/deps/@microsoft_signalr.js?v=74c2038a:302
[ 2427475ms] [INFO] [2026-09-13T20:03:21.672Z] Information: Reconnect attempt failed because of error 'Error: Failed to complete negotiation with the server: TypeError: Failed to fetch'. @ http://localhost:4200/@fs/D:/repos/luxuryapp-api/appsweb/angular/.angular/cache/22.1.8/luxury-app/vite/deps/@microsoft_signalr.js?v=74c2038a:308
[ 2427475ms] [INFO] [2026-09-13T20:03:21.672Z] Information: Reconnect attempt number 4 will start in 20000 ms. @ http://localhost:4200/@fs/D:/repos/luxuryapp-api/appsweb/angular/.angular/cache/22.1.8/luxury-app/vite/deps/@microsoft_signalr.js?v=74c2038a:308
[ 2427722ms] [ERROR] Failed to load resource: net::ERR_CONNECTION_RESET @ http://localhost:7070/ws/notificationHub/negotiate?negotiateVersion=1:0
[ 2427722ms] [WARNING] [2026-09-13T20:03:21.920Z] Warning: Error from HTTP request. TypeError: Failed to fetch. @ http://localhost:4200/@fs/D:/repos/luxuryapp-api/appsweb/angular/.angular/cache/22.1.8/luxury-app/vite/deps/@microsoft_signalr.js?v=74c2038a:305
[ 2427722ms] [ERROR] [2026-09-13T20:03:21.920Z] Error: Failed to complete negotiation with the server: TypeError: Failed to fetch @ http://localhost:4200/@fs/D:/repos/luxuryapp-api/appsweb/angular/.angular/cache/22.1.8/luxury-app/vite/deps/@microsoft_signalr.js?v=74c2038a:302
[ 2427722ms] [ERROR] [2026-09-13T20:03:21.920Z] Error: Failed to start the connection: Error: Failed to complete negotiation with the server: TypeError: Failed to fetch @ http://localhost:4200/@fs/D:/repos/luxuryapp-api/appsweb/angular/.angular/cache/22.1.8/luxury-app/vite/deps/@microsoft_signalr.js?v=74c2038a:302
[ 2427723ms] [INFO] [2026-09-13T20:03:21.920Z] Information: Reconnect attempt failed because of error 'Error: Failed to complete negotiation with the server: TypeError: Failed to fetch'. @ http://localhost:4200/@fs/D:/repos/luxuryapp-api/appsweb/angular/.angular/cache/22.1.8/luxury-app/vite/deps/@microsoft_signalr.js?v=74c2038a:308
[ 2427723ms] [INFO] [2026-09-13T20:03:21.920Z] Information: Reconnect attempt number 4 will start in 20000 ms. @ http://localhost:4200/@fs/D:/repos/luxuryapp-api/appsweb/angular/.angular/cache/22.1.8/luxury-app/vite/deps/@microsoft_signalr.js?v=74c2038a:308
[ 2447792ms] [ERROR] Failed to load resource: net::ERR_CONNECTION_RESET @ http://localhost:7070/ws/notificationHub/negotiate?negotiateVersion=1:0
[ 2447792ms] [WARNING] [2026-09-13T20:03:41.989Z] Warning: Error from HTTP request. TypeError: Failed to fetch. @ http://localhost:4200/@fs/D:/repos/luxuryapp-api/appsweb/angular/.angular/cache/22.1.8/luxury-app/vite/deps/@microsoft_signalr.js?v=74c2038a:305
[ 2447792ms] [ERROR] [2026-09-13T20:03:41.990Z] Error: Failed to complete negotiation with the server: TypeError: Failed to fetch @ http://localhost:4200/@fs/D:/repos/luxuryapp-api/appsweb/angular/.angular/cache/22.1.8/luxury-app/vite/deps/@microsoft_signalr.js?v=74c2038a:302
[ 2447792ms] [ERROR] [2026-09-13T20:03:41.990Z] Error: Failed to start the connection: Error: Failed to complete negotiation with the server: TypeError: Failed to fetch @ http://localhost:4200/@fs/D:/repos/luxuryapp-api/appsweb/angular/.angular/cache/22.1.8/luxury-app/vite/deps/@microsoft_signalr.js?v=74c2038a:302
[ 2447792ms] [INFO] [2026-09-13T20:03:41.990Z] Information: Reconnect attempt failed because of error 'Error: Failed to complete negotiation with the server: TypeError: Failed to fetch'. @ http://localhost:4200/@fs/D:/repos/luxuryapp-api/appsweb/angular/.angular/cache/22.1.8/luxury-app/vite/deps/@microsoft_signalr.js?v=74c2038a:308
[ 2447792ms] [INFO] [2026-09-13T20:03:41.990Z] Information: Reconnect retries have been exhausted after 38304 ms and 4 failed attempts. Connection disconnecting. @ http://localhost:4200/@fs/D:/repos/luxuryapp-api/appsweb/angular/.angular/cache/22.1.8/luxury-app/vite/deps/@microsoft_signalr.js?v=74c2038a:308
[ 2447793ms] [LOG] %cLINK [SignalR] Conexion cerrada: color: red; font-style: italic; undefined @ http://localhost:4200/chunk-72LYY77U.js:59
[ 2447794ms] [LOG] %c🛡️ [JwtInterceptorFn] Auth check completado. Interceptando ruta: color: #FF0000; font-style: italic; http://localhost:7070/api/solicitud-compra/get-solicitud-compra-individual/1 @ http://localhost:4200/chunk-72LYY77U.js:59
[ 2447795ms] [LOG] %c🔍 [StorageService] Recuperando valor para clave: 'customerId' color: #2196F3; font-style: italic; @ http://localhost:4200/chunk-72LYY77U.js:59
[ 2447795ms] [LOG] %c🔍 [StorageService] Recuperando valor para clave: 'customerId' color: #2196F3; font-style: italic; @ http://localhost:4200/chunk-72LYY77U.js:59
[ 2447796ms] [LOG] %c [JwtTrace] request color: #F44336; font-style: italic; {at: 2026-09-13T20:03:41.992Z, url: http://localhost:7070/api/solicitud-compra/get-solicitud-compra-individual/1, method: GET, appUserId: 63f5fe75-4fbb-4328-a2dd-b7224778752e, storageCustomerId: 019c6bee-028a-70e4-98ea-557b645a3ae0} @ http://localhost:4200/chunk-72LYY77U.js:59
[ 2447797ms] [LOG] %c🛡️ [JwtInterceptorFn] Auth check completado. Interceptando ruta: color: #FF0000; font-style: italic; http://localhost:7070/api/orden-compra/cotizaciones-relacionadas/1 @ http://localhost:4200/chunk-72LYY77U.js:59
[ 2447798ms] [LOG] %c🔍 [StorageService] Recuperando valor para clave: 'customerId' color: #2196F3; font-style: italic; @ http://localhost:4200/chunk-72LYY77U.js:59
[ 2447799ms] [LOG] %c🔍 [StorageService] Recuperando valor para clave: 'customerId' color: #2196F3; font-style: italic; @ http://localhost:4200/chunk-72LYY77U.js:59
[ 2447799ms] [LOG] %c [JwtTrace] request color: #F44336; font-style: italic; {at: 2026-09-13T20:03:41.996Z, url: http://localhost:7070/api/orden-compra/cotizaciones-relacionadas/1, method: GET, appUserId: 63f5fe75-4fbb-4328-a2dd-b7224778752e, storageCustomerId: 019c6bee-028a-70e4-98ea-557b645a3ae0} @ http://localhost:4200/chunk-72LYY77U.js:59
[ 2448039ms] [ERROR] Failed to load resource: net::ERR_CONNECTION_RESET @ http://localhost:7070/ws/notificationHub/negotiate?negotiateVersion=1:0
[ 2448039ms] [WARNING] [2026-09-13T20:03:42.236Z] Warning: Error from HTTP request. TypeError: Failed to fetch. @ http://localhost:4200/@fs/D:/repos/luxuryapp-api/appsweb/angular/.angular/cache/22.1.8/luxury-app/vite/deps/@microsoft_signalr.js?v=74c2038a:305
[ 2448039ms] [ERROR] [2026-09-13T20:03:42.237Z] Error: Failed to complete negotiation with the server: TypeError: Failed to fetch @ http://localhost:4200/@fs/D:/repos/luxuryapp-api/appsweb/angular/.angular/cache/22.1.8/luxury-app/vite/deps/@microsoft_signalr.js?v=74c2038a:302
[ 2448039ms] [ERROR] [2026-09-13T20:03:42.237Z] Error: Failed to start the connection: Error: Failed to complete negotiation with the server: TypeError: Failed to fetch @ http://localhost:4200/@fs/D:/repos/luxuryapp-api/appsweb/angular/.angular/cache/22.1.8/luxury-app/vite/deps/@microsoft_signalr.js?v=74c2038a:302
[ 2448039ms] [INFO] [2026-09-13T20:03:42.237Z] Information: Reconnect attempt failed because of error 'Error: Failed to complete negotiation with the server: TypeError: Failed to fetch'. @ http://localhost:4200/@fs/D:/repos/luxuryapp-api/appsweb/angular/.angular/cache/22.1.8/luxury-app/vite/deps/@microsoft_signalr.js?v=74c2038a:308
[ 2448039ms] [INFO] [2026-09-13T20:03:42.237Z] Information: Reconnect retries have been exhausted after 38549 ms and 4 failed attempts. Connection disconnecting. @ http://localhost:4200/@fs/D:/repos/luxuryapp-api/appsweb/angular/.angular/cache/22.1.8/luxury-app/vite/deps/@microsoft_signalr.js?v=74c2038a:308
[ 2448039ms] [LOG] %cLINK [SignalR] Conexion cerrada: color: red; font-style: italic; undefined @ http://localhost:4200/chunk-72LYY77U.js:59
[ 2448054ms] [ERROR] Failed to load resource: net::ERR_CONNECTION_RESET @ http://localhost:7070/api/solicitud-compra/get-solicitud-compra-individual/1:0
[ 2448054ms] [LOG] %c🚫 API Error: GET ITEM: solicitud-compra/get-solicitud-compra-individual/1 color: red;font-style: italic HttpErrorResponse @ http://localhost:4200/chunk-72LYY77U.js:72
[ 2448102ms] [ERROR] Failed to load resource: net::ERR_CONNECTION_RESET @ http://localhost:7070/api/orden-compra/cotizaciones-relacionadas/1:0
[ 2448102ms] [LOG] %c🚫 API Error: GET LIST: orden-compra/cotizaciones-relacionadas/1 color: red;font-style: italic No se pudo completar la operacion. @ http://localhost:4200/chunk-72LYY77U.js:72
[ 2448112ms] TypeError: Cannot read properties of null (reading 'length')
    at SolicitudCompra_Template (http://localhost:4200/chunk-FUMMKIV5.js:1766:66)
    at executeTemplate (http://localhost:4200/@fs/D:/repos/luxuryapp-api/appsweb/angular/.angular/cache/22.1.8/luxury-app/vite/deps/core-gRj2gSiC.js?v=74c2038a:4239:3)
    at refreshView (http://localhost:4200/@fs/D:/repos/luxuryapp-api/appsweb/angular/.angular/cache/22.1.8/luxury-app/vite/deps/core-gRj2gSiC.js?v=74c2038a:4784:28)
    at detectChangesInView (http://localhost:4200/@fs/D:/repos/luxuryapp-api/appsweb/angular/.angular/cache/22.1.8/luxury-app/vite/deps/core-gRj2gSiC.js?v=74c2038a:4882:25)
    at detectChangesInViewWhileDirty (http://localhost:4200/@fs/D:/repos/luxuryapp-api/appsweb/angular/.angular/cache/22.1.8/luxury-app/vite/deps/core-gRj2gSiC.js?v=74c2038a:4738:3)
    at detectChangesInternal (http://localhost:4200/@fs/D:/repos/luxuryapp-api/appsweb/angular/.angular/cache/22.1.8/luxury-app/vite/deps/core-gRj2gSiC.js?v=74c2038a:4729:3)
    at ViewRef$1.detectChanges (http://localhost:4200/@fs/D:/repos/luxuryapp-api/appsweb/angular/.angular/cache/22.1.8/luxury-app/vite/deps/core-gRj2gSiC.js?v=74c2038a:5090:3)
    at http://localhost:4200/chunk-FUMMKIV5.js:1558:16
[ 3116880ms] [LOG] %c📦 [StorageService] Inicializando servicio de almacenamiento local... color: #3F51B5; font-style: italic; @ http://localhost:4200/chunk-72LYY77U.js:59
[ 3116881ms] [LOG] %c [AuthService] Verificando ruta inicial: /purchases/solicitud-compra/1 | Es publica: false color: #9C27B0; font-style: italic; @ http://localhost:4200/chunk-72LYY77U.js:59
[ 3116881ms] [LOG] %c [AuthService] Ruta no publica. Intentando login silencioso... color: #009688; font-style: italic; @ http://localhost:4200/chunk-72LYY77U.js:59
[ 3116884ms] [LOG] %c🚀 [Initializer] Starting application state initialization... color: purple; font-style: italic; @ http://localhost:4200/chunk-72LYY77U.js:59
[ 3117194ms] [ERROR] Failed to load resource: net::ERR_CONNECTION_RESET @ http://localhost:7070/api/auth/refresh:0
[ 3117195ms] [LOG] %c🚫 Error en refreshToken, forzando logout local. color: red;font-style: italic HttpErrorResponse @ http://localhost:4200/chunk-72LYY77U.js:72
[ 3117195ms] [LOG] %c [AuthTrace] clearSession.before color: #03A9F4; font-style: italic; {at: 2026-09-13T20:14:51.393Z, applicationUserId: null, tokenCustomerId: null, roles: Array(0), customerAccessCount: 0} @ http://localhost:4200/chunk-72LYY77U.js:59
[ 3117196ms] [LOG] %c🔍 [StorageService] Recuperando valor para clave: 'customerId' color: #2196F3; font-style: italic; @ http://localhost:4200/chunk-72LYY77U.js:59
[ 3117196ms] [LOG] %c [CustomerTrace] clearCustomerData.before color: #FF9800; font-style: italic; {at: 2026-09-13T20:14:51.394Z, state: Object, storedCustomerId: 019c6bee-028a-70e4-98ea-557b645a3ae0} @ http://localhost:4200/chunk-72LYY77U.js:59
[ 3117197ms] [LOG] %c🧹 [StorageService] Limpiando clave específica: 'customerId' color: #FF5722; font-style: italic; @ http://localhost:4200/chunk-72LYY77U.js:59
[ 3117197ms] [LOG] %c✅ [StorageService] Clave 'customerId' ha sido limpiada. color: #9E9E9E; font-style: italic; @ http://localhost:4200/chunk-72LYY77U.js:59
[ 3117197ms] [LOG] %c🔍 [StorageService] Recuperando valor para clave: 'customerId' color: #2196F3; font-style: italic; @ http://localhost:4200/chunk-72LYY77U.js:59
[ 3117197ms] [LOG] %c🟡 [StorageService] No se encontró valor para clave 'customerId' o es undefined. color: #FF9800; font-style: italic; @ http://localhost:4200/chunk-72LYY77U.js:59
[ 3117198ms] [LOG] %c [CustomerTrace] clearCustomerData.after color: #FF9800; font-style: italic; {at: 2026-09-13T20:14:51.395Z, state: Object, storedCustomerId: undefined} @ http://localhost:4200/chunk-72LYY77U.js:59
[ 3117200ms] [LOG] %c [AuthTrace] trySilentLogin.finalize color: #8BC34A; font-style: italic; {at: 2026-09-13T20:14:51.397Z, isAuthenticated: false} @ http://localhost:4200/chunk-72LYY77U.js:59
[ 3117201ms] [LOG] %c🤷 [Initializer] No user session. Skipping customer state initialization. color: #9E9E9E; font-style: italic; @ http://localhost:4200/chunk-72LYY77U.js:59
[ 3117201ms] [LOG] %c✅ [Initializer] State initialization complete. color: green; font-style: italic; @ http://localhost:4200/chunk-72LYY77U.js:59
[ 3117205ms] [LOG] %c🔄 UpdateService: Inicializando servicio de actualizaciones color: blue; font-weight: bold; @ http://localhost:4200/chunk-WEIOKMZ7.js:10
[ 3117206ms] [LOG] %c🔄 UpdateService: ❌ Service Worker NO habilitado color: red; font-weight: bold; @ http://localhost:4200/chunk-WEIOKMZ7.js:22
[ 3117215ms] [LOG] %c🚀 [App] ¡Aplicación iniciada! Soy más ligero y rápido que nunca. color: #673AB7; font-style: italic; @ http://localhost:4200/chunk-72LYY77U.js:59
[ 3117239ms] [LOG] Angular is running in development mode. @ http://localhost:4200/@fs/D:/repos/luxuryapp-api/appsweb/angular/.angular/cache/22.1.8/luxury-app/vite/deps/core-gRj2gSiC.js?v=74c2038a:9175
[ 3117427ms] [LOG] %c🔐 [SecurityService] Servicio de seguridad inicializado. color: #3F51B5; font-style: italic; @ http://localhost:4200/chunk-72LYY77U.js:59
[ 3117464ms] [LOG] %c [Login] Iniciando.. color: #607D8B; font-style: italic; @ http://localhost:4200/chunk-72LYY77U.js:59
[ 3117465ms] [LOG] %c [Login] Usando / como redireccion por defecto. color: #607D8B; font-style: italic; @ http://localhost:4200/chunk-72LYY77U.js:59
[ 3117465ms] [LOG] %c [Login] URL final de redireccion: / color: #2196F3; font-style: italic; @ http://localhost:4200/chunk-72LYY77U.js:59
[ 3117467ms] [LOG] %c [Login] Usuario recuperado. color: #FF9800; font-style: italic; @ http://localhost:4200/chunk-72LYY77U.js:59
[ 3117467ms] [LOG] %c🚪 [SecurityService] Limpiando datos de autenticación... color: #F44336; font-style: italic; @ http://localhost:4200/chunk-72LYY77U.js:59
[ 3117467ms] [LOG] %c🗑️ [StorageService] Eliminando clave: 'userAuthData' color: #F44336; font-style: italic; @ http://localhost:4200/chunk-72LYY77U.js:59
[ 3117468ms] [LOG] %c✅ [StorageService] Clave 'userAuthData' eliminada. color: #9E9E9E; font-style: italic; @ http://localhost:4200/chunk-72LYY77U.js:59
[ 3117468ms] [LOG] %c🗑️ [StorageService] Eliminando clave: 'accessToken' color: #F44336; font-style: italic; @ http://localhost:4200/chunk-72LYY77U.js:59
[ 3117468ms] [LOG] %c✅ [StorageService] Clave 'accessToken' eliminada. color: #9E9E9E; font-style: italic; @ http://localhost:4200/chunk-72LYY77U.js:59
[ 3117468ms] [LOG] %c🧹 [SecurityService] Datos de sesión eliminados: userAuthData y accessToken. color: #9E9E9E; font-style: italic; @ http://localhost:4200/chunk-72LYY77U.js:59
[ 3117468ms] [LOG] %c [Login] Datos de sesion previa eliminados. color: #9E9E9E; font-style: italic; @ http://localhost:4200/chunk-72LYY77U.js:59
[ 3117469ms] [LOG] %c🚪 [SecurityService] Limpiando datos de autenticación... color: #F44336; font-style: italic; @ http://localhost:4200/chunk-72LYY77U.js:59
[ 3117470ms] [LOG] %c🗑️ [StorageService] Eliminando clave: 'userAuthData' color: #F44336; font-style: italic; @ http://localhost:4200/chunk-72LYY77U.js:59
[ 3117470ms] [LOG] %c✅ [StorageService] Clave 'userAuthData' eliminada. color: #9E9E9E; font-style: italic; @ http://localhost:4200/chunk-72LYY77U.js:59
[ 3117470ms] [LOG] %c🗑️ [StorageService] Eliminando clave: 'accessToken' color: #F44336; font-style: italic; @ http://localhost:4200/chunk-72LYY77U.js:59
[ 3117471ms] [LOG] %c✅ [StorageService] Clave 'accessToken' eliminada. color: #9E9E9E; font-style: italic; @ http://localhost:4200/chunk-72LYY77U.js:59
[ 3117471ms] [LOG] %c🧹 [SecurityService] Datos de sesión eliminados: userAuthData y accessToken. color: #9E9E9E; font-style: italic; @ http://localhost:4200/chunk-72LYY77U.js:59
[ 3117564ms] [WARNING] NG0913: An image with src http://localhost:4200/assets/oficial/Logo%20Files/png/Color%20logo%20-%20no%20background.png has intrinsic file dimensions much larger than its rendered size. This can negatively impact application loading performance. For more information about addressing or disabling this warning, see https://v22.angular.dev/errors/NG0913. Find more at https://v22.angular.dev/errors/NG0913 @ http://localhost:4200/@fs/D:/repos/luxuryapp-api/appsweb/angular/.angular/cache/22.1.8/luxury-app/vite/deps/core-gRj2gSiC.js?v=74c2038a:17980
[ 3117564ms] [WARNING] NG0913: An image with src http://localhost:4200/assets/oficial/Logo%20Files/png/Color%20logo%20-%20no%20background.png has intrinsic file dimensions much larger than its rendered size. This can negatively impact application loading performance. For more information about addressing or disabling this warning, see https://v22.angular.dev/errors/NG0913. Find more at https://v22.angular.dev/errors/NG0913 @ http://localhost:4200/@fs/D:/repos/luxuryapp-api/appsweb/angular/.angular/cache/22.1.8/luxury-app/vite/deps/core-gRj2gSiC.js?v=74c2038a:17980
[ 3117565ms] [WARNING] NG0913: An image with src http://localhost:4200/assets/oficial/Logo%20Files/png/White%20logo%20-%20no%20background.png has intrinsic file dimensions much larger than its rendered size. This can negatively impact application loading performance. For more information about addressing or disabling this warning, see https://v22.angular.dev/errors/NG0913. Find more at https://v22.angular.dev/errors/NG0913 @ http://localhost:4200/@fs/D:/repos/luxuryapp-api/appsweb/angular/.angular/cache/22.1.8/luxury-app/vite/deps/core-gRj2gSiC.js?v=74c2038a:17980
[ 3117572ms] [VERBOSE] [DOM] Input elements should have autocomplete attributes (suggested: "current-password"): (More info: https://goo.gl/9p2vKq) @ http://localhost:4200/auth/login:0
[ 3507019ms] [LOG] %c📦 [StorageService] Inicializando servicio de almacenamiento local... color: #3F51B5; font-style: italic; @ http://localhost:4200/chunk-72LYY77U.js:59
[ 3507021ms] [LOG] %c [AuthService] Verificando ruta inicial: /auth/login | Es publica: true color: #9C27B0; font-style: italic; @ http://localhost:4200/chunk-72LYY77U.js:59
[ 3507021ms] [LOG] %c [AuthService] Ruta publica detectada. Omitiendo login silencioso. color: #FFC107; font-style: italic; @ http://localhost:4200/chunk-72LYY77U.js:59
[ 3507021ms] [LOG] %c🚀 [Initializer] Starting application state initialization... color: purple; font-style: italic; @ http://localhost:4200/chunk-72LYY77U.js:59
[ 3507022ms] [LOG] %c🤷 [Initializer] No user session. Skipping customer state initialization. color: #9E9E9E; font-style: italic; @ http://localhost:4200/chunk-72LYY77U.js:59
[ 3507023ms] [LOG] %c✅ [Initializer] State initialization complete. color: green; font-style: italic; @ http://localhost:4200/chunk-72LYY77U.js:59
[ 3507126ms] [LOG] %c🔄 UpdateService: Inicializando servicio de actualizaciones color: blue; font-weight: bold; @ http://localhost:4200/chunk-WEIOKMZ7.js:10
[ 3507127ms] [LOG] %c🔄 UpdateService: ❌ Service Worker NO habilitado color: red; font-weight: bold; @ http://localhost:4200/chunk-WEIOKMZ7.js:22
[ 3507140ms] [LOG] %c🚀 [App] ¡Aplicación iniciada! Soy más ligero y rápido que nunca. color: #673AB7; font-style: italic; @ http://localhost:4200/chunk-72LYY77U.js:59
[ 3507179ms] [LOG] Angular is running in development mode. @ http://localhost:4200/@fs/D:/repos/luxuryapp-api/appsweb/angular/.angular/cache/22.1.8/luxury-app/vite/deps/core-gRj2gSiC.js?v=74c2038a:9175
[ 3507399ms] [LOG] %c🔐 [SecurityService] Servicio de seguridad inicializado. color: #3F51B5; font-style: italic; @ http://localhost:4200/chunk-72LYY77U.js:59
[ 3507446ms] [LOG] %c [Login] Iniciando.. color: #607D8B; font-style: italic; @ http://localhost:4200/chunk-72LYY77U.js:59
[ 3507447ms] [LOG] %c [Login] Usando / como redireccion por defecto. color: #607D8B; font-style: italic; @ http://localhost:4200/chunk-72LYY77U.js:59
[ 3507447ms] [LOG] %c [Login] URL final de redireccion: / color: #2196F3; font-style: italic; @ http://localhost:4200/chunk-72LYY77U.js:59
[ 3507448ms] [LOG] %c [Login] Usuario recuperado. color: #FF9800; font-style: italic; @ http://localhost:4200/chunk-72LYY77U.js:59
[ 3507448ms] [LOG] %c🚪 [SecurityService] Limpiando datos de autenticación... color: #F44336; font-style: italic; @ http://localhost:4200/chunk-72LYY77U.js:59
[ 3507448ms] [LOG] %c🗑️ [StorageService] Eliminando clave: 'userAuthData' color: #F44336; font-style: italic; @ http://localhost:4200/chunk-72LYY77U.js:59
[ 3507449ms] [LOG] %c✅ [StorageService] Clave 'userAuthData' eliminada. color: #9E9E9E; font-style: italic; @ http://localhost:4200/chunk-72LYY77U.js:59
[ 3507449ms] [LOG] %c🗑️ [StorageService] Eliminando clave: 'accessToken' color: #F44336; font-style: italic; @ http://localhost:4200/chunk-72LYY77U.js:59
[ 3507450ms] [LOG] %c✅ [StorageService] Clave 'accessToken' eliminada. color: #9E9E9E; font-style: italic; @ http://localhost:4200/chunk-72LYY77U.js:59
[ 3507450ms] [LOG] %c🧹 [SecurityService] Datos de sesión eliminados: userAuthData y accessToken. color: #9E9E9E; font-style: italic; @ http://localhost:4200/chunk-72LYY77U.js:59
[ 3507450ms] [LOG] %c [Login] Datos de sesion previa eliminados. color: #9E9E9E; font-style: italic; @ http://localhost:4200/chunk-72LYY77U.js:59
[ 3507452ms] [LOG] %c🚪 [SecurityService] Limpiando datos de autenticación... color: #F44336; font-style: italic; @ http://localhost:4200/chunk-72LYY77U.js:59
[ 3507452ms] [LOG] %c🗑️ [StorageService] Eliminando clave: 'userAuthData' color: #F44336; font-style: italic; @ http://localhost:4200/chunk-72LYY77U.js:59
[ 3507453ms] [LOG] %c✅ [StorageService] Clave 'userAuthData' eliminada. color: #9E9E9E; font-style: italic; @ http://localhost:4200/chunk-72LYY77U.js:59
[ 3507453ms] [LOG] %c🗑️ [StorageService] Eliminando clave: 'accessToken' color: #F44336; font-style: italic; @ http://localhost:4200/chunk-72LYY77U.js:59
[ 3507453ms] [LOG] %c✅ [StorageService] Clave 'accessToken' eliminada. color: #9E9E9E; font-style: italic; @ http://localhost:4200/chunk-72LYY77U.js:59
[ 3507454ms] [LOG] %c🧹 [SecurityService] Datos de sesión eliminados: userAuthData y accessToken. color: #9E9E9E; font-style: italic; @ http://localhost:4200/chunk-72LYY77U.js:59
[ 3507589ms] [VERBOSE] [DOM] Input elements should have autocomplete attributes (suggested: "current-password"): (More info: https://goo.gl/9p2vKq) @ http://localhost:4200/auth/login:0
[ 3524572ms] [LOG] %c📦 [StorageService] Inicializando servicio de almacenamiento local... color: #3F51B5; font-style: italic; @ http://localhost:4200/chunk-72LYY77U.js:59
[ 3524573ms] [LOG] %c [AuthService] Verificando ruta inicial: /auth/login | Es publica: true color: #9C27B0; font-style: italic; @ http://localhost:4200/chunk-72LYY77U.js:59
[ 3524573ms] [LOG] %c [AuthService] Ruta publica detectada. Omitiendo login silencioso. color: #FFC107; font-style: italic; @ http://localhost:4200/chunk-72LYY77U.js:59
[ 3524573ms] [LOG] %c🚀 [Initializer] Starting application state initialization... color: purple; font-style: italic; @ http://localhost:4200/chunk-72LYY77U.js:59
[ 3524574ms] [LOG] %c🤷 [Initializer] No user session. Skipping customer state initialization. color: #9E9E9E; font-style: italic; @ http://localhost:4200/chunk-72LYY77U.js:59
[ 3524575ms] [LOG] %c✅ [Initializer] State initialization complete. color: green; font-style: italic; @ http://localhost:4200/chunk-72LYY77U.js:59
[ 3524681ms] [LOG] %c🔄 UpdateService: Inicializando servicio de actualizaciones color: blue; font-weight: bold; @ http://localhost:4200/chunk-WEIOKMZ7.js:10
[ 3524684ms] [LOG] %c🔄 UpdateService: ❌ Service Worker NO habilitado color: red; font-weight: bold; @ http://localhost:4200/chunk-WEIOKMZ7.js:22
[ 3524696ms] [LOG] %c🚀 [App] ¡Aplicación iniciada! Soy más ligero y rápido que nunca. color: #673AB7; font-style: italic; @ http://localhost:4200/chunk-72LYY77U.js:59
[ 3524732ms] [LOG] Angular is running in development mode. @ http://localhost:4200/@fs/D:/repos/luxuryapp-api/appsweb/angular/.angular/cache/22.1.8/luxury-app/vite/deps/core-gRj2gSiC.js?v=74c2038a:9175
[ 3524928ms] [LOG] %c🔐 [SecurityService] Servicio de seguridad inicializado. color: #3F51B5; font-style: italic; @ http://localhost:4200/chunk-72LYY77U.js:59
[ 3524961ms] [LOG] %c [Login] Iniciando.. color: #607D8B; font-style: italic; @ http://localhost:4200/chunk-72LYY77U.js:59
[ 3524961ms] [LOG] %c [Login] Usando / como redireccion por defecto. color: #607D8B; font-style: italic; @ http://localhost:4200/chunk-72LYY77U.js:59
[ 3524962ms] [LOG] %c [Login] URL final de redireccion: / color: #2196F3; font-style: italic; @ http://localhost:4200/chunk-72LYY77U.js:59
[ 3524962ms] [LOG] %c [Login] Usuario recuperado. color: #FF9800; font-style: italic; @ http://localhost:4200/chunk-72LYY77U.js:59
[ 3524962ms] [LOG] %c🚪 [SecurityService] Limpiando datos de autenticación... color: #F44336; font-style: italic; @ http://localhost:4200/chunk-72LYY77U.js:59
[ 3524963ms] [LOG] %c🗑️ [StorageService] Eliminando clave: 'userAuthData' color: #F44336; font-style: italic; @ http://localhost:4200/chunk-72LYY77U.js:59
[ 3524963ms] [LOG] %c✅ [StorageService] Clave 'userAuthData' eliminada. color: #9E9E9E; font-style: italic; @ http://localhost:4200/chunk-72LYY77U.js:59
[ 3524963ms] [LOG] %c🗑️ [StorageService] Eliminando clave: 'accessToken' color: #F44336; font-style: italic; @ http://localhost:4200/chunk-72LYY77U.js:59
[ 3524964ms] [LOG] %c✅ [StorageService] Clave 'accessToken' eliminada. color: #9E9E9E; font-style: italic; @ http://localhost:4200/chunk-72LYY77U.js:59
[ 3524964ms] [LOG] %c🧹 [SecurityService] Datos de sesión eliminados: userAuthData y accessToken. color: #9E9E9E; font-style: italic; @ http://localhost:4200/chunk-72LYY77U.js:59
[ 3524964ms] [LOG] %c [Login] Datos de sesion previa eliminados. color: #9E9E9E; font-style: italic; @ http://localhost:4200/chunk-72LYY77U.js:59
[ 3524965ms] [LOG] %c🚪 [SecurityService] Limpiando datos de autenticación... color: #F44336; font-style: italic; @ http://localhost:4200/chunk-72LYY77U.js:59
[ 3524965ms] [LOG] %c🗑️ [StorageService] Eliminando clave: 'userAuthData' color: #F44336; font-style: italic; @ http://localhost:4200/chunk-72LYY77U.js:59
[ 3524966ms] [LOG] %c✅ [StorageService] Clave 'userAuthData' eliminada. color: #9E9E9E; font-style: italic; @ http://localhost:4200/chunk-72LYY77U.js:59
[ 3524966ms] [LOG] %c🗑️ [StorageService] Eliminando clave: 'accessToken' color: #F44336; font-style: italic; @ http://localhost:4200/chunk-72LYY77U.js:59
[ 3524967ms] [LOG] %c✅ [StorageService] Clave 'accessToken' eliminada. color: #9E9E9E; font-style: italic; @ http://localhost:4200/chunk-72LYY77U.js:59
[ 3524967ms] [LOG] %c🧹 [SecurityService] Datos de sesión eliminados: userAuthData y accessToken. color: #9E9E9E; font-style: italic; @ http://localhost:4200/chunk-72LYY77U.js:59
[ 3525105ms] [VERBOSE] [DOM] Input elements should have autocomplete attributes (suggested: "current-password"): (More info: https://goo.gl/9p2vKq) @ http://localhost:4200/auth/login:0
[ 3536252ms] [LOG] %c📦 [StorageService] Inicializando servicio de almacenamiento local... color: #3F51B5; font-style: italic; @ http://localhost:4200/chunk-72LYY77U.js:59
[ 3536255ms] [LOG] %c [AuthService] Verificando ruta inicial: /auth/login | Es publica: true color: #9C27B0; font-style: italic; @ http://localhost:4200/chunk-72LYY77U.js:59
[ 3536255ms] [LOG] %c [AuthService] Ruta publica detectada. Omitiendo login silencioso. color: #FFC107; font-style: italic; @ http://localhost:4200/chunk-72LYY77U.js:59
[ 3536255ms] [LOG] %c🚀 [Initializer] Starting application state initialization... color: purple; font-style: italic; @ http://localhost:4200/chunk-72LYY77U.js:59
[ 3536256ms] [LOG] %c🤷 [Initializer] No user session. Skipping customer state initialization. color: #9E9E9E; font-style: italic; @ http://localhost:4200/chunk-72LYY77U.js:59
[ 3536257ms] [LOG] %c✅ [Initializer] State initialization complete. color: green; font-style: italic; @ http://localhost:4200/chunk-72LYY77U.js:59
[ 3536414ms] [LOG] %c🔄 UpdateService: Inicializando servicio de actualizaciones color: blue; font-weight: bold; @ http://localhost:4200/chunk-WEIOKMZ7.js:10
[ 3536414ms] [LOG] %c🔄 UpdateService: ❌ Service Worker NO habilitado color: red; font-weight: bold; @ http://localhost:4200/chunk-WEIOKMZ7.js:22
[ 3536433ms] [LOG] %c🚀 [App] ¡Aplicación iniciada! Soy más ligero y rápido que nunca. color: #673AB7; font-style: italic; @ http://localhost:4200/chunk-72LYY77U.js:59
[ 3536456ms] [LOG] Angular is running in development mode. @ http://localhost:4200/@fs/D:/repos/luxuryapp-api/appsweb/angular/.angular/cache/22.1.8/luxury-app/vite/deps/core-gRj2gSiC.js?v=74c2038a:9175
[ 3536653ms] [LOG] %c🔐 [SecurityService] Servicio de seguridad inicializado. color: #3F51B5; font-style: italic; @ http://localhost:4200/chunk-72LYY77U.js:59
[ 3536684ms] [LOG] %c [Login] Iniciando.. color: #607D8B; font-style: italic; @ http://localhost:4200/chunk-72LYY77U.js:59
[ 3536685ms] [LOG] %c [Login] Usando / como redireccion por defecto. color: #607D8B; font-style: italic; @ http://localhost:4200/chunk-72LYY77U.js:59
[ 3536686ms] [LOG] %c [Login] URL final de redireccion: / color: #2196F3; font-style: italic; @ http://localhost:4200/chunk-72LYY77U.js:59
[ 3536687ms] [LOG] %c [Login] Usuario recuperado. color: #FF9800; font-style: italic; @ http://localhost:4200/chunk-72LYY77U.js:59
[ 3536687ms] [LOG] %c🚪 [SecurityService] Limpiando datos de autenticación... color: #F44336; font-style: italic; @ http://localhost:4200/chunk-72LYY77U.js:59
[ 3536687ms] [LOG] %c🗑️ [StorageService] Eliminando clave: 'userAuthData' color: #F44336; font-style: italic; @ http://localhost:4200/chunk-72LYY77U.js:59
[ 3536688ms] [LOG] %c✅ [StorageService] Clave 'userAuthData' eliminada. color: #9E9E9E; font-style: italic; @ http://localhost:4200/chunk-72LYY77U.js:59
[ 3536688ms] [LOG] %c🗑️ [StorageService] Eliminando clave: 'accessToken' color: #F44336; font-style: italic; @ http://localhost:4200/chunk-72LYY77U.js:59
[ 3536688ms] [LOG] %c✅ [StorageService] Clave 'accessToken' eliminada. color: #9E9E9E; font-style: italic; @ http://localhost:4200/chunk-72LYY77U.js:59
[ 3536688ms] [LOG] %c🧹 [SecurityService] Datos de sesión eliminados: userAuthData y accessToken. color: #9E9E9E; font-style: italic; @ http://localhost:4200/chunk-72LYY77U.js:59
[ 3536689ms] [LOG] %c [Login] Datos de sesion previa eliminados. color: #9E9E9E; font-style: italic; @ http://localhost:4200/chunk-72LYY77U.js:59
[ 3536690ms] [LOG] %c🚪 [SecurityService] Limpiando datos de autenticación... color: #F44336; font-style: italic; @ http://localhost:4200/chunk-72LYY77U.js:59
[ 3536691ms] [LOG] %c🗑️ [StorageService] Eliminando clave: 'userAuthData' color: #F44336; font-style: italic; @ http://localhost:4200/chunk-72LYY77U.js:59
[ 3536692ms] [LOG] %c✅ [StorageService] Clave 'userAuthData' eliminada. color: #9E9E9E; font-style: italic; @ http://localhost:4200/chunk-72LYY77U.js:59
[ 3536692ms] [LOG] %c🗑️ [StorageService] Eliminando clave: 'accessToken' color: #F44336; font-style: italic; @ http://localhost:4200/chunk-72LYY77U.js:59
[ 3536693ms] [LOG] %c✅ [StorageService] Clave 'accessToken' eliminada. color: #9E9E9E; font-style: italic; @ http://localhost:4200/chunk-72LYY77U.js:59
[ 3536693ms] [LOG] %c🧹 [SecurityService] Datos de sesión eliminados: userAuthData y accessToken. color: #9E9E9E; font-style: italic; @ http://localhost:4200/chunk-72LYY77U.js:59
[ 3536793ms] [WARNING] NG0913: An image with src http://localhost:4200/assets/oficial/Logo%20Files/png/Color%20logo%20-%20no%20background.png has intrinsic file dimensions much larger than its rendered size. This can negatively impact application loading performance. For more information about addressing or disabling this warning, see https://v22.angular.dev/errors/NG0913. Find more at https://v22.angular.dev/errors/NG0913 @ http://localhost:4200/@fs/D:/repos/luxuryapp-api/appsweb/angular/.angular/cache/22.1.8/luxury-app/vite/deps/core-gRj2gSiC.js?v=74c2038a:17980
[ 3536793ms] [WARNING] NG0913: An image with src http://localhost:4200/assets/oficial/Logo%20Files/png/Color%20logo%20-%20no%20background.png has intrinsic file dimensions much larger than its rendered size. This can negatively impact application loading performance. For more information about addressing or disabling this warning, see https://v22.angular.dev/errors/NG0913. Find more at https://v22.angular.dev/errors/NG0913 @ http://localhost:4200/@fs/D:/repos/luxuryapp-api/appsweb/angular/.angular/cache/22.1.8/luxury-app/vite/deps/core-gRj2gSiC.js?v=74c2038a:17980
[ 3536794ms] [WARNING] NG0913: An image with src http://localhost:4200/assets/oficial/Logo%20Files/png/White%20logo%20-%20no%20background.png has intrinsic file dimensions much larger than its rendered size. This can negatively impact application loading performance. For more information about addressing or disabling this warning, see https://v22.angular.dev/errors/NG0913. Find more at https://v22.angular.dev/errors/NG0913 @ http://localhost:4200/@fs/D:/repos/luxuryapp-api/appsweb/angular/.angular/cache/22.1.8/luxury-app/vite/deps/core-gRj2gSiC.js?v=74c2038a:17980
[ 3536801ms] [VERBOSE] [DOM] Input elements should have autocomplete attributes (suggested: "current-password"): (More info: https://goo.gl/9p2vKq) @ http://localhost:4200/auth/login:0
[ 3547262ms] [LOG] %c📦 [StorageService] Inicializando servicio de almacenamiento local... color: #3F51B5; font-style: italic; @ http://localhost:4200/chunk-72LYY77U.js:59
[ 3547263ms] [LOG] %c [AuthService] Verificando ruta inicial: /auth/login | Es publica: true color: #9C27B0; font-style: italic; @ http://localhost:4200/chunk-72LYY77U.js:59
[ 3547263ms] [LOG] %c [AuthService] Ruta publica detectada. Omitiendo login silencioso. color: #FFC107; font-style: italic; @ http://localhost:4200/chunk-72LYY77U.js:59
[ 3547263ms] [LOG] %c🚀 [Initializer] Starting application state initialization... color: purple; font-style: italic; @ http://localhost:4200/chunk-72LYY77U.js:59
[ 3547264ms] [LOG] %c🤷 [Initializer] No user session. Skipping customer state initialization. color: #9E9E9E; font-style: italic; @ http://localhost:4200/chunk-72LYY77U.js:59
[ 3547264ms] [LOG] %c✅ [Initializer] State initialization complete. color: green; font-style: italic; @ http://localhost:4200/chunk-72LYY77U.js:59
[ 3547347ms] [LOG] %c🔄 UpdateService: Inicializando servicio de actualizaciones color: blue; font-weight: bold; @ http://localhost:4200/chunk-WEIOKMZ7.js:10
[ 3547348ms] [LOG] %c🔄 UpdateService: ❌ Service Worker NO habilitado color: red; font-weight: bold; @ http://localhost:4200/chunk-WEIOKMZ7.js:22
[ 3547359ms] [LOG] %c🚀 [App] ¡Aplicación iniciada! Soy más ligero y rápido que nunca. color: #673AB7; font-style: italic; @ http://localhost:4200/chunk-72LYY77U.js:59
[ 3547384ms] [LOG] Angular is running in development mode. @ http://localhost:4200/@fs/D:/repos/luxuryapp-api/appsweb/angular/.angular/cache/22.1.8/luxury-app/vite/deps/core-gRj2gSiC.js?v=74c2038a:9175
[ 3547507ms] [LOG] %c🔐 [SecurityService] Servicio de seguridad inicializado. color: #3F51B5; font-style: italic; @ http://localhost:4200/chunk-72LYY77U.js:59
[ 3547540ms] [LOG] %c [Login] Iniciando.. color: #607D8B; font-style: italic; @ http://localhost:4200/chunk-72LYY77U.js:59
[ 3547540ms] [LOG] %c [Login] Usando / como redireccion por defecto. color: #607D8B; font-style: italic; @ http://localhost:4200/chunk-72LYY77U.js:59
[ 3547540ms] [LOG] %c [Login] URL final de redireccion: / color: #2196F3; font-style: italic; @ http://localhost:4200/chunk-72LYY77U.js:59
[ 3547541ms] [LOG] %c [Login] Usuario recuperado. color: #FF9800; font-style: italic; @ http://localhost:4200/chunk-72LYY77U.js:59
[ 3547541ms] [LOG] %c🚪 [SecurityService] Limpiando datos de autenticación... color: #F44336; font-style: italic; @ http://localhost:4200/chunk-72LYY77U.js:59
[ 3547541ms] [LOG] %c🗑️ [StorageService] Eliminando clave: 'userAuthData' color: #F44336; font-style: italic; @ http://localhost:4200/chunk-72LYY77U.js:59
[ 3547541ms] [LOG] %c✅ [StorageService] Clave 'userAuthData' eliminada. color: #9E9E9E; font-style: italic; @ http://localhost:4200/chunk-72LYY77U.js:59
[ 3547542ms] [LOG] %c🗑️ [StorageService] Eliminando clave: 'accessToken' color: #F44336; font-style: italic; @ http://localhost:4200/chunk-72LYY77U.js:59
[ 3547542ms] [LOG] %c✅ [StorageService] Clave 'accessToken' eliminada. color: #9E9E9E; font-style: italic; @ http://localhost:4200/chunk-72LYY77U.js:59
[ 3547542ms] [LOG] %c🧹 [SecurityService] Datos de sesión eliminados: userAuthData y accessToken. color: #9E9E9E; font-style: italic; @ http://localhost:4200/chunk-72LYY77U.js:59
[ 3547542ms] [LOG] %c [Login] Datos de sesion previa eliminados. color: #9E9E9E; font-style: italic; @ http://localhost:4200/chunk-72LYY77U.js:59
[ 3547543ms] [LOG] %c🚪 [SecurityService] Limpiando datos de autenticación... color: #F44336; font-style: italic; @ http://localhost:4200/chunk-72LYY77U.js:59
[ 3547543ms] [LOG] %c🗑️ [StorageService] Eliminando clave: 'userAuthData' color: #F44336; font-style: italic; @ http://localhost:4200/chunk-72LYY77U.js:59
[ 3547543ms] [LOG] %c✅ [StorageService] Clave 'userAuthData' eliminada. color: #9E9E9E; font-style: italic; @ http://localhost:4200/chunk-72LYY77U.js:59
[ 3547544ms] [LOG] %c🗑️ [StorageService] Eliminando clave: 'accessToken' color: #F44336; font-style: italic; @ http://localhost:4200/chunk-72LYY77U.js:59
[ 3547544ms] [LOG] %c✅ [StorageService] Clave 'accessToken' eliminada. color: #9E9E9E; font-style: italic; @ http://localhost:4200/chunk-72LYY77U.js:59
[ 3547544ms] [LOG] %c🧹 [SecurityService] Datos de sesión eliminados: userAuthData y accessToken. color: #9E9E9E; font-style: italic; @ http://localhost:4200/chunk-72LYY77U.js:59
[ 3547640ms] [WARNING] NG0913: An image with src http://localhost:4200/assets/oficial/Logo%20Files/png/Color%20logo%20-%20no%20background.png has intrinsic file dimensions much larger than its rendered size. This can negatively impact application loading performance. For more information about addressing or disabling this warning, see https://v22.angular.dev/errors/NG0913. Find more at https://v22.angular.dev/errors/NG0913 @ http://localhost:4200/@fs/D:/repos/luxuryapp-api/appsweb/angular/.angular/cache/22.1.8/luxury-app/vite/deps/core-gRj2gSiC.js?v=74c2038a:17980
[ 3547640ms] [WARNING] NG0913: An image with src http://localhost:4200/assets/oficial/Logo%20Files/png/Color%20logo%20-%20no%20background.png has intrinsic file dimensions much larger than its rendered size. This can negatively impact application loading performance. For more information about addressing or disabling this warning, see https://v22.angular.dev/errors/NG0913. Find more at https://v22.angular.dev/errors/NG0913 @ http://localhost:4200/@fs/D:/repos/luxuryapp-api/appsweb/angular/.angular/cache/22.1.8/luxury-app/vite/deps/core-gRj2gSiC.js?v=74c2038a:17980
[ 3547641ms] [WARNING] NG0913: An image with src http://localhost:4200/assets/oficial/Logo%20Files/png/White%20logo%20-%20no%20background.png has intrinsic file dimensions much larger than its rendered size. This can negatively impact application loading performance. For more information about addressing or disabling this warning, see https://v22.angular.dev/errors/NG0913. Find more at https://v22.angular.dev/errors/NG0913 @ http://localhost:4200/@fs/D:/repos/luxuryapp-api/appsweb/angular/.angular/cache/22.1.8/luxury-app/vite/deps/core-gRj2gSiC.js?v=74c2038a:17980
[ 3547643ms] [VERBOSE] [DOM] Input elements should have autocomplete attributes (suggested: "current-password"): (More info: https://goo.gl/9p2vKq) @ http://localhost:4200/auth/login:0
[ 3599982ms] [LOG] [vite] server connection lost. Polling for restart... @ http://localhost:4200/@vite/client:992
[ 3601845ms] [LOG] %c📦 [StorageService] Inicializando servicio de almacenamiento local... color: #3F51B5; font-style: italic; @ http://localhost:4200/chunk-72LYY77U.js:59
[ 3601847ms] [LOG] %c [AuthService] Verificando ruta inicial: /auth/login | Es publica: true color: #9C27B0; font-style: italic; @ http://localhost:4200/chunk-72LYY77U.js:59
[ 3601847ms] [LOG] %c [AuthService] Ruta publica detectada. Omitiendo login silencioso. color: #FFC107; font-style: italic; @ http://localhost:4200/chunk-72LYY77U.js:59
[ 3601848ms] [LOG] %c🚀 [Initializer] Starting application state initialization... color: purple; font-style: italic; @ http://localhost:4200/chunk-72LYY77U.js:59
[ 3601851ms] [LOG] %c🤷 [Initializer] No user session. Skipping customer state initialization. color: #9E9E9E; font-style: italic; @ http://localhost:4200/chunk-72LYY77U.js:59
[ 3601852ms] [LOG] %c✅ [Initializer] State initialization complete. color: green; font-style: italic; @ http://localhost:4200/chunk-72LYY77U.js:59
[ 3602461ms] [LOG] %c🔄 UpdateService: Inicializando servicio de actualizaciones color: blue; font-weight: bold; @ http://localhost:4200/chunk-WEIOKMZ7.js:10
[ 3602462ms] [LOG] %c🔄 UpdateService: ❌ Service Worker NO habilitado color: red; font-weight: bold; @ http://localhost:4200/chunk-WEIOKMZ7.js:22
[ 3602483ms] [LOG] %c🚀 [App] ¡Aplicación iniciada! Soy más ligero y rápido que nunca. color: #673AB7; font-style: italic; @ http://localhost:4200/chunk-72LYY77U.js:59
[ 3602548ms] [LOG] Angular is running in development mode. @ http://localhost:4200/@fs/D:/repos/luxuryapp-api/appsweb/angular/.angular/cache/22.1.8/luxury-app/vite/deps/core-gRj2gSiC.js?v=425e8364:9175
[ 3603084ms] [LOG] %c📦 [StorageService] Inicializando servicio de almacenamiento local... color: #3F51B5; font-style: italic; @ http://localhost:4200/chunk-72LYY77U.js:59
[ 3603088ms] [LOG] %c [AuthService] Verificando ruta inicial: /auth/login | Es publica: true color: #9C27B0; font-style: italic; @ http://localhost:4200/chunk-72LYY77U.js:59
[ 3603088ms] [LOG] %c [AuthService] Ruta publica detectada. Omitiendo login silencioso. color: #FFC107; font-style: italic; @ http://localhost:4200/chunk-72LYY77U.js:59
[ 3603089ms] [LOG] %c🚀 [Initializer] Starting application state initialization... color: purple; font-style: italic; @ http://localhost:4200/chunk-72LYY77U.js:59
[ 3603089ms] [LOG] %c🤷 [Initializer] No user session. Skipping customer state initialization. color: #9E9E9E; font-style: italic; @ http://localhost:4200/chunk-72LYY77U.js:59
[ 3603090ms] [LOG] %c✅ [Initializer] State initialization complete. color: green; font-style: italic; @ http://localhost:4200/chunk-72LYY77U.js:59
[ 3603222ms] [LOG] %c🔄 UpdateService: Inicializando servicio de actualizaciones color: blue; font-weight: bold; @ http://localhost:4200/chunk-WEIOKMZ7.js:10
[ 3603223ms] [LOG] %c🔄 UpdateService: ❌ Service Worker NO habilitado color: red; font-weight: bold; @ http://localhost:4200/chunk-WEIOKMZ7.js:22
[ 3603233ms] [LOG] %c🚀 [App] ¡Aplicación iniciada! Soy más ligero y rápido que nunca. color: #673AB7; font-style: italic; @ http://localhost:4200/chunk-72LYY77U.js:59
[ 3603275ms] [LOG] Angular is running in development mode. @ http://localhost:4200/@fs/D:/repos/luxuryapp-api/appsweb/angular/.angular/cache/22.1.8/luxury-app/vite/deps/core-gRj2gSiC.js?v=425e8364:9175
[ 3603666ms] [LOG] %c🔐 [SecurityService] Servicio de seguridad inicializado. color: #3F51B5; font-style: italic; @ http://localhost:4200/chunk-72LYY77U.js:59
[ 3603779ms] [LOG] %c [Login] Iniciando.. color: #607D8B; font-style: italic; @ http://localhost:4200/chunk-72LYY77U.js:59
[ 3603780ms] [LOG] %c [Login] Usando / como redireccion por defecto. color: #607D8B; font-style: italic; @ http://localhost:4200/chunk-72LYY77U.js:59
[ 3603781ms] [LOG] %c [Login] URL final de redireccion: / color: #2196F3; font-style: italic; @ http://localhost:4200/chunk-72LYY77U.js:59
[ 3603784ms] [LOG] %c [Login] Usuario recuperado. color: #FF9800; font-style: italic; @ http://localhost:4200/chunk-72LYY77U.js:59
[ 3603786ms] [LOG] %c🚪 [SecurityService] Limpiando datos de autenticación... color: #F44336; font-style: italic; @ http://localhost:4200/chunk-72LYY77U.js:59
[ 3603788ms] [LOG] %c🗑️ [StorageService] Eliminando clave: 'userAuthData' color: #F44336; font-style: italic; @ http://localhost:4200/chunk-72LYY77U.js:59
[ 3603791ms] [LOG] %c✅ [StorageService] Clave 'userAuthData' eliminada. color: #9E9E9E; font-style: italic; @ http://localhost:4200/chunk-72LYY77U.js:59
[ 3603792ms] [LOG] %c🗑️ [StorageService] Eliminando clave: 'accessToken' color: #F44336; font-style: italic; @ http://localhost:4200/chunk-72LYY77U.js:59
[ 3603793ms] [LOG] %c✅ [StorageService] Clave 'accessToken' eliminada. color: #9E9E9E; font-style: italic; @ http://localhost:4200/chunk-72LYY77U.js:59
[ 3603796ms] [LOG] %c🧹 [SecurityService] Datos de sesión eliminados: userAuthData y accessToken. color: #9E9E9E; font-style: italic; @ http://localhost:4200/chunk-72LYY77U.js:59
[ 3603797ms] [LOG] %c [Login] Datos de sesion previa eliminados. color: #9E9E9E; font-style: italic; @ http://localhost:4200/chunk-72LYY77U.js:59
[ 3603803ms] [LOG] %c🚪 [SecurityService] Limpiando datos de autenticación... color: #F44336; font-style: italic; @ http://localhost:4200/chunk-72LYY77U.js:59
[ 3603803ms] [LOG] %c🗑️ [StorageService] Eliminando clave: 'userAuthData' color: #F44336; font-style: italic; @ http://localhost:4200/chunk-72LYY77U.js:59
[ 3603804ms] [LOG] %c✅ [StorageService] Clave 'userAuthData' eliminada. color: #9E9E9E; font-style: italic; @ http://localhost:4200/chunk-72LYY77U.js:59
[ 3603805ms] [LOG] %c🗑️ [StorageService] Eliminando clave: 'accessToken' color: #F44336; font-style: italic; @ http://localhost:4200/chunk-72LYY77U.js:59
[ 3603805ms] [LOG] %c✅ [StorageService] Clave 'accessToken' eliminada. color: #9E9E9E; font-style: italic; @ http://localhost:4200/chunk-72LYY77U.js:59
[ 3603806ms] [LOG] %c🧹 [SecurityService] Datos de sesión eliminados: userAuthData y accessToken. color: #9E9E9E; font-style: italic; @ http://localhost:4200/chunk-72LYY77U.js:59
[ 3604016ms] [VERBOSE] [DOM] Input elements should have autocomplete attributes (suggested: "current-password"): (More info: https://goo.gl/9p2vKq) @ http://localhost:4200/auth/login:0
[ 3638305ms] [LOG] %c📦 [StorageService] Inicializando servicio de almacenamiento local... color: #3F51B5; font-style: italic; @ http://localhost:4200/chunk-72LYY77U.js:59
[ 3638309ms] [LOG] %c [AuthService] Verificando ruta inicial: /auth/login | Es publica: true color: #9C27B0; font-style: italic; @ http://localhost:4200/chunk-72LYY77U.js:59
[ 3638309ms] [LOG] %c [AuthService] Ruta publica detectada. Omitiendo login silencioso. color: #FFC107; font-style: italic; @ http://localhost:4200/chunk-72LYY77U.js:59
[ 3638309ms] [LOG] %c🚀 [Initializer] Starting application state initialization... color: purple; font-style: italic; @ http://localhost:4200/chunk-72LYY77U.js:59
[ 3638310ms] [LOG] %c🤷 [Initializer] No user session. Skipping customer state initialization. color: #9E9E9E; font-style: italic; @ http://localhost:4200/chunk-72LYY77U.js:59
[ 3638310ms] [LOG] %c✅ [Initializer] State initialization complete. color: green; font-style: italic; @ http://localhost:4200/chunk-72LYY77U.js:59
[ 3638436ms] [LOG] %c🔄 UpdateService: Inicializando servicio de actualizaciones color: blue; font-weight: bold; @ http://localhost:4200/chunk-WEIOKMZ7.js:10
[ 3638436ms] [LOG] %c🔄 UpdateService: ❌ Service Worker NO habilitado color: red; font-weight: bold; @ http://localhost:4200/chunk-WEIOKMZ7.js:22
[ 3638450ms] [LOG] %c🚀 [App] ¡Aplicación iniciada! Soy más ligero y rápido que nunca. color: #673AB7; font-style: italic; @ http://localhost:4200/chunk-72LYY77U.js:59
[ 3638485ms] [LOG] Angular is running in development mode. @ http://localhost:4200/@fs/D:/repos/luxuryapp-api/appsweb/angular/.angular/cache/22.1.8/luxury-app/vite/deps/core-gRj2gSiC.js?v=425e8364:9175
[ 3638655ms] [LOG] %c🔐 [SecurityService] Servicio de seguridad inicializado. color: #3F51B5; font-style: italic; @ http://localhost:4200/chunk-72LYY77U.js:59
[ 3638702ms] [LOG] %c [Login] Iniciando.. color: #607D8B; font-style: italic; @ http://localhost:4200/chunk-72LYY77U.js:59
[ 3638703ms] [LOG] %c [Login] Usando / como redireccion por defecto. color: #607D8B; font-style: italic; @ http://localhost:4200/chunk-72LYY77U.js:59
[ 3638704ms] [LOG] %c [Login] URL final de redireccion: / color: #2196F3; font-style: italic; @ http://localhost:4200/chunk-72LYY77U.js:59
[ 3638704ms] [LOG] %c [Login] Usuario recuperado. color: #FF9800; font-style: italic; @ http://localhost:4200/chunk-72LYY77U.js:59
[ 3638705ms] [LOG] %c🚪 [SecurityService] Limpiando datos de autenticación... color: #F44336; font-style: italic; @ http://localhost:4200/chunk-72LYY77U.js:59
[ 3638705ms] [LOG] %c🗑️ [StorageService] Eliminando clave: 'userAuthData' color: #F44336; font-style: italic; @ http://localhost:4200/chunk-72LYY77U.js:59
[ 3638705ms] [LOG] %c✅ [StorageService] Clave 'userAuthData' eliminada. color: #9E9E9E; font-style: italic; @ http://localhost:4200/chunk-72LYY77U.js:59
[ 3638706ms] [LOG] %c🗑️ [StorageService] Eliminando clave: 'accessToken' color: #F44336; font-style: italic; @ http://localhost:4200/chunk-72LYY77U.js:59
[ 3638707ms] [LOG] %c✅ [StorageService] Clave 'accessToken' eliminada. color: #9E9E9E; font-style: italic; @ http://localhost:4200/chunk-72LYY77U.js:59
[ 3638707ms] [LOG] %c🧹 [SecurityService] Datos de sesión eliminados: userAuthData y accessToken. color: #9E9E9E; font-style: italic; @ http://localhost:4200/chunk-72LYY77U.js:59
[ 3638707ms] [LOG] %c [Login] Datos de sesion previa eliminados. color: #9E9E9E; font-style: italic; @ http://localhost:4200/chunk-72LYY77U.js:59
[ 3638708ms] [LOG] %c🚪 [SecurityService] Limpiando datos de autenticación... color: #F44336; font-style: italic; @ http://localhost:4200/chunk-72LYY77U.js:59
[ 3638708ms] [LOG] %c🗑️ [StorageService] Eliminando clave: 'userAuthData' color: #F44336; font-style: italic; @ http://localhost:4200/chunk-72LYY77U.js:59
[ 3638708ms] [LOG] %c✅ [StorageService] Clave 'userAuthData' eliminada. color: #9E9E9E; font-style: italic; @ http://localhost:4200/chunk-72LYY77U.js:59
[ 3638709ms] [LOG] %c🗑️ [StorageService] Eliminando clave: 'accessToken' color: #F44336; font-style: italic; @ http://localhost:4200/chunk-72LYY77U.js:59
[ 3638709ms] [LOG] %c✅ [StorageService] Clave 'accessToken' eliminada. color: #9E9E9E; font-style: italic; @ http://localhost:4200/chunk-72LYY77U.js:59
[ 3638709ms] [LOG] %c🧹 [SecurityService] Datos de sesión eliminados: userAuthData y accessToken. color: #9E9E9E; font-style: italic; @ http://localhost:4200/chunk-72LYY77U.js:59
[ 3638825ms] [WARNING] NG0913: An image with src http://localhost:4200/assets/oficial/Logo%20Files/png/Color%20logo%20-%20no%20background.png has intrinsic file dimensions much larger than its rendered size. This can negatively impact application loading performance. For more information about addressing or disabling this warning, see https://v22.angular.dev/errors/NG0913. Find more at https://v22.angular.dev/errors/NG0913 @ http://localhost:4200/@vite/client:524
[ 3638827ms] [WARNING] NG0913: An image with src http://localhost:4200/assets/oficial/Logo%20Files/png/Color%20logo%20-%20no%20background.png has intrinsic file dimensions much larger than its rendered size. This can negatively impact application loading performance. For more information about addressing or disabling this warning, see https://v22.angular.dev/errors/NG0913. Find more at https://v22.angular.dev/errors/NG0913 @ http://localhost:4200/@vite/client:524
[ 3638828ms] [WARNING] NG0913: An image with src http://localhost:4200/assets/oficial/Logo%20Files/png/White%20logo%20-%20no%20background.png has intrinsic file dimensions much larger than its rendered size. This can negatively impact application loading performance. For more information about addressing or disabling this warning, see https://v22.angular.dev/errors/NG0913. Find more at https://v22.angular.dev/errors/NG0913 @ http://localhost:4200/@vite/client:524
[ 3638855ms] [VERBOSE] [DOM] Input elements should have autocomplete attributes (suggested: "current-password"): (More info: https://goo.gl/9p2vKq) @ http://localhost:4200/auth/login:0
[ 3647969ms] [LOG] %c📦 [StorageService] Inicializando servicio de almacenamiento local... color: #3F51B5; font-style: italic; @ http://localhost:4200/chunk-72LYY77U.js:59
[ 3647970ms] [LOG] %c [AuthService] Verificando ruta inicial: /auth/login | Es publica: true color: #9C27B0; font-style: italic; @ http://localhost:4200/chunk-72LYY77U.js:59
[ 3647971ms] [LOG] %c [AuthService] Ruta publica detectada. Omitiendo login silencioso. color: #FFC107; font-style: italic; @ http://localhost:4200/chunk-72LYY77U.js:59
[ 3647972ms] [LOG] %c🚀 [Initializer] Starting application state initialization... color: purple; font-style: italic; @ http://localhost:4200/chunk-72LYY77U.js:59
[ 3647972ms] [LOG] %c🤷 [Initializer] No user session. Skipping customer state initialization. color: #9E9E9E; font-style: italic; @ http://localhost:4200/chunk-72LYY77U.js:59
[ 3647973ms] [LOG] %c✅ [Initializer] State initialization complete. color: green; font-style: italic; @ http://localhost:4200/chunk-72LYY77U.js:59
[ 3648080ms] [LOG] %c🔄 UpdateService: Inicializando servicio de actualizaciones color: blue; font-weight: bold; @ http://localhost:4200/chunk-WEIOKMZ7.js:10
[ 3648080ms] [LOG] %c🔄 UpdateService: ❌ Service Worker NO habilitado color: red; font-weight: bold; @ http://localhost:4200/chunk-WEIOKMZ7.js:22
[ 3648094ms] [LOG] %c🚀 [App] ¡Aplicación iniciada! Soy más ligero y rápido que nunca. color: #673AB7; font-style: italic; @ http://localhost:4200/chunk-72LYY77U.js:59
[ 3648126ms] [LOG] Angular is running in development mode. @ http://localhost:4200/@fs/D:/repos/luxuryapp-api/appsweb/angular/.angular/cache/22.1.8/luxury-app/vite/deps/core-gRj2gSiC.js?v=425e8364:9175
[ 3648257ms] [LOG] %c🔐 [SecurityService] Servicio de seguridad inicializado. color: #3F51B5; font-style: italic; @ http://localhost:4200/chunk-72LYY77U.js:59
[ 3648299ms] [LOG] %c [Login] Iniciando.. color: #607D8B; font-style: italic; @ http://localhost:4200/chunk-72LYY77U.js:59
[ 3648300ms] [LOG] %c [Login] Usando / como redireccion por defecto. color: #607D8B; font-style: italic; @ http://localhost:4200/chunk-72LYY77U.js:59
[ 3648301ms] [LOG] %c [Login] URL final de redireccion: / color: #2196F3; font-style: italic; @ http://localhost:4200/chunk-72LYY77U.js:59
[ 3648302ms] [LOG] %c [Login] Usuario recuperado. color: #FF9800; font-style: italic; @ http://localhost:4200/chunk-72LYY77U.js:59
[ 3648302ms] [LOG] %c🚪 [SecurityService] Limpiando datos de autenticación... color: #F44336; font-style: italic; @ http://localhost:4200/chunk-72LYY77U.js:59
[ 3648303ms] [LOG] %c🗑️ [StorageService] Eliminando clave: 'userAuthData' color: #F44336; font-style: italic; @ http://localhost:4200/chunk-72LYY77U.js:59
[ 3648303ms] [LOG] %c✅ [StorageService] Clave 'userAuthData' eliminada. color: #9E9E9E; font-style: italic; @ http://localhost:4200/chunk-72LYY77U.js:59
[ 3648304ms] [LOG] %c🗑️ [StorageService] Eliminando clave: 'accessToken' color: #F44336; font-style: italic; @ http://localhost:4200/chunk-72LYY77U.js:59
[ 3648304ms] [LOG] %c✅ [StorageService] Clave 'accessToken' eliminada. color: #9E9E9E; font-style: italic; @ http://localhost:4200/chunk-72LYY77U.js:59
[ 3648304ms] [LOG] %c🧹 [SecurityService] Datos de sesión eliminados: userAuthData y accessToken. color: #9E9E9E; font-style: italic; @ http://localhost:4200/chunk-72LYY77U.js:59
[ 3648305ms] [LOG] %c [Login] Datos de sesion previa eliminados. color: #9E9E9E; font-style: italic; @ http://localhost:4200/chunk-72LYY77U.js:59
[ 3648305ms] [LOG] %c🚪 [SecurityService] Limpiando datos de autenticación... color: #F44336; font-style: italic; @ http://localhost:4200/chunk-72LYY77U.js:59
[ 3648306ms] [LOG] %c🗑️ [StorageService] Eliminando clave: 'userAuthData' color: #F44336; font-style: italic; @ http://localhost:4200/chunk-72LYY77U.js:59
[ 3648306ms] [LOG] %c✅ [StorageService] Clave 'userAuthData' eliminada. color: #9E9E9E; font-style: italic; @ http://localhost:4200/chunk-72LYY77U.js:59
[ 3648306ms] [LOG] %c🗑️ [StorageService] Eliminando clave: 'accessToken' color: #F44336; font-style: italic; @ http://localhost:4200/chunk-72LYY77U.js:59
[ 3648307ms] [LOG] %c✅ [StorageService] Clave 'accessToken' eliminada. color: #9E9E9E; font-style: italic; @ http://localhost:4200/chunk-72LYY77U.js:59
[ 3648307ms] [LOG] %c🧹 [SecurityService] Datos de sesión eliminados: userAuthData y accessToken. color: #9E9E9E; font-style: italic; @ http://localhost:4200/chunk-72LYY77U.js:59
[ 3648394ms] [WARNING] NG0913: An image with src http://localhost:4200/assets/oficial/Logo%20Files/png/Color%20logo%20-%20no%20background.png has intrinsic file dimensions much larger than its rendered size. This can negatively impact application loading performance. For more information about addressing or disabling this warning, see https://v22.angular.dev/errors/NG0913. Find more at https://v22.angular.dev/errors/NG0913 @ http://localhost:4200/@vite/client:524
[ 3648394ms] [WARNING] NG0913: An image with src http://localhost:4200/assets/oficial/Logo%20Files/png/Color%20logo%20-%20no%20background.png has intrinsic file dimensions much larger than its rendered size. This can negatively impact application loading performance. For more information about addressing or disabling this warning, see https://v22.angular.dev/errors/NG0913. Find more at https://v22.angular.dev/errors/NG0913 @ http://localhost:4200/@vite/client:524
[ 3648395ms] [WARNING] NG0913: An image with src http://localhost:4200/assets/oficial/Logo%20Files/png/White%20logo%20-%20no%20background.png has intrinsic file dimensions much larger than its rendered size. This can negatively impact application loading performance. For more information about addressing or disabling this warning, see https://v22.angular.dev/errors/NG0913. Find more at https://v22.angular.dev/errors/NG0913 @ http://localhost:4200/@vite/client:524
[ 3648403ms] [VERBOSE] [DOM] Input elements should have autocomplete attributes (suggested: "current-password"): (More info: https://goo.gl/9p2vKq) @ http://localhost:4200/auth/login:0
[ 3657851ms] [LOG] %c📦 [StorageService] Inicializando servicio de almacenamiento local... color: #3F51B5; font-style: italic; @ http://localhost:4200/chunk-72LYY77U.js:59
[ 3657853ms] [LOG] %c [AuthService] Verificando ruta inicial: /auth/login | Es publica: true color: #9C27B0; font-style: italic; @ http://localhost:4200/chunk-72LYY77U.js:59
[ 3657853ms] [LOG] %c [AuthService] Ruta publica detectada. Omitiendo login silencioso. color: #FFC107; font-style: italic; @ http://localhost:4200/chunk-72LYY77U.js:59
[ 3657854ms] [LOG] %c🚀 [Initializer] Starting application state initialization... color: purple; font-style: italic; @ http://localhost:4200/chunk-72LYY77U.js:59
[ 3657854ms] [LOG] %c🤷 [Initializer] No user session. Skipping customer state initialization. color: #9E9E9E; font-style: italic; @ http://localhost:4200/chunk-72LYY77U.js:59
[ 3657855ms] [LOG] %c✅ [Initializer] State initialization complete. color: green; font-style: italic; @ http://localhost:4200/chunk-72LYY77U.js:59
[ 3657959ms] [LOG] %c🔄 UpdateService: Inicializando servicio de actualizaciones color: blue; font-weight: bold; @ http://localhost:4200/chunk-WEIOKMZ7.js:10
[ 3657959ms] [LOG] %c🔄 UpdateService: ❌ Service Worker NO habilitado color: red; font-weight: bold; @ http://localhost:4200/chunk-WEIOKMZ7.js:22
[ 3657977ms] [LOG] %c🚀 [App] ¡Aplicación iniciada! Soy más ligero y rápido que nunca. color: #673AB7; font-style: italic; @ http://localhost:4200/chunk-72LYY77U.js:59
[ 3658006ms] [LOG] Angular is running in development mode. @ http://localhost:4200/@fs/D:/repos/luxuryapp-api/appsweb/angular/.angular/cache/22.1.8/luxury-app/vite/deps/core-gRj2gSiC.js?v=425e8364:9175
[ 3658154ms] [LOG] %c🔐 [SecurityService] Servicio de seguridad inicializado. color: #3F51B5; font-style: italic; @ http://localhost:4200/chunk-72LYY77U.js:59
[ 3658193ms] [LOG] %c [Login] Iniciando.. color: #607D8B; font-style: italic; @ http://localhost:4200/chunk-72LYY77U.js:59
[ 3658193ms] [LOG] %c [Login] Usando / como redireccion por defecto. color: #607D8B; font-style: italic; @ http://localhost:4200/chunk-72LYY77U.js:59
[ 3658193ms] [LOG] %c [Login] URL final de redireccion: / color: #2196F3; font-style: italic; @ http://localhost:4200/chunk-72LYY77U.js:59
[ 3658194ms] [LOG] %c [Login] Usuario recuperado. color: #FF9800; font-style: italic; @ http://localhost:4200/chunk-72LYY77U.js:59
[ 3658194ms] [LOG] %c🚪 [SecurityService] Limpiando datos de autenticación... color: #F44336; font-style: italic; @ http://localhost:4200/chunk-72LYY77U.js:59
[ 3658194ms] [LOG] %c🗑️ [StorageService] Eliminando clave: 'userAuthData' color: #F44336; font-style: italic; @ http://localhost:4200/chunk-72LYY77U.js:59
[ 3658195ms] [LOG] %c✅ [StorageService] Clave 'userAuthData' eliminada. color: #9E9E9E; font-style: italic; @ http://localhost:4200/chunk-72LYY77U.js:59
[ 3658195ms] [LOG] %c🗑️ [StorageService] Eliminando clave: 'accessToken' color: #F44336; font-style: italic; @ http://localhost:4200/chunk-72LYY77U.js:59
[ 3658195ms] [LOG] %c✅ [StorageService] Clave 'accessToken' eliminada. color: #9E9E9E; font-style: italic; @ http://localhost:4200/chunk-72LYY77U.js:59
[ 3658195ms] [LOG] %c🧹 [SecurityService] Datos de sesión eliminados: userAuthData y accessToken. color: #9E9E9E; font-style: italic; @ http://localhost:4200/chunk-72LYY77U.js:59
[ 3658196ms] [LOG] %c [Login] Datos de sesion previa eliminados. color: #9E9E9E; font-style: italic; @ http://localhost:4200/chunk-72LYY77U.js:59
[ 3658196ms] [LOG] %c🚪 [SecurityService] Limpiando datos de autenticación... color: #F44336; font-style: italic; @ http://localhost:4200/chunk-72LYY77U.js:59
[ 3658197ms] [LOG] %c🗑️ [StorageService] Eliminando clave: 'userAuthData' color: #F44336; font-style: italic; @ http://localhost:4200/chunk-72LYY77U.js:59
[ 3658197ms] [LOG] %c✅ [StorageService] Clave 'userAuthData' eliminada. color: #9E9E9E; font-style: italic; @ http://localhost:4200/chunk-72LYY77U.js:59
[ 3658197ms] [LOG] %c🗑️ [StorageService] Eliminando clave: 'accessToken' color: #F44336; font-style: italic; @ http://localhost:4200/chunk-72LYY77U.js:59
[ 3658198ms] [LOG] %c✅ [StorageService] Clave 'accessToken' eliminada. color: #9E9E9E; font-style: italic; @ http://localhost:4200/chunk-72LYY77U.js:59
[ 3658198ms] [LOG] %c🧹 [SecurityService] Datos de sesión eliminados: userAuthData y accessToken. color: #9E9E9E; font-style: italic; @ http://localhost:4200/chunk-72LYY77U.js:59
[ 3658297ms] [WARNING] NG0913: An image with src http://localhost:4200/assets/oficial/Logo%20Files/png/Color%20logo%20-%20no%20background.png has intrinsic file dimensions much larger than its rendered size. This can negatively impact application loading performance. For more information about addressing or disabling this warning, see https://v22.angular.dev/errors/NG0913. Find more at https://v22.angular.dev/errors/NG0913 @ http://localhost:4200/@vite/client:524
[ 3658298ms] [WARNING] NG0913: An image with src http://localhost:4200/assets/oficial/Logo%20Files/png/Color%20logo%20-%20no%20background.png has intrinsic file dimensions much larger than its rendered size. This can negatively impact application loading performance. For more information about addressing or disabling this warning, see https://v22.angular.dev/errors/NG0913. Find more at https://v22.angular.dev/errors/NG0913 @ http://localhost:4200/@vite/client:524
[ 3658300ms] [WARNING] NG0913: An image with src http://localhost:4200/assets/oficial/Logo%20Files/png/White%20logo%20-%20no%20background.png has intrinsic file dimensions much larger than its rendered size. This can negatively impact application loading performance. For more information about addressing or disabling this warning, see https://v22.angular.dev/errors/NG0913. Find more at https://v22.angular.dev/errors/NG0913 @ http://localhost:4200/@vite/client:524
[ 3658322ms] [VERBOSE] [DOM] Input elements should have autocomplete attributes (suggested: "current-password"): (More info: https://goo.gl/9p2vKq) @ http://localhost:4200/auth/login:0
[ 4353996ms] [LOG] %c📦 [StorageService] Inicializando servicio de almacenamiento local... color: #3F51B5; font-style: italic; @ http://localhost:4200/chunk-72LYY77U.js:59
[ 4353997ms] [LOG] %c [AuthService] Verificando ruta inicial: /auth/login | Es publica: true color: #9C27B0; font-style: italic; @ http://localhost:4200/chunk-72LYY77U.js:59
[ 4353997ms] [LOG] %c [AuthService] Ruta publica detectada. Omitiendo login silencioso. color: #FFC107; font-style: italic; @ http://localhost:4200/chunk-72LYY77U.js:59
[ 4353998ms] [LOG] %c🚀 [Initializer] Starting application state initialization... color: purple; font-style: italic; @ http://localhost:4200/chunk-72LYY77U.js:59
[ 4353998ms] [LOG] %c🤷 [Initializer] No user session. Skipping customer state initialization. color: #9E9E9E; font-style: italic; @ http://localhost:4200/chunk-72LYY77U.js:59
[ 4353999ms] [LOG] %c✅ [Initializer] State initialization complete. color: green; font-style: italic; @ http://localhost:4200/chunk-72LYY77U.js:59
[ 4354103ms] [LOG] %c🔄 UpdateService: Inicializando servicio de actualizaciones color: blue; font-weight: bold; @ http://localhost:4200/chunk-WEIOKMZ7.js:10
[ 4354103ms] [LOG] %c🔄 UpdateService: ❌ Service Worker NO habilitado color: red; font-weight: bold; @ http://localhost:4200/chunk-WEIOKMZ7.js:22
[ 4354116ms] [LOG] %c🚀 [App] ¡Aplicación iniciada! Soy más ligero y rápido que nunca. color: #673AB7; font-style: italic; @ http://localhost:4200/chunk-72LYY77U.js:59
[ 4354144ms] [LOG] Angular is running in development mode. @ http://localhost:4200/@fs/D:/repos/luxuryapp-api/appsweb/angular/.angular/cache/22.1.8/luxury-app/vite/deps/core-gRj2gSiC.js?v=74c2038a:9175
[ 4354559ms] [LOG] %c📦 [StorageService] Inicializando servicio de almacenamiento local... color: #3F51B5; font-style: italic; @ http://localhost:4200/chunk-72LYY77U.js:59
[ 4354560ms] [LOG] %c [AuthService] Verificando ruta inicial: /auth/login | Es publica: true color: #9C27B0; font-style: italic; @ http://localhost:4200/chunk-72LYY77U.js:59
[ 4354560ms] [LOG] %c [AuthService] Ruta publica detectada. Omitiendo login silencioso. color: #FFC107; font-style: italic; @ http://localhost:4200/chunk-72LYY77U.js:59
[ 4354560ms] [LOG] %c🚀 [Initializer] Starting application state initialization... color: purple; font-style: italic; @ http://localhost:4200/chunk-72LYY77U.js:59
[ 4354561ms] [LOG] %c🤷 [Initializer] No user session. Skipping customer state initialization. color: #9E9E9E; font-style: italic; @ http://localhost:4200/chunk-72LYY77U.js:59
[ 4354562ms] [LOG] %c✅ [Initializer] State initialization complete. color: green; font-style: italic; @ http://localhost:4200/chunk-72LYY77U.js:59
[ 4354690ms] [LOG] %c🔄 UpdateService: Inicializando servicio de actualizaciones color: blue; font-weight: bold; @ http://localhost:4200/chunk-WEIOKMZ7.js:10
[ 4354690ms] [LOG] %c🔄 UpdateService: ❌ Service Worker NO habilitado color: red; font-weight: bold; @ http://localhost:4200/chunk-WEIOKMZ7.js:22
[ 4354699ms] [LOG] %c🚀 [App] ¡Aplicación iniciada! Soy más ligero y rápido que nunca. color: #673AB7; font-style: italic; @ http://localhost:4200/chunk-72LYY77U.js:59
[ 4354725ms] [LOG] Angular is running in development mode. @ http://localhost:4200/@fs/D:/repos/luxuryapp-api/appsweb/angular/.angular/cache/22.1.8/luxury-app/vite/deps/core-gRj2gSiC.js?v=74c2038a:9175
[ 4354868ms] [LOG] %c🔐 [SecurityService] Servicio de seguridad inicializado. color: #3F51B5; font-style: italic; @ http://localhost:4200/chunk-72LYY77U.js:59
[ 4354899ms] [LOG] %c [Login] Iniciando.. color: #607D8B; font-style: italic; @ http://localhost:4200/chunk-72LYY77U.js:59
[ 4354900ms] [LOG] %c [Login] Usando / como redireccion por defecto. color: #607D8B; font-style: italic; @ http://localhost:4200/chunk-72LYY77U.js:59
[ 4354902ms] [LOG] %c [Login] URL final de redireccion: / color: #2196F3; font-style: italic; @ http://localhost:4200/chunk-72LYY77U.js:59
[ 4354905ms] [LOG] %c [Login] Usuario recuperado. color: #FF9800; font-style: italic; @ http://localhost:4200/chunk-72LYY77U.js:59
[ 4354906ms] [LOG] %c🚪 [SecurityService] Limpiando datos de autenticación... color: #F44336; font-style: italic; @ http://localhost:4200/chunk-72LYY77U.js:59
[ 4354907ms] [LOG] %c🗑️ [StorageService] Eliminando clave: 'userAuthData' color: #F44336; font-style: italic; @ http://localhost:4200/chunk-72LYY77U.js:59
[ 4354908ms] [LOG] %c✅ [StorageService] Clave 'userAuthData' eliminada. color: #9E9E9E; font-style: italic; @ http://localhost:4200/chunk-72LYY77U.js:59
[ 4354909ms] [LOG] %c🗑️ [StorageService] Eliminando clave: 'accessToken' color: #F44336; font-style: italic; @ http://localhost:4200/chunk-72LYY77U.js:59
[ 4354910ms] [LOG] %c✅ [StorageService] Clave 'accessToken' eliminada. color: #9E9E9E; font-style: italic; @ http://localhost:4200/chunk-72LYY77U.js:59
[ 4354910ms] [LOG] %c🧹 [SecurityService] Datos de sesión eliminados: userAuthData y accessToken. color: #9E9E9E; font-style: italic; @ http://localhost:4200/chunk-72LYY77U.js:59
[ 4354911ms] [LOG] %c [Login] Datos de sesion previa eliminados. color: #9E9E9E; font-style: italic; @ http://localhost:4200/chunk-72LYY77U.js:59
[ 4354913ms] [LOG] %c🚪 [SecurityService] Limpiando datos de autenticación... color: #F44336; font-style: italic; @ http://localhost:4200/chunk-72LYY77U.js:59
[ 4354914ms] [LOG] %c🗑️ [StorageService] Eliminando clave: 'userAuthData' color: #F44336; font-style: italic; @ http://localhost:4200/chunk-72LYY77U.js:59
[ 4354915ms] [LOG] %c✅ [StorageService] Clave 'userAuthData' eliminada. color: #9E9E9E; font-style: italic; @ http://localhost:4200/chunk-72LYY77U.js:59
[ 4354915ms] [LOG] %c🗑️ [StorageService] Eliminando clave: 'accessToken' color: #F44336; font-style: italic; @ http://localhost:4200/chunk-72LYY77U.js:59
[ 4354916ms] [LOG] %c✅ [StorageService] Clave 'accessToken' eliminada. color: #9E9E9E; font-style: italic; @ http://localhost:4200/chunk-72LYY77U.js:59
[ 4354917ms] [LOG] %c🧹 [SecurityService] Datos de sesión eliminados: userAuthData y accessToken. color: #9E9E9E; font-style: italic; @ http://localhost:4200/chunk-72LYY77U.js:59
[ 4355026ms] [WARNING] NG0913: An image with src http://localhost:4200/assets/oficial/Logo%20Files/png/Color%20logo%20-%20no%20background.png has intrinsic file dimensions much larger than its rendered size. This can negatively impact application loading performance. For more information about addressing or disabling this warning, see https://v22.angular.dev/errors/NG0913. Find more at https://v22.angular.dev/errors/NG0913 @ http://localhost:4200/@fs/D:/repos/luxuryapp-api/appsweb/angular/.angular/cache/22.1.8/luxury-app/vite/deps/core-gRj2gSiC.js?v=74c2038a:17980
[ 4355027ms] [WARNING] NG0913: An image with src http://localhost:4200/assets/oficial/Logo%20Files/png/Color%20logo%20-%20no%20background.png has intrinsic file dimensions much larger than its rendered size. This can negatively impact application loading performance. For more information about addressing or disabling this warning, see https://v22.angular.dev/errors/NG0913. Find more at https://v22.angular.dev/errors/NG0913 @ http://localhost:4200/@fs/D:/repos/luxuryapp-api/appsweb/angular/.angular/cache/22.1.8/luxury-app/vite/deps/core-gRj2gSiC.js?v=74c2038a:17980
[ 4355028ms] [WARNING] NG0913: An image with src http://localhost:4200/assets/oficial/Logo%20Files/png/White%20logo%20-%20no%20background.png has intrinsic file dimensions much larger than its rendered size. This can negatively impact application loading performance. For more information about addressing or disabling this warning, see https://v22.angular.dev/errors/NG0913. Find more at https://v22.angular.dev/errors/NG0913 @ http://localhost:4200/@fs/D:/repos/luxuryapp-api/appsweb/angular/.angular/cache/22.1.8/luxury-app/vite/deps/core-gRj2gSiC.js?v=74c2038a:17980
[ 4355038ms] [VERBOSE] [DOM] Input elements should have autocomplete attributes (suggested: "current-password"): (More info: https://goo.gl/9p2vKq) @ http://localhost:4200/auth/login:0
[ 4562899ms] [LOG] %c📦 [StorageService] Inicializando servicio de almacenamiento local... color: #3F51B5; font-style: italic; @ http://localhost:4200/chunk-72LYY77U.js:59
[ 4562900ms] [LOG] %c [AuthService] Verificando ruta inicial: /auth/login | Es publica: true color: #9C27B0; font-style: italic; @ http://localhost:4200/chunk-72LYY77U.js:59
[ 4562901ms] [LOG] %c [AuthService] Ruta publica detectada. Omitiendo login silencioso. color: #FFC107; font-style: italic; @ http://localhost:4200/chunk-72LYY77U.js:59
[ 4562901ms] [LOG] %c🚀 [Initializer] Starting application state initialization... color: purple; font-style: italic; @ http://localhost:4200/chunk-72LYY77U.js:59
[ 4562903ms] [LOG] %c🤷 [Initializer] No user session. Skipping customer state initialization. color: #9E9E9E; font-style: italic; @ http://localhost:4200/chunk-72LYY77U.js:59
[ 4562904ms] [LOG] %c✅ [Initializer] State initialization complete. color: green; font-style: italic; @ http://localhost:4200/chunk-72LYY77U.js:59
[ 4563009ms] [LOG] %c🔄 UpdateService: Inicializando servicio de actualizaciones color: blue; font-weight: bold; @ http://localhost:4200/chunk-WEIOKMZ7.js:10
[ 4563009ms] [LOG] %c🔄 UpdateService: ❌ Service Worker NO habilitado color: red; font-weight: bold; @ http://localhost:4200/chunk-WEIOKMZ7.js:22
[ 4563021ms] [LOG] %c🚀 [App] ¡Aplicación iniciada! Soy más ligero y rápido que nunca. color: #673AB7; font-style: italic; @ http://localhost:4200/chunk-72LYY77U.js:59
[ 4563046ms] [LOG] Angular is running in development mode. @ http://localhost:4200/@fs/D:/repos/luxuryapp-api/appsweb/angular/.angular/cache/22.1.8/luxury-app/vite/deps/core-gRj2gSiC.js?v=74c2038a:9175
[ 4563244ms] [LOG] %c🔐 [SecurityService] Servicio de seguridad inicializado. color: #3F51B5; font-style: italic; @ http://localhost:4200/chunk-72LYY77U.js:59
[ 4563277ms] [LOG] %c [Login] Iniciando.. color: #607D8B; font-style: italic; @ http://localhost:4200/chunk-72LYY77U.js:59
[ 4563277ms] [LOG] %c [Login] Usando / como redireccion por defecto. color: #607D8B; font-style: italic; @ http://localhost:4200/chunk-72LYY77U.js:59
[ 4563277ms] [LOG] %c [Login] URL final de redireccion: / color: #2196F3; font-style: italic; @ http://localhost:4200/chunk-72LYY77U.js:59
[ 4563278ms] [LOG] %c [Login] Usuario recuperado. color: #FF9800; font-style: italic; @ http://localhost:4200/chunk-72LYY77U.js:59
[ 4563278ms] [LOG] %c🚪 [SecurityService] Limpiando datos de autenticación... color: #F44336; font-style: italic; @ http://localhost:4200/chunk-72LYY77U.js:59
[ 4563279ms] [LOG] %c🗑️ [StorageService] Eliminando clave: 'userAuthData' color: #F44336; font-style: italic; @ http://localhost:4200/chunk-72LYY77U.js:59
[ 4563279ms] [LOG] %c✅ [StorageService] Clave 'userAuthData' eliminada. color: #9E9E9E; font-style: italic; @ http://localhost:4200/chunk-72LYY77U.js:59
[ 4563279ms] [LOG] %c🗑️ [StorageService] Eliminando clave: 'accessToken' color: #F44336; font-style: italic; @ http://localhost:4200/chunk-72LYY77U.js:59
[ 4563280ms] [LOG] %c✅ [StorageService] Clave 'accessToken' eliminada. color: #9E9E9E; font-style: italic; @ http://localhost:4200/chunk-72LYY77U.js:59
[ 4563280ms] [LOG] %c🧹 [SecurityService] Datos de sesión eliminados: userAuthData y accessToken. color: #9E9E9E; font-style: italic; @ http://localhost:4200/chunk-72LYY77U.js:59
[ 4563280ms] [LOG] %c [Login] Datos de sesion previa eliminados. color: #9E9E9E; font-style: italic; @ http://localhost:4200/chunk-72LYY77U.js:59
[ 4563281ms] [LOG] %c🚪 [SecurityService] Limpiando datos de autenticación... color: #F44336; font-style: italic; @ http://localhost:4200/chunk-72LYY77U.js:59
[ 4563281ms] [LOG] %c🗑️ [StorageService] Eliminando clave: 'userAuthData' color: #F44336; font-style: italic; @ http://localhost:4200/chunk-72LYY77U.js:59
[ 4563281ms] [LOG] %c✅ [StorageService] Clave 'userAuthData' eliminada. color: #9E9E9E; font-style: italic; @ http://localhost:4200/chunk-72LYY77U.js:59
[ 4563282ms] [LOG] %c🗑️ [StorageService] Eliminando clave: 'accessToken' color: #F44336; font-style: italic; @ http://localhost:4200/chunk-72LYY77U.js:59
[ 4563282ms] [LOG] %c✅ [StorageService] Clave 'accessToken' eliminada. color: #9E9E9E; font-style: italic; @ http://localhost:4200/chunk-72LYY77U.js:59
[ 4563283ms] [LOG] %c🧹 [SecurityService] Datos de sesión eliminados: userAuthData y accessToken. color: #9E9E9E; font-style: italic; @ http://localhost:4200/chunk-72LYY77U.js:59
[ 4563377ms] [VERBOSE] [DOM] Input elements should have autocomplete attributes (suggested: "current-password"): (More info: https://goo.gl/9p2vKq) @ http://localhost:4200/auth/login:0
[ 6320035ms] [LOG] %c📦 [StorageService] Inicializando servicio de almacenamiento local... color: #3F51B5; font-style: italic; @ http://localhost:4200/chunk-72LYY77U.js:59
[ 6320036ms] [LOG] %c [AuthService] Verificando ruta inicial: /auth/login | Es publica: true color: #9C27B0; font-style: italic; @ http://localhost:4200/chunk-72LYY77U.js:59
[ 6320037ms] [LOG] %c [AuthService] Ruta publica detectada. Omitiendo login silencioso. color: #FFC107; font-style: italic; @ http://localhost:4200/chunk-72LYY77U.js:59
[ 6320037ms] [LOG] %c🚀 [Initializer] Starting application state initialization... color: purple; font-style: italic; @ http://localhost:4200/chunk-72LYY77U.js:59
[ 6320038ms] [LOG] %c🤷 [Initializer] No user session. Skipping customer state initialization. color: #9E9E9E; font-style: italic; @ http://localhost:4200/chunk-72LYY77U.js:59
[ 6320038ms] [LOG] %c✅ [Initializer] State initialization complete. color: green; font-style: italic; @ http://localhost:4200/chunk-72LYY77U.js:59
[ 6320155ms] [LOG] %c🔄 UpdateService: Inicializando servicio de actualizaciones color: blue; font-weight: bold; @ http://localhost:4200/chunk-WEIOKMZ7.js:10
[ 6320155ms] [LOG] %c🔄 UpdateService: ❌ Service Worker NO habilitado color: red; font-weight: bold; @ http://localhost:4200/chunk-WEIOKMZ7.js:22
[ 6320173ms] [LOG] %c🚀 [App] ¡Aplicación iniciada! Soy más ligero y rápido que nunca. color: #673AB7; font-style: italic; @ http://localhost:4200/chunk-72LYY77U.js:59
[ 6320203ms] [LOG] Angular is running in development mode. @ http://localhost:4200/@fs/D:/repos/luxuryapp-api/appsweb/angular/.angular/cache/22.1.8/luxury-app/vite/deps/core-gRj2gSiC.js?v=74c2038a:9175
[ 6320435ms] [LOG] %c🔐 [SecurityService] Servicio de seguridad inicializado. color: #3F51B5; font-style: italic; @ http://localhost:4200/chunk-72LYY77U.js:59
[ 6320471ms] [LOG] %c [Login] Iniciando.. color: #607D8B; font-style: italic; @ http://localhost:4200/chunk-72LYY77U.js:59
[ 6320472ms] [LOG] %c [Login] Usando / como redireccion por defecto. color: #607D8B; font-style: italic; @ http://localhost:4200/chunk-72LYY77U.js:59
[ 6320472ms] [LOG] %c [Login] URL final de redireccion: / color: #2196F3; font-style: italic; @ http://localhost:4200/chunk-72LYY77U.js:59
[ 6320472ms] [LOG] %c [Login] Usuario recuperado. color: #FF9800; font-style: italic; @ http://localhost:4200/chunk-72LYY77U.js:59
[ 6320473ms] [LOG] %c🚪 [SecurityService] Limpiando datos de autenticación... color: #F44336; font-style: italic; @ http://localhost:4200/chunk-72LYY77U.js:59
[ 6320473ms] [LOG] %c🗑️ [StorageService] Eliminando clave: 'userAuthData' color: #F44336; font-style: italic; @ http://localhost:4200/chunk-72LYY77U.js:59
[ 6320473ms] [LOG] %c✅ [StorageService] Clave 'userAuthData' eliminada. color: #9E9E9E; font-style: italic; @ http://localhost:4200/chunk-72LYY77U.js:59
[ 6320474ms] [LOG] %c🗑️ [StorageService] Eliminando clave: 'accessToken' color: #F44336; font-style: italic; @ http://localhost:4200/chunk-72LYY77U.js:59
[ 6320474ms] [LOG] %c✅ [StorageService] Clave 'accessToken' eliminada. color: #9E9E9E; font-style: italic; @ http://localhost:4200/chunk-72LYY77U.js:59
[ 6320474ms] [LOG] %c🧹 [SecurityService] Datos de sesión eliminados: userAuthData y accessToken. color: #9E9E9E; font-style: italic; @ http://localhost:4200/chunk-72LYY77U.js:59
[ 6320474ms] [LOG] %c [Login] Datos de sesion previa eliminados. color: #9E9E9E; font-style: italic; @ http://localhost:4200/chunk-72LYY77U.js:59
[ 6320475ms] [LOG] %c🚪 [SecurityService] Limpiando datos de autenticación... color: #F44336; font-style: italic; @ http://localhost:4200/chunk-72LYY77U.js:59
[ 6320475ms] [LOG] %c🗑️ [StorageService] Eliminando clave: 'userAuthData' color: #F44336; font-style: italic; @ http://localhost:4200/chunk-72LYY77U.js:59
[ 6320476ms] [LOG] %c✅ [StorageService] Clave 'userAuthData' eliminada. color: #9E9E9E; font-style: italic; @ http://localhost:4200/chunk-72LYY77U.js:59
[ 6320476ms] [LOG] %c🗑️ [StorageService] Eliminando clave: 'accessToken' color: #F44336; font-style: italic; @ http://localhost:4200/chunk-72LYY77U.js:59
[ 6320476ms] [LOG] %c✅ [StorageService] Clave 'accessToken' eliminada. color: #9E9E9E; font-style: italic; @ http://localhost:4200/chunk-72LYY77U.js:59
[ 6320476ms] [LOG] %c🧹 [SecurityService] Datos de sesión eliminados: userAuthData y accessToken. color: #9E9E9E; font-style: italic; @ http://localhost:4200/chunk-72LYY77U.js:59
[ 6320628ms] [VERBOSE] [DOM] Input elements should have autocomplete attributes (suggested: "current-password"): (More info: https://goo.gl/9p2vKq) @ http://localhost:4200/auth/login:0
[ 6846755ms] [LOG] %c📦 [StorageService] Inicializando servicio de almacenamiento local... color: #3F51B5; font-style: italic; @ http://localhost:4200/chunk-72LYY77U.js:59
[ 6846757ms] [LOG] %c [AuthService] Verificando ruta inicial: /auth/login | Es publica: true color: #9C27B0; font-style: italic; @ http://localhost:4200/chunk-72LYY77U.js:59
[ 6846757ms] [LOG] %c [AuthService] Ruta publica detectada. Omitiendo login silencioso. color: #FFC107; font-style: italic; @ http://localhost:4200/chunk-72LYY77U.js:59
[ 6846758ms] [LOG] %c🚀 [Initializer] Starting application state initialization... color: purple; font-style: italic; @ http://localhost:4200/chunk-72LYY77U.js:59
[ 6846758ms] [LOG] %c🤷 [Initializer] No user session. Skipping customer state initialization. color: #9E9E9E; font-style: italic; @ http://localhost:4200/chunk-72LYY77U.js:59
[ 6846759ms] [LOG] %c✅ [Initializer] State initialization complete. color: green; font-style: italic; @ http://localhost:4200/chunk-72LYY77U.js:59
[ 6846873ms] [LOG] %c🔄 UpdateService: Inicializando servicio de actualizaciones color: blue; font-weight: bold; @ http://localhost:4200/chunk-WEIOKMZ7.js:10
[ 6846873ms] [LOG] %c🔄 UpdateService: ❌ Service Worker NO habilitado color: red; font-weight: bold; @ http://localhost:4200/chunk-WEIOKMZ7.js:22
[ 6846888ms] [LOG] %c🚀 [App] ¡Aplicación iniciada! Soy más ligero y rápido que nunca. color: #673AB7; font-style: italic; @ http://localhost:4200/chunk-72LYY77U.js:59
[ 6846924ms] [LOG] Angular is running in development mode. @ http://localhost:4200/@fs/D:/repos/luxuryapp-api/appsweb/angular/.angular/cache/22.1.8/luxury-app/vite/deps/core-gRj2gSiC.js?v=74c2038a:9175
[ 6847075ms] [LOG] %c🔐 [SecurityService] Servicio de seguridad inicializado. color: #3F51B5; font-style: italic; @ http://localhost:4200/chunk-72LYY77U.js:59
[ 6847108ms] [LOG] %c [Login] Iniciando.. color: #607D8B; font-style: italic; @ http://localhost:4200/chunk-72LYY77U.js:59
[ 6847108ms] [LOG] %c [Login] Usando / como redireccion por defecto. color: #607D8B; font-style: italic; @ http://localhost:4200/chunk-72LYY77U.js:59
[ 6847108ms] [LOG] %c [Login] URL final de redireccion: / color: #2196F3; font-style: italic; @ http://localhost:4200/chunk-72LYY77U.js:59
[ 6847108ms] [LOG] %c [Login] Usuario recuperado. color: #FF9800; font-style: italic; @ http://localhost:4200/chunk-72LYY77U.js:59
[ 6847109ms] [LOG] %c🚪 [SecurityService] Limpiando datos de autenticación... color: #F44336; font-style: italic; @ http://localhost:4200/chunk-72LYY77U.js:59
[ 6847110ms] [LOG] %c🗑️ [StorageService] Eliminando clave: 'userAuthData' color: #F44336; font-style: italic; @ http://localhost:4200/chunk-72LYY77U.js:59
[ 6847111ms] [LOG] %c✅ [StorageService] Clave 'userAuthData' eliminada. color: #9E9E9E; font-style: italic; @ http://localhost:4200/chunk-72LYY77U.js:59
[ 6847112ms] [LOG] %c🗑️ [StorageService] Eliminando clave: 'accessToken' color: #F44336; font-style: italic; @ http://localhost:4200/chunk-72LYY77U.js:59
[ 6847112ms] [LOG] %c✅ [StorageService] Clave 'accessToken' eliminada. color: #9E9E9E; font-style: italic; @ http://localhost:4200/chunk-72LYY77U.js:59
[ 6847113ms] [LOG] %c🧹 [SecurityService] Datos de sesión eliminados: userAuthData y accessToken. color: #9E9E9E; font-style: italic; @ http://localhost:4200/chunk-72LYY77U.js:59
[ 6847113ms] [LOG] %c [Login] Datos de sesion previa eliminados. color: #9E9E9E; font-style: italic; @ http://localhost:4200/chunk-72LYY77U.js:59
[ 6847114ms] [LOG] %c🚪 [SecurityService] Limpiando datos de autenticación... color: #F44336; font-style: italic; @ http://localhost:4200/chunk-72LYY77U.js:59
[ 6847114ms] [LOG] %c🗑️ [StorageService] Eliminando clave: 'userAuthData' color: #F44336; font-style: italic; @ http://localhost:4200/chunk-72LYY77U.js:59
[ 6847115ms] [LOG] %c✅ [StorageService] Clave 'userAuthData' eliminada. color: #9E9E9E; font-style: italic; @ http://localhost:4200/chunk-72LYY77U.js:59
[ 6847115ms] [LOG] %c🗑️ [StorageService] Eliminando clave: 'accessToken' color: #F44336; font-style: italic; @ http://localhost:4200/chunk-72LYY77U.js:59
[ 6847116ms] [LOG] %c✅ [StorageService] Clave 'accessToken' eliminada. color: #9E9E9E; font-style: italic; @ http://localhost:4200/chunk-72LYY77U.js:59
[ 6847117ms] [LOG] %c🧹 [SecurityService] Datos de sesión eliminados: userAuthData y accessToken. color: #9E9E9E; font-style: italic; @ http://localhost:4200/chunk-72LYY77U.js:59
[ 6847194ms] [WARNING] NG0913: An image with src http://localhost:4200/assets/oficial/Logo%20Files/png/Color%20logo%20-%20no%20background.png has intrinsic file dimensions much larger than its rendered size. This can negatively impact application loading performance. For more information about addressing or disabling this warning, see https://v22.angular.dev/errors/NG0913. Find more at https://v22.angular.dev/errors/NG0913 @ http://localhost:4200/@fs/D:/repos/luxuryapp-api/appsweb/angular/.angular/cache/22.1.8/luxury-app/vite/deps/core-gRj2gSiC.js?v=74c2038a:17980
[ 6847194ms] [WARNING] NG0913: An image with src http://localhost:4200/assets/oficial/Logo%20Files/png/Color%20logo%20-%20no%20background.png has intrinsic file dimensions much larger than its rendered size. This can negatively impact application loading performance. For more information about addressing or disabling this warning, see https://v22.angular.dev/errors/NG0913. Find more at https://v22.angular.dev/errors/NG0913 @ http://localhost:4200/@fs/D:/repos/luxuryapp-api/appsweb/angular/.angular/cache/22.1.8/luxury-app/vite/deps/core-gRj2gSiC.js?v=74c2038a:17980
[ 6847195ms] [WARNING] NG0913: An image with src http://localhost:4200/assets/oficial/Logo%20Files/png/White%20logo%20-%20no%20background.png has intrinsic file dimensions much larger than its rendered size. This can negatively impact application loading performance. For more information about addressing or disabling this warning, see https://v22.angular.dev/errors/NG0913. Find more at https://v22.angular.dev/errors/NG0913 @ http://localhost:4200/@fs/D:/repos/luxuryapp-api/appsweb/angular/.angular/cache/22.1.8/luxury-app/vite/deps/core-gRj2gSiC.js?v=74c2038a:17980
[ 6847218ms] [VERBOSE] [DOM] Input elements should have autocomplete attributes (suggested: "current-password"): (More info: https://goo.gl/9p2vKq) @ http://localhost:4200/auth/login:0
[ 6854644ms] [LOG] %c📦 [StorageService] Inicializando servicio de almacenamiento local... color: #3F51B5; font-style: italic; @ http://localhost:4200/chunk-72LYY77U.js:59
[ 6854646ms] [LOG] %c [AuthService] Verificando ruta inicial: /auth/login | Es publica: true color: #9C27B0; font-style: italic; @ http://localhost:4200/chunk-72LYY77U.js:59
[ 6854647ms] [LOG] %c [AuthService] Ruta publica detectada. Omitiendo login silencioso. color: #FFC107; font-style: italic; @ http://localhost:4200/chunk-72LYY77U.js:59
[ 6854647ms] [LOG] %c🚀 [Initializer] Starting application state initialization... color: purple; font-style: italic; @ http://localhost:4200/chunk-72LYY77U.js:59
[ 6854648ms] [LOG] %c🤷 [Initializer] No user session. Skipping customer state initialization. color: #9E9E9E; font-style: italic; @ http://localhost:4200/chunk-72LYY77U.js:59
[ 6854649ms] [LOG] %c✅ [Initializer] State initialization complete. color: green; font-style: italic; @ http://localhost:4200/chunk-72LYY77U.js:59
[ 6854757ms] [LOG] %c🔄 UpdateService: Inicializando servicio de actualizaciones color: blue; font-weight: bold; @ http://localhost:4200/chunk-WEIOKMZ7.js:10
[ 6854757ms] [LOG] %c🔄 UpdateService: ❌ Service Worker NO habilitado color: red; font-weight: bold; @ http://localhost:4200/chunk-WEIOKMZ7.js:22
[ 6854771ms] [LOG] %c🚀 [App] ¡Aplicación iniciada! Soy más ligero y rápido que nunca. color: #673AB7; font-style: italic; @ http://localhost:4200/chunk-72LYY77U.js:59
[ 6854805ms] [LOG] Angular is running in development mode. @ http://localhost:4200/@fs/D:/repos/luxuryapp-api/appsweb/angular/.angular/cache/22.1.8/luxury-app/vite/deps/core-gRj2gSiC.js?v=74c2038a:9175
[ 6854939ms] [LOG] %c🔐 [SecurityService] Servicio de seguridad inicializado. color: #3F51B5; font-style: italic; @ http://localhost:4200/chunk-72LYY77U.js:59
[ 6854977ms] [LOG] %c [Login] Iniciando.. color: #607D8B; font-style: italic; @ http://localhost:4200/chunk-72LYY77U.js:59
[ 6854978ms] [LOG] %c [Login] Usando / como redireccion por defecto. color: #607D8B; font-style: italic; @ http://localhost:4200/chunk-72LYY77U.js:59
[ 6854978ms] [LOG] %c [Login] URL final de redireccion: / color: #2196F3; font-style: italic; @ http://localhost:4200/chunk-72LYY77U.js:59
[ 6854979ms] [LOG] %c [Login] Usuario recuperado. color: #FF9800; font-style: italic; @ http://localhost:4200/chunk-72LYY77U.js:59
[ 6854979ms] [LOG] %c🚪 [SecurityService] Limpiando datos de autenticación... color: #F44336; font-style: italic; @ http://localhost:4200/chunk-72LYY77U.js:59
[ 6854979ms] [LOG] %c🗑️ [StorageService] Eliminando clave: 'userAuthData' color: #F44336; font-style: italic; @ http://localhost:4200/chunk-72LYY77U.js:59
[ 6854980ms] [LOG] %c✅ [StorageService] Clave 'userAuthData' eliminada. color: #9E9E9E; font-style: italic; @ http://localhost:4200/chunk-72LYY77U.js:59
[ 6854980ms] [LOG] %c🗑️ [StorageService] Eliminando clave: 'accessToken' color: #F44336; font-style: italic; @ http://localhost:4200/chunk-72LYY77U.js:59
[ 6854980ms] [LOG] %c✅ [StorageService] Clave 'accessToken' eliminada. color: #9E9E9E; font-style: italic; @ http://localhost:4200/chunk-72LYY77U.js:59
[ 6854980ms] [LOG] %c🧹 [SecurityService] Datos de sesión eliminados: userAuthData y accessToken. color: #9E9E9E; font-style: italic; @ http://localhost:4200/chunk-72LYY77U.js:59
[ 6854980ms] [LOG] %c [Login] Datos de sesion previa eliminados. color: #9E9E9E; font-style: italic; @ http://localhost:4200/chunk-72LYY77U.js:59
[ 6854981ms] [LOG] %c🚪 [SecurityService] Limpiando datos de autenticación... color: #F44336; font-style: italic; @ http://localhost:4200/chunk-72LYY77U.js:59
[ 6854981ms] [LOG] %c🗑️ [StorageService] Eliminando clave: 'userAuthData' color: #F44336; font-style: italic; @ http://localhost:4200/chunk-72LYY77U.js:59
[ 6854982ms] [LOG] %c✅ [StorageService] Clave 'userAuthData' eliminada. color: #9E9E9E; font-style: italic; @ http://localhost:4200/chunk-72LYY77U.js:59
[ 6854982ms] [LOG] %c🗑️ [StorageService] Eliminando clave: 'accessToken' color: #F44336; font-style: italic; @ http://localhost:4200/chunk-72LYY77U.js:59
[ 6854983ms] [LOG] %c✅ [StorageService] Clave 'accessToken' eliminada. color: #9E9E9E; font-style: italic; @ http://localhost:4200/chunk-72LYY77U.js:59
[ 6854983ms] [LOG] %c🧹 [SecurityService] Datos de sesión eliminados: userAuthData y accessToken. color: #9E9E9E; font-style: italic; @ http://localhost:4200/chunk-72LYY77U.js:59
[ 6855081ms] [WARNING] NG0913: An image with src http://localhost:4200/assets/oficial/Logo%20Files/png/Color%20logo%20-%20no%20background.png has intrinsic file dimensions much larger than its rendered size. This can negatively impact application loading performance. For more information about addressing or disabling this warning, see https://v22.angular.dev/errors/NG0913. Find more at https://v22.angular.dev/errors/NG0913 @ http://localhost:4200/@fs/D:/repos/luxuryapp-api/appsweb/angular/.angular/cache/22.1.8/luxury-app/vite/deps/core-gRj2gSiC.js?v=74c2038a:17980
[ 6855082ms] [WARNING] NG0913: An image with src http://localhost:4200/assets/oficial/Logo%20Files/png/Color%20logo%20-%20no%20background.png has intrinsic file dimensions much larger than its rendered size. This can negatively impact application loading performance. For more information about addressing or disabling this warning, see https://v22.angular.dev/errors/NG0913. Find more at https://v22.angular.dev/errors/NG0913 @ http://localhost:4200/@fs/D:/repos/luxuryapp-api/appsweb/angular/.angular/cache/22.1.8/luxury-app/vite/deps/core-gRj2gSiC.js?v=74c2038a:17980
[ 6855083ms] [WARNING] NG0913: An image with src http://localhost:4200/assets/oficial/Logo%20Files/png/White%20logo%20-%20no%20background.png has intrinsic file dimensions much larger than its rendered size. This can negatively impact application loading performance. For more information about addressing or disabling this warning, see https://v22.angular.dev/errors/NG0913. Find more at https://v22.angular.dev/errors/NG0913 @ http://localhost:4200/@fs/D:/repos/luxuryapp-api/appsweb/angular/.angular/cache/22.1.8/luxury-app/vite/deps/core-gRj2gSiC.js?v=74c2038a:17980
[ 6855092ms] [VERBOSE] [DOM] Input elements should have autocomplete attributes (suggested: "current-password"): (More info: https://goo.gl/9p2vKq) @ http://localhost:4200/auth/login:0
[ 6884784ms] [LOG] %c📦 [StorageService] Inicializando servicio de almacenamiento local... color: #3F51B5; font-style: italic; @ http://localhost:4200/chunk-72LYY77U.js:59
[ 6884786ms] [LOG] %c [AuthService] Verificando ruta inicial: /auth/login | Es publica: true color: #9C27B0; font-style: italic; @ http://localhost:4200/chunk-72LYY77U.js:59
[ 6884786ms] [LOG] %c [AuthService] Ruta publica detectada. Omitiendo login silencioso. color: #FFC107; font-style: italic; @ http://localhost:4200/chunk-72LYY77U.js:59
[ 6884787ms] [LOG] %c🚀 [Initializer] Starting application state initialization... color: purple; font-style: italic; @ http://localhost:4200/chunk-72LYY77U.js:59
[ 6884787ms] [LOG] %c🤷 [Initializer] No user session. Skipping customer state initialization. color: #9E9E9E; font-style: italic; @ http://localhost:4200/chunk-72LYY77U.js:59
[ 6884788ms] [LOG] %c✅ [Initializer] State initialization complete. color: green; font-style: italic; @ http://localhost:4200/chunk-72LYY77U.js:59
[ 6884880ms] [LOG] %c🔄 UpdateService: Inicializando servicio de actualizaciones color: blue; font-weight: bold; @ http://localhost:4200/chunk-WEIOKMZ7.js:10
[ 6884880ms] [LOG] %c🔄 UpdateService: ❌ Service Worker NO habilitado color: red; font-weight: bold; @ http://localhost:4200/chunk-WEIOKMZ7.js:22
[ 6884895ms] [LOG] %c🚀 [App] ¡Aplicación iniciada! Soy más ligero y rápido que nunca. color: #673AB7; font-style: italic; @ http://localhost:4200/chunk-72LYY77U.js:59
[ 6884921ms] [LOG] Angular is running in development mode. @ http://localhost:4200/@fs/D:/repos/luxuryapp-api/appsweb/angular/.angular/cache/22.1.8/luxury-app/vite/deps/core-gRj2gSiC.js?v=74c2038a:9175
[ 6885049ms] [LOG] %c🔐 [SecurityService] Servicio de seguridad inicializado. color: #3F51B5; font-style: italic; @ http://localhost:4200/chunk-72LYY77U.js:59
[ 6885089ms] [LOG] %c [Login] Iniciando.. color: #607D8B; font-style: italic; @ http://localhost:4200/chunk-72LYY77U.js:59
[ 6885090ms] [LOG] %c [Login] Usando / como redireccion por defecto. color: #607D8B; font-style: italic; @ http://localhost:4200/chunk-72LYY77U.js:59
[ 6885090ms] [LOG] %c [Login] URL final de redireccion: / color: #2196F3; font-style: italic; @ http://localhost:4200/chunk-72LYY77U.js:59
[ 6885091ms] [LOG] %c [Login] Usuario recuperado. color: #FF9800; font-style: italic; @ http://localhost:4200/chunk-72LYY77U.js:59
[ 6885092ms] [LOG] %c🚪 [SecurityService] Limpiando datos de autenticación... color: #F44336; font-style: italic; @ http://localhost:4200/chunk-72LYY77U.js:59
[ 6885093ms] [LOG] %c🗑️ [StorageService] Eliminando clave: 'userAuthData' color: #F44336; font-style: italic; @ http://localhost:4200/chunk-72LYY77U.js:59
[ 6885094ms] [LOG] %c✅ [StorageService] Clave 'userAuthData' eliminada. color: #9E9E9E; font-style: italic; @ http://localhost:4200/chunk-72LYY77U.js:59
[ 6885094ms] [LOG] %c🗑️ [StorageService] Eliminando clave: 'accessToken' color: #F44336; font-style: italic; @ http://localhost:4200/chunk-72LYY77U.js:59
[ 6885094ms] [LOG] %c✅ [StorageService] Clave 'accessToken' eliminada. color: #9E9E9E; font-style: italic; @ http://localhost:4200/chunk-72LYY77U.js:59
[ 6885094ms] [LOG] %c🧹 [SecurityService] Datos de sesión eliminados: userAuthData y accessToken. color: #9E9E9E; font-style: italic; @ http://localhost:4200/chunk-72LYY77U.js:59
[ 6885095ms] [LOG] %c [Login] Datos de sesion previa eliminados. color: #9E9E9E; font-style: italic; @ http://localhost:4200/chunk-72LYY77U.js:59
[ 6885095ms] [LOG] %c🚪 [SecurityService] Limpiando datos de autenticación... color: #F44336; font-style: italic; @ http://localhost:4200/chunk-72LYY77U.js:59
[ 6885095ms] [LOG] %c🗑️ [StorageService] Eliminando clave: 'userAuthData' color: #F44336; font-style: italic; @ http://localhost:4200/chunk-72LYY77U.js:59
[ 6885095ms] [LOG] %c✅ [StorageService] Clave 'userAuthData' eliminada. color: #9E9E9E; font-style: italic; @ http://localhost:4200/chunk-72LYY77U.js:59
[ 6885095ms] [LOG] %c🗑️ [StorageService] Eliminando clave: 'accessToken' color: #F44336; font-style: italic; @ http://localhost:4200/chunk-72LYY77U.js:59
[ 6885096ms] [LOG] %c✅ [StorageService] Clave 'accessToken' eliminada. color: #9E9E9E; font-style: italic; @ http://localhost:4200/chunk-72LYY77U.js:59
[ 6885096ms] [LOG] %c🧹 [SecurityService] Datos de sesión eliminados: userAuthData y accessToken. color: #9E9E9E; font-style: italic; @ http://localhost:4200/chunk-72LYY77U.js:59
[ 6885181ms] [WARNING] NG0913: An image with src http://localhost:4200/assets/oficial/Logo%20Files/png/Color%20logo%20-%20no%20background.png has intrinsic file dimensions much larger than its rendered size. This can negatively impact application loading performance. For more information about addressing or disabling this warning, see https://v22.angular.dev/errors/NG0913. Find more at https://v22.angular.dev/errors/NG0913 @ http://localhost:4200/@fs/D:/repos/luxuryapp-api/appsweb/angular/.angular/cache/22.1.8/luxury-app/vite/deps/core-gRj2gSiC.js?v=74c2038a:17980
[ 6885182ms] [WARNING] NG0913: An image with src http://localhost:4200/assets/oficial/Logo%20Files/png/Color%20logo%20-%20no%20background.png has intrinsic file dimensions much larger than its rendered size. This can negatively impact application loading performance. For more information about addressing or disabling this warning, see https://v22.angular.dev/errors/NG0913. Find more at https://v22.angular.dev/errors/NG0913 @ http://localhost:4200/@fs/D:/repos/luxuryapp-api/appsweb/angular/.angular/cache/22.1.8/luxury-app/vite/deps/core-gRj2gSiC.js?v=74c2038a:17980
[ 6885182ms] [WARNING] NG0913: An image with src http://localhost:4200/assets/oficial/Logo%20Files/png/White%20logo%20-%20no%20background.png has intrinsic file dimensions much larger than its rendered size. This can negatively impact application loading performance. For more information about addressing or disabling this warning, see https://v22.angular.dev/errors/NG0913. Find more at https://v22.angular.dev/errors/NG0913 @ http://localhost:4200/@fs/D:/repos/luxuryapp-api/appsweb/angular/.angular/cache/22.1.8/luxury-app/vite/deps/core-gRj2gSiC.js?v=74c2038a:17980
[ 6885190ms] [VERBOSE] [DOM] Input elements should have autocomplete attributes (suggested: "current-password"): (More info: https://goo.gl/9p2vKq) @ http://localhost:4200/auth/login:0
[ 7362739ms] [LOG] %c📦 [StorageService] Inicializando servicio de almacenamiento local... color: #3F51B5; font-style: italic; @ http://localhost:4200/chunk-72LYY77U.js:59
[ 7362742ms] [LOG] %c [AuthService] Verificando ruta inicial: /auth/login | Es publica: true color: #9C27B0; font-style: italic; @ http://localhost:4200/chunk-72LYY77U.js:59
[ 7362742ms] [LOG] %c [AuthService] Ruta publica detectada. Omitiendo login silencioso. color: #FFC107; font-style: italic; @ http://localhost:4200/chunk-72LYY77U.js:59
[ 7362743ms] [LOG] %c🚀 [Initializer] Starting application state initialization... color: purple; font-style: italic; @ http://localhost:4200/chunk-72LYY77U.js:59
[ 7362743ms] [LOG] %c🤷 [Initializer] No user session. Skipping customer state initialization. color: #9E9E9E; font-style: italic; @ http://localhost:4200/chunk-72LYY77U.js:59
[ 7362744ms] [LOG] %c✅ [Initializer] State initialization complete. color: green; font-style: italic; @ http://localhost:4200/chunk-72LYY77U.js:59
[ 7362856ms] [LOG] %c🔄 UpdateService: Inicializando servicio de actualizaciones color: blue; font-weight: bold; @ http://localhost:4200/chunk-WEIOKMZ7.js:10
[ 7362856ms] [LOG] %c🔄 UpdateService: ❌ Service Worker NO habilitado color: red; font-weight: bold; @ http://localhost:4200/chunk-WEIOKMZ7.js:22
[ 7362869ms] [LOG] %c🚀 [App] ¡Aplicación iniciada! Soy más ligero y rápido que nunca. color: #673AB7; font-style: italic; @ http://localhost:4200/chunk-72LYY77U.js:59
[ 7362905ms] [LOG] Angular is running in development mode. @ http://localhost:4200/@fs/D:/repos/luxuryapp-api/appsweb/angular/.angular/cache/22.1.8/luxury-app/vite/deps/core-gRj2gSiC.js?v=74c2038a:9175
[ 7363064ms] [LOG] %c🔐 [SecurityService] Servicio de seguridad inicializado. color: #3F51B5; font-style: italic; @ http://localhost:4200/chunk-72LYY77U.js:59
[ 7363104ms] [LOG] %c [Login] Iniciando.. color: #607D8B; font-style: italic; @ http://localhost:4200/chunk-72LYY77U.js:59
[ 7363104ms] [LOG] %c [Login] Usando / como redireccion por defecto. color: #607D8B; font-style: italic; @ http://localhost:4200/chunk-72LYY77U.js:59
[ 7363104ms] [LOG] %c [Login] URL final de redireccion: / color: #2196F3; font-style: italic; @ http://localhost:4200/chunk-72LYY77U.js:59
[ 7363105ms] [LOG] %c [Login] Usuario recuperado. color: #FF9800; font-style: italic; @ http://localhost:4200/chunk-72LYY77U.js:59
[ 7363105ms] [LOG] %c🚪 [SecurityService] Limpiando datos de autenticación... color: #F44336; font-style: italic; @ http://localhost:4200/chunk-72LYY77U.js:59
[ 7363105ms] [LOG] %c🗑️ [StorageService] Eliminando clave: 'userAuthData' color: #F44336; font-style: italic; @ http://localhost:4200/chunk-72LYY77U.js:59
[ 7363106ms] [LOG] %c✅ [StorageService] Clave 'userAuthData' eliminada. color: #9E9E9E; font-style: italic; @ http://localhost:4200/chunk-72LYY77U.js:59
[ 7363106ms] [LOG] %c🗑️ [StorageService] Eliminando clave: 'accessToken' color: #F44336; font-style: italic; @ http://localhost:4200/chunk-72LYY77U.js:59
[ 7363106ms] [LOG] %c✅ [StorageService] Clave 'accessToken' eliminada. color: #9E9E9E; font-style: italic; @ http://localhost:4200/chunk-72LYY77U.js:59
[ 7363106ms] [LOG] %c🧹 [SecurityService] Datos de sesión eliminados: userAuthData y accessToken. color: #9E9E9E; font-style: italic; @ http://localhost:4200/chunk-72LYY77U.js:59
[ 7363107ms] [LOG] %c [Login] Datos de sesion previa eliminados. color: #9E9E9E; font-style: italic; @ http://localhost:4200/chunk-72LYY77U.js:59
[ 7363107ms] [LOG] %c🚪 [SecurityService] Limpiando datos de autenticación... color: #F44336; font-style: italic; @ http://localhost:4200/chunk-72LYY77U.js:59
[ 7363108ms] [LOG] %c🗑️ [StorageService] Eliminando clave: 'userAuthData' color: #F44336; font-style: italic; @ http://localhost:4200/chunk-72LYY77U.js:59
[ 7363108ms] [LOG] %c✅ [StorageService] Clave 'userAuthData' eliminada. color: #9E9E9E; font-style: italic; @ http://localhost:4200/chunk-72LYY77U.js:59
[ 7363108ms] [LOG] %c🗑️ [StorageService] Eliminando clave: 'accessToken' color: #F44336; font-style: italic; @ http://localhost:4200/chunk-72LYY77U.js:59
[ 7363108ms] [LOG] %c✅ [StorageService] Clave 'accessToken' eliminada. color: #9E9E9E; font-style: italic; @ http://localhost:4200/chunk-72LYY77U.js:59
[ 7363108ms] [LOG] %c🧹 [SecurityService] Datos de sesión eliminados: userAuthData y accessToken. color: #9E9E9E; font-style: italic; @ http://localhost:4200/chunk-72LYY77U.js:59
[ 7363229ms] [WARNING] NG0913: An image with src http://localhost:4200/assets/oficial/Logo%20Files/png/Color%20logo%20-%20no%20background.png has intrinsic file dimensions much larger than its rendered size. This can negatively impact application loading performance. For more information about addressing or disabling this warning, see https://v22.angular.dev/errors/NG0913. Find more at https://v22.angular.dev/errors/NG0913 @ http://localhost:4200/@fs/D:/repos/luxuryapp-api/appsweb/angular/.angular/cache/22.1.8/luxury-app/vite/deps/core-gRj2gSiC.js?v=74c2038a:17980
[ 7363229ms] [WARNING] NG0913: An image with src http://localhost:4200/assets/oficial/Logo%20Files/png/Color%20logo%20-%20no%20background.png has intrinsic file dimensions much larger than its rendered size. This can negatively impact application loading performance. For more information about addressing or disabling this warning, see https://v22.angular.dev/errors/NG0913. Find more at https://v22.angular.dev/errors/NG0913 @ http://localhost:4200/@fs/D:/repos/luxuryapp-api/appsweb/angular/.angular/cache/22.1.8/luxury-app/vite/deps/core-gRj2gSiC.js?v=74c2038a:17980
[ 7363230ms] [WARNING] NG0913: An image with src http://localhost:4200/assets/oficial/Logo%20Files/png/White%20logo%20-%20no%20background.png has intrinsic file dimensions much larger than its rendered size. This can negatively impact application loading performance. For more information about addressing or disabling this warning, see https://v22.angular.dev/errors/NG0913. Find more at https://v22.angular.dev/errors/NG0913 @ http://localhost:4200/@fs/D:/repos/luxuryapp-api/appsweb/angular/.angular/cache/22.1.8/luxury-app/vite/deps/core-gRj2gSiC.js?v=74c2038a:17980
[ 7363236ms] [VERBOSE] [DOM] Input elements should have autocomplete attributes (suggested: "current-password"): (More info: https://goo.gl/9p2vKq) @ http://localhost:4200/auth/login:0
[ 7370618ms] [LOG] %c📦 [StorageService] Inicializando servicio de almacenamiento local... color: #3F51B5; font-style: italic; @ http://localhost:4200/chunk-72LYY77U.js:59
[ 7370620ms] [LOG] %c [AuthService] Verificando ruta inicial: /auth/login | Es publica: true color: #9C27B0; font-style: italic; @ http://localhost:4200/chunk-72LYY77U.js:59
[ 7370620ms] [LOG] %c [AuthService] Ruta publica detectada. Omitiendo login silencioso. color: #FFC107; font-style: italic; @ http://localhost:4200/chunk-72LYY77U.js:59
[ 7370620ms] [LOG] %c🚀 [Initializer] Starting application state initialization... color: purple; font-style: italic; @ http://localhost:4200/chunk-72LYY77U.js:59
[ 7370621ms] [LOG] %c🤷 [Initializer] No user session. Skipping customer state initialization. color: #9E9E9E; font-style: italic; @ http://localhost:4200/chunk-72LYY77U.js:59
[ 7370622ms] [LOG] %c✅ [Initializer] State initialization complete. color: green; font-style: italic; @ http://localhost:4200/chunk-72LYY77U.js:59
[ 7370706ms] [LOG] %c🔄 UpdateService: Inicializando servicio de actualizaciones color: blue; font-weight: bold; @ http://localhost:4200/chunk-WEIOKMZ7.js:10
[ 7370706ms] [LOG] %c🔄 UpdateService: ❌ Service Worker NO habilitado color: red; font-weight: bold; @ http://localhost:4200/chunk-WEIOKMZ7.js:22
[ 7370719ms] [LOG] %c🚀 [App] ¡Aplicación iniciada! Soy más ligero y rápido que nunca. color: #673AB7; font-style: italic; @ http://localhost:4200/chunk-72LYY77U.js:59
[ 7370745ms] [LOG] Angular is running in development mode. @ http://localhost:4200/@fs/D:/repos/luxuryapp-api/appsweb/angular/.angular/cache/22.1.8/luxury-app/vite/deps/core-gRj2gSiC.js?v=74c2038a:9175
[ 7370873ms] [LOG] %c🔐 [SecurityService] Servicio de seguridad inicializado. color: #3F51B5; font-style: italic; @ http://localhost:4200/chunk-72LYY77U.js:59
[ 7370904ms] [LOG] %c [Login] Iniciando.. color: #607D8B; font-style: italic; @ http://localhost:4200/chunk-72LYY77U.js:59
[ 7370905ms] [LOG] %c [Login] Usando / como redireccion por defecto. color: #607D8B; font-style: italic; @ http://localhost:4200/chunk-72LYY77U.js:59
[ 7370905ms] [LOG] %c [Login] URL final de redireccion: / color: #2196F3; font-style: italic; @ http://localhost:4200/chunk-72LYY77U.js:59
[ 7370906ms] [LOG] %c [Login] Usuario recuperado. color: #FF9800; font-style: italic; @ http://localhost:4200/chunk-72LYY77U.js:59
[ 7370906ms] [LOG] %c🚪 [SecurityService] Limpiando datos de autenticación... color: #F44336; font-style: italic; @ http://localhost:4200/chunk-72LYY77U.js:59
[ 7370907ms] [LOG] %c🗑️ [StorageService] Eliminando clave: 'userAuthData' color: #F44336; font-style: italic; @ http://localhost:4200/chunk-72LYY77U.js:59
[ 7370907ms] [LOG] %c✅ [StorageService] Clave 'userAuthData' eliminada. color: #9E9E9E; font-style: italic; @ http://localhost:4200/chunk-72LYY77U.js:59
[ 7370907ms] [LOG] %c🗑️ [StorageService] Eliminando clave: 'accessToken' color: #F44336; font-style: italic; @ http://localhost:4200/chunk-72LYY77U.js:59
[ 7370907ms] [LOG] %c✅ [StorageService] Clave 'accessToken' eliminada. color: #9E9E9E; font-style: italic; @ http://localhost:4200/chunk-72LYY77U.js:59
[ 7370908ms] [LOG] %c🧹 [SecurityService] Datos de sesión eliminados: userAuthData y accessToken. color: #9E9E9E; font-style: italic; @ http://localhost:4200/chunk-72LYY77U.js:59
[ 7370908ms] [LOG] %c [Login] Datos de sesion previa eliminados. color: #9E9E9E; font-style: italic; @ http://localhost:4200/chunk-72LYY77U.js:59
[ 7370909ms] [LOG] %c🚪 [SecurityService] Limpiando datos de autenticación... color: #F44336; font-style: italic; @ http://localhost:4200/chunk-72LYY77U.js:59
[ 7370909ms] [LOG] %c🗑️ [StorageService] Eliminando clave: 'userAuthData' color: #F44336; font-style: italic; @ http://localhost:4200/chunk-72LYY77U.js:59
[ 7370910ms] [LOG] %c✅ [StorageService] Clave 'userAuthData' eliminada. color: #9E9E9E; font-style: italic; @ http://localhost:4200/chunk-72LYY77U.js:59
[ 7370910ms] [LOG] %c🗑️ [StorageService] Eliminando clave: 'accessToken' color: #F44336; font-style: italic; @ http://localhost:4200/chunk-72LYY77U.js:59
[ 7370910ms] [LOG] %c✅ [StorageService] Clave 'accessToken' eliminada. color: #9E9E9E; font-style: italic; @ http://localhost:4200/chunk-72LYY77U.js:59
[ 7370910ms] [LOG] %c🧹 [SecurityService] Datos de sesión eliminados: userAuthData y accessToken. color: #9E9E9E; font-style: italic; @ http://localhost:4200/chunk-72LYY77U.js:59
[ 7371010ms] [WARNING] NG0913: An image with src http://localhost:4200/assets/oficial/Logo%20Files/png/Color%20logo%20-%20no%20background.png has intrinsic file dimensions much larger than its rendered size. This can negatively impact application loading performance. For more information about addressing or disabling this warning, see https://v22.angular.dev/errors/NG0913. Find more at https://v22.angular.dev/errors/NG0913 @ http://localhost:4200/@fs/D:/repos/luxuryapp-api/appsweb/angular/.angular/cache/22.1.8/luxury-app/vite/deps/core-gRj2gSiC.js?v=74c2038a:17980
[ 7371010ms] [WARNING] NG0913: An image with src http://localhost:4200/assets/oficial/Logo%20Files/png/Color%20logo%20-%20no%20background.png has intrinsic file dimensions much larger than its rendered size. This can negatively impact application loading performance. For more information about addressing or disabling this warning, see https://v22.angular.dev/errors/NG0913. Find more at https://v22.angular.dev/errors/NG0913 @ http://localhost:4200/@fs/D:/repos/luxuryapp-api/appsweb/angular/.angular/cache/22.1.8/luxury-app/vite/deps/core-gRj2gSiC.js?v=74c2038a:17980
[ 7371011ms] [WARNING] NG0913: An image with src http://localhost:4200/assets/oficial/Logo%20Files/png/White%20logo%20-%20no%20background.png has intrinsic file dimensions much larger than its rendered size. This can negatively impact application loading performance. For more information about addressing or disabling this warning, see https://v22.angular.dev/errors/NG0913. Find more at https://v22.angular.dev/errors/NG0913 @ http://localhost:4200/@fs/D:/repos/luxuryapp-api/appsweb/angular/.angular/cache/22.1.8/luxury-app/vite/deps/core-gRj2gSiC.js?v=74c2038a:17980
[ 7371016ms] [VERBOSE] [DOM] Input elements should have autocomplete attributes (suggested: "current-password"): (More info: https://goo.gl/9p2vKq) @ http://localhost:4200/auth/login:0
[ 7378636ms] [LOG] %c📦 [StorageService] Inicializando servicio de almacenamiento local... color: #3F51B5; font-style: italic; @ http://localhost:4200/chunk-72LYY77U.js:59
[ 7378638ms] [LOG] %c [AuthService] Verificando ruta inicial: /auth/login | Es publica: true color: #9C27B0; font-style: italic; @ http://localhost:4200/chunk-72LYY77U.js:59
[ 7378638ms] [LOG] %c [AuthService] Ruta publica detectada. Omitiendo login silencioso. color: #FFC107; font-style: italic; @ http://localhost:4200/chunk-72LYY77U.js:59
[ 7378638ms] [LOG] %c🚀 [Initializer] Starting application state initialization... color: purple; font-style: italic; @ http://localhost:4200/chunk-72LYY77U.js:59
[ 7378639ms] [LOG] %c🤷 [Initializer] No user session. Skipping customer state initialization. color: #9E9E9E; font-style: italic; @ http://localhost:4200/chunk-72LYY77U.js:59
[ 7378640ms] [LOG] %c✅ [Initializer] State initialization complete. color: green; font-style: italic; @ http://localhost:4200/chunk-72LYY77U.js:59
[ 7378743ms] [LOG] %c🔄 UpdateService: Inicializando servicio de actualizaciones color: blue; font-weight: bold; @ http://localhost:4200/chunk-WEIOKMZ7.js:10
[ 7378743ms] [LOG] %c🔄 UpdateService: ❌ Service Worker NO habilitado color: red; font-weight: bold; @ http://localhost:4200/chunk-WEIOKMZ7.js:22
[ 7378756ms] [LOG] %c🚀 [App] ¡Aplicación iniciada! Soy más ligero y rápido que nunca. color: #673AB7; font-style: italic; @ http://localhost:4200/chunk-72LYY77U.js:59
[ 7378782ms] [LOG] Angular is running in development mode. @ http://localhost:4200/@fs/D:/repos/luxuryapp-api/appsweb/angular/.angular/cache/22.1.8/luxury-app/vite/deps/core-gRj2gSiC.js?v=74c2038a:9175
[ 7378912ms] [LOG] %c🔐 [SecurityService] Servicio de seguridad inicializado. color: #3F51B5; font-style: italic; @ http://localhost:4200/chunk-72LYY77U.js:59
[ 7378947ms] [LOG] %c [Login] Iniciando.. color: #607D8B; font-style: italic; @ http://localhost:4200/chunk-72LYY77U.js:59
[ 7378947ms] [LOG] %c [Login] Usando / como redireccion por defecto. color: #607D8B; font-style: italic; @ http://localhost:4200/chunk-72LYY77U.js:59
[ 7378948ms] [LOG] %c [Login] URL final de redireccion: / color: #2196F3; font-style: italic; @ http://localhost:4200/chunk-72LYY77U.js:59
[ 7378948ms] [LOG] %c [Login] Usuario recuperado. color: #FF9800; font-style: italic; @ http://localhost:4200/chunk-72LYY77U.js:59
[ 7378949ms] [LOG] %c🚪 [SecurityService] Limpiando datos de autenticación... color: #F44336; font-style: italic; @ http://localhost:4200/chunk-72LYY77U.js:59
[ 7378949ms] [LOG] %c🗑️ [StorageService] Eliminando clave: 'userAuthData' color: #F44336; font-style: italic; @ http://localhost:4200/chunk-72LYY77U.js:59
[ 7378950ms] [LOG] %c✅ [StorageService] Clave 'userAuthData' eliminada. color: #9E9E9E; font-style: italic; @ http://localhost:4200/chunk-72LYY77U.js:59
[ 7378950ms] [LOG] %c🗑️ [StorageService] Eliminando clave: 'accessToken' color: #F44336; font-style: italic; @ http://localhost:4200/chunk-72LYY77U.js:59
[ 7378950ms] [LOG] %c✅ [StorageService] Clave 'accessToken' eliminada. color: #9E9E9E; font-style: italic; @ http://localhost:4200/chunk-72LYY77U.js:59
[ 7378950ms] [LOG] %c🧹 [SecurityService] Datos de sesión eliminados: userAuthData y accessToken. color: #9E9E9E; font-style: italic; @ http://localhost:4200/chunk-72LYY77U.js:59
[ 7378951ms] [LOG] %c [Login] Datos de sesion previa eliminados. color: #9E9E9E; font-style: italic; @ http://localhost:4200/chunk-72LYY77U.js:59
[ 7378952ms] [LOG] %c🚪 [SecurityService] Limpiando datos de autenticación... color: #F44336; font-style: italic; @ http://localhost:4200/chunk-72LYY77U.js:59
[ 7378952ms] [LOG] %c🗑️ [StorageService] Eliminando clave: 'userAuthData' color: #F44336; font-style: italic; @ http://localhost:4200/chunk-72LYY77U.js:59
[ 7378953ms] [LOG] %c✅ [StorageService] Clave 'userAuthData' eliminada. color: #9E9E9E; font-style: italic; @ http://localhost:4200/chunk-72LYY77U.js:59
[ 7378954ms] [LOG] %c🗑️ [StorageService] Eliminando clave: 'accessToken' color: #F44336; font-style: italic; @ http://localhost:4200/chunk-72LYY77U.js:59
[ 7378954ms] [LOG] %c✅ [StorageService] Clave 'accessToken' eliminada. color: #9E9E9E; font-style: italic; @ http://localhost:4200/chunk-72LYY77U.js:59
[ 7378955ms] [LOG] %c🧹 [SecurityService] Datos de sesión eliminados: userAuthData y accessToken. color: #9E9E9E; font-style: italic; @ http://localhost:4200/chunk-72LYY77U.js:59
[ 7379047ms] [WARNING] NG0913: An image with src http://localhost:4200/assets/oficial/Logo%20Files/png/Color%20logo%20-%20no%20background.png has intrinsic file dimensions much larger than its rendered size. This can negatively impact application loading performance. For more information about addressing or disabling this warning, see https://v22.angular.dev/errors/NG0913. Find more at https://v22.angular.dev/errors/NG0913 @ http://localhost:4200/@fs/D:/repos/luxuryapp-api/appsweb/angular/.angular/cache/22.1.8/luxury-app/vite/deps/core-gRj2gSiC.js?v=74c2038a:17980
[ 7379048ms] [WARNING] NG0913: An image with src http://localhost:4200/assets/oficial/Logo%20Files/png/Color%20logo%20-%20no%20background.png has intrinsic file dimensions much larger than its rendered size. This can negatively impact application loading performance. For more information about addressing or disabling this warning, see https://v22.angular.dev/errors/NG0913. Find more at https://v22.angular.dev/errors/NG0913 @ http://localhost:4200/@fs/D:/repos/luxuryapp-api/appsweb/angular/.angular/cache/22.1.8/luxury-app/vite/deps/core-gRj2gSiC.js?v=74c2038a:17980
[ 7379049ms] [WARNING] NG0913: An image with src http://localhost:4200/assets/oficial/Logo%20Files/png/White%20logo%20-%20no%20background.png has intrinsic file dimensions much larger than its rendered size. This can negatively impact application loading performance. For more information about addressing or disabling this warning, see https://v22.angular.dev/errors/NG0913. Find more at https://v22.angular.dev/errors/NG0913 @ http://localhost:4200/@fs/D:/repos/luxuryapp-api/appsweb/angular/.angular/cache/22.1.8/luxury-app/vite/deps/core-gRj2gSiC.js?v=74c2038a:17980
[ 7379071ms] [VERBOSE] [DOM] Input elements should have autocomplete attributes (suggested: "current-password"): (More info: https://goo.gl/9p2vKq) @ http://localhost:4200/auth/login:0
[ 7732360ms] [LOG] %c📦 [StorageService] Inicializando servicio de almacenamiento local... color: #3F51B5; font-style: italic; @ http://localhost:4200/chunk-72LYY77U.js:59
[ 7732361ms] [LOG] %c [AuthService] Verificando ruta inicial: /auth/login | Es publica: true color: #9C27B0; font-style: italic; @ http://localhost:4200/chunk-72LYY77U.js:59
[ 7732362ms] [LOG] %c [AuthService] Ruta publica detectada. Omitiendo login silencioso. color: #FFC107; font-style: italic; @ http://localhost:4200/chunk-72LYY77U.js:59
[ 7732362ms] [LOG] %c🚀 [Initializer] Starting application state initialization... color: purple; font-style: italic; @ http://localhost:4200/chunk-72LYY77U.js:59
[ 7732363ms] [LOG] %c🤷 [Initializer] No user session. Skipping customer state initialization. color: #9E9E9E; font-style: italic; @ http://localhost:4200/chunk-72LYY77U.js:59
[ 7732363ms] [LOG] %c✅ [Initializer] State initialization complete. color: green; font-style: italic; @ http://localhost:4200/chunk-72LYY77U.js:59
[ 7732475ms] [LOG] %c🔄 UpdateService: Inicializando servicio de actualizaciones color: blue; font-weight: bold; @ http://localhost:4200/chunk-WEIOKMZ7.js:10
[ 7732476ms] [LOG] %c🔄 UpdateService: ❌ Service Worker NO habilitado color: red; font-weight: bold; @ http://localhost:4200/chunk-WEIOKMZ7.js:22
[ 7732489ms] [LOG] %c🚀 [App] ¡Aplicación iniciada! Soy más ligero y rápido que nunca. color: #673AB7; font-style: italic; @ http://localhost:4200/chunk-72LYY77U.js:59
[ 7732514ms] [LOG] Angular is running in development mode. @ http://localhost:4200/@fs/D:/repos/luxuryapp-api/appsweb/angular/.angular/cache/22.1.8/luxury-app/vite/deps/core-gRj2gSiC.js?v=74c2038a:9175
[ 7732642ms] [LOG] %c🔐 [SecurityService] Servicio de seguridad inicializado. color: #3F51B5; font-style: italic; @ http://localhost:4200/chunk-72LYY77U.js:59
[ 7732677ms] [LOG] %c [Login] Iniciando.. color: #607D8B; font-style: italic; @ http://localhost:4200/chunk-72LYY77U.js:59
[ 7732677ms] [LOG] %c [Login] Usando / como redireccion por defecto. color: #607D8B; font-style: italic; @ http://localhost:4200/chunk-72LYY77U.js:59
[ 7732678ms] [LOG] %c [Login] URL final de redireccion: / color: #2196F3; font-style: italic; @ http://localhost:4200/chunk-72LYY77U.js:59
[ 7732678ms] [LOG] %c [Login] Usuario recuperado. color: #FF9800; font-style: italic; @ http://localhost:4200/chunk-72LYY77U.js:59
[ 7732679ms] [LOG] %c🚪 [SecurityService] Limpiando datos de autenticación... color: #F44336; font-style: italic; @ http://localhost:4200/chunk-72LYY77U.js:59
[ 7732679ms] [LOG] %c🗑️ [StorageService] Eliminando clave: 'userAuthData' color: #F44336; font-style: italic; @ http://localhost:4200/chunk-72LYY77U.js:59
[ 7732679ms] [LOG] %c✅ [StorageService] Clave 'userAuthData' eliminada. color: #9E9E9E; font-style: italic; @ http://localhost:4200/chunk-72LYY77U.js:59
[ 7732679ms] [LOG] %c🗑️ [StorageService] Eliminando clave: 'accessToken' color: #F44336; font-style: italic; @ http://localhost:4200/chunk-72LYY77U.js:59
[ 7732680ms] [LOG] %c✅ [StorageService] Clave 'accessToken' eliminada. color: #9E9E9E; font-style: italic; @ http://localhost:4200/chunk-72LYY77U.js:59
[ 7732680ms] [LOG] %c🧹 [SecurityService] Datos de sesión eliminados: userAuthData y accessToken. color: #9E9E9E; font-style: italic; @ http://localhost:4200/chunk-72LYY77U.js:59
[ 7732680ms] [LOG] %c [Login] Datos de sesion previa eliminados. color: #9E9E9E; font-style: italic; @ http://localhost:4200/chunk-72LYY77U.js:59
[ 7732681ms] [LOG] %c🚪 [SecurityService] Limpiando datos de autenticación... color: #F44336; font-style: italic; @ http://localhost:4200/chunk-72LYY77U.js:59
[ 7732681ms] [LOG] %c🗑️ [StorageService] Eliminando clave: 'userAuthData' color: #F44336; font-style: italic; @ http://localhost:4200/chunk-72LYY77U.js:59
[ 7732681ms] [LOG] %c✅ [StorageService] Clave 'userAuthData' eliminada. color: #9E9E9E; font-style: italic; @ http://localhost:4200/chunk-72LYY77U.js:59
[ 7732682ms] [LOG] %c🗑️ [StorageService] Eliminando clave: 'accessToken' color: #F44336; font-style: italic; @ http://localhost:4200/chunk-72LYY77U.js:59
[ 7732682ms] [LOG] %c✅ [StorageService] Clave 'accessToken' eliminada. color: #9E9E9E; font-style: italic; @ http://localhost:4200/chunk-72LYY77U.js:59
[ 7732682ms] [LOG] %c🧹 [SecurityService] Datos de sesión eliminados: userAuthData y accessToken. color: #9E9E9E; font-style: italic; @ http://localhost:4200/chunk-72LYY77U.js:59
[ 7732773ms] [WARNING] NG0913: An image with src http://localhost:4200/assets/oficial/Logo%20Files/png/Color%20logo%20-%20no%20background.png has intrinsic file dimensions much larger than its rendered size. This can negatively impact application loading performance. For more information about addressing or disabling this warning, see https://v22.angular.dev/errors/NG0913. Find more at https://v22.angular.dev/errors/NG0913 @ http://localhost:4200/@fs/D:/repos/luxuryapp-api/appsweb/angular/.angular/cache/22.1.8/luxury-app/vite/deps/core-gRj2gSiC.js?v=74c2038a:17980
[ 7732773ms] [WARNING] NG0913: An image with src http://localhost:4200/assets/oficial/Logo%20Files/png/Color%20logo%20-%20no%20background.png has intrinsic file dimensions much larger than its rendered size. This can negatively impact application loading performance. For more information about addressing or disabling this warning, see https://v22.angular.dev/errors/NG0913. Find more at https://v22.angular.dev/errors/NG0913 @ http://localhost:4200/@fs/D:/repos/luxuryapp-api/appsweb/angular/.angular/cache/22.1.8/luxury-app/vite/deps/core-gRj2gSiC.js?v=74c2038a:17980
[ 7732774ms] [WARNING] NG0913: An image with src http://localhost:4200/assets/oficial/Logo%20Files/png/White%20logo%20-%20no%20background.png has intrinsic file dimensions much larger than its rendered size. This can negatively impact application loading performance. For more information about addressing or disabling this warning, see https://v22.angular.dev/errors/NG0913. Find more at https://v22.angular.dev/errors/NG0913 @ http://localhost:4200/@fs/D:/repos/luxuryapp-api/appsweb/angular/.angular/cache/22.1.8/luxury-app/vite/deps/core-gRj2gSiC.js?v=74c2038a:17980
[ 7732780ms] [VERBOSE] [DOM] Input elements should have autocomplete attributes (suggested: "current-password"): (More info: https://goo.gl/9p2vKq) @ http://localhost:4200/auth/login:0
[ 7754378ms] [LOG] %c📦 [StorageService] Inicializando servicio de almacenamiento local... color: #3F51B5; font-style: italic; @ http://localhost:4200/chunk-72LYY77U.js:59
[ 7754379ms] [LOG] %c [AuthService] Verificando ruta inicial: /auth/login | Es publica: true color: #9C27B0; font-style: italic; @ http://localhost:4200/chunk-72LYY77U.js:59
[ 7754379ms] [LOG] %c [AuthService] Ruta publica detectada. Omitiendo login silencioso. color: #FFC107; font-style: italic; @ http://localhost:4200/chunk-72LYY77U.js:59
[ 7754379ms] [LOG] %c🚀 [Initializer] Starting application state initialization... color: purple; font-style: italic; @ http://localhost:4200/chunk-72LYY77U.js:59
[ 7754380ms] [LOG] %c🤷 [Initializer] No user session. Skipping customer state initialization. color: #9E9E9E; font-style: italic; @ http://localhost:4200/chunk-72LYY77U.js:59
[ 7754380ms] [LOG] %c✅ [Initializer] State initialization complete. color: green; font-style: italic; @ http://localhost:4200/chunk-72LYY77U.js:59
[ 7754446ms] [LOG] %c🔄 UpdateService: Inicializando servicio de actualizaciones color: blue; font-weight: bold; @ http://localhost:4200/chunk-WEIOKMZ7.js:10
[ 7754446ms] [LOG] %c🔄 UpdateService: ❌ Service Worker NO habilitado color: red; font-weight: bold; @ http://localhost:4200/chunk-WEIOKMZ7.js:22
[ 7754457ms] [LOG] %c🚀 [App] ¡Aplicación iniciada! Soy más ligero y rápido que nunca. color: #673AB7; font-style: italic; @ http://localhost:4200/chunk-72LYY77U.js:59
[ 7754478ms] [LOG] Angular is running in development mode. @ http://localhost:4200/@fs/D:/repos/luxuryapp-api/appsweb/angular/.angular/cache/22.1.8/luxury-app/vite/deps/core-gRj2gSiC.js?v=74c2038a:9175
[ 7754575ms] [LOG] %c🔐 [SecurityService] Servicio de seguridad inicializado. color: #3F51B5; font-style: italic; @ http://localhost:4200/chunk-72LYY77U.js:59
[ 7754606ms] [LOG] %c [Login] Iniciando.. color: #607D8B; font-style: italic; @ http://localhost:4200/chunk-72LYY77U.js:59
[ 7754606ms] [LOG] %c [Login] Usando / como redireccion por defecto. color: #607D8B; font-style: italic; @ http://localhost:4200/chunk-72LYY77U.js:59
[ 7754606ms] [LOG] %c [Login] URL final de redireccion: / color: #2196F3; font-style: italic; @ http://localhost:4200/chunk-72LYY77U.js:59
[ 7754607ms] [LOG] %c [Login] Usuario recuperado. color: #FF9800; font-style: italic; @ http://localhost:4200/chunk-72LYY77U.js:59
[ 7754607ms] [LOG] %c🚪 [SecurityService] Limpiando datos de autenticación... color: #F44336; font-style: italic; @ http://localhost:4200/chunk-72LYY77U.js:59
[ 7754607ms] [LOG] %c🗑️ [StorageService] Eliminando clave: 'userAuthData' color: #F44336; font-style: italic; @ http://localhost:4200/chunk-72LYY77U.js:59
[ 7754608ms] [LOG] %c✅ [StorageService] Clave 'userAuthData' eliminada. color: #9E9E9E; font-style: italic; @ http://localhost:4200/chunk-72LYY77U.js:59
[ 7754608ms] [LOG] %c🗑️ [StorageService] Eliminando clave: 'accessToken' color: #F44336; font-style: italic; @ http://localhost:4200/chunk-72LYY77U.js:59
[ 7754608ms] [LOG] %c✅ [StorageService] Clave 'accessToken' eliminada. color: #9E9E9E; font-style: italic; @ http://localhost:4200/chunk-72LYY77U.js:59
[ 7754608ms] [LOG] %c🧹 [SecurityService] Datos de sesión eliminados: userAuthData y accessToken. color: #9E9E9E; font-style: italic; @ http://localhost:4200/chunk-72LYY77U.js:59
[ 7754608ms] [LOG] %c [Login] Datos de sesion previa eliminados. color: #9E9E9E; font-style: italic; @ http://localhost:4200/chunk-72LYY77U.js:59
[ 7754609ms] [LOG] %c🚪 [SecurityService] Limpiando datos de autenticación... color: #F44336; font-style: italic; @ http://localhost:4200/chunk-72LYY77U.js:59
[ 7754609ms] [LOG] %c🗑️ [StorageService] Eliminando clave: 'userAuthData' color: #F44336; font-style: italic; @ http://localhost:4200/chunk-72LYY77U.js:59
[ 7754609ms] [LOG] %c✅ [StorageService] Clave 'userAuthData' eliminada. color: #9E9E9E; font-style: italic; @ http://localhost:4200/chunk-72LYY77U.js:59
[ 7754610ms] [LOG] %c🗑️ [StorageService] Eliminando clave: 'accessToken' color: #F44336; font-style: italic; @ http://localhost:4200/chunk-72LYY77U.js:59
[ 7754610ms] [LOG] %c✅ [StorageService] Clave 'accessToken' eliminada. color: #9E9E9E; font-style: italic; @ http://localhost:4200/chunk-72LYY77U.js:59
[ 7754610ms] [LOG] %c🧹 [SecurityService] Datos de sesión eliminados: userAuthData y accessToken. color: #9E9E9E; font-style: italic; @ http://localhost:4200/chunk-72LYY77U.js:59
[ 7754679ms] [WARNING] NG0913: An image with src http://localhost:4200/assets/oficial/Logo%20Files/png/Color%20logo%20-%20no%20background.png has intrinsic file dimensions much larger than its rendered size. This can negatively impact application loading performance. For more information about addressing or disabling this warning, see https://v22.angular.dev/errors/NG0913. Find more at https://v22.angular.dev/errors/NG0913 @ http://localhost:4200/@fs/D:/repos/luxuryapp-api/appsweb/angular/.angular/cache/22.1.8/luxury-app/vite/deps/core-gRj2gSiC.js?v=74c2038a:17980
[ 7754679ms] [WARNING] NG0913: An image with src http://localhost:4200/assets/oficial/Logo%20Files/png/Color%20logo%20-%20no%20background.png has intrinsic file dimensions much larger than its rendered size. This can negatively impact application loading performance. For more information about addressing or disabling this warning, see https://v22.angular.dev/errors/NG0913. Find more at https://v22.angular.dev/errors/NG0913 @ http://localhost:4200/@fs/D:/repos/luxuryapp-api/appsweb/angular/.angular/cache/22.1.8/luxury-app/vite/deps/core-gRj2gSiC.js?v=74c2038a:17980
[ 7754680ms] [WARNING] NG0913: An image with src http://localhost:4200/assets/oficial/Logo%20Files/png/White%20logo%20-%20no%20background.png has intrinsic file dimensions much larger than its rendered size. This can negatively impact application loading performance. For more information about addressing or disabling this warning, see https://v22.angular.dev/errors/NG0913. Find more at https://v22.angular.dev/errors/NG0913 @ http://localhost:4200/@fs/D:/repos/luxuryapp-api/appsweb/angular/.angular/cache/22.1.8/luxury-app/vite/deps/core-gRj2gSiC.js?v=74c2038a:17980
[ 7754701ms] [VERBOSE] [DOM] Input elements should have autocomplete attributes (suggested: "current-password"): (More info: https://goo.gl/9p2vKq) @ http://localhost:4200/auth/login:0
[ 7768183ms] [LOG] %c📦 [StorageService] Inicializando servicio de almacenamiento local... color: #3F51B5; font-style: italic; @ http://localhost:4200/chunk-72LYY77U.js:59
[ 7768185ms] [LOG] %c [AuthService] Verificando ruta inicial: /auth/login | Es publica: true color: #9C27B0; font-style: italic; @ http://localhost:4200/chunk-72LYY77U.js:59
[ 7768185ms] [LOG] %c [AuthService] Ruta publica detectada. Omitiendo login silencioso. color: #FFC107; font-style: italic; @ http://localhost:4200/chunk-72LYY77U.js:59
[ 7768186ms] [LOG] %c🚀 [Initializer] Starting application state initialization... color: purple; font-style: italic; @ http://localhost:4200/chunk-72LYY77U.js:59
[ 7768187ms] [LOG] %c🤷 [Initializer] No user session. Skipping customer state initialization. color: #9E9E9E; font-style: italic; @ http://localhost:4200/chunk-72LYY77U.js:59
[ 7768187ms] [LOG] %c✅ [Initializer] State initialization complete. color: green; font-style: italic; @ http://localhost:4200/chunk-72LYY77U.js:59
[ 7768291ms] [LOG] %c🔄 UpdateService: Inicializando servicio de actualizaciones color: blue; font-weight: bold; @ http://localhost:4200/chunk-WEIOKMZ7.js:10
[ 7768291ms] [LOG] %c🔄 UpdateService: ❌ Service Worker NO habilitado color: red; font-weight: bold; @ http://localhost:4200/chunk-WEIOKMZ7.js:22
[ 7768310ms] [LOG] %c🚀 [App] ¡Aplicación iniciada! Soy más ligero y rápido que nunca. color: #673AB7; font-style: italic; @ http://localhost:4200/chunk-72LYY77U.js:59
[ 7768348ms] [LOG] Angular is running in development mode. @ http://localhost:4200/@fs/D:/repos/luxuryapp-api/appsweb/angular/.angular/cache/22.1.8/luxury-app/vite/deps/core-gRj2gSiC.js?v=74c2038a:9175
[ 7768613ms] [LOG] %c🔐 [SecurityService] Servicio de seguridad inicializado. color: #3F51B5; font-style: italic; @ http://localhost:4200/chunk-72LYY77U.js:59
[ 7768650ms] [LOG] %c [Login] Iniciando.. color: #607D8B; font-style: italic; @ http://localhost:4200/chunk-72LYY77U.js:59
[ 7768650ms] [LOG] %c [Login] Usando / como redireccion por defecto. color: #607D8B; font-style: italic; @ http://localhost:4200/chunk-72LYY77U.js:59
[ 7768650ms] [LOG] %c [Login] URL final de redireccion: / color: #2196F3; font-style: italic; @ http://localhost:4200/chunk-72LYY77U.js:59
[ 7768651ms] [LOG] %c [Login] Usuario recuperado. color: #FF9800; font-style: italic; @ http://localhost:4200/chunk-72LYY77U.js:59
[ 7768652ms] [LOG] %c🚪 [SecurityService] Limpiando datos de autenticación... color: #F44336; font-style: italic; @ http://localhost:4200/chunk-72LYY77U.js:59
[ 7768652ms] [LOG] %c🗑️ [StorageService] Eliminando clave: 'userAuthData' color: #F44336; font-style: italic; @ http://localhost:4200/chunk-72LYY77U.js:59
[ 7768653ms] [LOG] %c✅ [StorageService] Clave 'userAuthData' eliminada. color: #9E9E9E; font-style: italic; @ http://localhost:4200/chunk-72LYY77U.js:59
[ 7768653ms] [LOG] %c🗑️ [StorageService] Eliminando clave: 'accessToken' color: #F44336; font-style: italic; @ http://localhost:4200/chunk-72LYY77U.js:59
[ 7768654ms] [LOG] %c✅ [StorageService] Clave 'accessToken' eliminada. color: #9E9E9E; font-style: italic; @ http://localhost:4200/chunk-72LYY77U.js:59
[ 7768655ms] [LOG] %c🧹 [SecurityService] Datos de sesión eliminados: userAuthData y accessToken. color: #9E9E9E; font-style: italic; @ http://localhost:4200/chunk-72LYY77U.js:59
[ 7768656ms] [LOG] %c [Login] Datos de sesion previa eliminados. color: #9E9E9E; font-style: italic; @ http://localhost:4200/chunk-72LYY77U.js:59
[ 7768657ms] [LOG] %c🚪 [SecurityService] Limpiando datos de autenticación... color: #F44336; font-style: italic; @ http://localhost:4200/chunk-72LYY77U.js:59
[ 7768658ms] [LOG] %c🗑️ [StorageService] Eliminando clave: 'userAuthData' color: #F44336; font-style: italic; @ http://localhost:4200/chunk-72LYY77U.js:59
[ 7768659ms] [LOG] %c✅ [StorageService] Clave 'userAuthData' eliminada. color: #9E9E9E; font-style: italic; @ http://localhost:4200/chunk-72LYY77U.js:59
[ 7768660ms] [LOG] %c🗑️ [StorageService] Eliminando clave: 'accessToken' color: #F44336; font-style: italic; @ http://localhost:4200/chunk-72LYY77U.js:59
[ 7768660ms] [LOG] %c✅ [StorageService] Clave 'accessToken' eliminada. color: #9E9E9E; font-style: italic; @ http://localhost:4200/chunk-72LYY77U.js:59
[ 7768661ms] [LOG] %c🧹 [SecurityService] Datos de sesión eliminados: userAuthData y accessToken. color: #9E9E9E; font-style: italic; @ http://localhost:4200/chunk-72LYY77U.js:59
[ 7768779ms] [VERBOSE] [DOM] Input elements should have autocomplete attributes (suggested: "current-password"): (More info: https://goo.gl/9p2vKq) @ http://localhost:4200/auth/login:0
[ 7780822ms] [LOG] %c📦 [StorageService] Inicializando servicio de almacenamiento local... color: #3F51B5; font-style: italic; @ http://localhost:4200/chunk-72LYY77U.js:59
[ 7780823ms] [LOG] %c [AuthService] Verificando ruta inicial: /auth/login | Es publica: true color: #9C27B0; font-style: italic; @ http://localhost:4200/chunk-72LYY77U.js:59
[ 7780824ms] [LOG] %c [AuthService] Ruta publica detectada. Omitiendo login silencioso. color: #FFC107; font-style: italic; @ http://localhost:4200/chunk-72LYY77U.js:59
[ 7780824ms] [LOG] %c🚀 [Initializer] Starting application state initialization... color: purple; font-style: italic; @ http://localhost:4200/chunk-72LYY77U.js:59
[ 7780825ms] [LOG] %c🤷 [Initializer] No user session. Skipping customer state initialization. color: #9E9E9E; font-style: italic; @ http://localhost:4200/chunk-72LYY77U.js:59
[ 7780826ms] [LOG] %c✅ [Initializer] State initialization complete. color: green; font-style: italic; @ http://localhost:4200/chunk-72LYY77U.js:59
[ 7780921ms] [LOG] %c🔄 UpdateService: Inicializando servicio de actualizaciones color: blue; font-weight: bold; @ http://localhost:4200/chunk-WEIOKMZ7.js:10
[ 7780921ms] [LOG] %c🔄 UpdateService: ❌ Service Worker NO habilitado color: red; font-weight: bold; @ http://localhost:4200/chunk-WEIOKMZ7.js:22
[ 7780932ms] [LOG] %c🚀 [App] ¡Aplicación iniciada! Soy más ligero y rápido que nunca. color: #673AB7; font-style: italic; @ http://localhost:4200/chunk-72LYY77U.js:59
[ 7780961ms] [LOG] Angular is running in development mode. @ http://localhost:4200/@fs/D:/repos/luxuryapp-api/appsweb/angular/.angular/cache/22.1.8/luxury-app/vite/deps/core-gRj2gSiC.js?v=74c2038a:9175
[ 7781106ms] [LOG] %c🔐 [SecurityService] Servicio de seguridad inicializado. color: #3F51B5; font-style: italic; @ http://localhost:4200/chunk-72LYY77U.js:59
[ 7781140ms] [LOG] %c [Login] Iniciando.. color: #607D8B; font-style: italic; @ http://localhost:4200/chunk-72LYY77U.js:59
[ 7781140ms] [LOG] %c [Login] Usando / como redireccion por defecto. color: #607D8B; font-style: italic; @ http://localhost:4200/chunk-72LYY77U.js:59
[ 7781141ms] [LOG] %c [Login] URL final de redireccion: / color: #2196F3; font-style: italic; @ http://localhost:4200/chunk-72LYY77U.js:59
[ 7781141ms] [LOG] %c [Login] Usuario recuperado. color: #FF9800; font-style: italic; @ http://localhost:4200/chunk-72LYY77U.js:59
[ 7781141ms] [LOG] %c🚪 [SecurityService] Limpiando datos de autenticación... color: #F44336; font-style: italic; @ http://localhost:4200/chunk-72LYY77U.js:59
[ 7781141ms] [LOG] %c🗑️ [StorageService] Eliminando clave: 'userAuthData' color: #F44336; font-style: italic; @ http://localhost:4200/chunk-72LYY77U.js:59
[ 7781141ms] [LOG] %c✅ [StorageService] Clave 'userAuthData' eliminada. color: #9E9E9E; font-style: italic; @ http://localhost:4200/chunk-72LYY77U.js:59
[ 7781141ms] [LOG] %c🗑️ [StorageService] Eliminando clave: 'accessToken' color: #F44336; font-style: italic; @ http://localhost:4200/chunk-72LYY77U.js:59
[ 7781142ms] [LOG] %c✅ [StorageService] Clave 'accessToken' eliminada. color: #9E9E9E; font-style: italic; @ http://localhost:4200/chunk-72LYY77U.js:59
[ 7781142ms] [LOG] %c🧹 [SecurityService] Datos de sesión eliminados: userAuthData y accessToken. color: #9E9E9E; font-style: italic; @ http://localhost:4200/chunk-72LYY77U.js:59
[ 7781142ms] [LOG] %c [Login] Datos de sesion previa eliminados. color: #9E9E9E; font-style: italic; @ http://localhost:4200/chunk-72LYY77U.js:59
[ 7781143ms] [LOG] %c🚪 [SecurityService] Limpiando datos de autenticación... color: #F44336; font-style: italic; @ http://localhost:4200/chunk-72LYY77U.js:59
[ 7781143ms] [LOG] %c🗑️ [StorageService] Eliminando clave: 'userAuthData' color: #F44336; font-style: italic; @ http://localhost:4200/chunk-72LYY77U.js:59
[ 7781143ms] [LOG] %c✅ [StorageService] Clave 'userAuthData' eliminada. color: #9E9E9E; font-style: italic; @ http://localhost:4200/chunk-72LYY77U.js:59
[ 7781144ms] [LOG] %c🗑️ [StorageService] Eliminando clave: 'accessToken' color: #F44336; font-style: italic; @ http://localhost:4200/chunk-72LYY77U.js:59
[ 7781144ms] [LOG] %c✅ [StorageService] Clave 'accessToken' eliminada. color: #9E9E9E; font-style: italic; @ http://localhost:4200/chunk-72LYY77U.js:59
[ 7781144ms] [LOG] %c🧹 [SecurityService] Datos de sesión eliminados: userAuthData y accessToken. color: #9E9E9E; font-style: italic; @ http://localhost:4200/chunk-72LYY77U.js:59
[ 7781220ms] [WARNING] NG0913: An image with src http://localhost:4200/assets/oficial/Logo%20Files/png/Color%20logo%20-%20no%20background.png has intrinsic file dimensions much larger than its rendered size. This can negatively impact application loading performance. For more information about addressing or disabling this warning, see https://v22.angular.dev/errors/NG0913. Find more at https://v22.angular.dev/errors/NG0913 @ http://localhost:4200/@fs/D:/repos/luxuryapp-api/appsweb/angular/.angular/cache/22.1.8/luxury-app/vite/deps/core-gRj2gSiC.js?v=74c2038a:17980
[ 7781221ms] [WARNING] NG0913: An image with src http://localhost:4200/assets/oficial/Logo%20Files/png/Color%20logo%20-%20no%20background.png has intrinsic file dimensions much larger than its rendered size. This can negatively impact application loading performance. For more information about addressing or disabling this warning, see https://v22.angular.dev/errors/NG0913. Find more at https://v22.angular.dev/errors/NG0913 @ http://localhost:4200/@fs/D:/repos/luxuryapp-api/appsweb/angular/.angular/cache/22.1.8/luxury-app/vite/deps/core-gRj2gSiC.js?v=74c2038a:17980
[ 7781221ms] [WARNING] NG0913: An image with src http://localhost:4200/assets/oficial/Logo%20Files/png/White%20logo%20-%20no%20background.png has intrinsic file dimensions much larger than its rendered size. This can negatively impact application loading performance. For more information about addressing or disabling this warning, see https://v22.angular.dev/errors/NG0913. Find more at https://v22.angular.dev/errors/NG0913 @ http://localhost:4200/@fs/D:/repos/luxuryapp-api/appsweb/angular/.angular/cache/22.1.8/luxury-app/vite/deps/core-gRj2gSiC.js?v=74c2038a:17980
[ 7781236ms] [VERBOSE] [DOM] Input elements should have autocomplete attributes (suggested: "current-password"): (More info: https://goo.gl/9p2vKq) @ http://localhost:4200/auth/login:0
[ 7794707ms] [LOG] %c📦 [StorageService] Inicializando servicio de almacenamiento local... color: #3F51B5; font-style: italic; @ http://localhost:4200/chunk-72LYY77U.js:59
[ 7794709ms] [LOG] %c [AuthService] Verificando ruta inicial: /auth/login | Es publica: true color: #9C27B0; font-style: italic; @ http://localhost:4200/chunk-72LYY77U.js:59
[ 7794709ms] [LOG] %c [AuthService] Ruta publica detectada. Omitiendo login silencioso. color: #FFC107; font-style: italic; @ http://localhost:4200/chunk-72LYY77U.js:59
[ 7794710ms] [LOG] %c🚀 [Initializer] Starting application state initialization... color: purple; font-style: italic; @ http://localhost:4200/chunk-72LYY77U.js:59
[ 7794711ms] [LOG] %c🤷 [Initializer] No user session. Skipping customer state initialization. color: #9E9E9E; font-style: italic; @ http://localhost:4200/chunk-72LYY77U.js:59
[ 7794712ms] [LOG] %c✅ [Initializer] State initialization complete. color: green; font-style: italic; @ http://localhost:4200/chunk-72LYY77U.js:59
[ 7794826ms] [LOG] %c🔄 UpdateService: Inicializando servicio de actualizaciones color: blue; font-weight: bold; @ http://localhost:4200/chunk-WEIOKMZ7.js:10
[ 7794827ms] [LOG] %c🔄 UpdateService: ❌ Service Worker NO habilitado color: red; font-weight: bold; @ http://localhost:4200/chunk-WEIOKMZ7.js:22
[ 7794848ms] [LOG] %c🚀 [App] ¡Aplicación iniciada! Soy más ligero y rápido que nunca. color: #673AB7; font-style: italic; @ http://localhost:4200/chunk-72LYY77U.js:59
[ 7794877ms] [LOG] Angular is running in development mode. @ http://localhost:4200/@fs/D:/repos/luxuryapp-api/appsweb/angular/.angular/cache/22.1.8/luxury-app/vite/deps/core-gRj2gSiC.js?v=74c2038a:9175
[ 7795108ms] [LOG] %c🔐 [SecurityService] Servicio de seguridad inicializado. color: #3F51B5; font-style: italic; @ http://localhost:4200/chunk-72LYY77U.js:59
[ 7795155ms] [LOG] %c [Login] Iniciando.. color: #607D8B; font-style: italic; @ http://localhost:4200/chunk-72LYY77U.js:59
[ 7795155ms] [LOG] %c [Login] Usando / como redireccion por defecto. color: #607D8B; font-style: italic; @ http://localhost:4200/chunk-72LYY77U.js:59
[ 7795155ms] [LOG] %c [Login] URL final de redireccion: / color: #2196F3; font-style: italic; @ http://localhost:4200/chunk-72LYY77U.js:59
[ 7795156ms] [LOG] %c [Login] Usuario recuperado. color: #FF9800; font-style: italic; @ http://localhost:4200/chunk-72LYY77U.js:59
[ 7795156ms] [LOG] %c🚪 [SecurityService] Limpiando datos de autenticación... color: #F44336; font-style: italic; @ http://localhost:4200/chunk-72LYY77U.js:59
[ 7795156ms] [LOG] %c🗑️ [StorageService] Eliminando clave: 'userAuthData' color: #F44336; font-style: italic; @ http://localhost:4200/chunk-72LYY77U.js:59
[ 7795156ms] [LOG] %c✅ [StorageService] Clave 'userAuthData' eliminada. color: #9E9E9E; font-style: italic; @ http://localhost:4200/chunk-72LYY77U.js:59
[ 7795156ms] [LOG] %c🗑️ [StorageService] Eliminando clave: 'accessToken' color: #F44336; font-style: italic; @ http://localhost:4200/chunk-72LYY77U.js:59
[ 7795156ms] [LOG] %c✅ [StorageService] Clave 'accessToken' eliminada. color: #9E9E9E; font-style: italic; @ http://localhost:4200/chunk-72LYY77U.js:59
[ 7795157ms] [LOG] %c🧹 [SecurityService] Datos de sesión eliminados: userAuthData y accessToken. color: #9E9E9E; font-style: italic; @ http://localhost:4200/chunk-72LYY77U.js:59
[ 7795157ms] [LOG] %c [Login] Datos de sesion previa eliminados. color: #9E9E9E; font-style: italic; @ http://localhost:4200/chunk-72LYY77U.js:59
[ 7795157ms] [LOG] %c🚪 [SecurityService] Limpiando datos de autenticación... color: #F44336; font-style: italic; @ http://localhost:4200/chunk-72LYY77U.js:59
[ 7795157ms] [LOG] %c🗑️ [StorageService] Eliminando clave: 'userAuthData' color: #F44336; font-style: italic; @ http://localhost:4200/chunk-72LYY77U.js:59
[ 7795158ms] [LOG] %c✅ [StorageService] Clave 'userAuthData' eliminada. color: #9E9E9E; font-style: italic; @ http://localhost:4200/chunk-72LYY77U.js:59
[ 7795158ms] [LOG] %c🗑️ [StorageService] Eliminando clave: 'accessToken' color: #F44336; font-style: italic; @ http://localhost:4200/chunk-72LYY77U.js:59
[ 7795158ms] [LOG] %c✅ [StorageService] Clave 'accessToken' eliminada. color: #9E9E9E; font-style: italic; @ http://localhost:4200/chunk-72LYY77U.js:59
[ 7795158ms] [LOG] %c🧹 [SecurityService] Datos de sesión eliminados: userAuthData y accessToken. color: #9E9E9E; font-style: italic; @ http://localhost:4200/chunk-72LYY77U.js:59
[ 7795249ms] [VERBOSE] [DOM] Input elements should have autocomplete attributes (suggested: "current-password"): (More info: https://goo.gl/9p2vKq) @ http://localhost:4200/auth/login:0
[ 7818050ms] [LOG] %c📦 [StorageService] Inicializando servicio de almacenamiento local... color: #3F51B5; font-style: italic; @ http://localhost:4200/chunk-72LYY77U.js:59
[ 7818052ms] [LOG] %c [AuthService] Verificando ruta inicial: /auth/login | Es publica: true color: #9C27B0; font-style: italic; @ http://localhost:4200/chunk-72LYY77U.js:59
[ 7818052ms] [LOG] %c [AuthService] Ruta publica detectada. Omitiendo login silencioso. color: #FFC107; font-style: italic; @ http://localhost:4200/chunk-72LYY77U.js:59
[ 7818052ms] [LOG] %c🚀 [Initializer] Starting application state initialization... color: purple; font-style: italic; @ http://localhost:4200/chunk-72LYY77U.js:59
[ 7818053ms] [LOG] %c🤷 [Initializer] No user session. Skipping customer state initialization. color: #9E9E9E; font-style: italic; @ http://localhost:4200/chunk-72LYY77U.js:59
[ 7818056ms] [LOG] %c✅ [Initializer] State initialization complete. color: green; font-style: italic; @ http://localhost:4200/chunk-72LYY77U.js:59
[ 7818145ms] [LOG] %c🔄 UpdateService: Inicializando servicio de actualizaciones color: blue; font-weight: bold; @ http://localhost:4200/chunk-WEIOKMZ7.js:10
[ 7818145ms] [LOG] %c🔄 UpdateService: ❌ Service Worker NO habilitado color: red; font-weight: bold; @ http://localhost:4200/chunk-WEIOKMZ7.js:22
[ 7818162ms] [LOG] %c🚀 [App] ¡Aplicación iniciada! Soy más ligero y rápido que nunca. color: #673AB7; font-style: italic; @ http://localhost:4200/chunk-72LYY77U.js:59
[ 7818194ms] [LOG] Angular is running in development mode. @ http://localhost:4200/@fs/D:/repos/luxuryapp-api/appsweb/angular/.angular/cache/22.1.8/luxury-app/vite/deps/core-gRj2gSiC.js?v=74c2038a:9175
[ 7818340ms] [LOG] %c🔐 [SecurityService] Servicio de seguridad inicializado. color: #3F51B5; font-style: italic; @ http://localhost:4200/chunk-72LYY77U.js:59
[ 7818386ms] [LOG] %c [Login] Iniciando.. color: #607D8B; font-style: italic; @ http://localhost:4200/chunk-72LYY77U.js:59
[ 7818386ms] [LOG] %c [Login] Usando / como redireccion por defecto. color: #607D8B; font-style: italic; @ http://localhost:4200/chunk-72LYY77U.js:59
[ 7818386ms] [LOG] %c [Login] URL final de redireccion: / color: #2196F3; font-style: italic; @ http://localhost:4200/chunk-72LYY77U.js:59
[ 7818387ms] [LOG] %c [Login] Usuario recuperado. color: #FF9800; font-style: italic; @ http://localhost:4200/chunk-72LYY77U.js:59
[ 7818387ms] [LOG] %c🚪 [SecurityService] Limpiando datos de autenticación... color: #F44336; font-style: italic; @ http://localhost:4200/chunk-72LYY77U.js:59
[ 7818388ms] [LOG] %c🗑️ [StorageService] Eliminando clave: 'userAuthData' color: #F44336; font-style: italic; @ http://localhost:4200/chunk-72LYY77U.js:59
[ 7818388ms] [LOG] %c✅ [StorageService] Clave 'userAuthData' eliminada. color: #9E9E9E; font-style: italic; @ http://localhost:4200/chunk-72LYY77U.js:59
[ 7818389ms] [LOG] %c🗑️ [StorageService] Eliminando clave: 'accessToken' color: #F44336; font-style: italic; @ http://localhost:4200/chunk-72LYY77U.js:59
[ 7818389ms] [LOG] %c✅ [StorageService] Clave 'accessToken' eliminada. color: #9E9E9E; font-style: italic; @ http://localhost:4200/chunk-72LYY77U.js:59
[ 7818389ms] [LOG] %c🧹 [SecurityService] Datos de sesión eliminados: userAuthData y accessToken. color: #9E9E9E; font-style: italic; @ http://localhost:4200/chunk-72LYY77U.js:59
[ 7818389ms] [LOG] %c [Login] Datos de sesion previa eliminados. color: #9E9E9E; font-style: italic; @ http://localhost:4200/chunk-72LYY77U.js:59
[ 7818390ms] [LOG] %c🚪 [SecurityService] Limpiando datos de autenticación... color: #F44336; font-style: italic; @ http://localhost:4200/chunk-72LYY77U.js:59
[ 7818390ms] [LOG] %c🗑️ [StorageService] Eliminando clave: 'userAuthData' color: #F44336; font-style: italic; @ http://localhost:4200/chunk-72LYY77U.js:59
[ 7818390ms] [LOG] %c✅ [StorageService] Clave 'userAuthData' eliminada. color: #9E9E9E; font-style: italic; @ http://localhost:4200/chunk-72LYY77U.js:59
[ 7818391ms] [LOG] %c🗑️ [StorageService] Eliminando clave: 'accessToken' color: #F44336; font-style: italic; @ http://localhost:4200/chunk-72LYY77U.js:59
[ 7818391ms] [LOG] %c✅ [StorageService] Clave 'accessToken' eliminada. color: #9E9E9E; font-style: italic; @ http://localhost:4200/chunk-72LYY77U.js:59
[ 7818391ms] [LOG] %c🧹 [SecurityService] Datos de sesión eliminados: userAuthData y accessToken. color: #9E9E9E; font-style: italic; @ http://localhost:4200/chunk-72LYY77U.js:59
[ 7818485ms] [WARNING] NG0913: An image with src http://localhost:4200/assets/oficial/Logo%20Files/png/Color%20logo%20-%20no%20background.png has intrinsic file dimensions much larger than its rendered size. This can negatively impact application loading performance. For more information about addressing or disabling this warning, see https://v22.angular.dev/errors/NG0913. Find more at https://v22.angular.dev/errors/NG0913 @ http://localhost:4200/@fs/D:/repos/luxuryapp-api/appsweb/angular/.angular/cache/22.1.8/luxury-app/vite/deps/core-gRj2gSiC.js?v=74c2038a:17980
[ 7818485ms] [WARNING] NG0913: An image with src http://localhost:4200/assets/oficial/Logo%20Files/png/Color%20logo%20-%20no%20background.png has intrinsic file dimensions much larger than its rendered size. This can negatively impact application loading performance. For more information about addressing or disabling this warning, see https://v22.angular.dev/errors/NG0913. Find more at https://v22.angular.dev/errors/NG0913 @ http://localhost:4200/@fs/D:/repos/luxuryapp-api/appsweb/angular/.angular/cache/22.1.8/luxury-app/vite/deps/core-gRj2gSiC.js?v=74c2038a:17980
[ 7818486ms] [WARNING] NG0913: An image with src http://localhost:4200/assets/oficial/Logo%20Files/png/White%20logo%20-%20no%20background.png has intrinsic file dimensions much larger than its rendered size. This can negatively impact application loading performance. For more information about addressing or disabling this warning, see https://v22.angular.dev/errors/NG0913. Find more at https://v22.angular.dev/errors/NG0913 @ http://localhost:4200/@fs/D:/repos/luxuryapp-api/appsweb/angular/.angular/cache/22.1.8/luxury-app/vite/deps/core-gRj2gSiC.js?v=74c2038a:17980
[ 7818507ms] [VERBOSE] [DOM] Input elements should have autocomplete attributes (suggested: "current-password"): (More info: https://goo.gl/9p2vKq) @ http://localhost:4200/auth/login:0
[ 8363978ms] [LOG] [vite] server connection lost. Polling for restart... @ http://localhost:4200/@vite/client:992
[ 8365333ms] [LOG] %c📦 [StorageService] Inicializando servicio de almacenamiento local... color: #3F51B5; font-style: italic; @ http://localhost:4200/chunk-72LYY77U.js:59
[ 8365337ms] [LOG] %c [AuthService] Verificando ruta inicial: /auth/login | Es publica: true color: #9C27B0; font-style: italic; @ http://localhost:4200/chunk-72LYY77U.js:59
[ 8365337ms] [LOG] %c [AuthService] Ruta publica detectada. Omitiendo login silencioso. color: #FFC107; font-style: italic; @ http://localhost:4200/chunk-72LYY77U.js:59
[ 8365338ms] [LOG] %c🚀 [Initializer] Starting application state initialization... color: purple; font-style: italic; @ http://localhost:4200/chunk-72LYY77U.js:59
[ 8365339ms] [LOG] %c🤷 [Initializer] No user session. Skipping customer state initialization. color: #9E9E9E; font-style: italic; @ http://localhost:4200/chunk-72LYY77U.js:59
[ 8365340ms] [LOG] %c✅ [Initializer] State initialization complete. color: green; font-style: italic; @ http://localhost:4200/chunk-72LYY77U.js:59
[ 8365504ms] [LOG] %c🔄 UpdateService: Inicializando servicio de actualizaciones color: blue; font-weight: bold; @ http://localhost:4200/chunk-WEIOKMZ7.js:10
[ 8365505ms] [LOG] %c🔄 UpdateService: ❌ Service Worker NO habilitado color: red; font-weight: bold; @ http://localhost:4200/chunk-WEIOKMZ7.js:22
[ 8365521ms] [LOG] %c🚀 [App] ¡Aplicación iniciada! Soy más ligero y rápido que nunca. color: #673AB7; font-style: italic; @ http://localhost:4200/chunk-72LYY77U.js:59
[ 8365555ms] [LOG] Angular is running in development mode. @ http://localhost:4200/@fs/D:/repos/luxuryapp-api/appsweb/angular/.angular/cache/22.1.8/luxury-app/vite/deps/core-gRj2gSiC.js?v=425e8364:9175
[ 8365771ms] [LOG] %c🔐 [SecurityService] Servicio de seguridad inicializado. color: #3F51B5; font-style: italic; @ http://localhost:4200/chunk-72LYY77U.js:59
[ 8365809ms] [LOG] %c [Login] Iniciando.. color: #607D8B; font-style: italic; @ http://localhost:4200/chunk-72LYY77U.js:59
[ 8365809ms] [LOG] %c [Login] Usando / como redireccion por defecto. color: #607D8B; font-style: italic; @ http://localhost:4200/chunk-72LYY77U.js:59
[ 8365810ms] [LOG] %c [Login] URL final de redireccion: / color: #2196F3; font-style: italic; @ http://localhost:4200/chunk-72LYY77U.js:59
[ 8365810ms] [LOG] %c [Login] Usuario recuperado. color: #FF9800; font-style: italic; @ http://localhost:4200/chunk-72LYY77U.js:59
[ 8365810ms] [LOG] %c🚪 [SecurityService] Limpiando datos de autenticación... color: #F44336; font-style: italic; @ http://localhost:4200/chunk-72LYY77U.js:59
[ 8365810ms] [LOG] %c🗑️ [StorageService] Eliminando clave: 'userAuthData' color: #F44336; font-style: italic; @ http://localhost:4200/chunk-72LYY77U.js:59
[ 8365811ms] [LOG] %c✅ [StorageService] Clave 'userAuthData' eliminada. color: #9E9E9E; font-style: italic; @ http://localhost:4200/chunk-72LYY77U.js:59
[ 8365811ms] [LOG] %c🗑️ [StorageService] Eliminando clave: 'accessToken' color: #F44336; font-style: italic; @ http://localhost:4200/chunk-72LYY77U.js:59
[ 8365811ms] [LOG] %c✅ [StorageService] Clave 'accessToken' eliminada. color: #9E9E9E; font-style: italic; @ http://localhost:4200/chunk-72LYY77U.js:59
[ 8365811ms] [LOG] %c🧹 [SecurityService] Datos de sesión eliminados: userAuthData y accessToken. color: #9E9E9E; font-style: italic; @ http://localhost:4200/chunk-72LYY77U.js:59
[ 8365811ms] [LOG] %c [Login] Datos de sesion previa eliminados. color: #9E9E9E; font-style: italic; @ http://localhost:4200/chunk-72LYY77U.js:59
[ 8365812ms] [LOG] %c🚪 [SecurityService] Limpiando datos de autenticación... color: #F44336; font-style: italic; @ http://localhost:4200/chunk-72LYY77U.js:59
[ 8365812ms] [LOG] %c🗑️ [StorageService] Eliminando clave: 'userAuthData' color: #F44336; font-style: italic; @ http://localhost:4200/chunk-72LYY77U.js:59
[ 8365812ms] [LOG] %c✅ [StorageService] Clave 'userAuthData' eliminada. color: #9E9E9E; font-style: italic; @ http://localhost:4200/chunk-72LYY77U.js:59
[ 8365812ms] [LOG] %c🗑️ [StorageService] Eliminando clave: 'accessToken' color: #F44336; font-style: italic; @ http://localhost:4200/chunk-72LYY77U.js:59
[ 8365812ms] [LOG] %c✅ [StorageService] Clave 'accessToken' eliminada. color: #9E9E9E; font-style: italic; @ http://localhost:4200/chunk-72LYY77U.js:59
[ 8365812ms] [LOG] %c🧹 [SecurityService] Datos de sesión eliminados: userAuthData y accessToken. color: #9E9E9E; font-style: italic; @ http://localhost:4200/chunk-72LYY77U.js:59
[ 8365913ms] [VERBOSE] [DOM] Input elements should have autocomplete attributes (suggested: "current-password"): (More info: https://goo.gl/9p2vKq) @ http://localhost:4200/auth/login:0
[ 8676321ms] [LOG] %c📦 [StorageService] Inicializando servicio de almacenamiento local... color: #3F51B5; font-style: italic; @ http://localhost:4200/chunk-72LYY77U.js:59
[ 8676323ms] [LOG] %c [AuthService] Verificando ruta inicial: /auth/login | Es publica: true color: #9C27B0; font-style: italic; @ http://localhost:4200/chunk-72LYY77U.js:59
[ 8676323ms] [LOG] %c [AuthService] Ruta publica detectada. Omitiendo login silencioso. color: #FFC107; font-style: italic; @ http://localhost:4200/chunk-72LYY77U.js:59
[ 8676323ms] [LOG] %c🚀 [Initializer] Starting application state initialization... color: purple; font-style: italic; @ http://localhost:4200/chunk-72LYY77U.js:59
[ 8676325ms] [LOG] %c🤷 [Initializer] No user session. Skipping customer state initialization. color: #9E9E9E; font-style: italic; @ http://localhost:4200/chunk-72LYY77U.js:59
[ 8676325ms] [LOG] %c✅ [Initializer] State initialization complete. color: green; font-style: italic; @ http://localhost:4200/chunk-72LYY77U.js:59
[ 8676447ms] [LOG] %c🔄 UpdateService: Inicializando servicio de actualizaciones color: blue; font-weight: bold; @ http://localhost:4200/chunk-WEIOKMZ7.js:10
[ 8676447ms] [LOG] %c🔄 UpdateService: ❌ Service Worker NO habilitado color: red; font-weight: bold; @ http://localhost:4200/chunk-WEIOKMZ7.js:22
[ 8676470ms] [LOG] %c🚀 [App] ¡Aplicación iniciada! Soy más ligero y rápido que nunca. color: #673AB7; font-style: italic; @ http://localhost:4200/chunk-72LYY77U.js:59
[ 8676513ms] [LOG] Angular is running in development mode. @ http://localhost:4200/@fs/D:/repos/luxuryapp-api/appsweb/angular/.angular/cache/22.1.8/luxury-app/vite/deps/core-gRj2gSiC.js?v=74c2038a:9175
[ 8676792ms] [LOG] %c🔐 [SecurityService] Servicio de seguridad inicializado. color: #3F51B5; font-style: italic; @ http://localhost:4200/chunk-72LYY77U.js:59
[ 8676833ms] [LOG] %c [Login] Iniciando.. color: #607D8B; font-style: italic; @ http://localhost:4200/chunk-72LYY77U.js:59
[ 8676834ms] [LOG] %c [Login] Usando / como redireccion por defecto. color: #607D8B; font-style: italic; @ http://localhost:4200/chunk-72LYY77U.js:59
[ 8676834ms] [LOG] %c [Login] URL final de redireccion: / color: #2196F3; font-style: italic; @ http://localhost:4200/chunk-72LYY77U.js:59
[ 8676835ms] [LOG] %c [Login] Usuario recuperado. color: #FF9800; font-style: italic; @ http://localhost:4200/chunk-72LYY77U.js:59
[ 8676835ms] [LOG] %c🚪 [SecurityService] Limpiando datos de autenticación... color: #F44336; font-style: italic; @ http://localhost:4200/chunk-72LYY77U.js:59
[ 8676835ms] [LOG] %c🗑️ [StorageService] Eliminando clave: 'userAuthData' color: #F44336; font-style: italic; @ http://localhost:4200/chunk-72LYY77U.js:59
[ 8676836ms] [LOG] %c✅ [StorageService] Clave 'userAuthData' eliminada. color: #9E9E9E; font-style: italic; @ http://localhost:4200/chunk-72LYY77U.js:59
[ 8676836ms] [LOG] %c🗑️ [StorageService] Eliminando clave: 'accessToken' color: #F44336; font-style: italic; @ http://localhost:4200/chunk-72LYY77U.js:59
[ 8676836ms] [LOG] %c✅ [StorageService] Clave 'accessToken' eliminada. color: #9E9E9E; font-style: italic; @ http://localhost:4200/chunk-72LYY77U.js:59
[ 8676836ms] [LOG] %c🧹 [SecurityService] Datos de sesión eliminados: userAuthData y accessToken. color: #9E9E9E; font-style: italic; @ http://localhost:4200/chunk-72LYY77U.js:59
[ 8676836ms] [LOG] %c [Login] Datos de sesion previa eliminados. color: #9E9E9E; font-style: italic; @ http://localhost:4200/chunk-72LYY77U.js:59
[ 8676837ms] [LOG] %c🚪 [SecurityService] Limpiando datos de autenticación... color: #F44336; font-style: italic; @ http://localhost:4200/chunk-72LYY77U.js:59
[ 8676837ms] [LOG] %c🗑️ [StorageService] Eliminando clave: 'userAuthData' color: #F44336; font-style: italic; @ http://localhost:4200/chunk-72LYY77U.js:59
[ 8676838ms] [LOG] %c✅ [StorageService] Clave 'userAuthData' eliminada. color: #9E9E9E; font-style: italic; @ http://localhost:4200/chunk-72LYY77U.js:59
[ 8676838ms] [LOG] %c🗑️ [StorageService] Eliminando clave: 'accessToken' color: #F44336; font-style: italic; @ http://localhost:4200/chunk-72LYY77U.js:59
[ 8676838ms] [LOG] %c✅ [StorageService] Clave 'accessToken' eliminada. color: #9E9E9E; font-style: italic; @ http://localhost:4200/chunk-72LYY77U.js:59
[ 8676838ms] [LOG] %c🧹 [SecurityService] Datos de sesión eliminados: userAuthData y accessToken. color: #9E9E9E; font-style: italic; @ http://localhost:4200/chunk-72LYY77U.js:59
[ 8676955ms] [VERBOSE] [DOM] Input elements should have autocomplete attributes (suggested: "current-password"): (More info: https://goo.gl/9p2vKq) @ http://localhost:4200/auth/login:0
[ 8919083ms] [LOG] %c📦 [StorageService] Inicializando servicio de almacenamiento local... color: #3F51B5; font-style: italic; @ http://localhost:4200/chunk-72LYY77U.js:59
[ 8919085ms] [LOG] %c [AuthService] Verificando ruta inicial: /auth/login | Es publica: true color: #9C27B0; font-style: italic; @ http://localhost:4200/chunk-72LYY77U.js:59
[ 8919085ms] [LOG] %c [AuthService] Ruta publica detectada. Omitiendo login silencioso. color: #FFC107; font-style: italic; @ http://localhost:4200/chunk-72LYY77U.js:59
[ 8919086ms] [LOG] %c🚀 [Initializer] Starting application state initialization... color: purple; font-style: italic; @ http://localhost:4200/chunk-72LYY77U.js:59
[ 8919086ms] [LOG] %c🤷 [Initializer] No user session. Skipping customer state initialization. color: #9E9E9E; font-style: italic; @ http://localhost:4200/chunk-72LYY77U.js:59
[ 8919087ms] [LOG] %c✅ [Initializer] State initialization complete. color: green; font-style: italic; @ http://localhost:4200/chunk-72LYY77U.js:59
[ 8919199ms] [LOG] %c🔄 UpdateService: Inicializando servicio de actualizaciones color: blue; font-weight: bold; @ http://localhost:4200/chunk-WEIOKMZ7.js:10
[ 8919200ms] [LOG] %c🔄 UpdateService: ❌ Service Worker NO habilitado color: red; font-weight: bold; @ http://localhost:4200/chunk-WEIOKMZ7.js:22
[ 8919217ms] [LOG] %c🚀 [App] ¡Aplicación iniciada! Soy más ligero y rápido que nunca. color: #673AB7; font-style: italic; @ http://localhost:4200/chunk-72LYY77U.js:59
[ 8919253ms] [LOG] Angular is running in development mode. @ http://localhost:4200/@fs/D:/repos/luxuryapp-api/appsweb/angular/.angular/cache/22.1.8/luxury-app/vite/deps/core-gRj2gSiC.js?v=74c2038a:9175
[ 8919425ms] [LOG] %c🔐 [SecurityService] Servicio de seguridad inicializado. color: #3F51B5; font-style: italic; @ http://localhost:4200/chunk-72LYY77U.js:59
[ 8919469ms] [LOG] %c [Login] Iniciando.. color: #607D8B; font-style: italic; @ http://localhost:4200/chunk-72LYY77U.js:59
[ 8919470ms] [LOG] %c [Login] Usando / como redireccion por defecto. color: #607D8B; font-style: italic; @ http://localhost:4200/chunk-72LYY77U.js:59
[ 8919470ms] [LOG] %c [Login] URL final de redireccion: / color: #2196F3; font-style: italic; @ http://localhost:4200/chunk-72LYY77U.js:59
[ 8919471ms] [LOG] %c [Login] Usuario recuperado. color: #FF9800; font-style: italic; @ http://localhost:4200/chunk-72LYY77U.js:59
[ 8919472ms] [LOG] %c🚪 [SecurityService] Limpiando datos de autenticación... color: #F44336; font-style: italic; @ http://localhost:4200/chunk-72LYY77U.js:59
[ 8919472ms] [LOG] %c🗑️ [StorageService] Eliminando clave: 'userAuthData' color: #F44336; font-style: italic; @ http://localhost:4200/chunk-72LYY77U.js:59
[ 8919472ms] [LOG] %c✅ [StorageService] Clave 'userAuthData' eliminada. color: #9E9E9E; font-style: italic; @ http://localhost:4200/chunk-72LYY77U.js:59
[ 8919473ms] [LOG] %c🗑️ [StorageService] Eliminando clave: 'accessToken' color: #F44336; font-style: italic; @ http://localhost:4200/chunk-72LYY77U.js:59
[ 8919473ms] [LOG] %c✅ [StorageService] Clave 'accessToken' eliminada. color: #9E9E9E; font-style: italic; @ http://localhost:4200/chunk-72LYY77U.js:59
[ 8919474ms] [LOG] %c🧹 [SecurityService] Datos de sesión eliminados: userAuthData y accessToken. color: #9E9E9E; font-style: italic; @ http://localhost:4200/chunk-72LYY77U.js:59
[ 8919474ms] [LOG] %c [Login] Datos de sesion previa eliminados. color: #9E9E9E; font-style: italic; @ http://localhost:4200/chunk-72LYY77U.js:59
[ 8919475ms] [LOG] %c🚪 [SecurityService] Limpiando datos de autenticación... color: #F44336; font-style: italic; @ http://localhost:4200/chunk-72LYY77U.js:59
[ 8919475ms] [LOG] %c🗑️ [StorageService] Eliminando clave: 'userAuthData' color: #F44336; font-style: italic; @ http://localhost:4200/chunk-72LYY77U.js:59
[ 8919476ms] [LOG] %c✅ [StorageService] Clave 'userAuthData' eliminada. color: #9E9E9E; font-style: italic; @ http://localhost:4200/chunk-72LYY77U.js:59
[ 8919476ms] [LOG] %c🗑️ [StorageService] Eliminando clave: 'accessToken' color: #F44336; font-style: italic; @ http://localhost:4200/chunk-72LYY77U.js:59
[ 8919477ms] [LOG] %c✅ [StorageService] Clave 'accessToken' eliminada. color: #9E9E9E; font-style: italic; @ http://localhost:4200/chunk-72LYY77U.js:59
[ 8919477ms] [LOG] %c🧹 [SecurityService] Datos de sesión eliminados: userAuthData y accessToken. color: #9E9E9E; font-style: italic; @ http://localhost:4200/chunk-72LYY77U.js:59
[ 8919588ms] [WARNING] NG0913: An image with src http://localhost:4200/assets/oficial/Logo%20Files/png/Color%20logo%20-%20no%20background.png has intrinsic file dimensions much larger than its rendered size. This can negatively impact application loading performance. For more information about addressing or disabling this warning, see https://v22.angular.dev/errors/NG0913. Find more at https://v22.angular.dev/errors/NG0913 @ http://localhost:4200/@fs/D:/repos/luxuryapp-api/appsweb/angular/.angular/cache/22.1.8/luxury-app/vite/deps/core-gRj2gSiC.js?v=74c2038a:17980
[ 8919588ms] [WARNING] NG0913: An image with src http://localhost:4200/assets/oficial/Logo%20Files/png/Color%20logo%20-%20no%20background.png has intrinsic file dimensions much larger than its rendered size. This can negatively impact application loading performance. For more information about addressing or disabling this warning, see https://v22.angular.dev/errors/NG0913. Find more at https://v22.angular.dev/errors/NG0913 @ http://localhost:4200/@fs/D:/repos/luxuryapp-api/appsweb/angular/.angular/cache/22.1.8/luxury-app/vite/deps/core-gRj2gSiC.js?v=74c2038a:17980
[ 8919589ms] [WARNING] NG0913: An image with src http://localhost:4200/assets/oficial/Logo%20Files/png/White%20logo%20-%20no%20background.png has intrinsic file dimensions much larger than its rendered size. This can negatively impact application loading performance. For more information about addressing or disabling this warning, see https://v22.angular.dev/errors/NG0913. Find more at https://v22.angular.dev/errors/NG0913 @ http://localhost:4200/@fs/D:/repos/luxuryapp-api/appsweb/angular/.angular/cache/22.1.8/luxury-app/vite/deps/core-gRj2gSiC.js?v=74c2038a:17980
[ 8919611ms] [VERBOSE] [DOM] Input elements should have autocomplete attributes (suggested: "current-password"): (More info: https://goo.gl/9p2vKq) @ http://localhost:4200/auth/login:0
[ 9085275ms] [LOG] [vite] server connection lost. Polling for restart... @ http://localhost:4200/@vite/client:992
[ 9086518ms] [LOG] %c📦 [StorageService] Inicializando servicio de almacenamiento local... color: #3F51B5; font-style: italic; @ http://localhost:4200/chunk-72LYY77U.js:59
[ 9086521ms] [LOG] %c [AuthService] Verificando ruta inicial: /auth/login | Es publica: true color: #9C27B0; font-style: italic; @ http://localhost:4200/chunk-72LYY77U.js:59
[ 9086521ms] [LOG] %c [AuthService] Ruta publica detectada. Omitiendo login silencioso. color: #FFC107; font-style: italic; @ http://localhost:4200/chunk-72LYY77U.js:59
[ 9086522ms] [LOG] %c🚀 [Initializer] Starting application state initialization... color: purple; font-style: italic; @ http://localhost:4200/chunk-72LYY77U.js:59
[ 9086526ms] [LOG] %c🤷 [Initializer] No user session. Skipping customer state initialization. color: #9E9E9E; font-style: italic; @ http://localhost:4200/chunk-72LYY77U.js:59
[ 9086527ms] [LOG] %c✅ [Initializer] State initialization complete. color: green; font-style: italic; @ http://localhost:4200/chunk-72LYY77U.js:59
[ 9086953ms] [LOG] %c🔄 UpdateService: Inicializando servicio de actualizaciones color: blue; font-weight: bold; @ http://localhost:4200/chunk-WEIOKMZ7.js:10
[ 9086953ms] [LOG] %c🔄 UpdateService: ❌ Service Worker NO habilitado color: red; font-weight: bold; @ http://localhost:4200/chunk-WEIOKMZ7.js:22
[ 9086967ms] [LOG] %c🚀 [App] ¡Aplicación iniciada! Soy más ligero y rápido que nunca. color: #673AB7; font-style: italic; @ http://localhost:4200/chunk-72LYY77U.js:59
[ 9087024ms] [LOG] Angular is running in development mode. @ http://localhost:4200/@fs/D:/repos/luxuryapp-api/appsweb/angular/.angular/cache/22.1.8/luxury-app/vite/deps/core-gRj2gSiC.js?v=425e8364:9175
[ 9088307ms] [LOG] %c🔐 [SecurityService] Servicio de seguridad inicializado. color: #3F51B5; font-style: italic; @ http://localhost:4200/chunk-72LYY77U.js:59
[ 9088375ms] [LOG] %c [Login] Iniciando.. color: #607D8B; font-style: italic; @ http://localhost:4200/chunk-72LYY77U.js:59
[ 9088376ms] [LOG] %c [Login] Usando / como redireccion por defecto. color: #607D8B; font-style: italic; @ http://localhost:4200/chunk-72LYY77U.js:59
[ 9088377ms] [LOG] %c [Login] URL final de redireccion: / color: #2196F3; font-style: italic; @ http://localhost:4200/chunk-72LYY77U.js:59
[ 9088381ms] [LOG] %c [Login] Usuario recuperado. color: #FF9800; font-style: italic; @ http://localhost:4200/chunk-72LYY77U.js:59
[ 9088383ms] [LOG] %c🚪 [SecurityService] Limpiando datos de autenticación... color: #F44336; font-style: italic; @ http://localhost:4200/chunk-72LYY77U.js:59
[ 9088383ms] [LOG] %c🗑️ [StorageService] Eliminando clave: 'userAuthData' color: #F44336; font-style: italic; @ http://localhost:4200/chunk-72LYY77U.js:59
[ 9088384ms] [LOG] %c✅ [StorageService] Clave 'userAuthData' eliminada. color: #9E9E9E; font-style: italic; @ http://localhost:4200/chunk-72LYY77U.js:59
[ 9088384ms] [LOG] %c🗑️ [StorageService] Eliminando clave: 'accessToken' color: #F44336; font-style: italic; @ http://localhost:4200/chunk-72LYY77U.js:59
[ 9088384ms] [LOG] %c✅ [StorageService] Clave 'accessToken' eliminada. color: #9E9E9E; font-style: italic; @ http://localhost:4200/chunk-72LYY77U.js:59
[ 9088384ms] [LOG] %c🧹 [SecurityService] Datos de sesión eliminados: userAuthData y accessToken. color: #9E9E9E; font-style: italic; @ http://localhost:4200/chunk-72LYY77U.js:59
[ 9088385ms] [LOG] %c [Login] Datos de sesion previa eliminados. color: #9E9E9E; font-style: italic; @ http://localhost:4200/chunk-72LYY77U.js:59
[ 9088385ms] [LOG] %c🚪 [SecurityService] Limpiando datos de autenticación... color: #F44336; font-style: italic; @ http://localhost:4200/chunk-72LYY77U.js:59
[ 9088386ms] [LOG] %c🗑️ [StorageService] Eliminando clave: 'userAuthData' color: #F44336; font-style: italic; @ http://localhost:4200/chunk-72LYY77U.js:59
[ 9088386ms] [LOG] %c✅ [StorageService] Clave 'userAuthData' eliminada. color: #9E9E9E; font-style: italic; @ http://localhost:4200/chunk-72LYY77U.js:59
[ 9088386ms] [LOG] %c🗑️ [StorageService] Eliminando clave: 'accessToken' color: #F44336; font-style: italic; @ http://localhost:4200/chunk-72LYY77U.js:59
[ 9088386ms] [LOG] %c✅ [StorageService] Clave 'accessToken' eliminada. color: #9E9E9E; font-style: italic; @ http://localhost:4200/chunk-72LYY77U.js:59
[ 9088387ms] [LOG] %c🧹 [SecurityService] Datos de sesión eliminados: userAuthData y accessToken. color: #9E9E9E; font-style: italic; @ http://localhost:4200/chunk-72LYY77U.js:59
[ 9088655ms] [VERBOSE] [DOM] Input elements should have autocomplete attributes (suggested: "current-password"): (More info: https://goo.gl/9p2vKq) @ http://localhost:4200/auth/login:0
[ 9714175ms] [LOG] %c📦 [StorageService] Inicializando servicio de almacenamiento local... color: #3F51B5; font-style: italic; @ http://localhost:4200/chunk-72LYY77U.js:59
[ 9714177ms] [LOG] %c [AuthService] Verificando ruta inicial: /auth/login | Es publica: true color: #9C27B0; font-style: italic; @ http://localhost:4200/chunk-72LYY77U.js:59
[ 9714177ms] [LOG] %c [AuthService] Ruta publica detectada. Omitiendo login silencioso. color: #FFC107; font-style: italic; @ http://localhost:4200/chunk-72LYY77U.js:59
[ 9714178ms] [LOG] %c🚀 [Initializer] Starting application state initialization... color: purple; font-style: italic; @ http://localhost:4200/chunk-72LYY77U.js:59
[ 9714179ms] [LOG] %c🤷 [Initializer] No user session. Skipping customer state initialization. color: #9E9E9E; font-style: italic; @ http://localhost:4200/chunk-72LYY77U.js:59
[ 9714180ms] [LOG] %c✅ [Initializer] State initialization complete. color: green; font-style: italic; @ http://localhost:4200/chunk-72LYY77U.js:59
[ 9714305ms] [LOG] %c🔄 UpdateService: Inicializando servicio de actualizaciones color: blue; font-weight: bold; @ http://localhost:4200/chunk-WEIOKMZ7.js:10
[ 9714306ms] [LOG] %c🔄 UpdateService: ❌ Service Worker NO habilitado color: red; font-weight: bold; @ http://localhost:4200/chunk-WEIOKMZ7.js:22
[ 9714330ms] [LOG] %c🚀 [App] ¡Aplicación iniciada! Soy más ligero y rápido que nunca. color: #673AB7; font-style: italic; @ http://localhost:4200/chunk-72LYY77U.js:59
[ 9714369ms] [LOG] Angular is running in development mode. @ http://localhost:4200/@fs/D:/repos/luxuryapp-api/appsweb/angular/.angular/cache/22.1.8/luxury-app/vite/deps/core-gRj2gSiC.js?v=1af8eeaa:9175
[ 9714554ms] [LOG] %c🔐 [SecurityService] Servicio de seguridad inicializado. color: #3F51B5; font-style: italic; @ http://localhost:4200/chunk-72LYY77U.js:59
[ 9714600ms] [LOG] %c [Login] Iniciando.. color: #607D8B; font-style: italic; @ http://localhost:4200/chunk-72LYY77U.js:59
[ 9714600ms] [LOG] %c [Login] Usando / como redireccion por defecto. color: #607D8B; font-style: italic; @ http://localhost:4200/chunk-72LYY77U.js:59
[ 9714600ms] [LOG] %c [Login] URL final de redireccion: / color: #2196F3; font-style: italic; @ http://localhost:4200/chunk-72LYY77U.js:59
[ 9714601ms] [LOG] %c [Login] Usuario recuperado. color: #FF9800; font-style: italic; @ http://localhost:4200/chunk-72LYY77U.js:59
[ 9714601ms] [LOG] %c🚪 [SecurityService] Limpiando datos de autenticación... color: #F44336; font-style: italic; @ http://localhost:4200/chunk-72LYY77U.js:59
[ 9714602ms] [LOG] %c🗑️ [StorageService] Eliminando clave: 'userAuthData' color: #F44336; font-style: italic; @ http://localhost:4200/chunk-72LYY77U.js:59
[ 9714602ms] [LOG] %c✅ [StorageService] Clave 'userAuthData' eliminada. color: #9E9E9E; font-style: italic; @ http://localhost:4200/chunk-72LYY77U.js:59
[ 9714602ms] [LOG] %c🗑️ [StorageService] Eliminando clave: 'accessToken' color: #F44336; font-style: italic; @ http://localhost:4200/chunk-72LYY77U.js:59
[ 9714602ms] [LOG] %c✅ [StorageService] Clave 'accessToken' eliminada. color: #9E9E9E; font-style: italic; @ http://localhost:4200/chunk-72LYY77U.js:59
[ 9714602ms] [LOG] %c🧹 [SecurityService] Datos de sesión eliminados: userAuthData y accessToken. color: #9E9E9E; font-style: italic; @ http://localhost:4200/chunk-72LYY77U.js:59
[ 9714603ms] [LOG] %c [Login] Datos de sesion previa eliminados. color: #9E9E9E; font-style: italic; @ http://localhost:4200/chunk-72LYY77U.js:59
[ 9714603ms] [LOG] %c🚪 [SecurityService] Limpiando datos de autenticación... color: #F44336; font-style: italic; @ http://localhost:4200/chunk-72LYY77U.js:59
[ 9714603ms] [LOG] %c🗑️ [StorageService] Eliminando clave: 'userAuthData' color: #F44336; font-style: italic; @ http://localhost:4200/chunk-72LYY77U.js:59
[ 9714604ms] [LOG] %c✅ [StorageService] Clave 'userAuthData' eliminada. color: #9E9E9E; font-style: italic; @ http://localhost:4200/chunk-72LYY77U.js:59
[ 9714604ms] [LOG] %c🗑️ [StorageService] Eliminando clave: 'accessToken' color: #F44336; font-style: italic; @ http://localhost:4200/chunk-72LYY77U.js:59
[ 9714604ms] [LOG] %c✅ [StorageService] Clave 'accessToken' eliminada. color: #9E9E9E; font-style: italic; @ http://localhost:4200/chunk-72LYY77U.js:59
[ 9714604ms] [LOG] %c🧹 [SecurityService] Datos de sesión eliminados: userAuthData y accessToken. color: #9E9E9E; font-style: italic; @ http://localhost:4200/chunk-72LYY77U.js:59
[ 9714697ms] [VERBOSE] [DOM] Input elements should have autocomplete attributes (suggested: "current-password"): (More info: https://goo.gl/9p2vKq) @ http://localhost:4200/auth/login:0
[ 9717194ms] [LOG] %c📦 [StorageService] Inicializando servicio de almacenamiento local... color: #3F51B5; font-style: italic; @ http://localhost:4200/chunk-72LYY77U.js:59
[ 9717195ms] [LOG] %c [AuthService] Verificando ruta inicial: /auth/login | Es publica: true color: #9C27B0; font-style: italic; @ http://localhost:4200/chunk-72LYY77U.js:59
[ 9717195ms] [LOG] %c [AuthService] Ruta publica detectada. Omitiendo login silencioso. color: #FFC107; font-style: italic; @ http://localhost:4200/chunk-72LYY77U.js:59
[ 9717196ms] [LOG] %c🚀 [Initializer] Starting application state initialization... color: purple; font-style: italic; @ http://localhost:4200/chunk-72LYY77U.js:59
[ 9717196ms] [LOG] %c🤷 [Initializer] No user session. Skipping customer state initialization. color: #9E9E9E; font-style: italic; @ http://localhost:4200/chunk-72LYY77U.js:59
[ 9717197ms] [LOG] %c✅ [Initializer] State initialization complete. color: green; font-style: italic; @ http://localhost:4200/chunk-72LYY77U.js:59
[ 9717522ms] [LOG] %c🔄 UpdateService: Inicializando servicio de actualizaciones color: blue; font-weight: bold; @ http://localhost:4200/chunk-WEIOKMZ7.js:10
[ 9717523ms] [LOG] %c🔄 UpdateService: ❌ Service Worker NO habilitado color: red; font-weight: bold; @ http://localhost:4200/chunk-WEIOKMZ7.js:22
[ 9717536ms] [LOG] %c🚀 [App] ¡Aplicación iniciada! Soy más ligero y rápido que nunca. color: #673AB7; font-style: italic; @ http://localhost:4200/chunk-72LYY77U.js:59
[ 9717565ms] [LOG] Angular is running in development mode. @ http://localhost:4200/@fs/D:/repos/luxuryapp-api/appsweb/angular/.angular/cache/22.1.8/luxury-app/vite/deps/core-gRj2gSiC.js?v=1af8eeaa:9175
[ 9717767ms] [LOG] %c🔐 [SecurityService] Servicio de seguridad inicializado. color: #3F51B5; font-style: italic; @ http://localhost:4200/chunk-72LYY77U.js:59
[ 9717823ms] [LOG] %c [Login] Iniciando.. color: #607D8B; font-style: italic; @ http://localhost:4200/chunk-72LYY77U.js:59
[ 9717823ms] [LOG] %c [Login] Usando / como redireccion por defecto. color: #607D8B; font-style: italic; @ http://localhost:4200/chunk-72LYY77U.js:59
[ 9717824ms] [LOG] %c [Login] URL final de redireccion: / color: #2196F3; font-style: italic; @ http://localhost:4200/chunk-72LYY77U.js:59
[ 9717825ms] [LOG] %c [Login] Usuario recuperado. color: #FF9800; font-style: italic; @ http://localhost:4200/chunk-72LYY77U.js:59
[ 9717825ms] [LOG] %c🚪 [SecurityService] Limpiando datos de autenticación... color: #F44336; font-style: italic; @ http://localhost:4200/chunk-72LYY77U.js:59
[ 9717826ms] [LOG] %c🗑️ [StorageService] Eliminando clave: 'userAuthData' color: #F44336; font-style: italic; @ http://localhost:4200/chunk-72LYY77U.js:59
[ 9717826ms] [LOG] %c✅ [StorageService] Clave 'userAuthData' eliminada. color: #9E9E9E; font-style: italic; @ http://localhost:4200/chunk-72LYY77U.js:59
[ 9717826ms] [LOG] %c🗑️ [StorageService] Eliminando clave: 'accessToken' color: #F44336; font-style: italic; @ http://localhost:4200/chunk-72LYY77U.js:59
[ 9717827ms] [LOG] %c✅ [StorageService] Clave 'accessToken' eliminada. color: #9E9E9E; font-style: italic; @ http://localhost:4200/chunk-72LYY77U.js:59
[ 9717827ms] [LOG] %c🧹 [SecurityService] Datos de sesión eliminados: userAuthData y accessToken. color: #9E9E9E; font-style: italic; @ http://localhost:4200/chunk-72LYY77U.js:59
[ 9717827ms] [LOG] %c [Login] Datos de sesion previa eliminados. color: #9E9E9E; font-style: italic; @ http://localhost:4200/chunk-72LYY77U.js:59
[ 9717828ms] [LOG] %c🚪 [SecurityService] Limpiando datos de autenticación... color: #F44336; font-style: italic; @ http://localhost:4200/chunk-72LYY77U.js:59
[ 9717829ms] [LOG] %c🗑️ [StorageService] Eliminando clave: 'userAuthData' color: #F44336; font-style: italic; @ http://localhost:4200/chunk-72LYY77U.js:59
[ 9717829ms] [LOG] %c✅ [StorageService] Clave 'userAuthData' eliminada. color: #9E9E9E; font-style: italic; @ http://localhost:4200/chunk-72LYY77U.js:59
[ 9717829ms] [LOG] %c🗑️ [StorageService] Eliminando clave: 'accessToken' color: #F44336; font-style: italic; @ http://localhost:4200/chunk-72LYY77U.js:59
[ 9717830ms] [LOG] %c✅ [StorageService] Clave 'accessToken' eliminada. color: #9E9E9E; font-style: italic; @ http://localhost:4200/chunk-72LYY77U.js:59
[ 9717830ms] [LOG] %c🧹 [SecurityService] Datos de sesión eliminados: userAuthData y accessToken. color: #9E9E9E; font-style: italic; @ http://localhost:4200/chunk-72LYY77U.js:59
[ 9717944ms] [WARNING] NG0913: An image with src http://localhost:4200/assets/oficial/Logo%20Files/png/Color%20logo%20-%20no%20background.png has intrinsic file dimensions much larger than its rendered size. This can negatively impact application loading performance. For more information about addressing or disabling this warning, see https://v22.angular.dev/errors/NG0913. Find more at https://v22.angular.dev/errors/NG0913 @ http://localhost:4200/@fs/D:/repos/luxuryapp-api/appsweb/angular/.angular/cache/22.1.8/luxury-app/vite/deps/core-gRj2gSiC.js?v=1af8eeaa:17980
[ 9717944ms] [WARNING] NG0913: An image with src http://localhost:4200/assets/oficial/Logo%20Files/png/Color%20logo%20-%20no%20background.png has intrinsic file dimensions much larger than its rendered size. This can negatively impact application loading performance. For more information about addressing or disabling this warning, see https://v22.angular.dev/errors/NG0913. Find more at https://v22.angular.dev/errors/NG0913 @ http://localhost:4200/@fs/D:/repos/luxuryapp-api/appsweb/angular/.angular/cache/22.1.8/luxury-app/vite/deps/core-gRj2gSiC.js?v=1af8eeaa:17980
[ 9717945ms] [WARNING] NG0913: An image with src http://localhost:4200/assets/oficial/Logo%20Files/png/White%20logo%20-%20no%20background.png has intrinsic file dimensions much larger than its rendered size. This can negatively impact application loading performance. For more information about addressing or disabling this warning, see https://v22.angular.dev/errors/NG0913. Find more at https://v22.angular.dev/errors/NG0913 @ http://localhost:4200/@fs/D:/repos/luxuryapp-api/appsweb/angular/.angular/cache/22.1.8/luxury-app/vite/deps/core-gRj2gSiC.js?v=1af8eeaa:17980
[ 9717963ms] [VERBOSE] [DOM] Input elements should have autocomplete attributes (suggested: "current-password"): (More info: https://goo.gl/9p2vKq) @ http://localhost:4200/auth/login:0
[10060436ms] [LOG] %c📦 [StorageService] Inicializando servicio de almacenamiento local... color: #3F51B5; font-style: italic; @ http://localhost:4200/chunk-72LYY77U.js:59
[10060438ms] [LOG] %c [AuthService] Verificando ruta inicial: /auth/login | Es publica: true color: #9C27B0; font-style: italic; @ http://localhost:4200/chunk-72LYY77U.js:59
[10060438ms] [LOG] %c [AuthService] Ruta publica detectada. Omitiendo login silencioso. color: #FFC107; font-style: italic; @ http://localhost:4200/chunk-72LYY77U.js:59
[10060439ms] [LOG] %c🚀 [Initializer] Starting application state initialization... color: purple; font-style: italic; @ http://localhost:4200/chunk-72LYY77U.js:59
[10060439ms] [LOG] %c🤷 [Initializer] No user session. Skipping customer state initialization. color: #9E9E9E; font-style: italic; @ http://localhost:4200/chunk-72LYY77U.js:59
[10060440ms] [LOG] %c✅ [Initializer] State initialization complete. color: green; font-style: italic; @ http://localhost:4200/chunk-72LYY77U.js:59
[10060536ms] [LOG] %c🔄 UpdateService: Inicializando servicio de actualizaciones color: blue; font-weight: bold; @ http://localhost:4200/chunk-WEIOKMZ7.js:10
[10060537ms] [LOG] %c🔄 UpdateService: ❌ Service Worker NO habilitado color: red; font-weight: bold; @ http://localhost:4200/chunk-WEIOKMZ7.js:22
[10060547ms] [LOG] %c🚀 [App] ¡Aplicación iniciada! Soy más ligero y rápido que nunca. color: #673AB7; font-style: italic; @ http://localhost:4200/chunk-72LYY77U.js:59
[10060576ms] [LOG] Angular is running in development mode. @ http://localhost:4200/@fs/D:/repos/luxuryapp-api/appsweb/angular/.angular/cache/22.1.8/luxury-app/vite/deps/core-gRj2gSiC.js?v=1af8eeaa:9175
[10060738ms] [LOG] %c🔐 [SecurityService] Servicio de seguridad inicializado. color: #3F51B5; font-style: italic; @ http://localhost:4200/chunk-72LYY77U.js:59
[10060779ms] [LOG] %c [Login] Iniciando.. color: #607D8B; font-style: italic; @ http://localhost:4200/chunk-72LYY77U.js:59
[10060780ms] [LOG] %c [Login] Usando / como redireccion por defecto. color: #607D8B; font-style: italic; @ http://localhost:4200/chunk-72LYY77U.js:59
[10060780ms] [LOG] %c [Login] URL final de redireccion: / color: #2196F3; font-style: italic; @ http://localhost:4200/chunk-72LYY77U.js:59
[10060781ms] [LOG] %c [Login] Usuario recuperado. color: #FF9800; font-style: italic; @ http://localhost:4200/chunk-72LYY77U.js:59
[10060782ms] [LOG] %c🚪 [SecurityService] Limpiando datos de autenticación... color: #F44336; font-style: italic; @ http://localhost:4200/chunk-72LYY77U.js:59
[10060782ms] [LOG] %c🗑️ [StorageService] Eliminando clave: 'userAuthData' color: #F44336; font-style: italic; @ http://localhost:4200/chunk-72LYY77U.js:59
[10060783ms] [LOG] %c✅ [StorageService] Clave 'userAuthData' eliminada. color: #9E9E9E; font-style: italic; @ http://localhost:4200/chunk-72LYY77U.js:59
[10060783ms] [LOG] %c🗑️ [StorageService] Eliminando clave: 'accessToken' color: #F44336; font-style: italic; @ http://localhost:4200/chunk-72LYY77U.js:59
[10060784ms] [LOG] %c✅ [StorageService] Clave 'accessToken' eliminada. color: #9E9E9E; font-style: italic; @ http://localhost:4200/chunk-72LYY77U.js:59
[10060784ms] [LOG] %c🧹 [SecurityService] Datos de sesión eliminados: userAuthData y accessToken. color: #9E9E9E; font-style: italic; @ http://localhost:4200/chunk-72LYY77U.js:59
[10060784ms] [LOG] %c [Login] Datos de sesion previa eliminados. color: #9E9E9E; font-style: italic; @ http://localhost:4200/chunk-72LYY77U.js:59
[10060785ms] [LOG] %c🚪 [SecurityService] Limpiando datos de autenticación... color: #F44336; font-style: italic; @ http://localhost:4200/chunk-72LYY77U.js:59
[10060785ms] [LOG] %c🗑️ [StorageService] Eliminando clave: 'userAuthData' color: #F44336; font-style: italic; @ http://localhost:4200/chunk-72LYY77U.js:59
[10060785ms] [LOG] %c✅ [StorageService] Clave 'userAuthData' eliminada. color: #9E9E9E; font-style: italic; @ http://localhost:4200/chunk-72LYY77U.js:59
[10060786ms] [LOG] %c🗑️ [StorageService] Eliminando clave: 'accessToken' color: #F44336; font-style: italic; @ http://localhost:4200/chunk-72LYY77U.js:59
[10060786ms] [LOG] %c✅ [StorageService] Clave 'accessToken' eliminada. color: #9E9E9E; font-style: italic; @ http://localhost:4200/chunk-72LYY77U.js:59
[10060786ms] [LOG] %c🧹 [SecurityService] Datos de sesión eliminados: userAuthData y accessToken. color: #9E9E9E; font-style: italic; @ http://localhost:4200/chunk-72LYY77U.js:59
[10060886ms] [WARNING] NG0913: An image with src http://localhost:4200/assets/oficial/Logo%20Files/png/Color%20logo%20-%20no%20background.png has intrinsic file dimensions much larger than its rendered size. This can negatively impact application loading performance. For more information about addressing or disabling this warning, see https://v22.angular.dev/errors/NG0913. Find more at https://v22.angular.dev/errors/NG0913 @ http://localhost:4200/@fs/D:/repos/luxuryapp-api/appsweb/angular/.angular/cache/22.1.8/luxury-app/vite/deps/core-gRj2gSiC.js?v=1af8eeaa:17980
[10060886ms] [WARNING] NG0913: An image with src http://localhost:4200/assets/oficial/Logo%20Files/png/Color%20logo%20-%20no%20background.png has intrinsic file dimensions much larger than its rendered size. This can negatively impact application loading performance. For more information about addressing or disabling this warning, see https://v22.angular.dev/errors/NG0913. Find more at https://v22.angular.dev/errors/NG0913 @ http://localhost:4200/@fs/D:/repos/luxuryapp-api/appsweb/angular/.angular/cache/22.1.8/luxury-app/vite/deps/core-gRj2gSiC.js?v=1af8eeaa:17980
[10060888ms] [WARNING] NG0913: An image with src http://localhost:4200/assets/oficial/Logo%20Files/png/White%20logo%20-%20no%20background.png has intrinsic file dimensions much larger than its rendered size. This can negatively impact application loading performance. For more information about addressing or disabling this warning, see https://v22.angular.dev/errors/NG0913. Find more at https://v22.angular.dev/errors/NG0913 @ http://localhost:4200/@fs/D:/repos/luxuryapp-api/appsweb/angular/.angular/cache/22.1.8/luxury-app/vite/deps/core-gRj2gSiC.js?v=1af8eeaa:17980
[10060910ms] [VERBOSE] [DOM] Input elements should have autocomplete attributes (suggested: "current-password"): (More info: https://goo.gl/9p2vKq) @ http://localhost:4200/auth/login:0
[10229258ms] [LOG] %c📦 [StorageService] Inicializando servicio de almacenamiento local... color: #3F51B5; font-style: italic; @ http://localhost:4200/chunk-72LYY77U.js:59
[10229259ms] [LOG] %c [AuthService] Verificando ruta inicial: /auth/login | Es publica: true color: #9C27B0; font-style: italic; @ http://localhost:4200/chunk-72LYY77U.js:59
[10229259ms] [LOG] %c [AuthService] Ruta publica detectada. Omitiendo login silencioso. color: #FFC107; font-style: italic; @ http://localhost:4200/chunk-72LYY77U.js:59
[10229260ms] [LOG] %c🚀 [Initializer] Starting application state initialization... color: purple; font-style: italic; @ http://localhost:4200/chunk-72LYY77U.js:59
[10229260ms] [LOG] %c🤷 [Initializer] No user session. Skipping customer state initialization. color: #9E9E9E; font-style: italic; @ http://localhost:4200/chunk-72LYY77U.js:59
[10229261ms] [LOG] %c✅ [Initializer] State initialization complete. color: green; font-style: italic; @ http://localhost:4200/chunk-72LYY77U.js:59
[10229347ms] [LOG] %c🔄 UpdateService: Inicializando servicio de actualizaciones color: blue; font-weight: bold; @ http://localhost:4200/chunk-WEIOKMZ7.js:10
[10229347ms] [LOG] %c🔄 UpdateService: ❌ Service Worker NO habilitado color: red; font-weight: bold; @ http://localhost:4200/chunk-WEIOKMZ7.js:22
[10229357ms] [LOG] %c🚀 [App] ¡Aplicación iniciada! Soy más ligero y rápido que nunca. color: #673AB7; font-style: italic; @ http://localhost:4200/chunk-72LYY77U.js:59
[10229380ms] [LOG] Angular is running in development mode. @ http://localhost:4200/@fs/D:/repos/luxuryapp-api/appsweb/angular/.angular/cache/22.1.8/luxury-app/vite/deps/core-gRj2gSiC.js?v=1af8eeaa:9175
[10229568ms] [LOG] %c🔐 [SecurityService] Servicio de seguridad inicializado. color: #3F51B5; font-style: italic; @ http://localhost:4200/chunk-72LYY77U.js:59
[10229602ms] [LOG] %c [Login] Iniciando.. color: #607D8B; font-style: italic; @ http://localhost:4200/chunk-72LYY77U.js:59
[10229603ms] [LOG] %c [Login] Usando / como redireccion por defecto. color: #607D8B; font-style: italic; @ http://localhost:4200/chunk-72LYY77U.js:59
[10229604ms] [LOG] %c [Login] URL final de redireccion: / color: #2196F3; font-style: italic; @ http://localhost:4200/chunk-72LYY77U.js:59
[10229604ms] [LOG] %c [Login] Usuario recuperado. color: #FF9800; font-style: italic; @ http://localhost:4200/chunk-72LYY77U.js:59
[10229605ms] [LOG] %c🚪 [SecurityService] Limpiando datos de autenticación... color: #F44336; font-style: italic; @ http://localhost:4200/chunk-72LYY77U.js:59
[10229605ms] [LOG] %c🗑️ [StorageService] Eliminando clave: 'userAuthData' color: #F44336; font-style: italic; @ http://localhost:4200/chunk-72LYY77U.js:59
[10229605ms] [LOG] %c✅ [StorageService] Clave 'userAuthData' eliminada. color: #9E9E9E; font-style: italic; @ http://localhost:4200/chunk-72LYY77U.js:59
[10229605ms] [LOG] %c🗑️ [StorageService] Eliminando clave: 'accessToken' color: #F44336; font-style: italic; @ http://localhost:4200/chunk-72LYY77U.js:59
[10229606ms] [LOG] %c✅ [StorageService] Clave 'accessToken' eliminada. color: #9E9E9E; font-style: italic; @ http://localhost:4200/chunk-72LYY77U.js:59
[10229606ms] [LOG] %c🧹 [SecurityService] Datos de sesión eliminados: userAuthData y accessToken. color: #9E9E9E; font-style: italic; @ http://localhost:4200/chunk-72LYY77U.js:59
[10229607ms] [LOG] %c [Login] Datos de sesion previa eliminados. color: #9E9E9E; font-style: italic; @ http://localhost:4200/chunk-72LYY77U.js:59
[10229607ms] [LOG] %c🚪 [SecurityService] Limpiando datos de autenticación... color: #F44336; font-style: italic; @ http://localhost:4200/chunk-72LYY77U.js:59
[10229607ms] [LOG] %c🗑️ [StorageService] Eliminando clave: 'userAuthData' color: #F44336; font-style: italic; @ http://localhost:4200/chunk-72LYY77U.js:59
[10229607ms] [LOG] %c✅ [StorageService] Clave 'userAuthData' eliminada. color: #9E9E9E; font-style: italic; @ http://localhost:4200/chunk-72LYY77U.js:59
[10229608ms] [LOG] %c🗑️ [StorageService] Eliminando clave: 'accessToken' color: #F44336; font-style: italic; @ http://localhost:4200/chunk-72LYY77U.js:59
[10229608ms] [LOG] %c✅ [StorageService] Clave 'accessToken' eliminada. color: #9E9E9E; font-style: italic; @ http://localhost:4200/chunk-72LYY77U.js:59
[10229608ms] [LOG] %c🧹 [SecurityService] Datos de sesión eliminados: userAuthData y accessToken. color: #9E9E9E; font-style: italic; @ http://localhost:4200/chunk-72LYY77U.js:59
[10229704ms] [WARNING] NG0913: An image with src http://localhost:4200/assets/oficial/Logo%20Files/png/Color%20logo%20-%20no%20background.png has intrinsic file dimensions much larger than its rendered size. This can negatively impact application loading performance. For more information about addressing or disabling this warning, see https://v22.angular.dev/errors/NG0913. Find more at https://v22.angular.dev/errors/NG0913 @ http://localhost:4200/@fs/D:/repos/luxuryapp-api/appsweb/angular/.angular/cache/22.1.8/luxury-app/vite/deps/core-gRj2gSiC.js?v=1af8eeaa:17980
[10229704ms] [WARNING] NG0913: An image with src http://localhost:4200/assets/oficial/Logo%20Files/png/Color%20logo%20-%20no%20background.png has intrinsic file dimensions much larger than its rendered size. This can negatively impact application loading performance. For more information about addressing or disabling this warning, see https://v22.angular.dev/errors/NG0913. Find more at https://v22.angular.dev/errors/NG0913 @ http://localhost:4200/@fs/D:/repos/luxuryapp-api/appsweb/angular/.angular/cache/22.1.8/luxury-app/vite/deps/core-gRj2gSiC.js?v=1af8eeaa:17980
[10229705ms] [WARNING] NG0913: An image with src http://localhost:4200/assets/oficial/Logo%20Files/png/White%20logo%20-%20no%20background.png has intrinsic file dimensions much larger than its rendered size. This can negatively impact application loading performance. For more information about addressing or disabling this warning, see https://v22.angular.dev/errors/NG0913. Find more at https://v22.angular.dev/errors/NG0913 @ http://localhost:4200/@fs/D:/repos/luxuryapp-api/appsweb/angular/.angular/cache/22.1.8/luxury-app/vite/deps/core-gRj2gSiC.js?v=1af8eeaa:17980
[10229710ms] [VERBOSE] [DOM] Input elements should have autocomplete attributes (suggested: "current-password"): (More info: https://goo.gl/9p2vKq) @ http://localhost:4200/auth/login:0
[10525692ms] [LOG] %c📦 [StorageService] Inicializando servicio de almacenamiento local... color: #3F51B5; font-style: italic; @ http://localhost:4200/chunk-72LYY77U.js:59
[10525694ms] [LOG] %c [AuthService] Verificando ruta inicial: /auth/login | Es publica: true color: #9C27B0; font-style: italic; @ http://localhost:4200/chunk-72LYY77U.js:59
[10525694ms] [LOG] %c [AuthService] Ruta publica detectada. Omitiendo login silencioso. color: #FFC107; font-style: italic; @ http://localhost:4200/chunk-72LYY77U.js:59
[10525695ms] [LOG] %c🚀 [Initializer] Starting application state initialization... color: purple; font-style: italic; @ http://localhost:4200/chunk-72LYY77U.js:59
[10525696ms] [LOG] %c🤷 [Initializer] No user session. Skipping customer state initialization. color: #9E9E9E; font-style: italic; @ http://localhost:4200/chunk-72LYY77U.js:59
[10525697ms] [LOG] %c✅ [Initializer] State initialization complete. color: green; font-style: italic; @ http://localhost:4200/chunk-72LYY77U.js:59
[10525879ms] [LOG] %c🔄 UpdateService: Inicializando servicio de actualizaciones color: blue; font-weight: bold; @ http://localhost:4200/chunk-WEIOKMZ7.js:10
[10525879ms] [LOG] %c🔄 UpdateService: ❌ Service Worker NO habilitado color: red; font-weight: bold; @ http://localhost:4200/chunk-WEIOKMZ7.js:22
[10525902ms] [LOG] %c🚀 [App] ¡Aplicación iniciada! Soy más ligero y rápido que nunca. color: #673AB7; font-style: italic; @ http://localhost:4200/chunk-72LYY77U.js:59
[10525945ms] [LOG] Angular is running in development mode. @ http://localhost:4200/@fs/D:/repos/luxuryapp-api/appsweb/angular/.angular/cache/22.1.8/luxury-app/vite/deps/core-gRj2gSiC.js?v=1af8eeaa:9175
[10526208ms] [LOG] %c🔐 [SecurityService] Servicio de seguridad inicializado. color: #3F51B5; font-style: italic; @ http://localhost:4200/chunk-72LYY77U.js:59
[10526249ms] [LOG] %c [Login] Iniciando.. color: #607D8B; font-style: italic; @ http://localhost:4200/chunk-72LYY77U.js:59
[10526249ms] [LOG] %c [Login] Usando / como redireccion por defecto. color: #607D8B; font-style: italic; @ http://localhost:4200/chunk-72LYY77U.js:59
[10526250ms] [LOG] %c [Login] URL final de redireccion: / color: #2196F3; font-style: italic; @ http://localhost:4200/chunk-72LYY77U.js:59
[10526250ms] [LOG] %c [Login] Usuario recuperado. color: #FF9800; font-style: italic; @ http://localhost:4200/chunk-72LYY77U.js:59
[10526251ms] [LOG] %c🚪 [SecurityService] Limpiando datos de autenticación... color: #F44336; font-style: italic; @ http://localhost:4200/chunk-72LYY77U.js:59
[10526251ms] [LOG] %c🗑️ [StorageService] Eliminando clave: 'userAuthData' color: #F44336; font-style: italic; @ http://localhost:4200/chunk-72LYY77U.js:59
[10526252ms] [LOG] %c✅ [StorageService] Clave 'userAuthData' eliminada. color: #9E9E9E; font-style: italic; @ http://localhost:4200/chunk-72LYY77U.js:59
[10526252ms] [LOG] %c🗑️ [StorageService] Eliminando clave: 'accessToken' color: #F44336; font-style: italic; @ http://localhost:4200/chunk-72LYY77U.js:59
[10526253ms] [LOG] %c✅ [StorageService] Clave 'accessToken' eliminada. color: #9E9E9E; font-style: italic; @ http://localhost:4200/chunk-72LYY77U.js:59
[10526253ms] [LOG] %c🧹 [SecurityService] Datos de sesión eliminados: userAuthData y accessToken. color: #9E9E9E; font-style: italic; @ http://localhost:4200/chunk-72LYY77U.js:59
[10526254ms] [LOG] %c [Login] Datos de sesion previa eliminados. color: #9E9E9E; font-style: italic; @ http://localhost:4200/chunk-72LYY77U.js:59
[10526255ms] [LOG] %c🚪 [SecurityService] Limpiando datos de autenticación... color: #F44336; font-style: italic; @ http://localhost:4200/chunk-72LYY77U.js:59
[10526255ms] [LOG] %c🗑️ [StorageService] Eliminando clave: 'userAuthData' color: #F44336; font-style: italic; @ http://localhost:4200/chunk-72LYY77U.js:59
[10526255ms] [LOG] %c✅ [StorageService] Clave 'userAuthData' eliminada. color: #9E9E9E; font-style: italic; @ http://localhost:4200/chunk-72LYY77U.js:59
[10526256ms] [LOG] %c🗑️ [StorageService] Eliminando clave: 'accessToken' color: #F44336; font-style: italic; @ http://localhost:4200/chunk-72LYY77U.js:59
[10526256ms] [LOG] %c✅ [StorageService] Clave 'accessToken' eliminada. color: #9E9E9E; font-style: italic; @ http://localhost:4200/chunk-72LYY77U.js:59
[10526257ms] [LOG] %c🧹 [SecurityService] Datos de sesión eliminados: userAuthData y accessToken. color: #9E9E9E; font-style: italic; @ http://localhost:4200/chunk-72LYY77U.js:59
[10526381ms] [VERBOSE] [DOM] Input elements should have autocomplete attributes (suggested: "current-password"): (More info: https://goo.gl/9p2vKq) @ http://localhost:4200/auth/login:0
[10544829ms] [LOG] [vite] server connection lost. Polling for restart... @ http://localhost:4200/@vite/client:992
[10546150ms] [LOG] %c📦 [StorageService] Inicializando servicio de almacenamiento local... color: #3F51B5; font-style: italic; @ http://localhost:4200/chunk-72LYY77U.js:59
[10546154ms] [LOG] %c [AuthService] Verificando ruta inicial: /auth/login | Es publica: true color: #9C27B0; font-style: italic; @ http://localhost:4200/chunk-72LYY77U.js:59
[10546154ms] [LOG] %c [AuthService] Ruta publica detectada. Omitiendo login silencioso. color: #FFC107; font-style: italic; @ http://localhost:4200/chunk-72LYY77U.js:59
[10546155ms] [LOG] %c🚀 [Initializer] Starting application state initialization... color: purple; font-style: italic; @ http://localhost:4200/chunk-72LYY77U.js:59
[10546157ms] [LOG] %c🤷 [Initializer] No user session. Skipping customer state initialization. color: #9E9E9E; font-style: italic; @ http://localhost:4200/chunk-72LYY77U.js:59
[10546158ms] [LOG] %c✅ [Initializer] State initialization complete. color: green; font-style: italic; @ http://localhost:4200/chunk-72LYY77U.js:59
[10546310ms] [LOG] %c🔄 UpdateService: Inicializando servicio de actualizaciones color: blue; font-weight: bold; @ http://localhost:4200/chunk-WEIOKMZ7.js:10
[10546310ms] [LOG] %c🔄 UpdateService: ❌ Service Worker NO habilitado color: red; font-weight: bold; @ http://localhost:4200/chunk-WEIOKMZ7.js:22
[10546330ms] [LOG] %c🚀 [App] ¡Aplicación iniciada! Soy más ligero y rápido que nunca. color: #673AB7; font-style: italic; @ http://localhost:4200/chunk-72LYY77U.js:59
[10546372ms] [LOG] Angular is running in development mode. @ http://localhost:4200/@fs/D:/repos/luxuryapp-api/appsweb/angular/.angular/cache/22.1.8/luxury-app/vite/deps/core-gRj2gSiC.js?v=425e8364:9175
[10546667ms] [LOG] %c🔐 [SecurityService] Servicio de seguridad inicializado. color: #3F51B5; font-style: italic; @ http://localhost:4200/chunk-72LYY77U.js:59
[10546723ms] [LOG] %c [Login] Iniciando.. color: #607D8B; font-style: italic; @ http://localhost:4200/chunk-72LYY77U.js:59
[10546723ms] [LOG] %c [Login] Usando / como redireccion por defecto. color: #607D8B; font-style: italic; @ http://localhost:4200/chunk-72LYY77U.js:59
[10546724ms] [LOG] %c [Login] URL final de redireccion: / color: #2196F3; font-style: italic; @ http://localhost:4200/chunk-72LYY77U.js:59
[10546725ms] [LOG] %c [Login] Usuario recuperado. color: #FF9800; font-style: italic; @ http://localhost:4200/chunk-72LYY77U.js:59
[10546725ms] [LOG] %c🚪 [SecurityService] Limpiando datos de autenticación... color: #F44336; font-style: italic; @ http://localhost:4200/chunk-72LYY77U.js:59
[10546726ms] [LOG] %c🗑️ [StorageService] Eliminando clave: 'userAuthData' color: #F44336; font-style: italic; @ http://localhost:4200/chunk-72LYY77U.js:59
[10546726ms] [LOG] %c✅ [StorageService] Clave 'userAuthData' eliminada. color: #9E9E9E; font-style: italic; @ http://localhost:4200/chunk-72LYY77U.js:59
[10546727ms] [LOG] %c🗑️ [StorageService] Eliminando clave: 'accessToken' color: #F44336; font-style: italic; @ http://localhost:4200/chunk-72LYY77U.js:59
[10546727ms] [LOG] %c✅ [StorageService] Clave 'accessToken' eliminada. color: #9E9E9E; font-style: italic; @ http://localhost:4200/chunk-72LYY77U.js:59
[10546727ms] [LOG] %c🧹 [SecurityService] Datos de sesión eliminados: userAuthData y accessToken. color: #9E9E9E; font-style: italic; @ http://localhost:4200/chunk-72LYY77U.js:59
[10546728ms] [LOG] %c [Login] Datos de sesion previa eliminados. color: #9E9E9E; font-style: italic; @ http://localhost:4200/chunk-72LYY77U.js:59
[10546728ms] [LOG] %c🚪 [SecurityService] Limpiando datos de autenticación... color: #F44336; font-style: italic; @ http://localhost:4200/chunk-72LYY77U.js:59
[10546729ms] [LOG] %c🗑️ [StorageService] Eliminando clave: 'userAuthData' color: #F44336; font-style: italic; @ http://localhost:4200/chunk-72LYY77U.js:59
[10546729ms] [LOG] %c✅ [StorageService] Clave 'userAuthData' eliminada. color: #9E9E9E; font-style: italic; @ http://localhost:4200/chunk-72LYY77U.js:59
[10546729ms] [LOG] %c🗑️ [StorageService] Eliminando clave: 'accessToken' color: #F44336; font-style: italic; @ http://localhost:4200/chunk-72LYY77U.js:59
[10546730ms] [LOG] %c✅ [StorageService] Clave 'accessToken' eliminada. color: #9E9E9E; font-style: italic; @ http://localhost:4200/chunk-72LYY77U.js:59
[10546730ms] [LOG] %c🧹 [SecurityService] Datos de sesión eliminados: userAuthData y accessToken. color: #9E9E9E; font-style: italic; @ http://localhost:4200/chunk-72LYY77U.js:59
[10546902ms] [VERBOSE] [DOM] Input elements should have autocomplete attributes (suggested: "current-password"): (More info: https://goo.gl/9p2vKq) @ http://localhost:4200/auth/login:0
