[     231ms] [LOG] %c📦 [StorageService] Inicializando servicio de almacenamiento local... color: #3F51B5; font-style: italic; @ http://localhost:4200/chunk-RY7YES3A.js:2875
[     236ms] [LOG] %c [AuthService] Verificando ruta inicial: /inspections/inspection-report-list | Es publica: false color: #9C27B0; font-style: italic; @ http://localhost:4200/chunk-RY7YES3A.js:2875
[     236ms] [LOG] %c [AuthService] Ruta no publica. Intentando login silencioso... color: #009688; font-style: italic; @ http://localhost:4200/chunk-RY7YES3A.js:2875
[     243ms] [LOG] %c🚀 [Initializer] Starting application state initialization... color: purple; font-style: italic; @ http://localhost:4200/chunk-RY7YES3A.js:2875
[     360ms] [LOG] %c [AuthService] Token renovado. Actualizando sesion en memoria. color: color: #4CAF50; font-style: italic;; font-style: italic; @ http://localhost:4200/chunk-RY7YES3A.js:2875
[     360ms] [LOG] %c [AuthTrace] refresh.success.before-set color: #03A9F4; font-style: italic; {at: 2026-10-01T14:56:34.602Z, applicationUserId: 63f5fe75-4fbb-4328-a2dd-b7224778752e, tokenCustomerId: 019c6bee-028a-70e4-98ea-557b645a3ae0, roles: Array(1), customerAccessCount: 10} @ http://localhost:4200/chunk-RY7YES3A.js:2875
[     361ms] [LOG] %c [AuthTrace] refresh.success.after-set color: #03A9F4; font-style: italic; {at: 2026-10-01T14:56:34.602Z, applicationUserId: 63f5fe75-4fbb-4328-a2dd-b7224778752e, tokenCustomerId: 019c6bee-028a-70e4-98ea-557b645a3ae0, roles: Array(1), customerAccessCount: 10} @ http://localhost:4200/chunk-RY7YES3A.js:2875
[     362ms] [LOG] %cLINK [SignalR] Construyendo conexion... color: blue; font-style: italic; @ http://localhost:4200/chunk-RY7YES3A.js:2875
[     362ms] [LOG] %cHEADSET [SignalR] Registrando listeners... color: cyan; font-style: italic; @ http://localhost:4200/chunk-RY7YES3A.js:2875
[     363ms] [LOG] %cLINK [SignalR] Iniciando conexion... color: blue; font-style: italic; @ http://localhost:4200/chunk-RY7YES3A.js:2875
[     364ms] [LOG] %c [AuthTrace] trySilentLogin.finalize color: #8BC34A; font-style: italic; {at: 2026-10-01T14:56:34.605Z, isAuthenticated: true} @ http://localhost:4200/chunk-RY7YES3A.js:2875
[     364ms] [LOG] %c🏢 [Initializer] User session found. Initializing customer state... color: #3F51B5; font-style: italic; @ http://localhost:4200/chunk-RY7YES3A.js:2875
[     365ms] [LOG] %c🔍 [StorageService] Recuperando valor para clave: 'customerId' color: #2196F3; font-style: italic; @ http://localhost:4200/chunk-RY7YES3A.js:2875
[     366ms] [LOG] %c [CustomerTrace] initialize.start color: #FF9800; font-style: italic; {at: 2026-10-01T14:56:34.606Z, state: Object, storedCustomerId: 019c6bee-028a-70e4-98ea-557b645a3ae0, tokenCustomerId: 019c6bee-028a-70e4-98ea-557b645a3ae0, customerAccess: Array(10)} @ http://localhost:4200/chunk-RY7YES3A.js:2875
[     367ms] [LOG] %c🔍 [StorageService] Recuperando valor para clave: 'customerId' color: #2196F3; font-style: italic; @ http://localhost:4200/chunk-RY7YES3A.js:2875
[     368ms] [LOG] %c🔍 [StorageService] Recuperando valor para clave: 'customerId' color: #2196F3; font-style: italic; @ http://localhost:4200/chunk-RY7YES3A.js:2875
[     369ms] [LOG] %c [CustomerTrace] initialize.selected-customer color: #FF9800; font-style: italic; {at: 2026-10-01T14:56:34.609Z, state: Object, storedCustomerId: 019c6bee-028a-70e4-98ea-557b645a3ae0, selectedCustomerId: 019c6bee-028a-70e4-98ea-557b645a3ae0} @ http://localhost:4200/chunk-RY7YES3A.js:2875
[     370ms] [LOG] %c💾 [StorageService] Guardando clave: 'customerId' color: #FF9800; font-style: italic; {value: 019c6bee-028a-70e4-98ea-557b645a3ae0} @ http://localhost:4200/chunk-RY7YES3A.js:2875
[     371ms] [LOG] %c✅ [StorageService] Clave 'customerId' guardada exitosamente. color: #4CAF50; font-style: italic; @ http://localhost:4200/chunk-RY7YES3A.js:2875
[     371ms] [LOG] %c🔍 [StorageService] Recuperando valor para clave: 'customerId' color: #2196F3; font-style: italic; @ http://localhost:4200/chunk-RY7YES3A.js:2875
[     372ms] [LOG] %c [CustomerTrace] loadDataForCustomer.start color: #FF9800; font-style: italic; {at: 2026-10-01T14:56:34.613Z, state: Object, storedCustomerId: 019c6bee-028a-70e4-98ea-557b645a3ae0, customerId: 019c6bee-028a-70e4-98ea-557b645a3ae0} @ http://localhost:4200/chunk-RY7YES3A.js:2875
[     373ms] [LOG] %c🛡️ [JwtInterceptorFn] Auth check completado. Interceptando ruta: color: #FF0000; font-style: italic; http://localhost:7070/api/customers/019c6bee-028a-70e4-98ea-557b645a3ae0 @ http://localhost:4200/chunk-RY7YES3A.js:2875
[     374ms] [LOG] %c🔍 [StorageService] Recuperando valor para clave: 'customerId' color: #2196F3; font-style: italic; @ http://localhost:4200/chunk-RY7YES3A.js:2875
[     375ms] [LOG] %c🔍 [StorageService] Recuperando valor para clave: 'customerId' color: #2196F3; font-style: italic; @ http://localhost:4200/chunk-RY7YES3A.js:2875
[     376ms] [LOG] %c [JwtTrace] request color: #F44336; font-style: italic; {at: 2026-10-01T14:56:34.616Z, url: http://localhost:7070/api/customers/019c6bee-028a-70e4-98ea-557b645a3ae0, method: GET, appUserId: 63f5fe75-4fbb-4328-a2dd-b7224778752e, storageCustomerId: 019c6bee-028a-70e4-98ea-557b645a3ae0} @ http://localhost:4200/chunk-RY7YES3A.js:2875
[     398ms] [INFO] [2026-10-01T14:56:34.639Z] Information: WebSocket connected to ws://localhost:7070/ws/notificationHub?id=VOTidpb15ATB69GgGspK4w&access_token=eyJhbGciOiJIUzI1NiIsInR5cCI6IkpXVCJ9.eyJzdWIiOiI2M2Y1ZmU3NS00ZmJiLTQzMjgtYTJkZC1iNzIyNDc3ODc1MmUiLCJqdGkiOiIwMWEwZjdmNy05YjExLTdhNTMtOTMwNy00YTE2MGJhMjI5ZTgiLCJpYXQiOjE3OTA4NjY1OTQsIm5hbWUiOiJBZG1pbmlzdHJhZG9yIExCRyIsImVtYWlsIjoiaW5mb0BsdXh1cnlidWlsZGluZy5jb20ubXgiLCJ1c2VybmFtZSI6ImFkbWluIiwiY3VzdG9tZXJJZCI6IjAxOWM2YmVlLTAyOGEtNzBlNC05OGVhLTU1N2I2NDVhM2FlMCIsImN1c3RvbWVyTmFtZSI6IkxVWFVSWSBCVUlMRElORyBHUk9VUCBTQSBERSBDViIsImZpcnN0TmFtZSI6IkFkbWluaXN0cmFkb3IiLCJsYXN0TmFtZSI6IkxCRyIsInBob25lIjoiKDU1KSAwMDAwLSAwMDAwIiwicGhvdG9QYXRoIjoiaHR0cDovL2xvY2FsaG9zdDo3MDcwL2FwaS9maWxlcy9kb3dubG9hZD9maWxlUGF0aD1wdWJsaWMlMmZBZG1pbmlzdHJhdGlvbiUyZmFjY291bnRzJTJmMDFhMGM0M2ItYzFjOC03Njc1LWE0ODYtN2Y2NzhiNGM1NTU4LnBuZyIsInBvc2l0aW9uIjoiRGVzY29ub2NpZG8iLCJodHRwOi8vc2NoZW1hcy5taWNyb3NvZnQuY29tL3dzLzIwMDgvMDYvaWRlbnRpdHkvY2xhaW1zL3JvbGUiOiJTdXBlclVzdWFyaW8iLCJyb2xlSWQiOiI2OTlkN2NjMS1kMTQzLTQ5ODUtYjU1YS1kMDMwODY0YzY5M2UiLCJleHAiOjE3OTA4NzAxOTQsImlzcyI6Imh0dHBzOi8vbG9jYWxob3N0OjcwNjkiLCJhdWQiOiJodHRwczovL2xvY2FsaG9zdDo0MjAwIn0.ILtGwCotCgNQJupCsPuv84sWLgb7iCbgcqr6PiSVrh0. @ http://localhost:4200/@fs/D:/repos/luxuryapp-api/appsweb/angular/.angular/cache/22.1.8/luxury-app/vite/deps/@microsoft_signalr.js?v=3ac07549:308
[     398ms] [INFO] [2026-10-01T14:56:34.640Z] Information: Using HubProtocol 'json'. @ http://localhost:4200/@fs/D:/repos/luxuryapp-api/appsweb/angular/.angular/cache/22.1.8/luxury-app/vite/deps/@microsoft_signalr.js?v=3ac07549:308
[     401ms] [LOG] %c🔍 [StorageService] Recuperando valor para clave: 'customerId' color: #2196F3; font-style: italic; @ http://localhost:4200/chunk-RY7YES3A.js:2875
[     402ms] [LOG] %c [CustomerTrace] loadDataForCustomer.response color: #FF9800; font-style: italic; {at: 2026-10-01T14:56:34.642Z, state: Object, storedCustomerId: 019c6bee-028a-70e4-98ea-557b645a3ae0, customerId: 019c6bee-028a-70e4-98ea-557b645a3ae0, success: true} @ http://localhost:4200/chunk-RY7YES3A.js:2875
[     402ms] [LOG] %c🔍 [StorageService] Recuperando valor para clave: 'customerId' color: #2196F3; font-style: italic; @ http://localhost:4200/chunk-RY7YES3A.js:2875
[     402ms] [LOG] %c [CustomerTrace] loadDataForCustomer.ready color: #FF9800; font-style: italic; {at: 2026-10-01T14:56:34.644Z, state: Object, storedCustomerId: 019c6bee-028a-70e4-98ea-557b645a3ae0, customerId: 019c6bee-028a-70e4-98ea-557b645a3ae0} @ http://localhost:4200/chunk-RY7YES3A.js:2875
[     403ms] [LOG] %c✅ [Initializer] State initialization complete. color: green; font-style: italic; @ http://localhost:4200/chunk-RY7YES3A.js:2875
[     406ms] [LOG] %c🔄 UpdateService: Inicializando servicio de actualizaciones color: blue; font-weight: bold; @ http://localhost:4200/chunk-2BPO4FAW.js:17
[     407ms] [LOG] %c🔄 UpdateService: ❌ Service Worker NO habilitado color: red; font-weight: bold; @ http://localhost:4200/chunk-2BPO4FAW.js:33
[     414ms] [LOG] %c🚀 [App] ¡Aplicación iniciada! Soy más ligero y rápido que nunca. color: #673AB7; font-style: italic; @ http://localhost:4200/chunk-RY7YES3A.js:2875
[     416ms] [LOG] %c⚠️ [App] Notificaciones bloqueadas por el usuario color: orange;font-style: italic @ http://localhost:4200/chunk-RY7YES3A.js:2888
[     421ms] [LOG] Angular is running in development mode. @ http://localhost:4200/@fs/D:/repos/luxuryapp-api/appsweb/angular/.angular/cache/22.1.8/luxury-app/vite/deps/core-BtAdGG1h.js?v=79c56015:9175
[     423ms] [LOG] %cLINK [SignalR] Conexion iniciada con exito. color: green; font-style: italic; @ http://localhost:4200/chunk-RY7YES3A.js:2875
[     424ms] [LOG] %cSTATE [SignalR] connectionId = 'YdLNIltzSsgh2yOUWYGRsQ' color: green; font-style: italic; @ http://localhost:4200/chunk-RY7YES3A.js:2875
[     426ms] [LOG] %cUSER [SignalR] Evento ConnectedUser recibido: color: blue; font-style: italic; Bienvenido 63f5fe75-4fbb-4328-a2dd-b7224778752e @ http://localhost:4200/chunk-RY7YES3A.js:2875
[     771ms] [LOG] %c🎉 [LayoutEmployee] ¡Layout de empleado cargado! Despertando a los gigantes (SignalR, OneSignal...) color: #2196F3; font-style: italic; @ http://localhost:4200/chunk-RY7YES3A.js:2875
[     772ms] [LOG] %cLINK [SignalR] Construyendo conexion... color: blue; font-style: italic; @ http://localhost:4200/chunk-RY7YES3A.js:2875
[     772ms] [LOG] %cHEADSET [SignalR] Registrando listeners... color: cyan; font-style: italic; @ http://localhost:4200/chunk-RY7YES3A.js:2875
[     772ms] [LOG] %cLINK [SignalR] Iniciando conexion... color: blue; font-style: italic; @ http://localhost:4200/chunk-RY7YES3A.js:2875
[     772ms] [LOG] %cℹ️ [LayoutEmployee] Usuario 63f5fe75-4fbb-4328-a2dd-b7224778752e autenticado. Iniciando OneSignal... color: dodgerblue;font-style: italic @ http://localhost:4200/chunk-RY7YES3A.js:2888
[     773ms] [LOG] %c... [OneSignal] Esperando que el SDK este listo... color: orange; font-style: italic; @ http://localhost:4200/chunk-RY7YES3A.js:2875
[     797ms] [LOG] %c🛡️ [JwtInterceptorFn] Auth check completado. Interceptando ruta: color: #FF0000; font-style: italic; http://localhost:7070/api/select-items/customer-inspections/019c6bee-028a-70e4-98ea-557b645a3ae0 @ http://localhost:4200/chunk-RY7YES3A.js:2875
[     798ms] [LOG] %c🔍 [StorageService] Recuperando valor para clave: 'customerId' color: #2196F3; font-style: italic; @ http://localhost:4200/chunk-RY7YES3A.js:2875
[     799ms] [LOG] %c🔍 [StorageService] Recuperando valor para clave: 'customerId' color: #2196F3; font-style: italic; @ http://localhost:4200/chunk-RY7YES3A.js:2875
[     800ms] [LOG] %c [JwtTrace] request color: #F44336; font-style: italic; {at: 2026-10-01T14:56:35.040Z, url: http://localhost:7070/api/select-items/customer-inspections/019c6bee-028a-70e4-98ea-557b645a3ae0, method: GET, appUserId: 63f5fe75-4fbb-4328-a2dd-b7224778752e, storageCustomerId: 019c6bee-028a-70e4-98ea-557b645a3ae0} @ http://localhost:4200/chunk-RY7YES3A.js:2875
[     815ms] [WARNING] 
  It looks like you're using the disabled attribute with a reactive form directive. If you set disabled to true
  when you set up this control in your component class, the disabled attribute will actually be set in the DOM for
  you. We recommend using this approach to avoid 'changed after checked' errors.

  Example:
  // Specify the `disabled` property at control creation time:
  form = new FormGroup({
    first: new FormControl({value: 'Nancy', disabled: true}, Validators.required),
    last: new FormControl('Drew', Validators.required)
  });

  // Controls can also be enabled/disabled after creation:
  form.get('first')?.enable();
  form.get('last')?.disable();
 @ http://localhost:4200/@fs/D:/repos/luxuryapp-api/appsweb/angular/.angular/cache/22.1.8/luxury-app/vite/deps/@angular_forms.js?v=3ac07549:3968
[     855ms] [LOG] %c🛡️ [JwtInterceptorFn] Auth check completado. Interceptando ruta: color: #FF0000; font-style: italic; http://localhost:7070/api/notifications @ http://localhost:4200/chunk-RY7YES3A.js:2875
[     856ms] [LOG] %c🔍 [StorageService] Recuperando valor para clave: 'customerId' color: #2196F3; font-style: italic; @ http://localhost:4200/chunk-RY7YES3A.js:2875
[     857ms] [LOG] %c🔍 [StorageService] Recuperando valor para clave: 'customerId' color: #2196F3; font-style: italic; @ http://localhost:4200/chunk-RY7YES3A.js:2875
[     858ms] [LOG] %c [JwtTrace] request color: #F44336; font-style: italic; {at: 2026-10-01T14:56:35.099Z, url: http://localhost:7070/api/notifications, method: GET, appUserId: 63f5fe75-4fbb-4328-a2dd-b7224778752e, storageCustomerId: 019c6bee-028a-70e4-98ea-557b645a3ae0} @ http://localhost:4200/chunk-RY7YES3A.js:2875
[     861ms] [LOG] %c🛡️ [JwtInterceptorFn] Auth check completado. Interceptando ruta: color: #FF0000; font-style: italic; http://localhost:7070/api/notifications/unread-count @ http://localhost:4200/chunk-RY7YES3A.js:2875
[     864ms] [LOG] %c🔍 [StorageService] Recuperando valor para clave: 'customerId' color: #2196F3; font-style: italic; @ http://localhost:4200/chunk-RY7YES3A.js:2875
[     865ms] [LOG] %c🔍 [StorageService] Recuperando valor para clave: 'customerId' color: #2196F3; font-style: italic; @ http://localhost:4200/chunk-RY7YES3A.js:2875
[     866ms] [LOG] %c [JwtTrace] request color: #F44336; font-style: italic; {at: 2026-10-01T14:56:35.106Z, url: http://localhost:7070/api/notifications/unread-count, method: GET, appUserId: 63f5fe75-4fbb-4328-a2dd-b7224778752e, storageCustomerId: 019c6bee-028a-70e4-98ea-557b645a3ae0} @ http://localhost:4200/chunk-RY7YES3A.js:2875
[     876ms] [LOG] %c [MenuTrace] effect.tick color: #9C27B0; font-style: italic; {at: 2026-10-01T14:56:35.118Z, customerId: 019c6bee-028a-70e4-98ea-557b645a3ae0, customerReady: true, applicationUserId: 63f5fe75-4fbb-4328-a2dd-b7224778752e, lastCustomerId: null} @ http://localhost:4200/chunk-RY7YES3A.js:2875
[     877ms] [LOG] %c [MenuService] Customer data and session are ready. Loading menu... color: green; font-style: italic; @ http://localhost:4200/chunk-RY7YES3A.js:2875
[     878ms] [LOG] %c [MenuTrace] triggerMenuLoad.start color: #9C27B0; font-style: italic; {at: 2026-10-01T14:56:35.119Z, customerId: 019c6bee-028a-70e4-98ea-557b645a3ae0, customerReady: true, applicationUserId: 63f5fe75-4fbb-4328-a2dd-b7224778752e, lastCustomerId: null} @ http://localhost:4200/chunk-RY7YES3A.js:2875
[     878ms] [LOG] %c🛡️ [JwtInterceptorFn] Auth check completado. Interceptando ruta: color: #FF0000; font-style: italic; http://localhost:7070/api/menu-items/019c6bee-028a-70e4-98ea-557b645a3ae0 @ http://localhost:4200/chunk-RY7YES3A.js:2875
[     879ms] [LOG] %c🔍 [StorageService] Recuperando valor para clave: 'customerId' color: #2196F3; font-style: italic; @ http://localhost:4200/chunk-RY7YES3A.js:2875
[     880ms] [LOG] %c🔍 [StorageService] Recuperando valor para clave: 'customerId' color: #2196F3; font-style: italic; @ http://localhost:4200/chunk-RY7YES3A.js:2875
[     880ms] [LOG] %c [JwtTrace] request color: #F44336; font-style: italic; {at: 2026-10-01T14:56:35.121Z, url: http://localhost:7070/api/menu-items/019c6bee-028a-70e4-98ea-557b645a3ae0, method: GET, appUserId: 63f5fe75-4fbb-4328-a2dd-b7224778752e, storageCustomerId: 019c6bee-028a-70e4-98ea-557b645a3ae0} @ http://localhost:4200/chunk-RY7YES3A.js:2875
[     885ms] [LOG] %cok [OneSignal] SDK listo color: green; font-style: italic; @ http://localhost:4200/chunk-RY7YES3A.js:2875
[     910ms] [LOG] %c [API SUCCESS]: GET NoLoading: notifications color: gray; font-style: italic; [Object, Object, Object, Object, Object, Object, Object, Object, Object, Object, Object, Object, Object, Object, Object, Object, Object] @ http://localhost:4200/chunk-RY7YES3A.js:2875
[     912ms] [LOG] %c [API SUCCESS]: GET NoLoading: notifications/unread-count color: gray; font-style: italic; 17 @ http://localhost:4200/chunk-RY7YES3A.js:2875
[     937ms] [LOG] %c [API SUCCESS]: GET LIST: menu-items/019c6bee-028a-70e4-98ea-557b645a3ae0 color: teal; font-style: italic; [Object, Object, Object, Object, Object, Object, Object, Object, Object, Object, Object, Object, Object, Object, Object, Object, Object, Object, Object, Object, Object, Object, Object, Object] @ http://localhost:4200/chunk-RY7YES3A.js:2875
[     938ms] [LOG] %c [MenuTrace] fetchMenuItemsFromApi.success color: #9C27B0; font-style: italic; {at: 2026-10-01T14:56:35.179Z, customerId: 019c6bee-028a-70e4-98ea-557b645a3ae0, customerReady: true, applicationUserId: 63f5fe75-4fbb-4328-a2dd-b7224778752e, lastCustomerId: 019c6bee-028a-70e4-98ea-557b645a3ae0} @ http://localhost:4200/chunk-RY7YES3A.js:2875
[     938ms] [LOG] %c [MenuTrace] triggerMenuLoad.response color: #9C27B0; font-style: italic; {at: 2026-10-01T14:56:35.180Z, customerId: 019c6bee-028a-70e4-98ea-557b645a3ae0, customerReady: true, applicationUserId: 63f5fe75-4fbb-4328-a2dd-b7224778752e, lastCustomerId: 019c6bee-028a-70e4-98ea-557b645a3ae0} @ http://localhost:4200/chunk-RY7YES3A.js:2875
[     939ms] [INFO] [2026-10-01T14:56:35.181Z] Information: WebSocket connected to ws://localhost:7070/ws/notificationHub?id=a9oJN1kxR3jPev2-HPnhsQ&access_token=eyJhbGciOiJIUzI1NiIsInR5cCI6IkpXVCJ9.eyJzdWIiOiI2M2Y1ZmU3NS00ZmJiLTQzMjgtYTJkZC1iNzIyNDc3ODc1MmUiLCJqdGkiOiIwMWEwZjdmNy05YjExLTdhNTMtOTMwNy00YTE2MGJhMjI5ZTgiLCJpYXQiOjE3OTA4NjY1OTQsIm5hbWUiOiJBZG1pbmlzdHJhZG9yIExCRyIsImVtYWlsIjoiaW5mb0BsdXh1cnlidWlsZGluZy5jb20ubXgiLCJ1c2VybmFtZSI6ImFkbWluIiwiY3VzdG9tZXJJZCI6IjAxOWM2YmVlLTAyOGEtNzBlNC05OGVhLTU1N2I2NDVhM2FlMCIsImN1c3RvbWVyTmFtZSI6IkxVWFVSWSBCVUlMRElORyBHUk9VUCBTQSBERSBDViIsImZpcnN0TmFtZSI6IkFkbWluaXN0cmFkb3IiLCJsYXN0TmFtZSI6IkxCRyIsInBob25lIjoiKDU1KSAwMDAwLSAwMDAwIiwicGhvdG9QYXRoIjoiaHR0cDovL2xvY2FsaG9zdDo3MDcwL2FwaS9maWxlcy9kb3dubG9hZD9maWxlUGF0aD1wdWJsaWMlMmZBZG1pbmlzdHJhdGlvbiUyZmFjY291bnRzJTJmMDFhMGM0M2ItYzFjOC03Njc1LWE0ODYtN2Y2NzhiNGM1NTU4LnBuZyIsInBvc2l0aW9uIjoiRGVzY29ub2NpZG8iLCJodHRwOi8vc2NoZW1hcy5taWNyb3NvZnQuY29tL3dzLzIwMDgvMDYvaWRlbnRpdHkvY2xhaW1zL3JvbGUiOiJTdXBlclVzdWFyaW8iLCJyb2xlSWQiOiI2OTlkN2NjMS1kMTQzLTQ5ODUtYjU1YS1kMDMwODY0YzY5M2UiLCJleHAiOjE3OTA4NzAxOTQsImlzcyI6Imh0dHBzOi8vbG9jYWxob3N0OjcwNjkiLCJhdWQiOiJodHRwczovL2xvY2FsaG9zdDo0MjAwIn0.ILtGwCotCgNQJupCsPuv84sWLgb7iCbgcqr6PiSVrh0. @ http://localhost:4200/@fs/D:/repos/luxuryapp-api/appsweb/angular/.angular/cache/22.1.8/luxury-app/vite/deps/@microsoft_signalr.js?v=3ac07549:308
[     939ms] [INFO] [2026-10-01T14:56:35.181Z] Information: Using HubProtocol 'json'. @ http://localhost:4200/@fs/D:/repos/luxuryapp-api/appsweb/angular/.angular/cache/22.1.8/luxury-app/vite/deps/@microsoft_signalr.js?v=3ac07549:308
[     954ms] [ERROR] Failed to load resource: the server responded with a status of 404 (Not Found) @ http://localhost:7070/api/files/download?filePath=public%2fAdministration%2faccounts%2f01a0c43b-c1c8-7675-a486-7f678b4c5558.png:0
[     956ms] [LOG] %cLINK [SignalR] Conexion iniciada con exito. color: green; font-style: italic; @ http://localhost:4200/chunk-RY7YES3A.js:2875
[     956ms] [LOG] %cSTATE [SignalR] connectionId = '-QpCSfDVRZjiXqCRSpPV4w' color: green; font-style: italic; @ http://localhost:4200/chunk-RY7YES3A.js:2875
[     958ms] [LOG] %cUSER [SignalR] Evento ConnectedUser recibido: color: blue; font-style: italic; Bienvenido 63f5fe75-4fbb-4328-a2dd-b7224778752e @ http://localhost:4200/chunk-RY7YES3A.js:2875
[    1087ms] [LOG] %cpkg [OneSignal] Inicializado con App ID: color: teal; font-style: italic; 3d1f1ce3-638f-4a30-b093-ab617baf91a8 @ http://localhost:4200/chunk-RY7YES3A.js:2875
[    1087ms] [LOG] %cear [OneSignal] Listeners registrados. color: cyan; font-style: italic; @ http://localhost:4200/chunk-RY7YES3A.js:2875
[    1087ms] [LOG] %cuser [OneSignal] Usuario logueado con ExternalUserId: 63f5fe75-4fbb-4328-a2dd-b7224778752e color: darkslateblue; font-style: italic; @ http://localhost:4200/chunk-RY7YES3A.js:2875
[    1088ms] [LOG] %csub [OneSignal] Permiso: color: dodgerblue; font-style: italic; false | Suscrito: false @ http://localhost:4200/chunk-RY7YES3A.js:2875
[    1088ms] [LOG] %cwarn [OneSignal] Usuario no completamente suscrito. color: orange; font-style: italic; @ http://localhost:4200/chunk-RY7YES3A.js:2875
[    1210ms] [LOG] %c [API SUCCESS]: GET ITEM: select-items/customer-inspections/019c6bee-028a-70e4-98ea-557b645a3ae0 color: dodgerblue; font-style: italic; [] @ http://localhost:4200/chunk-RY7YES3A.js:2875
[   69779ms] [ERROR] [2026-10-01T14:57:44.020Z] Error: Connection disconnected with error 'Error: WebSocket closed with status code: 1006 (no reason given).'. @ http://localhost:4200/@fs/D:/repos/luxuryapp-api/appsweb/angular/.angular/cache/22.1.8/luxury-app/vite/deps/@microsoft_signalr.js?v=3ac07549:302
[   69780ms] [INFO] [2026-10-01T14:57:44.021Z] Information: Connection reconnecting because of error 'Error: WebSocket closed with status code: 1006 (no reason given).'. @ http://localhost:4200/@fs/D:/repos/luxuryapp-api/appsweb/angular/.angular/cache/22.1.8/luxury-app/vite/deps/@microsoft_signalr.js?v=3ac07549:308
[   69781ms] [LOG] %cWAIT [SignalR] Reintentando... color: orange; font-style: italic; Error: WebSocket closed with status code: 1006 (no reason given).
    at WebSocketTransport._close (http://localhost:4200/@fs/D:/repos/luxuryapp-api/appsweb/angular/.angular/cache/22.1.8/luxury-app/vite/deps/@microsoft_signalr.js?v=3ac07549:1839:133)
    at webSocket.onclose (http://localhost:4200/@fs/D:/repos/luxuryapp-api/appsweb/angular/.angular/cache/22.1.8/luxury-app/vite/deps/@microsoft_signalr.js?v=3ac07549:1808:22) @ http://localhost:4200/chunk-RY7YES3A.js:2875
[   69782ms] [INFO] [2026-10-01T14:57:44.023Z] Information: Reconnect attempt number 1 will start in 2000 ms. @ http://localhost:4200/@fs/D:/repos/luxuryapp-api/appsweb/angular/.angular/cache/22.1.8/luxury-app/vite/deps/@microsoft_signalr.js?v=3ac07549:308
[   69782ms] [LOG] [vite] server connection lost. Polling for restart... @ http://localhost:4200/@vite/client:992
[   69792ms] [ERROR] [2026-10-01T14:57:44.033Z] Error: Connection disconnected with error 'Error: WebSocket closed with status code: 1006 (no reason given).'. @ http://localhost:4200/@fs/D:/repos/luxuryapp-api/appsweb/angular/.angular/cache/22.1.8/luxury-app/vite/deps/@microsoft_signalr.js?v=3ac07549:302
[   69792ms] [INFO] [2026-10-01T14:57:44.033Z] Information: Connection reconnecting because of error 'Error: WebSocket closed with status code: 1006 (no reason given).'. @ http://localhost:4200/@fs/D:/repos/luxuryapp-api/appsweb/angular/.angular/cache/22.1.8/luxury-app/vite/deps/@microsoft_signalr.js?v=3ac07549:308
[   69792ms] [LOG] %cWAIT [SignalR] Reintentando... color: orange; font-style: italic; Error: WebSocket closed with status code: 1006 (no reason given).
    at WebSocketTransport._close (http://localhost:4200/@fs/D:/repos/luxuryapp-api/appsweb/angular/.angular/cache/22.1.8/luxury-app/vite/deps/@microsoft_signalr.js?v=3ac07549:1839:133)
    at webSocket.onclose (http://localhost:4200/@fs/D:/repos/luxuryapp-api/appsweb/angular/.angular/cache/22.1.8/luxury-app/vite/deps/@microsoft_signalr.js?v=3ac07549:1808:22) @ http://localhost:4200/chunk-RY7YES3A.js:2875
[   69793ms] [INFO] [2026-10-01T14:57:44.034Z] Information: Reconnect attempt number 1 will start in 2000 ms. @ http://localhost:4200/@fs/D:/repos/luxuryapp-api/appsweb/angular/.angular/cache/22.1.8/luxury-app/vite/deps/@microsoft_signalr.js?v=3ac07549:308
[   86926ms] [ERROR] Failed to load resource: net::ERR_NETWORK_IO_SUSPENDED @ http://localhost:7070/ws/notificationHub/negotiate?negotiateVersion=1:0
[   86927ms] [WARNING] [2026-10-01T14:58:01.168Z] Warning: Error from HTTP request. TypeError: Failed to fetch. @ http://localhost:4200/@fs/D:/repos/luxuryapp-api/appsweb/angular/.angular/cache/22.1.8/luxury-app/vite/deps/@microsoft_signalr.js?v=3ac07549:305
[   86927ms] [ERROR] [2026-10-01T14:58:01.168Z] Error: Failed to complete negotiation with the server: TypeError: Failed to fetch @ http://localhost:4200/@fs/D:/repos/luxuryapp-api/appsweb/angular/.angular/cache/22.1.8/luxury-app/vite/deps/@microsoft_signalr.js?v=3ac07549:302
[   86927ms] [ERROR] [2026-10-01T14:58:01.169Z] Error: Failed to start the connection: Error: Failed to complete negotiation with the server: TypeError: Failed to fetch @ http://localhost:4200/@fs/D:/repos/luxuryapp-api/appsweb/angular/.angular/cache/22.1.8/luxury-app/vite/deps/@microsoft_signalr.js?v=3ac07549:302
[   86928ms] [INFO] [2026-10-01T14:58:01.169Z] Information: Reconnect attempt failed because of error 'Error: Failed to complete negotiation with the server: TypeError: Failed to fetch'. @ http://localhost:4200/@fs/D:/repos/luxuryapp-api/appsweb/angular/.angular/cache/22.1.8/luxury-app/vite/deps/@microsoft_signalr.js?v=3ac07549:308
[   86928ms] [INFO] [2026-10-01T14:58:01.169Z] Information: Reconnect attempt number 2 will start in 5000 ms. @ http://localhost:4200/@fs/D:/repos/luxuryapp-api/appsweb/angular/.angular/cache/22.1.8/luxury-app/vite/deps/@microsoft_signalr.js?v=3ac07549:308
[   86928ms] [ERROR] Failed to load resource: net::ERR_NETWORK_IO_SUSPENDED @ http://localhost:7070/ws/notificationHub/negotiate?negotiateVersion=1:0
[   86930ms] [WARNING] [2026-10-01T14:58:01.171Z] Warning: Error from HTTP request. TypeError: Failed to fetch. @ http://localhost:4200/@fs/D:/repos/luxuryapp-api/appsweb/angular/.angular/cache/22.1.8/luxury-app/vite/deps/@microsoft_signalr.js?v=3ac07549:305
[   86930ms] [ERROR] [2026-10-01T14:58:01.172Z] Error: Failed to complete negotiation with the server: TypeError: Failed to fetch @ http://localhost:4200/@fs/D:/repos/luxuryapp-api/appsweb/angular/.angular/cache/22.1.8/luxury-app/vite/deps/@microsoft_signalr.js?v=3ac07549:302
[   86930ms] [ERROR] [2026-10-01T14:58:01.172Z] Error: Failed to start the connection: Error: Failed to complete negotiation with the server: TypeError: Failed to fetch @ http://localhost:4200/@fs/D:/repos/luxuryapp-api/appsweb/angular/.angular/cache/22.1.8/luxury-app/vite/deps/@microsoft_signalr.js?v=3ac07549:302
[   86930ms] [INFO] [2026-10-01T14:58:01.172Z] Information: Reconnect attempt failed because of error 'Error: Failed to complete negotiation with the server: TypeError: Failed to fetch'. @ http://localhost:4200/@fs/D:/repos/luxuryapp-api/appsweb/angular/.angular/cache/22.1.8/luxury-app/vite/deps/@microsoft_signalr.js?v=3ac07549:308
[   86930ms] [INFO] [2026-10-01T14:58:01.172Z] Information: Reconnect attempt number 2 will start in 5000 ms. @ http://localhost:4200/@fs/D:/repos/luxuryapp-api/appsweb/angular/.angular/cache/22.1.8/luxury-app/vite/deps/@microsoft_signalr.js?v=3ac07549:308
[ 4756526ms] [LOG] %c📦 [StorageService] Inicializando servicio de almacenamiento local... color: #3F51B5; font-style: italic; @ http://localhost:4200/chunk-RY7YES3A.js:2875
[ 4756528ms] [LOG] %c [AuthService] Verificando ruta inicial: /inspections/inspection-report-list | Es publica: false color: #9C27B0; font-style: italic; @ http://localhost:4200/chunk-RY7YES3A.js:2875
[ 4756528ms] [LOG] %c [AuthService] Ruta no publica. Intentando login silencioso... color: #009688; font-style: italic; @ http://localhost:4200/chunk-RY7YES3A.js:2875
[ 4756530ms] [LOG] %c🚀 [Initializer] Starting application state initialization... color: purple; font-style: italic; @ http://localhost:4200/chunk-RY7YES3A.js:2875
[ 4758426ms] [LOG] %c [AuthService] Token renovado. Actualizando sesion en memoria. color: color: #4CAF50; font-style: italic;; font-style: italic; @ http://localhost:4200/chunk-RY7YES3A.js:2875
[ 4758427ms] [LOG] %c [AuthTrace] refresh.success.before-set color: #03A9F4; font-style: italic; {at: 2026-10-01T16:15:52.668Z, applicationUserId: 63f5fe75-4fbb-4328-a2dd-b7224778752e, tokenCustomerId: 019c6bee-028a-70e4-98ea-557b645a3ae0, roles: Array(1), customerAccessCount: 10} @ http://localhost:4200/chunk-RY7YES3A.js:2875
[ 4758427ms] [LOG] %c [AuthTrace] refresh.success.after-set color: #03A9F4; font-style: italic; {at: 2026-10-01T16:15:52.669Z, applicationUserId: 63f5fe75-4fbb-4328-a2dd-b7224778752e, tokenCustomerId: 019c6bee-028a-70e4-98ea-557b645a3ae0, roles: Array(1), customerAccessCount: 10} @ http://localhost:4200/chunk-RY7YES3A.js:2875
[ 4758428ms] [LOG] %cLINK [SignalR] Construyendo conexion... color: blue; font-style: italic; @ http://localhost:4200/chunk-RY7YES3A.js:2875
[ 4758429ms] [LOG] %cHEADSET [SignalR] Registrando listeners... color: cyan; font-style: italic; @ http://localhost:4200/chunk-RY7YES3A.js:2875
[ 4758429ms] [LOG] %cLINK [SignalR] Iniciando conexion... color: blue; font-style: italic; @ http://localhost:4200/chunk-RY7YES3A.js:2875
[ 4758430ms] [LOG] %c [AuthTrace] trySilentLogin.finalize color: #8BC34A; font-style: italic; {at: 2026-10-01T16:15:52.671Z, isAuthenticated: true} @ http://localhost:4200/chunk-RY7YES3A.js:2875
[ 4758430ms] [LOG] %c🏢 [Initializer] User session found. Initializing customer state... color: #3F51B5; font-style: italic; @ http://localhost:4200/chunk-RY7YES3A.js:2875
[ 4758431ms] [LOG] %c🔍 [StorageService] Recuperando valor para clave: 'customerId' color: #2196F3; font-style: italic; @ http://localhost:4200/chunk-RY7YES3A.js:2875
[ 4758431ms] [LOG] %c [CustomerTrace] initialize.start color: #FF9800; font-style: italic; {at: 2026-10-01T16:15:52.672Z, state: Object, storedCustomerId: 019c6bee-028a-70e4-98ea-557b645a3ae0, tokenCustomerId: 019c6bee-028a-70e4-98ea-557b645a3ae0, customerAccess: Array(10)} @ http://localhost:4200/chunk-RY7YES3A.js:2875
[ 4758432ms] [LOG] %c🔍 [StorageService] Recuperando valor para clave: 'customerId' color: #2196F3; font-style: italic; @ http://localhost:4200/chunk-RY7YES3A.js:2875
[ 4758432ms] [LOG] %c🔍 [StorageService] Recuperando valor para clave: 'customerId' color: #2196F3; font-style: italic; @ http://localhost:4200/chunk-RY7YES3A.js:2875
[ 4758432ms] [LOG] %c [CustomerTrace] initialize.selected-customer color: #FF9800; font-style: italic; {at: 2026-10-01T16:15:52.673Z, state: Object, storedCustomerId: 019c6bee-028a-70e4-98ea-557b645a3ae0, selectedCustomerId: 019c6bee-028a-70e4-98ea-557b645a3ae0} @ http://localhost:4200/chunk-RY7YES3A.js:2875
[ 4758433ms] [LOG] %c💾 [StorageService] Guardando clave: 'customerId' color: #FF9800; font-style: italic; {value: 019c6bee-028a-70e4-98ea-557b645a3ae0} @ http://localhost:4200/chunk-RY7YES3A.js:2875
[ 4758433ms] [LOG] %c✅ [StorageService] Clave 'customerId' guardada exitosamente. color: #4CAF50; font-style: italic; @ http://localhost:4200/chunk-RY7YES3A.js:2875
[ 4758433ms] [LOG] %c🔍 [StorageService] Recuperando valor para clave: 'customerId' color: #2196F3; font-style: italic; @ http://localhost:4200/chunk-RY7YES3A.js:2875
[ 4758434ms] [LOG] %c [CustomerTrace] loadDataForCustomer.start color: #FF9800; font-style: italic; {at: 2026-10-01T16:15:52.675Z, state: Object, storedCustomerId: 019c6bee-028a-70e4-98ea-557b645a3ae0, customerId: 019c6bee-028a-70e4-98ea-557b645a3ae0} @ http://localhost:4200/chunk-RY7YES3A.js:2875
[ 4758435ms] [LOG] %c🛡️ [JwtInterceptorFn] Auth check completado. Interceptando ruta: color: #FF0000; font-style: italic; http://localhost:7070/api/customers/019c6bee-028a-70e4-98ea-557b645a3ae0 @ http://localhost:4200/chunk-RY7YES3A.js:2875
[ 4758436ms] [LOG] %c🔍 [StorageService] Recuperando valor para clave: 'customerId' color: #2196F3; font-style: italic; @ http://localhost:4200/chunk-RY7YES3A.js:2875
[ 4758437ms] [LOG] %c🔍 [StorageService] Recuperando valor para clave: 'customerId' color: #2196F3; font-style: italic; @ http://localhost:4200/chunk-RY7YES3A.js:2875
[ 4758438ms] [LOG] %c [JwtTrace] request color: #F44336; font-style: italic; {at: 2026-10-01T16:15:52.678Z, url: http://localhost:7070/api/customers/019c6bee-028a-70e4-98ea-557b645a3ae0, method: GET, appUserId: 63f5fe75-4fbb-4328-a2dd-b7224778752e, storageCustomerId: 019c6bee-028a-70e4-98ea-557b645a3ae0} @ http://localhost:4200/chunk-RY7YES3A.js:2875
[ 4758503ms] [INFO] [2026-10-01T16:15:52.744Z] Information: WebSocket connected to ws://localhost:7070/ws/notificationHub?id=s_8iUrAnYGSScdjrYRucIQ&access_token=eyJhbGciOiJIUzI1NiIsInR5cCI6IkpXVCJ9.eyJzdWIiOiI2M2Y1ZmU3NS00ZmJiLTQzMjgtYTJkZC1iNzIyNDc3ODc1MmUiLCJqdGkiOiIwMWEwZjg0MC0zM2FjLTdiODktOGVkNS0wYjRjM2YxMzEwNWIiLCJpYXQiOjE3OTA4NzEzNTIsIm5hbWUiOiJBZG1pbmlzdHJhZG9yIExCRyIsImVtYWlsIjoiaW5mb0BsdXh1cnlidWlsZGluZy5jb20ubXgiLCJ1c2VybmFtZSI6ImFkbWluIiwiY3VzdG9tZXJJZCI6IjAxOWM2YmVlLTAyOGEtNzBlNC05OGVhLTU1N2I2NDVhM2FlMCIsImN1c3RvbWVyTmFtZSI6IkxVWFVSWSBCVUlMRElORyBHUk9VUCBTQSBERSBDViIsImZpcnN0TmFtZSI6IkFkbWluaXN0cmFkb3IiLCJsYXN0TmFtZSI6IkxCRyIsInBob25lIjoiKDU1KSAwMDAwLSAwMDAwIiwicGhvdG9QYXRoIjoiaHR0cDovL2xvY2FsaG9zdDo3MDcwL2FwaS9maWxlcy9kb3dubG9hZD9maWxlUGF0aD1wdWJsaWMlMmZBZG1pbmlzdHJhdGlvbiUyZmFjY291bnRzJTJmMDFhMGM0M2ItYzFjOC03Njc1LWE0ODYtN2Y2NzhiNGM1NTU4LnBuZyIsInBvc2l0aW9uIjoiRGVzY29ub2NpZG8iLCJodHRwOi8vc2NoZW1hcy5taWNyb3NvZnQuY29tL3dzLzIwMDgvMDYvaWRlbnRpdHkvY2xhaW1zL3JvbGUiOiJTdXBlclVzdWFyaW8iLCJyb2xlSWQiOiI2OTlkN2NjMS1kMTQzLTQ5ODUtYjU1YS1kMDMwODY0YzY5M2UiLCJleHAiOjE3OTA4NzQ5NTIsImlzcyI6Imh0dHBzOi8vbG9jYWxob3N0OjcwNjkiLCJhdWQiOiJodHRwczovL2xvY2FsaG9zdDo0MjAwIn0.4j4hyFMCj9cx3rXeIO7KnRm2P4clqUPvyTBMmDNX_J8. @ http://localhost:4200/@fs/D:/repos/luxuryapp-api/appsweb/angular/.angular/cache/22.1.8/luxury-app/vite/deps/@microsoft_signalr.js?v=3ac07549:308
[ 4758504ms] [INFO] [2026-10-01T16:15:52.745Z] Information: Using HubProtocol 'json'. @ http://localhost:4200/@fs/D:/repos/luxuryapp-api/appsweb/angular/.angular/cache/22.1.8/luxury-app/vite/deps/@microsoft_signalr.js?v=3ac07549:308
[ 4758541ms] [LOG] %cLINK [SignalR] Conexion iniciada con exito. color: green; font-style: italic; @ http://localhost:4200/chunk-RY7YES3A.js:2875
[ 4758541ms] [LOG] %cSTATE [SignalR] connectionId = 'xq7zXAdnEqqk4IvlEzjgwQ' color: green; font-style: italic; @ http://localhost:4200/chunk-RY7YES3A.js:2875
[ 4758552ms] [LOG] %c🔍 [StorageService] Recuperando valor para clave: 'customerId' color: #2196F3; font-style: italic; @ http://localhost:4200/chunk-RY7YES3A.js:2875
[ 4758553ms] [LOG] %c [CustomerTrace] loadDataForCustomer.response color: #FF9800; font-style: italic; {at: 2026-10-01T16:15:52.793Z, state: Object, storedCustomerId: 019c6bee-028a-70e4-98ea-557b645a3ae0, customerId: 019c6bee-028a-70e4-98ea-557b645a3ae0, success: true} @ http://localhost:4200/chunk-RY7YES3A.js:2875
[ 4758553ms] [LOG] %c🔍 [StorageService] Recuperando valor para clave: 'customerId' color: #2196F3; font-style: italic; @ http://localhost:4200/chunk-RY7YES3A.js:2875
[ 4758553ms] [LOG] %c [CustomerTrace] loadDataForCustomer.ready color: #FF9800; font-style: italic; {at: 2026-10-01T16:15:52.794Z, state: Object, storedCustomerId: 019c6bee-028a-70e4-98ea-557b645a3ae0, customerId: 019c6bee-028a-70e4-98ea-557b645a3ae0} @ http://localhost:4200/chunk-RY7YES3A.js:2875
[ 4758554ms] [LOG] %c✅ [Initializer] State initialization complete. color: green; font-style: italic; @ http://localhost:4200/chunk-RY7YES3A.js:2875
[ 4758560ms] [LOG] %c🔄 UpdateService: Inicializando servicio de actualizaciones color: blue; font-weight: bold; @ http://localhost:4200/chunk-2BPO4FAW.js:17
[ 4758560ms] [LOG] %c🔄 UpdateService: ❌ Service Worker NO habilitado color: red; font-weight: bold; @ http://localhost:4200/chunk-2BPO4FAW.js:33
[ 4758566ms] [LOG] %c🚀 [App] ¡Aplicación iniciada! Soy más ligero y rápido que nunca. color: #673AB7; font-style: italic; @ http://localhost:4200/chunk-RY7YES3A.js:2875
[ 4758567ms] [LOG] %c⚠️ [App] Notificaciones bloqueadas por el usuario color: orange;font-style: italic @ http://localhost:4200/chunk-RY7YES3A.js:2888
[ 4758573ms] [LOG] Angular is running in development mode. @ http://localhost:4200/@fs/D:/repos/luxuryapp-api/appsweb/angular/.angular/cache/22.1.8/luxury-app/vite/deps/core-BtAdGG1h.js?v=79c56015:9175
[ 4758578ms] [LOG] %cUSER [SignalR] Evento ConnectedUser recibido: color: blue; font-style: italic; Bienvenido 63f5fe75-4fbb-4328-a2dd-b7224778752e @ http://localhost:4200/chunk-RY7YES3A.js:2875
[ 4771270ms] [LOG] %c🎉 [LayoutEmployee] ¡Layout de empleado cargado! Despertando a los gigantes (SignalR, OneSignal...) color: #2196F3; font-style: italic; @ http://localhost:4200/chunk-RY7YES3A.js:2875
[ 4771271ms] [LOG] %cLINK [SignalR] Construyendo conexion... color: blue; font-style: italic; @ http://localhost:4200/chunk-RY7YES3A.js:2875
[ 4771271ms] [LOG] %cHEADSET [SignalR] Registrando listeners... color: cyan; font-style: italic; @ http://localhost:4200/chunk-RY7YES3A.js:2875
[ 4771272ms] [LOG] %cLINK [SignalR] Iniciando conexion... color: blue; font-style: italic; @ http://localhost:4200/chunk-RY7YES3A.js:2875
[ 4771274ms] [LOG] %cℹ️ [LayoutEmployee] Usuario 63f5fe75-4fbb-4328-a2dd-b7224778752e autenticado. Iniciando OneSignal... color: dodgerblue;font-style: italic @ http://localhost:4200/chunk-RY7YES3A.js:2888
[ 4771274ms] [LOG] %c... [OneSignal] Esperando que el SDK este listo... color: orange; font-style: italic; @ http://localhost:4200/chunk-RY7YES3A.js:2875
[ 4771307ms] [LOG] %c🛡️ [JwtInterceptorFn] Auth check completado. Interceptando ruta: color: #FF0000; font-style: italic; http://localhost:7070/api/select-items/customer-inspections/019c6bee-028a-70e4-98ea-557b645a3ae0 @ http://localhost:4200/chunk-RY7YES3A.js:2875
[ 4771308ms] [LOG] %c🔍 [StorageService] Recuperando valor para clave: 'customerId' color: #2196F3; font-style: italic; @ http://localhost:4200/chunk-RY7YES3A.js:2875
[ 4771310ms] [LOG] %c🔍 [StorageService] Recuperando valor para clave: 'customerId' color: #2196F3; font-style: italic; @ http://localhost:4200/chunk-RY7YES3A.js:2875
[ 4771313ms] [LOG] %c [JwtTrace] request color: #F44336; font-style: italic; {at: 2026-10-01T16:16:05.551Z, url: http://localhost:7070/api/select-items/customer-inspections/019c6bee-028a-70e4-98ea-557b645a3ae0, method: GET, appUserId: 63f5fe75-4fbb-4328-a2dd-b7224778752e, storageCustomerId: 019c6bee-028a-70e4-98ea-557b645a3ae0} @ http://localhost:4200/chunk-RY7YES3A.js:2875
[ 4771329ms] [WARNING] 
  It looks like you're using the disabled attribute with a reactive form directive. If you set disabled to true
  when you set up this control in your component class, the disabled attribute will actually be set in the DOM for
  you. We recommend using this approach to avoid 'changed after checked' errors.

  Example:
  // Specify the `disabled` property at control creation time:
  form = new FormGroup({
    first: new FormControl({value: 'Nancy', disabled: true}, Validators.required),
    last: new FormControl('Drew', Validators.required)
  });

  // Controls can also be enabled/disabled after creation:
  form.get('first')?.enable();
  form.get('last')?.disable();
 @ http://localhost:4200/@fs/D:/repos/luxuryapp-api/appsweb/angular/.angular/cache/22.1.8/luxury-app/vite/deps/@angular_forms.js?v=3ac07549:3968
[ 4771382ms] [LOG] %c🛡️ [JwtInterceptorFn] Auth check completado. Interceptando ruta: color: #FF0000; font-style: italic; http://localhost:7070/api/notifications @ http://localhost:4200/chunk-RY7YES3A.js:2875
[ 4771383ms] [LOG] %c🔍 [StorageService] Recuperando valor para clave: 'customerId' color: #2196F3; font-style: italic; @ http://localhost:4200/chunk-RY7YES3A.js:2875
[ 4771384ms] [LOG] %c🔍 [StorageService] Recuperando valor para clave: 'customerId' color: #2196F3; font-style: italic; @ http://localhost:4200/chunk-RY7YES3A.js:2875
[ 4771385ms] [LOG] %c [JwtTrace] request color: #F44336; font-style: italic; {at: 2026-10-01T16:16:05.625Z, url: http://localhost:7070/api/notifications, method: GET, appUserId: 63f5fe75-4fbb-4328-a2dd-b7224778752e, storageCustomerId: 019c6bee-028a-70e4-98ea-557b645a3ae0} @ http://localhost:4200/chunk-RY7YES3A.js:2875
[ 4771388ms] [LOG] %c🛡️ [JwtInterceptorFn] Auth check completado. Interceptando ruta: color: #FF0000; font-style: italic; http://localhost:7070/api/notifications/unread-count @ http://localhost:4200/chunk-RY7YES3A.js:2875
[ 4771389ms] [LOG] %c🔍 [StorageService] Recuperando valor para clave: 'customerId' color: #2196F3; font-style: italic; @ http://localhost:4200/chunk-RY7YES3A.js:2875
[ 4771390ms] [LOG] %c🔍 [StorageService] Recuperando valor para clave: 'customerId' color: #2196F3; font-style: italic; @ http://localhost:4200/chunk-RY7YES3A.js:2875
[ 4771391ms] [LOG] %c [JwtTrace] request color: #F44336; font-style: italic; {at: 2026-10-01T16:16:05.631Z, url: http://localhost:7070/api/notifications/unread-count, method: GET, appUserId: 63f5fe75-4fbb-4328-a2dd-b7224778752e, storageCustomerId: 019c6bee-028a-70e4-98ea-557b645a3ae0} @ http://localhost:4200/chunk-RY7YES3A.js:2875
[ 4771403ms] [LOG] %c [MenuTrace] effect.tick color: #9C27B0; font-style: italic; {at: 2026-10-01T16:16:05.644Z, customerId: 019c6bee-028a-70e4-98ea-557b645a3ae0, customerReady: true, applicationUserId: 63f5fe75-4fbb-4328-a2dd-b7224778752e, lastCustomerId: null} @ http://localhost:4200/chunk-RY7YES3A.js:2875
[ 4771404ms] [LOG] %c [MenuService] Customer data and session are ready. Loading menu... color: green; font-style: italic; @ http://localhost:4200/chunk-RY7YES3A.js:2875
[ 4771404ms] [LOG] %c [MenuTrace] triggerMenuLoad.start color: #9C27B0; font-style: italic; {at: 2026-10-01T16:16:05.646Z, customerId: 019c6bee-028a-70e4-98ea-557b645a3ae0, customerReady: true, applicationUserId: 63f5fe75-4fbb-4328-a2dd-b7224778752e, lastCustomerId: null} @ http://localhost:4200/chunk-RY7YES3A.js:2875
[ 4771406ms] [LOG] %c🛡️ [JwtInterceptorFn] Auth check completado. Interceptando ruta: color: #FF0000; font-style: italic; http://localhost:7070/api/menu-items/019c6bee-028a-70e4-98ea-557b645a3ae0 @ http://localhost:4200/chunk-RY7YES3A.js:2875
[ 4771406ms] [LOG] %c🔍 [StorageService] Recuperando valor para clave: 'customerId' color: #2196F3; font-style: italic; @ http://localhost:4200/chunk-RY7YES3A.js:2875
[ 4771407ms] [LOG] %c🔍 [StorageService] Recuperando valor para clave: 'customerId' color: #2196F3; font-style: italic; @ http://localhost:4200/chunk-RY7YES3A.js:2875
[ 4771408ms] [LOG] %c [JwtTrace] request color: #F44336; font-style: italic; {at: 2026-10-01T16:16:05.648Z, url: http://localhost:7070/api/menu-items/019c6bee-028a-70e4-98ea-557b645a3ae0, method: GET, appUserId: 63f5fe75-4fbb-4328-a2dd-b7224778752e, storageCustomerId: 019c6bee-028a-70e4-98ea-557b645a3ae0} @ http://localhost:4200/chunk-RY7YES3A.js:2875
[ 4771414ms] [LOG] %cok [OneSignal] SDK listo color: green; font-style: italic; @ http://localhost:4200/chunk-RY7YES3A.js:2875
[ 4774143ms] [LOG] %c [API SUCCESS]: GET ITEM: select-items/customer-inspections/019c6bee-028a-70e4-98ea-557b645a3ae0 color: dodgerblue; font-style: italic; [] @ http://localhost:4200/chunk-RY7YES3A.js:2875
[ 4774144ms] [LOG] %c [API SUCCESS]: GET NoLoading: notifications color: gray; font-style: italic; [Object, Object, Object, Object, Object, Object, Object, Object, Object, Object, Object, Object, Object, Object, Object, Object, Object] @ http://localhost:4200/chunk-RY7YES3A.js:2875
[ 4774145ms] [LOG] %c [API SUCCESS]: GET NoLoading: notifications/unread-count color: gray; font-style: italic; 17 @ http://localhost:4200/chunk-RY7YES3A.js:2875
[ 4774146ms] [LOG] %c [API SUCCESS]: GET LIST: menu-items/019c6bee-028a-70e4-98ea-557b645a3ae0 color: teal; font-style: italic; [Object, Object, Object, Object, Object, Object, Object, Object, Object, Object, Object, Object, Object, Object, Object, Object, Object, Object, Object, Object, Object, Object, Object, Object] @ http://localhost:4200/chunk-RY7YES3A.js:2875
[ 4774147ms] [LOG] %c [MenuTrace] fetchMenuItemsFromApi.success color: #9C27B0; font-style: italic; {at: 2026-10-01T16:16:08.388Z, customerId: 019c6bee-028a-70e4-98ea-557b645a3ae0, customerReady: true, applicationUserId: 63f5fe75-4fbb-4328-a2dd-b7224778752e, lastCustomerId: 019c6bee-028a-70e4-98ea-557b645a3ae0} @ http://localhost:4200/chunk-RY7YES3A.js:2875
[ 4774148ms] [LOG] %c [MenuTrace] triggerMenuLoad.response color: #9C27B0; font-style: italic; {at: 2026-10-01T16:16:08.389Z, customerId: 019c6bee-028a-70e4-98ea-557b645a3ae0, customerReady: true, applicationUserId: 63f5fe75-4fbb-4328-a2dd-b7224778752e, lastCustomerId: 019c6bee-028a-70e4-98ea-557b645a3ae0} @ http://localhost:4200/chunk-RY7YES3A.js:2875
[ 4774250ms] [INFO] [2026-10-01T16:16:08.491Z] Information: WebSocket connected to ws://localhost:7070/ws/notificationHub?id=9MoNMrnwHXJBFU-zZZFV0w&access_token=eyJhbGciOiJIUzI1NiIsInR5cCI6IkpXVCJ9.eyJzdWIiOiI2M2Y1ZmU3NS00ZmJiLTQzMjgtYTJkZC1iNzIyNDc3ODc1MmUiLCJqdGkiOiIwMWEwZjg0MC0zM2FjLTdiODktOGVkNS0wYjRjM2YxMzEwNWIiLCJpYXQiOjE3OTA4NzEzNTIsIm5hbWUiOiJBZG1pbmlzdHJhZG9yIExCRyIsImVtYWlsIjoiaW5mb0BsdXh1cnlidWlsZGluZy5jb20ubXgiLCJ1c2VybmFtZSI6ImFkbWluIiwiY3VzdG9tZXJJZCI6IjAxOWM2YmVlLTAyOGEtNzBlNC05OGVhLTU1N2I2NDVhM2FlMCIsImN1c3RvbWVyTmFtZSI6IkxVWFVSWSBCVUlMRElORyBHUk9VUCBTQSBERSBDViIsImZpcnN0TmFtZSI6IkFkbWluaXN0cmFkb3IiLCJsYXN0TmFtZSI6IkxCRyIsInBob25lIjoiKDU1KSAwMDAwLSAwMDAwIiwicGhvdG9QYXRoIjoiaHR0cDovL2xvY2FsaG9zdDo3MDcwL2FwaS9maWxlcy9kb3dubG9hZD9maWxlUGF0aD1wdWJsaWMlMmZBZG1pbmlzdHJhdGlvbiUyZmFjY291bnRzJTJmMDFhMGM0M2ItYzFjOC03Njc1LWE0ODYtN2Y2NzhiNGM1NTU4LnBuZyIsInBvc2l0aW9uIjoiRGVzY29ub2NpZG8iLCJodHRwOi8vc2NoZW1hcy5taWNyb3NvZnQuY29tL3dzLzIwMDgvMDYvaWRlbnRpdHkvY2xhaW1zL3JvbGUiOiJTdXBlclVzdWFyaW8iLCJyb2xlSWQiOiI2OTlkN2NjMS1kMTQzLTQ5ODUtYjU1YS1kMDMwODY0YzY5M2UiLCJleHAiOjE3OTA4NzQ5NTIsImlzcyI6Imh0dHBzOi8vbG9jYWxob3N0OjcwNjkiLCJhdWQiOiJodHRwczovL2xvY2FsaG9zdDo0MjAwIn0.4j4hyFMCj9cx3rXeIO7KnRm2P4clqUPvyTBMmDNX_J8. @ http://localhost:4200/@fs/D:/repos/luxuryapp-api/appsweb/angular/.angular/cache/22.1.8/luxury-app/vite/deps/@microsoft_signalr.js?v=3ac07549:308
[ 4774250ms] [INFO] [2026-10-01T16:16:08.492Z] Information: Using HubProtocol 'json'. @ http://localhost:4200/@fs/D:/repos/luxuryapp-api/appsweb/angular/.angular/cache/22.1.8/luxury-app/vite/deps/@microsoft_signalr.js?v=3ac07549:308
[ 4774279ms] [ERROR] Failed to load resource: the server responded with a status of 404 (Not Found) @ http://localhost:7070/api/files/download?filePath=public%2fAdministration%2faccounts%2f01a0c43b-c1c8-7675-a486-7f678b4c5558.png:0
[ 4774285ms] [LOG] %cLINK [SignalR] Conexion iniciada con exito. color: green; font-style: italic; @ http://localhost:4200/chunk-RY7YES3A.js:2875
[ 4774285ms] [LOG] %cSTATE [SignalR] connectionId = 'cRWAZ79e1HsBUVTTs9KbuQ' color: green; font-style: italic; @ http://localhost:4200/chunk-RY7YES3A.js:2875
[ 4774304ms] [LOG] %cUSER [SignalR] Evento ConnectedUser recibido: color: blue; font-style: italic; Bienvenido 63f5fe75-4fbb-4328-a2dd-b7224778752e @ http://localhost:4200/chunk-RY7YES3A.js:2875
[ 4774611ms] [LOG] %cpkg [OneSignal] Inicializado con App ID: color: teal; font-style: italic; 3d1f1ce3-638f-4a30-b093-ab617baf91a8 @ http://localhost:4200/chunk-RY7YES3A.js:2875
[ 4774611ms] [LOG] %cear [OneSignal] Listeners registrados. color: cyan; font-style: italic; @ http://localhost:4200/chunk-RY7YES3A.js:2875
[ 4774612ms] [LOG] %cuser [OneSignal] Usuario logueado con ExternalUserId: 63f5fe75-4fbb-4328-a2dd-b7224778752e color: darkslateblue; font-style: italic; @ http://localhost:4200/chunk-RY7YES3A.js:2875
[ 4774612ms] [LOG] %csub [OneSignal] Permiso: color: dodgerblue; font-style: italic; false | Suscrito: false @ http://localhost:4200/chunk-RY7YES3A.js:2875
[ 4774612ms] [LOG] %cwarn [OneSignal] Usuario no completamente suscrito. color: orange; font-style: italic; @ http://localhost:4200/chunk-RY7YES3A.js:2875
[ 4864089ms] [ERROR] [2026-10-01T16:17:38.331Z] Error: Connection disconnected with error 'Error: WebSocket closed with status code: 1006 (no reason given).'. @ http://localhost:4200/@fs/D:/repos/luxuryapp-api/appsweb/angular/.angular/cache/22.1.8/luxury-app/vite/deps/@microsoft_signalr.js?v=3ac07549:302
[ 4864090ms] [INFO] [2026-10-01T16:17:38.331Z] Information: Connection reconnecting because of error 'Error: WebSocket closed with status code: 1006 (no reason given).'. @ http://localhost:4200/@fs/D:/repos/luxuryapp-api/appsweb/angular/.angular/cache/22.1.8/luxury-app/vite/deps/@microsoft_signalr.js?v=3ac07549:308
[ 4864090ms] [LOG] %cWAIT [SignalR] Reintentando... color: orange; font-style: italic; Error: WebSocket closed with status code: 1006 (no reason given).
    at WebSocketTransport._close (http://localhost:4200/@fs/D:/repos/luxuryapp-api/appsweb/angular/.angular/cache/22.1.8/luxury-app/vite/deps/@microsoft_signalr.js?v=3ac07549:1839:133)
    at webSocket.onclose (http://localhost:4200/@fs/D:/repos/luxuryapp-api/appsweb/angular/.angular/cache/22.1.8/luxury-app/vite/deps/@microsoft_signalr.js?v=3ac07549:1808:22) @ http://localhost:4200/chunk-RY7YES3A.js:2875
[ 4864091ms] [INFO] [2026-10-01T16:17:38.332Z] Information: Reconnect attempt number 1 will start in 2000 ms. @ http://localhost:4200/@fs/D:/repos/luxuryapp-api/appsweb/angular/.angular/cache/22.1.8/luxury-app/vite/deps/@microsoft_signalr.js?v=3ac07549:308
[ 4864091ms] [ERROR] [2026-10-01T16:17:38.332Z] Error: Connection disconnected with error 'Error: WebSocket closed with status code: 1006 (no reason given).'. @ http://localhost:4200/@fs/D:/repos/luxuryapp-api/appsweb/angular/.angular/cache/22.1.8/luxury-app/vite/deps/@microsoft_signalr.js?v=3ac07549:302
[ 4864091ms] [INFO] [2026-10-01T16:17:38.332Z] Information: Connection reconnecting because of error 'Error: WebSocket closed with status code: 1006 (no reason given).'. @ http://localhost:4200/@fs/D:/repos/luxuryapp-api/appsweb/angular/.angular/cache/22.1.8/luxury-app/vite/deps/@microsoft_signalr.js?v=3ac07549:308
[ 4864091ms] [LOG] %cWAIT [SignalR] Reintentando... color: orange; font-style: italic; Error: WebSocket closed with status code: 1006 (no reason given).
    at WebSocketTransport._close (http://localhost:4200/@fs/D:/repos/luxuryapp-api/appsweb/angular/.angular/cache/22.1.8/luxury-app/vite/deps/@microsoft_signalr.js?v=3ac07549:1839:133)
    at webSocket.onclose (http://localhost:4200/@fs/D:/repos/luxuryapp-api/appsweb/angular/.angular/cache/22.1.8/luxury-app/vite/deps/@microsoft_signalr.js?v=3ac07549:1808:22) @ http://localhost:4200/chunk-RY7YES3A.js:2875
[ 4864091ms] [INFO] [2026-10-01T16:17:38.333Z] Information: Reconnect attempt number 1 will start in 2000 ms. @ http://localhost:4200/@fs/D:/repos/luxuryapp-api/appsweb/angular/.angular/cache/22.1.8/luxury-app/vite/deps/@microsoft_signalr.js?v=3ac07549:308
[ 4866109ms] [ERROR] Failed to load resource: net::ERR_CONNECTION_RESET @ http://localhost:7070/ws/notificationHub/negotiate?negotiateVersion=1:0
[ 4866110ms] [WARNING] [2026-10-01T16:17:40.351Z] Warning: Error from HTTP request. TypeError: Failed to fetch. @ http://localhost:4200/@fs/D:/repos/luxuryapp-api/appsweb/angular/.angular/cache/22.1.8/luxury-app/vite/deps/@microsoft_signalr.js?v=3ac07549:305
[ 4866110ms] [ERROR] [2026-10-01T16:17:40.351Z] Error: Failed to complete negotiation with the server: TypeError: Failed to fetch @ http://localhost:4200/@fs/D:/repos/luxuryapp-api/appsweb/angular/.angular/cache/22.1.8/luxury-app/vite/deps/@microsoft_signalr.js?v=3ac07549:302
[ 4866110ms] [ERROR] [2026-10-01T16:17:40.352Z] Error: Failed to start the connection: Error: Failed to complete negotiation with the server: TypeError: Failed to fetch @ http://localhost:4200/@fs/D:/repos/luxuryapp-api/appsweb/angular/.angular/cache/22.1.8/luxury-app/vite/deps/@microsoft_signalr.js?v=3ac07549:302
[ 4866111ms] [INFO] [2026-10-01T16:17:40.352Z] Information: Reconnect attempt failed because of error 'Error: Failed to complete negotiation with the server: TypeError: Failed to fetch'. @ http://localhost:4200/@fs/D:/repos/luxuryapp-api/appsweb/angular/.angular/cache/22.1.8/luxury-app/vite/deps/@microsoft_signalr.js?v=3ac07549:308
[ 4866111ms] [INFO] [2026-10-01T16:17:40.352Z] Information: Reconnect attempt number 2 will start in 5000 ms. @ http://localhost:4200/@fs/D:/repos/luxuryapp-api/appsweb/angular/.angular/cache/22.1.8/luxury-app/vite/deps/@microsoft_signalr.js?v=3ac07549:308
[ 4866111ms] [ERROR] Failed to load resource: net::ERR_CONNECTION_RESET @ http://localhost:7070/ws/notificationHub/negotiate?negotiateVersion=1:0
[ 4866111ms] [WARNING] [2026-10-01T16:17:40.353Z] Warning: Error from HTTP request. TypeError: Failed to fetch. @ http://localhost:4200/@fs/D:/repos/luxuryapp-api/appsweb/angular/.angular/cache/22.1.8/luxury-app/vite/deps/@microsoft_signalr.js?v=3ac07549:305
[ 4866111ms] [ERROR] [2026-10-01T16:17:40.353Z] Error: Failed to complete negotiation with the server: TypeError: Failed to fetch @ http://localhost:4200/@fs/D:/repos/luxuryapp-api/appsweb/angular/.angular/cache/22.1.8/luxury-app/vite/deps/@microsoft_signalr.js?v=3ac07549:302
[ 4866111ms] [ERROR] [2026-10-01T16:17:40.353Z] Error: Failed to start the connection: Error: Failed to complete negotiation with the server: TypeError: Failed to fetch @ http://localhost:4200/@fs/D:/repos/luxuryapp-api/appsweb/angular/.angular/cache/22.1.8/luxury-app/vite/deps/@microsoft_signalr.js?v=3ac07549:302
[ 4866112ms] [INFO] [2026-10-01T16:17:40.353Z] Information: Reconnect attempt failed because of error 'Error: Failed to complete negotiation with the server: TypeError: Failed to fetch'. @ http://localhost:4200/@fs/D:/repos/luxuryapp-api/appsweb/angular/.angular/cache/22.1.8/luxury-app/vite/deps/@microsoft_signalr.js?v=3ac07549:308
[ 4866112ms] [INFO] [2026-10-01T16:17:40.353Z] Information: Reconnect attempt number 2 will start in 5000 ms. @ http://localhost:4200/@fs/D:/repos/luxuryapp-api/appsweb/angular/.angular/cache/22.1.8/luxury-app/vite/deps/@microsoft_signalr.js?v=3ac07549:308
[ 4871123ms] [ERROR] Failed to load resource: net::ERR_CONNECTION_RESET @ http://localhost:7070/ws/notificationHub/negotiate?negotiateVersion=1:0
[ 4871123ms] [WARNING] [2026-10-01T16:17:45.365Z] Warning: Error from HTTP request. TypeError: Failed to fetch. @ http://localhost:4200/@fs/D:/repos/luxuryapp-api/appsweb/angular/.angular/cache/22.1.8/luxury-app/vite/deps/@microsoft_signalr.js?v=3ac07549:305
[ 4871123ms] [ERROR] [2026-10-01T16:17:45.365Z] Error: Failed to complete negotiation with the server: TypeError: Failed to fetch @ http://localhost:4200/@fs/D:/repos/luxuryapp-api/appsweb/angular/.angular/cache/22.1.8/luxury-app/vite/deps/@microsoft_signalr.js?v=3ac07549:302
[ 4871124ms] [ERROR] [2026-10-01T16:17:45.365Z] Error: Failed to start the connection: Error: Failed to complete negotiation with the server: TypeError: Failed to fetch @ http://localhost:4200/@fs/D:/repos/luxuryapp-api/appsweb/angular/.angular/cache/22.1.8/luxury-app/vite/deps/@microsoft_signalr.js?v=3ac07549:302
[ 4871124ms] [INFO] [2026-10-01T16:17:45.365Z] Information: Reconnect attempt failed because of error 'Error: Failed to complete negotiation with the server: TypeError: Failed to fetch'. @ http://localhost:4200/@fs/D:/repos/luxuryapp-api/appsweb/angular/.angular/cache/22.1.8/luxury-app/vite/deps/@microsoft_signalr.js?v=3ac07549:308
[ 4871124ms] [INFO] [2026-10-01T16:17:45.365Z] Information: Reconnect attempt number 3 will start in 10000 ms. @ http://localhost:4200/@fs/D:/repos/luxuryapp-api/appsweb/angular/.angular/cache/22.1.8/luxury-app/vite/deps/@microsoft_signalr.js?v=3ac07549:308
[ 4871148ms] [ERROR] Failed to load resource: net::ERR_CONNECTION_RESET @ http://localhost:7070/ws/notificationHub/negotiate?negotiateVersion=1:0
[ 4871148ms] [WARNING] [2026-10-01T16:17:45.389Z] Warning: Error from HTTP request. TypeError: Failed to fetch. @ http://localhost:4200/@fs/D:/repos/luxuryapp-api/appsweb/angular/.angular/cache/22.1.8/luxury-app/vite/deps/@microsoft_signalr.js?v=3ac07549:305
[ 4871148ms] [ERROR] [2026-10-01T16:17:45.390Z] Error: Failed to complete negotiation with the server: TypeError: Failed to fetch @ http://localhost:4200/@fs/D:/repos/luxuryapp-api/appsweb/angular/.angular/cache/22.1.8/luxury-app/vite/deps/@microsoft_signalr.js?v=3ac07549:302
[ 4871148ms] [ERROR] [2026-10-01T16:17:45.390Z] Error: Failed to start the connection: Error: Failed to complete negotiation with the server: TypeError: Failed to fetch @ http://localhost:4200/@fs/D:/repos/luxuryapp-api/appsweb/angular/.angular/cache/22.1.8/luxury-app/vite/deps/@microsoft_signalr.js?v=3ac07549:302
[ 4871148ms] [INFO] [2026-10-01T16:17:45.390Z] Information: Reconnect attempt failed because of error 'Error: Failed to complete negotiation with the server: TypeError: Failed to fetch'. @ http://localhost:4200/@fs/D:/repos/luxuryapp-api/appsweb/angular/.angular/cache/22.1.8/luxury-app/vite/deps/@microsoft_signalr.js?v=3ac07549:308
[ 4871148ms] [INFO] [2026-10-01T16:17:45.390Z] Information: Reconnect attempt number 3 will start in 10000 ms. @ http://localhost:4200/@fs/D:/repos/luxuryapp-api/appsweb/angular/.angular/cache/22.1.8/luxury-app/vite/deps/@microsoft_signalr.js?v=3ac07549:308
[ 4881139ms] [ERROR] Failed to load resource: net::ERR_CONNECTION_RESET @ http://localhost:7070/ws/notificationHub/negotiate?negotiateVersion=1:0
[ 4881139ms] [WARNING] [2026-10-01T16:17:55.380Z] Warning: Error from HTTP request. TypeError: Failed to fetch. @ http://localhost:4200/@fs/D:/repos/luxuryapp-api/appsweb/angular/.angular/cache/22.1.8/luxury-app/vite/deps/@microsoft_signalr.js?v=3ac07549:305
[ 4881139ms] [ERROR] [2026-10-01T16:17:55.381Z] Error: Failed to complete negotiation with the server: TypeError: Failed to fetch @ http://localhost:4200/@fs/D:/repos/luxuryapp-api/appsweb/angular/.angular/cache/22.1.8/luxury-app/vite/deps/@microsoft_signalr.js?v=3ac07549:302
[ 4881140ms] [ERROR] [2026-10-01T16:17:55.382Z] Error: Failed to start the connection: Error: Failed to complete negotiation with the server: TypeError: Failed to fetch @ http://localhost:4200/@fs/D:/repos/luxuryapp-api/appsweb/angular/.angular/cache/22.1.8/luxury-app/vite/deps/@microsoft_signalr.js?v=3ac07549:302
[ 4881141ms] [INFO] [2026-10-01T16:17:55.382Z] Information: Reconnect attempt failed because of error 'Error: Failed to complete negotiation with the server: TypeError: Failed to fetch'. @ http://localhost:4200/@fs/D:/repos/luxuryapp-api/appsweb/angular/.angular/cache/22.1.8/luxury-app/vite/deps/@microsoft_signalr.js?v=3ac07549:308
[ 4881141ms] [INFO] [2026-10-01T16:17:55.382Z] Information: Reconnect attempt number 4 will start in 20000 ms. @ http://localhost:4200/@fs/D:/repos/luxuryapp-api/appsweb/angular/.angular/cache/22.1.8/luxury-app/vite/deps/@microsoft_signalr.js?v=3ac07549:308
[ 4881161ms] [ERROR] Failed to load resource: net::ERR_CONNECTION_RESET @ http://localhost:7070/ws/notificationHub/negotiate?negotiateVersion=1:0
[ 4881162ms] [WARNING] [2026-10-01T16:17:55.403Z] Warning: Error from HTTP request. TypeError: Failed to fetch. @ http://localhost:4200/@fs/D:/repos/luxuryapp-api/appsweb/angular/.angular/cache/22.1.8/luxury-app/vite/deps/@microsoft_signalr.js?v=3ac07549:305
[ 4881162ms] [ERROR] [2026-10-01T16:17:55.403Z] Error: Failed to complete negotiation with the server: TypeError: Failed to fetch @ http://localhost:4200/@fs/D:/repos/luxuryapp-api/appsweb/angular/.angular/cache/22.1.8/luxury-app/vite/deps/@microsoft_signalr.js?v=3ac07549:302
[ 4881162ms] [ERROR] [2026-10-01T16:17:55.404Z] Error: Failed to start the connection: Error: Failed to complete negotiation with the server: TypeError: Failed to fetch @ http://localhost:4200/@fs/D:/repos/luxuryapp-api/appsweb/angular/.angular/cache/22.1.8/luxury-app/vite/deps/@microsoft_signalr.js?v=3ac07549:302
[ 4881162ms] [INFO] [2026-10-01T16:17:55.404Z] Information: Reconnect attempt failed because of error 'Error: Failed to complete negotiation with the server: TypeError: Failed to fetch'. @ http://localhost:4200/@fs/D:/repos/luxuryapp-api/appsweb/angular/.angular/cache/22.1.8/luxury-app/vite/deps/@microsoft_signalr.js?v=3ac07549:308
[ 4881162ms] [INFO] [2026-10-01T16:17:55.404Z] Information: Reconnect attempt number 4 will start in 20000 ms. @ http://localhost:4200/@fs/D:/repos/luxuryapp-api/appsweb/angular/.angular/cache/22.1.8/luxury-app/vite/deps/@microsoft_signalr.js?v=3ac07549:308
[ 4901166ms] [ERROR] Failed to load resource: net::ERR_CONNECTION_RESET @ http://localhost:7070/ws/notificationHub/negotiate?negotiateVersion=1:0
[ 4901166ms] [WARNING] [2026-10-01T16:18:15.408Z] Warning: Error from HTTP request. TypeError: Failed to fetch. @ http://localhost:4200/@fs/D:/repos/luxuryapp-api/appsweb/angular/.angular/cache/22.1.8/luxury-app/vite/deps/@microsoft_signalr.js?v=3ac07549:305
[ 4901167ms] [ERROR] [2026-10-01T16:18:15.408Z] Error: Failed to complete negotiation with the server: TypeError: Failed to fetch @ http://localhost:4200/@fs/D:/repos/luxuryapp-api/appsweb/angular/.angular/cache/22.1.8/luxury-app/vite/deps/@microsoft_signalr.js?v=3ac07549:302
[ 4901167ms] [ERROR] [2026-10-01T16:18:15.409Z] Error: Failed to start the connection: Error: Failed to complete negotiation with the server: TypeError: Failed to fetch @ http://localhost:4200/@fs/D:/repos/luxuryapp-api/appsweb/angular/.angular/cache/22.1.8/luxury-app/vite/deps/@microsoft_signalr.js?v=3ac07549:302
[ 4901168ms] [INFO] [2026-10-01T16:18:15.409Z] Information: Reconnect attempt failed because of error 'Error: Failed to complete negotiation with the server: TypeError: Failed to fetch'. @ http://localhost:4200/@fs/D:/repos/luxuryapp-api/appsweb/angular/.angular/cache/22.1.8/luxury-app/vite/deps/@microsoft_signalr.js?v=3ac07549:308
[ 4901168ms] [INFO] [2026-10-01T16:18:15.409Z] Information: Reconnect retries have been exhausted after 37078 ms and 4 failed attempts. Connection disconnecting. @ http://localhost:4200/@fs/D:/repos/luxuryapp-api/appsweb/angular/.angular/cache/22.1.8/luxury-app/vite/deps/@microsoft_signalr.js?v=3ac07549:308
[ 4901168ms] [LOG] %cLINK [SignalR] Conexion cerrada: color: red; font-style: italic; undefined @ http://localhost:4200/chunk-RY7YES3A.js:2875
[ 4901192ms] [ERROR] Failed to load resource: net::ERR_CONNECTION_RESET @ http://localhost:7070/ws/notificationHub/negotiate?negotiateVersion=1:0
[ 4901192ms] [WARNING] [2026-10-01T16:18:15.433Z] Warning: Error from HTTP request. TypeError: Failed to fetch. @ http://localhost:4200/@fs/D:/repos/luxuryapp-api/appsweb/angular/.angular/cache/22.1.8/luxury-app/vite/deps/@microsoft_signalr.js?v=3ac07549:305
[ 4901192ms] [ERROR] [2026-10-01T16:18:15.434Z] Error: Failed to complete negotiation with the server: TypeError: Failed to fetch @ http://localhost:4200/@fs/D:/repos/luxuryapp-api/appsweb/angular/.angular/cache/22.1.8/luxury-app/vite/deps/@microsoft_signalr.js?v=3ac07549:302
[ 4901192ms] [ERROR] [2026-10-01T16:18:15.434Z] Error: Failed to start the connection: Error: Failed to complete negotiation with the server: TypeError: Failed to fetch @ http://localhost:4200/@fs/D:/repos/luxuryapp-api/appsweb/angular/.angular/cache/22.1.8/luxury-app/vite/deps/@microsoft_signalr.js?v=3ac07549:302
[ 4901193ms] [INFO] [2026-10-01T16:18:15.434Z] Information: Reconnect attempt failed because of error 'Error: Failed to complete negotiation with the server: TypeError: Failed to fetch'. @ http://localhost:4200/@fs/D:/repos/luxuryapp-api/appsweb/angular/.angular/cache/22.1.8/luxury-app/vite/deps/@microsoft_signalr.js?v=3ac07549:308
[ 4901193ms] [INFO] [2026-10-01T16:18:15.434Z] Information: Reconnect retries have been exhausted after 37102 ms and 4 failed attempts. Connection disconnecting. @ http://localhost:4200/@fs/D:/repos/luxuryapp-api/appsweb/angular/.angular/cache/22.1.8/luxury-app/vite/deps/@microsoft_signalr.js?v=3ac07549:308
[ 4901193ms] [LOG] %cLINK [SignalR] Conexion cerrada: color: red; font-style: italic; undefined @ http://localhost:4200/chunk-RY7YES3A.js:2875
[ 5435257ms] [LOG] %c📦 [StorageService] Inicializando servicio de almacenamiento local... color: #3F51B5; font-style: italic; @ http://localhost:4200/chunk-RY7YES3A.js:2875
[ 5435258ms] [LOG] %c [AuthService] Verificando ruta inicial: /inspections/inspection-report-list | Es publica: false color: #9C27B0; font-style: italic; @ http://localhost:4200/chunk-RY7YES3A.js:2875
[ 5435258ms] [LOG] %c [AuthService] Ruta no publica. Intentando login silencioso... color: #009688; font-style: italic; @ http://localhost:4200/chunk-RY7YES3A.js:2875
[ 5435260ms] [LOG] %c🚀 [Initializer] Starting application state initialization... color: purple; font-style: italic; @ http://localhost:4200/chunk-RY7YES3A.js:2875
[ 5437060ms] [LOG] %c [AuthService] Token renovado. Actualizando sesion en memoria. color: color: #4CAF50; font-style: italic;; font-style: italic; @ http://localhost:4200/chunk-RY7YES3A.js:2875
[ 5437060ms] [LOG] %c [AuthTrace] refresh.success.before-set color: #03A9F4; font-style: italic; {at: 2026-10-01T16:27:11.302Z, applicationUserId: 63f5fe75-4fbb-4328-a2dd-b7224778752e, tokenCustomerId: 019c6bee-028a-70e4-98ea-557b645a3ae0, roles: Array(1), customerAccessCount: 10} @ http://localhost:4200/chunk-RY7YES3A.js:2875
[ 5437060ms] [LOG] %c [AuthTrace] refresh.success.after-set color: #03A9F4; font-style: italic; {at: 2026-10-01T16:27:11.302Z, applicationUserId: 63f5fe75-4fbb-4328-a2dd-b7224778752e, tokenCustomerId: 019c6bee-028a-70e4-98ea-557b645a3ae0, roles: Array(1), customerAccessCount: 10} @ http://localhost:4200/chunk-RY7YES3A.js:2875
[ 5437061ms] [LOG] %cLINK [SignalR] Construyendo conexion... color: blue; font-style: italic; @ http://localhost:4200/chunk-RY7YES3A.js:2875
[ 5437062ms] [LOG] %cHEADSET [SignalR] Registrando listeners... color: cyan; font-style: italic; @ http://localhost:4200/chunk-RY7YES3A.js:2875
[ 5437062ms] [LOG] %cLINK [SignalR] Iniciando conexion... color: blue; font-style: italic; @ http://localhost:4200/chunk-RY7YES3A.js:2875
[ 5437063ms] [LOG] %c [AuthTrace] trySilentLogin.finalize color: #8BC34A; font-style: italic; {at: 2026-10-01T16:27:11.304Z, isAuthenticated: true} @ http://localhost:4200/chunk-RY7YES3A.js:2875
[ 5437063ms] [LOG] %c🏢 [Initializer] User session found. Initializing customer state... color: #3F51B5; font-style: italic; @ http://localhost:4200/chunk-RY7YES3A.js:2875
[ 5437064ms] [LOG] %c🔍 [StorageService] Recuperando valor para clave: 'customerId' color: #2196F3; font-style: italic; @ http://localhost:4200/chunk-RY7YES3A.js:2875
[ 5437064ms] [LOG] %c [CustomerTrace] initialize.start color: #FF9800; font-style: italic; {at: 2026-10-01T16:27:11.305Z, state: Object, storedCustomerId: 019c6bee-028a-70e4-98ea-557b645a3ae0, tokenCustomerId: 019c6bee-028a-70e4-98ea-557b645a3ae0, customerAccess: Array(10)} @ http://localhost:4200/chunk-RY7YES3A.js:2875
[ 5437065ms] [LOG] %c🔍 [StorageService] Recuperando valor para clave: 'customerId' color: #2196F3; font-style: italic; @ http://localhost:4200/chunk-RY7YES3A.js:2875
[ 5437065ms] [LOG] %c🔍 [StorageService] Recuperando valor para clave: 'customerId' color: #2196F3; font-style: italic; @ http://localhost:4200/chunk-RY7YES3A.js:2875
[ 5437065ms] [LOG] %c [CustomerTrace] initialize.selected-customer color: #FF9800; font-style: italic; {at: 2026-10-01T16:27:11.306Z, state: Object, storedCustomerId: 019c6bee-028a-70e4-98ea-557b645a3ae0, selectedCustomerId: 019c6bee-028a-70e4-98ea-557b645a3ae0} @ http://localhost:4200/chunk-RY7YES3A.js:2875
[ 5437066ms] [LOG] %c💾 [StorageService] Guardando clave: 'customerId' color: #FF9800; font-style: italic; {value: 019c6bee-028a-70e4-98ea-557b645a3ae0} @ http://localhost:4200/chunk-RY7YES3A.js:2875
[ 5437066ms] [LOG] %c✅ [StorageService] Clave 'customerId' guardada exitosamente. color: #4CAF50; font-style: italic; @ http://localhost:4200/chunk-RY7YES3A.js:2875
[ 5437066ms] [LOG] %c🔍 [StorageService] Recuperando valor para clave: 'customerId' color: #2196F3; font-style: italic; @ http://localhost:4200/chunk-RY7YES3A.js:2875
[ 5437067ms] [LOG] %c [CustomerTrace] loadDataForCustomer.start color: #FF9800; font-style: italic; {at: 2026-10-01T16:27:11.308Z, state: Object, storedCustomerId: 019c6bee-028a-70e4-98ea-557b645a3ae0, customerId: 019c6bee-028a-70e4-98ea-557b645a3ae0} @ http://localhost:4200/chunk-RY7YES3A.js:2875
[ 5437068ms] [LOG] %c🛡️ [JwtInterceptorFn] Auth check completado. Interceptando ruta: color: #FF0000; font-style: italic; http://localhost:7070/api/customers/019c6bee-028a-70e4-98ea-557b645a3ae0 @ http://localhost:4200/chunk-RY7YES3A.js:2875
[ 5437069ms] [LOG] %c🔍 [StorageService] Recuperando valor para clave: 'customerId' color: #2196F3; font-style: italic; @ http://localhost:4200/chunk-RY7YES3A.js:2875
[ 5437069ms] [LOG] %c🔍 [StorageService] Recuperando valor para clave: 'customerId' color: #2196F3; font-style: italic; @ http://localhost:4200/chunk-RY7YES3A.js:2875
[ 5437070ms] [LOG] %c [JwtTrace] request color: #F44336; font-style: italic; {at: 2026-10-01T16:27:11.310Z, url: http://localhost:7070/api/customers/019c6bee-028a-70e4-98ea-557b645a3ae0, method: GET, appUserId: 63f5fe75-4fbb-4328-a2dd-b7224778752e, storageCustomerId: 019c6bee-028a-70e4-98ea-557b645a3ae0} @ http://localhost:4200/chunk-RY7YES3A.js:2875
[ 5437085ms] [INFO] [2026-10-01T16:27:11.326Z] Information: WebSocket connected to ws://localhost:7070/ws/notificationHub?id=NhelRmu6uvW40yOhRmNRdA&access_token=eyJhbGciOiJIUzI1NiIsInR5cCI6IkpXVCJ9.eyJzdWIiOiI2M2Y1ZmU3NS00ZmJiLTQzMjgtYTJkZC1iNzIyNDc3ODc1MmUiLCJqdGkiOiIwMWEwZjg0YS04ZjEyLTdlMGMtOGVkZS1iMGExOTQyYzZmZTUiLCJpYXQiOjE3OTA4NzIwMzAsIm5hbWUiOiJBZG1pbmlzdHJhZG9yIExCRyIsImVtYWlsIjoiaW5mb0BsdXh1cnlidWlsZGluZy5jb20ubXgiLCJ1c2VybmFtZSI6ImFkbWluIiwiY3VzdG9tZXJJZCI6IjAxOWM2YmVlLTAyOGEtNzBlNC05OGVhLTU1N2I2NDVhM2FlMCIsImN1c3RvbWVyTmFtZSI6IkxVWFVSWSBCVUlMRElORyBHUk9VUCBTQSBERSBDViIsImZpcnN0TmFtZSI6IkFkbWluaXN0cmFkb3IiLCJsYXN0TmFtZSI6IkxCRyIsInBob25lIjoiKDU1KSAwMDAwLSAwMDAwIiwicGhvdG9QYXRoIjoiaHR0cDovL2xvY2FsaG9zdDo3MDcwL2FwaS9maWxlcy9kb3dubG9hZD9maWxlUGF0aD1wdWJsaWMlMmZBZG1pbmlzdHJhdGlvbiUyZmFjY291bnRzJTJmMDFhMGM0M2ItYzFjOC03Njc1LWE0ODYtN2Y2NzhiNGM1NTU4LnBuZyIsInBvc2l0aW9uIjoiRGVzY29ub2NpZG8iLCJodHRwOi8vc2NoZW1hcy5taWNyb3NvZnQuY29tL3dzLzIwMDgvMDYvaWRlbnRpdHkvY2xhaW1zL3JvbGUiOiJTdXBlclVzdWFyaW8iLCJyb2xlSWQiOiI2OTlkN2NjMS1kMTQzLTQ5ODUtYjU1YS1kMDMwODY0YzY5M2UiLCJleHAiOjE3OTA4NzU2MzAsImlzcyI6Imh0dHBzOi8vbG9jYWxob3N0OjcwNjkiLCJhdWQiOiJodHRwczovL2xvY2FsaG9zdDo0MjAwIn0.cxcM1BPfXDxfKRfyhQ8pp2KcKZ0sfhBGoSziajWISKE. @ http://localhost:4200/@fs/D:/repos/luxuryapp-api/appsweb/angular/.angular/cache/22.1.8/luxury-app/vite/deps/@microsoft_signalr.js?v=3ac07549:308
[ 5437085ms] [INFO] [2026-10-01T16:27:11.327Z] Information: Using HubProtocol 'json'. @ http://localhost:4200/@fs/D:/repos/luxuryapp-api/appsweb/angular/.angular/cache/22.1.8/luxury-app/vite/deps/@microsoft_signalr.js?v=3ac07549:308
[ 5437087ms] [LOG] %cLINK [SignalR] Conexion iniciada con exito. color: green; font-style: italic; @ http://localhost:4200/chunk-RY7YES3A.js:2875
[ 5437087ms] [LOG] %cSTATE [SignalR] connectionId = '0K8-f_Vbcv9IoxbDFyt3ww' color: green; font-style: italic; @ http://localhost:4200/chunk-RY7YES3A.js:2875
[ 5437092ms] [LOG] %cUSER [SignalR] Evento ConnectedUser recibido: color: blue; font-style: italic; Bienvenido 63f5fe75-4fbb-4328-a2dd-b7224778752e @ http://localhost:4200/chunk-RY7YES3A.js:2875
[ 5437137ms] [LOG] %c🔍 [StorageService] Recuperando valor para clave: 'customerId' color: #2196F3; font-style: italic; @ http://localhost:4200/chunk-RY7YES3A.js:2875
[ 5437137ms] [LOG] %c [CustomerTrace] loadDataForCustomer.response color: #FF9800; font-style: italic; {at: 2026-10-01T16:27:11.378Z, state: Object, storedCustomerId: 019c6bee-028a-70e4-98ea-557b645a3ae0, customerId: 019c6bee-028a-70e4-98ea-557b645a3ae0, success: true} @ http://localhost:4200/chunk-RY7YES3A.js:2875
[ 5437138ms] [LOG] %c🔍 [StorageService] Recuperando valor para clave: 'customerId' color: #2196F3; font-style: italic; @ http://localhost:4200/chunk-RY7YES3A.js:2875
[ 5437138ms] [LOG] %c [CustomerTrace] loadDataForCustomer.ready color: #FF9800; font-style: italic; {at: 2026-10-01T16:27:11.379Z, state: Object, storedCustomerId: 019c6bee-028a-70e4-98ea-557b645a3ae0, customerId: 019c6bee-028a-70e4-98ea-557b645a3ae0} @ http://localhost:4200/chunk-RY7YES3A.js:2875
[ 5437138ms] [LOG] %c✅ [Initializer] State initialization complete. color: green; font-style: italic; @ http://localhost:4200/chunk-RY7YES3A.js:2875
[ 5437142ms] [LOG] %c🔄 UpdateService: Inicializando servicio de actualizaciones color: blue; font-weight: bold; @ http://localhost:4200/chunk-2BPO4FAW.js:17
[ 5437142ms] [LOG] %c🔄 UpdateService: ❌ Service Worker NO habilitado color: red; font-weight: bold; @ http://localhost:4200/chunk-2BPO4FAW.js:33
[ 5437145ms] [LOG] %c🚀 [App] ¡Aplicación iniciada! Soy más ligero y rápido que nunca. color: #673AB7; font-style: italic; @ http://localhost:4200/chunk-RY7YES3A.js:2875
[ 5437146ms] [LOG] %c⚠️ [App] Notificaciones bloqueadas por el usuario color: orange;font-style: italic @ http://localhost:4200/chunk-RY7YES3A.js:2888
[ 5437150ms] [LOG] Angular is running in development mode. @ http://localhost:4200/@fs/D:/repos/luxuryapp-api/appsweb/angular/.angular/cache/22.1.8/luxury-app/vite/deps/core-BtAdGG1h.js?v=79c56015:9175
[ 5437304ms] [LOG] %c🎉 [LayoutEmployee] ¡Layout de empleado cargado! Despertando a los gigantes (SignalR, OneSignal...) color: #2196F3; font-style: italic; @ http://localhost:4200/chunk-RY7YES3A.js:2875
[ 5437304ms] [LOG] %cLINK [SignalR] Construyendo conexion... color: blue; font-style: italic; @ http://localhost:4200/chunk-RY7YES3A.js:2875
[ 5437304ms] [LOG] %cHEADSET [SignalR] Registrando listeners... color: cyan; font-style: italic; @ http://localhost:4200/chunk-RY7YES3A.js:2875
[ 5437305ms] [LOG] %cLINK [SignalR] Iniciando conexion... color: blue; font-style: italic; @ http://localhost:4200/chunk-RY7YES3A.js:2875
[ 5437305ms] [LOG] %cℹ️ [LayoutEmployee] Usuario 63f5fe75-4fbb-4328-a2dd-b7224778752e autenticado. Iniciando OneSignal... color: dodgerblue;font-style: italic @ http://localhost:4200/chunk-RY7YES3A.js:2888
[ 5437305ms] [LOG] %c... [OneSignal] Esperando que el SDK este listo... color: orange; font-style: italic; @ http://localhost:4200/chunk-RY7YES3A.js:2875
[ 5437326ms] [LOG] %c🛡️ [JwtInterceptorFn] Auth check completado. Interceptando ruta: color: #FF0000; font-style: italic; http://localhost:7070/api/select-items/customer-inspections/019c6bee-028a-70e4-98ea-557b645a3ae0 @ http://localhost:4200/chunk-RY7YES3A.js:2875
[ 5437327ms] [LOG] %c🔍 [StorageService] Recuperando valor para clave: 'customerId' color: #2196F3; font-style: italic; @ http://localhost:4200/chunk-RY7YES3A.js:2875
[ 5437328ms] [LOG] %c🔍 [StorageService] Recuperando valor para clave: 'customerId' color: #2196F3; font-style: italic; @ http://localhost:4200/chunk-RY7YES3A.js:2875
[ 5437328ms] [LOG] %c [JwtTrace] request color: #F44336; font-style: italic; {at: 2026-10-01T16:27:11.569Z, url: http://localhost:7070/api/select-items/customer-inspections/019c6bee-028a-70e4-98ea-557b645a3ae0, method: GET, appUserId: 63f5fe75-4fbb-4328-a2dd-b7224778752e, storageCustomerId: 019c6bee-028a-70e4-98ea-557b645a3ae0} @ http://localhost:4200/chunk-RY7YES3A.js:2875
[ 5437337ms] [WARNING] 
  It looks like you're using the disabled attribute with a reactive form directive. If you set disabled to true
  when you set up this control in your component class, the disabled attribute will actually be set in the DOM for
  you. We recommend using this approach to avoid 'changed after checked' errors.

  Example:
  // Specify the `disabled` property at control creation time:
  form = new FormGroup({
    first: new FormControl({value: 'Nancy', disabled: true}, Validators.required),
    last: new FormControl('Drew', Validators.required)
  });

  // Controls can also be enabled/disabled after creation:
  form.get('first')?.enable();
  form.get('last')?.disable();
 @ http://localhost:4200/@fs/D:/repos/luxuryapp-api/appsweb/angular/.angular/cache/22.1.8/luxury-app/vite/deps/@angular_forms.js?v=3ac07549:3968
[ 5437365ms] [LOG] %c🛡️ [JwtInterceptorFn] Auth check completado. Interceptando ruta: color: #FF0000; font-style: italic; http://localhost:7070/api/notifications @ http://localhost:4200/chunk-RY7YES3A.js:2875
[ 5437366ms] [LOG] %c🔍 [StorageService] Recuperando valor para clave: 'customerId' color: #2196F3; font-style: italic; @ http://localhost:4200/chunk-RY7YES3A.js:2875
[ 5437366ms] [LOG] %c🔍 [StorageService] Recuperando valor para clave: 'customerId' color: #2196F3; font-style: italic; @ http://localhost:4200/chunk-RY7YES3A.js:2875
[ 5437366ms] [LOG] %c [JwtTrace] request color: #F44336; font-style: italic; {at: 2026-10-01T16:27:11.607Z, url: http://localhost:7070/api/notifications, method: GET, appUserId: 63f5fe75-4fbb-4328-a2dd-b7224778752e, storageCustomerId: 019c6bee-028a-70e4-98ea-557b645a3ae0} @ http://localhost:4200/chunk-RY7YES3A.js:2875
[ 5437368ms] [LOG] %c🛡️ [JwtInterceptorFn] Auth check completado. Interceptando ruta: color: #FF0000; font-style: italic; http://localhost:7070/api/notifications/unread-count @ http://localhost:4200/chunk-RY7YES3A.js:2875
[ 5437368ms] [LOG] %c🔍 [StorageService] Recuperando valor para clave: 'customerId' color: #2196F3; font-style: italic; @ http://localhost:4200/chunk-RY7YES3A.js:2875
[ 5437369ms] [LOG] %c🔍 [StorageService] Recuperando valor para clave: 'customerId' color: #2196F3; font-style: italic; @ http://localhost:4200/chunk-RY7YES3A.js:2875
[ 5437369ms] [LOG] %c [JwtTrace] request color: #F44336; font-style: italic; {at: 2026-10-01T16:27:11.610Z, url: http://localhost:7070/api/notifications/unread-count, method: GET, appUserId: 63f5fe75-4fbb-4328-a2dd-b7224778752e, storageCustomerId: 019c6bee-028a-70e4-98ea-557b645a3ae0} @ http://localhost:4200/chunk-RY7YES3A.js:2875
[ 5437375ms] [LOG] %c [MenuTrace] effect.tick color: #9C27B0; font-style: italic; {at: 2026-10-01T16:27:11.616Z, customerId: 019c6bee-028a-70e4-98ea-557b645a3ae0, customerReady: true, applicationUserId: 63f5fe75-4fbb-4328-a2dd-b7224778752e, lastCustomerId: null} @ http://localhost:4200/chunk-RY7YES3A.js:2875
[ 5437375ms] [LOG] %c [MenuService] Customer data and session are ready. Loading menu... color: green; font-style: italic; @ http://localhost:4200/chunk-RY7YES3A.js:2875
[ 5437375ms] [LOG] %c [MenuTrace] triggerMenuLoad.start color: #9C27B0; font-style: italic; {at: 2026-10-01T16:27:11.617Z, customerId: 019c6bee-028a-70e4-98ea-557b645a3ae0, customerReady: true, applicationUserId: 63f5fe75-4fbb-4328-a2dd-b7224778752e, lastCustomerId: null} @ http://localhost:4200/chunk-RY7YES3A.js:2875
[ 5437376ms] [LOG] %c🛡️ [JwtInterceptorFn] Auth check completado. Interceptando ruta: color: #FF0000; font-style: italic; http://localhost:7070/api/menu-items/019c6bee-028a-70e4-98ea-557b645a3ae0 @ http://localhost:4200/chunk-RY7YES3A.js:2875
[ 5437376ms] [LOG] %c🔍 [StorageService] Recuperando valor para clave: 'customerId' color: #2196F3; font-style: italic; @ http://localhost:4200/chunk-RY7YES3A.js:2875
[ 5437376ms] [LOG] %c🔍 [StorageService] Recuperando valor para clave: 'customerId' color: #2196F3; font-style: italic; @ http://localhost:4200/chunk-RY7YES3A.js:2875
[ 5437376ms] [LOG] %c [JwtTrace] request color: #F44336; font-style: italic; {at: 2026-10-01T16:27:11.618Z, url: http://localhost:7070/api/menu-items/019c6bee-028a-70e4-98ea-557b645a3ae0, method: GET, appUserId: 63f5fe75-4fbb-4328-a2dd-b7224778752e, storageCustomerId: 019c6bee-028a-70e4-98ea-557b645a3ae0} @ http://localhost:4200/chunk-RY7YES3A.js:2875
[ 5437380ms] [LOG] %cok [OneSignal] SDK listo color: green; font-style: italic; @ http://localhost:4200/chunk-RY7YES3A.js:2875
[ 5437436ms] [INFO] [2026-10-01T16:27:11.677Z] Information: WebSocket connected to ws://localhost:7070/ws/notificationHub?id=nl7y_PztR48JYQrgHU0ELQ&access_token=eyJhbGciOiJIUzI1NiIsInR5cCI6IkpXVCJ9.eyJzdWIiOiI2M2Y1ZmU3NS00ZmJiLTQzMjgtYTJkZC1iNzIyNDc3ODc1MmUiLCJqdGkiOiIwMWEwZjg0YS04ZjEyLTdlMGMtOGVkZS1iMGExOTQyYzZmZTUiLCJpYXQiOjE3OTA4NzIwMzAsIm5hbWUiOiJBZG1pbmlzdHJhZG9yIExCRyIsImVtYWlsIjoiaW5mb0BsdXh1cnlidWlsZGluZy5jb20ubXgiLCJ1c2VybmFtZSI6ImFkbWluIiwiY3VzdG9tZXJJZCI6IjAxOWM2YmVlLTAyOGEtNzBlNC05OGVhLTU1N2I2NDVhM2FlMCIsImN1c3RvbWVyTmFtZSI6IkxVWFVSWSBCVUlMRElORyBHUk9VUCBTQSBERSBDViIsImZpcnN0TmFtZSI6IkFkbWluaXN0cmFkb3IiLCJsYXN0TmFtZSI6IkxCRyIsInBob25lIjoiKDU1KSAwMDAwLSAwMDAwIiwicGhvdG9QYXRoIjoiaHR0cDovL2xvY2FsaG9zdDo3MDcwL2FwaS9maWxlcy9kb3dubG9hZD9maWxlUGF0aD1wdWJsaWMlMmZBZG1pbmlzdHJhdGlvbiUyZmFjY291bnRzJTJmMDFhMGM0M2ItYzFjOC03Njc1LWE0ODYtN2Y2NzhiNGM1NTU4LnBuZyIsInBvc2l0aW9uIjoiRGVzY29ub2NpZG8iLCJodHRwOi8vc2NoZW1hcy5taWNyb3NvZnQuY29tL3dzLzIwMDgvMDYvaWRlbnRpdHkvY2xhaW1zL3JvbGUiOiJTdXBlclVzdWFyaW8iLCJyb2xlSWQiOiI2OTlkN2NjMS1kMTQzLTQ5ODUtYjU1YS1kMDMwODY0YzY5M2UiLCJleHAiOjE3OTA4NzU2MzAsImlzcyI6Imh0dHBzOi8vbG9jYWxob3N0OjcwNjkiLCJhdWQiOiJodHRwczovL2xvY2FsaG9zdDo0MjAwIn0.cxcM1BPfXDxfKRfyhQ8pp2KcKZ0sfhBGoSziajWISKE. @ http://localhost:4200/@fs/D:/repos/luxuryapp-api/appsweb/angular/.angular/cache/22.1.8/luxury-app/vite/deps/@microsoft_signalr.js?v=3ac07549:308
[ 5437436ms] [INFO] [2026-10-01T16:27:11.677Z] Information: Using HubProtocol 'json'. @ http://localhost:4200/@fs/D:/repos/luxuryapp-api/appsweb/angular/.angular/cache/22.1.8/luxury-app/vite/deps/@microsoft_signalr.js?v=3ac07549:308
[ 5437439ms] [LOG] %cUSER [SignalR] Evento ConnectedUser recibido: color: blue; font-style: italic; Bienvenido 63f5fe75-4fbb-4328-a2dd-b7224778752e @ http://localhost:4200/chunk-RY7YES3A.js:2875
[ 5437439ms] [LOG] %cLINK [SignalR] Conexion iniciada con exito. color: green; font-style: italic; @ http://localhost:4200/chunk-RY7YES3A.js:2875
[ 5437439ms] [LOG] %cSTATE [SignalR] connectionId = 'H7AXQtS8FoCMBopAkpJzIQ' color: green; font-style: italic; @ http://localhost:4200/chunk-RY7YES3A.js:2875
[ 5437466ms] [LOG] %c [API SUCCESS]: GET ITEM: select-items/customer-inspections/019c6bee-028a-70e4-98ea-557b645a3ae0 color: dodgerblue; font-style: italic; [] @ http://localhost:4200/chunk-RY7YES3A.js:2875
[ 5437469ms] [LOG] %cpkg [OneSignal] Inicializado con App ID: color: teal; font-style: italic; 3d1f1ce3-638f-4a30-b093-ab617baf91a8 @ http://localhost:4200/chunk-RY7YES3A.js:2875
[ 5437469ms] [LOG] %cear [OneSignal] Listeners registrados. color: cyan; font-style: italic; @ http://localhost:4200/chunk-RY7YES3A.js:2875
[ 5437469ms] [LOG] %cuser [OneSignal] Usuario logueado con ExternalUserId: 63f5fe75-4fbb-4328-a2dd-b7224778752e color: darkslateblue; font-style: italic; @ http://localhost:4200/chunk-RY7YES3A.js:2875
[ 5437470ms] [LOG] %csub [OneSignal] Permiso: color: dodgerblue; font-style: italic; false | Suscrito: false @ http://localhost:4200/chunk-RY7YES3A.js:2875
[ 5437470ms] [LOG] %cwarn [OneSignal] Usuario no completamente suscrito. color: orange; font-style: italic; @ http://localhost:4200/chunk-RY7YES3A.js:2875
[ 5437510ms] [ERROR] Failed to load resource: the server responded with a status of 404 (Not Found) @ http://localhost:7070/api/files/download?filePath=public%2fAdministration%2faccounts%2f01a0c43b-c1c8-7675-a486-7f678b4c5558.png:0
[ 5437920ms] [LOG] %c [API SUCCESS]: GET NoLoading: notifications color: gray; font-style: italic; [Object, Object, Object, Object, Object, Object, Object, Object, Object, Object, Object, Object, Object, Object, Object, Object, Object] @ http://localhost:4200/chunk-RY7YES3A.js:2875
[ 5438083ms] [LOG] %c [API SUCCESS]: GET LIST: menu-items/019c6bee-028a-70e4-98ea-557b645a3ae0 color: teal; font-style: italic; [Object, Object, Object, Object, Object, Object, Object, Object, Object, Object, Object, Object, Object, Object, Object, Object, Object, Object, Object, Object, Object, Object, Object, Object] @ http://localhost:4200/chunk-RY7YES3A.js:2875
[ 5438084ms] [LOG] %c [MenuTrace] fetchMenuItemsFromApi.success color: #9C27B0; font-style: italic; {at: 2026-10-01T16:27:12.325Z, customerId: 019c6bee-028a-70e4-98ea-557b645a3ae0, customerReady: true, applicationUserId: 63f5fe75-4fbb-4328-a2dd-b7224778752e, lastCustomerId: 019c6bee-028a-70e4-98ea-557b645a3ae0} @ http://localhost:4200/chunk-RY7YES3A.js:2875
[ 5438084ms] [LOG] %c [MenuTrace] triggerMenuLoad.response color: #9C27B0; font-style: italic; {at: 2026-10-01T16:27:12.325Z, customerId: 019c6bee-028a-70e4-98ea-557b645a3ae0, customerReady: true, applicationUserId: 63f5fe75-4fbb-4328-a2dd-b7224778752e, lastCustomerId: 019c6bee-028a-70e4-98ea-557b645a3ae0} @ http://localhost:4200/chunk-RY7YES3A.js:2875
[ 5438190ms] [LOG] %c [API SUCCESS]: GET NoLoading: notifications/unread-count color: gray; font-style: italic; 17 @ http://localhost:4200/chunk-RY7YES3A.js:2875
[ 5615249ms] [LOG] %c📦 [StorageService] Inicializando servicio de almacenamiento local... color: #3F51B5; font-style: italic; @ http://localhost:4200/chunk-RY7YES3A.js:2875
[ 5615250ms] [LOG] %c [AuthService] Verificando ruta inicial: /inspections/inspection-report-list | Es publica: false color: #9C27B0; font-style: italic; @ http://localhost:4200/chunk-RY7YES3A.js:2875
[ 5615250ms] [LOG] %c [AuthService] Ruta no publica. Intentando login silencioso... color: #009688; font-style: italic; @ http://localhost:4200/chunk-RY7YES3A.js:2875
[ 5615251ms] [LOG] %c🚀 [Initializer] Starting application state initialization... color: purple; font-style: italic; @ http://localhost:4200/chunk-RY7YES3A.js:2875
[ 5615478ms] [LOG] %c [AuthService] Token renovado. Actualizando sesion en memoria. color: color: #4CAF50; font-style: italic;; font-style: italic; @ http://localhost:4200/chunk-RY7YES3A.js:2875
[ 5615478ms] [LOG] %c [AuthTrace] refresh.success.before-set color: #03A9F4; font-style: italic; {at: 2026-10-01T16:30:09.720Z, applicationUserId: 63f5fe75-4fbb-4328-a2dd-b7224778752e, tokenCustomerId: 019c6bee-028a-70e4-98ea-557b645a3ae0, roles: Array(1), customerAccessCount: 10} @ http://localhost:4200/chunk-RY7YES3A.js:2875
[ 5615478ms] [LOG] %c [AuthTrace] refresh.success.after-set color: #03A9F4; font-style: italic; {at: 2026-10-01T16:30:09.720Z, applicationUserId: 63f5fe75-4fbb-4328-a2dd-b7224778752e, tokenCustomerId: 019c6bee-028a-70e4-98ea-557b645a3ae0, roles: Array(1), customerAccessCount: 10} @ http://localhost:4200/chunk-RY7YES3A.js:2875
[ 5615479ms] [LOG] %cLINK [SignalR] Construyendo conexion... color: blue; font-style: italic; @ http://localhost:4200/chunk-RY7YES3A.js:2875
[ 5615479ms] [LOG] %cHEADSET [SignalR] Registrando listeners... color: cyan; font-style: italic; @ http://localhost:4200/chunk-RY7YES3A.js:2875
[ 5615479ms] [LOG] %cLINK [SignalR] Iniciando conexion... color: blue; font-style: italic; @ http://localhost:4200/chunk-RY7YES3A.js:2875
[ 5615480ms] [LOG] %c [AuthTrace] trySilentLogin.finalize color: #8BC34A; font-style: italic; {at: 2026-10-01T16:30:09.721Z, isAuthenticated: true} @ http://localhost:4200/chunk-RY7YES3A.js:2875
[ 5615480ms] [LOG] %c🏢 [Initializer] User session found. Initializing customer state... color: #3F51B5; font-style: italic; @ http://localhost:4200/chunk-RY7YES3A.js:2875
[ 5615481ms] [LOG] %c🔍 [StorageService] Recuperando valor para clave: 'customerId' color: #2196F3; font-style: italic; @ http://localhost:4200/chunk-RY7YES3A.js:2875
[ 5615481ms] [LOG] %c [CustomerTrace] initialize.start color: #FF9800; font-style: italic; {at: 2026-10-01T16:30:09.722Z, state: Object, storedCustomerId: 019c6bee-028a-70e4-98ea-557b645a3ae0, tokenCustomerId: 019c6bee-028a-70e4-98ea-557b645a3ae0, customerAccess: Array(10)} @ http://localhost:4200/chunk-RY7YES3A.js:2875
[ 5615481ms] [LOG] %c🔍 [StorageService] Recuperando valor para clave: 'customerId' color: #2196F3; font-style: italic; @ http://localhost:4200/chunk-RY7YES3A.js:2875
[ 5615481ms] [LOG] %c🔍 [StorageService] Recuperando valor para clave: 'customerId' color: #2196F3; font-style: italic; @ http://localhost:4200/chunk-RY7YES3A.js:2875
[ 5615482ms] [LOG] %c [CustomerTrace] initialize.selected-customer color: #FF9800; font-style: italic; {at: 2026-10-01T16:30:09.723Z, state: Object, storedCustomerId: 019c6bee-028a-70e4-98ea-557b645a3ae0, selectedCustomerId: 019c6bee-028a-70e4-98ea-557b645a3ae0} @ http://localhost:4200/chunk-RY7YES3A.js:2875
[ 5615482ms] [LOG] %c💾 [StorageService] Guardando clave: 'customerId' color: #FF9800; font-style: italic; {value: 019c6bee-028a-70e4-98ea-557b645a3ae0} @ http://localhost:4200/chunk-RY7YES3A.js:2875
[ 5615483ms] [LOG] %c✅ [StorageService] Clave 'customerId' guardada exitosamente. color: #4CAF50; font-style: italic; @ http://localhost:4200/chunk-RY7YES3A.js:2875
[ 5615483ms] [LOG] %c🔍 [StorageService] Recuperando valor para clave: 'customerId' color: #2196F3; font-style: italic; @ http://localhost:4200/chunk-RY7YES3A.js:2875
[ 5615483ms] [LOG] %c [CustomerTrace] loadDataForCustomer.start color: #FF9800; font-style: italic; {at: 2026-10-01T16:30:09.724Z, state: Object, storedCustomerId: 019c6bee-028a-70e4-98ea-557b645a3ae0, customerId: 019c6bee-028a-70e4-98ea-557b645a3ae0} @ http://localhost:4200/chunk-RY7YES3A.js:2875
[ 5615485ms] [LOG] %c🛡️ [JwtInterceptorFn] Auth check completado. Interceptando ruta: color: #FF0000; font-style: italic; http://localhost:7070/api/customers/019c6bee-028a-70e4-98ea-557b645a3ae0 @ http://localhost:4200/chunk-RY7YES3A.js:2875
[ 5615485ms] [LOG] %c🔍 [StorageService] Recuperando valor para clave: 'customerId' color: #2196F3; font-style: italic; @ http://localhost:4200/chunk-RY7YES3A.js:2875
[ 5615486ms] [LOG] %c🔍 [StorageService] Recuperando valor para clave: 'customerId' color: #2196F3; font-style: italic; @ http://localhost:4200/chunk-RY7YES3A.js:2875
[ 5615487ms] [LOG] %c [JwtTrace] request color: #F44336; font-style: italic; {at: 2026-10-01T16:30:09.727Z, url: http://localhost:7070/api/customers/019c6bee-028a-70e4-98ea-557b645a3ae0, method: GET, appUserId: 63f5fe75-4fbb-4328-a2dd-b7224778752e, storageCustomerId: 019c6bee-028a-70e4-98ea-557b645a3ae0} @ http://localhost:4200/chunk-RY7YES3A.js:2875
[ 5615500ms] [INFO] [2026-10-01T16:30:09.741Z] Information: WebSocket connected to ws://localhost:7070/ws/notificationHub?id=UZJyE7Ty2inlcVMp7dbNNg&access_token=eyJhbGciOiJIUzI1NiIsInR5cCI6IkpXVCJ9.eyJzdWIiOiI2M2Y1ZmU3NS00ZmJiLTQzMjgtYTJkZC1iNzIyNDc3ODc1MmUiLCJqdGkiOiIwMWEwZjg0ZC00OTA1LTdiNDMtOWFjMi1kNTNmMTYyMTY5ODUiLCJpYXQiOjE3OTA4NzIyMDksIm5hbWUiOiJBZG1pbmlzdHJhZG9yIExCRyIsImVtYWlsIjoiaW5mb0BsdXh1cnlidWlsZGluZy5jb20ubXgiLCJ1c2VybmFtZSI6ImFkbWluIiwiY3VzdG9tZXJJZCI6IjAxOWM2YmVlLTAyOGEtNzBlNC05OGVhLTU1N2I2NDVhM2FlMCIsImN1c3RvbWVyTmFtZSI6IkxVWFVSWSBCVUlMRElORyBHUk9VUCBTQSBERSBDViIsImZpcnN0TmFtZSI6IkFkbWluaXN0cmFkb3IiLCJsYXN0TmFtZSI6IkxCRyIsInBob25lIjoiKDU1KSAwMDAwLSAwMDAwIiwicGhvdG9QYXRoIjoiaHR0cDovL2xvY2FsaG9zdDo3MDcwL2FwaS9maWxlcy9kb3dubG9hZD9maWxlUGF0aD1wdWJsaWMlMmZBZG1pbmlzdHJhdGlvbiUyZmFjY291bnRzJTJmMDFhMGM0M2ItYzFjOC03Njc1LWE0ODYtN2Y2NzhiNGM1NTU4LnBuZyIsInBvc2l0aW9uIjoiRGVzY29ub2NpZG8iLCJodHRwOi8vc2NoZW1hcy5taWNyb3NvZnQuY29tL3dzLzIwMDgvMDYvaWRlbnRpdHkvY2xhaW1zL3JvbGUiOiJTdXBlclVzdWFyaW8iLCJyb2xlSWQiOiI2OTlkN2NjMS1kMTQzLTQ5ODUtYjU1YS1kMDMwODY0YzY5M2UiLCJleHAiOjE3OTA4NzU4MDksImlzcyI6Imh0dHBzOi8vbG9jYWxob3N0OjcwNjkiLCJhdWQiOiJodHRwczovL2xvY2FsaG9zdDo0MjAwIn0.0gl_UdPQV4yBVuSVsPhM27Tv7twnH4aXsJnfIe7pCU4. @ http://localhost:4200/@fs/D:/repos/luxuryapp-api/appsweb/angular/.angular/cache/22.1.8/luxury-app/vite/deps/@microsoft_signalr.js?v=3ac07549:308
[ 5615500ms] [INFO] [2026-10-01T16:30:09.741Z] Information: Using HubProtocol 'json'. @ http://localhost:4200/@fs/D:/repos/luxuryapp-api/appsweb/angular/.angular/cache/22.1.8/luxury-app/vite/deps/@microsoft_signalr.js?v=3ac07549:308
[ 5615501ms] [LOG] %cLINK [SignalR] Conexion iniciada con exito. color: green; font-style: italic; @ http://localhost:4200/chunk-RY7YES3A.js:2875
[ 5615501ms] [LOG] %cSTATE [SignalR] connectionId = 'qRTPmiX86uJWEak5RIdeOg' color: green; font-style: italic; @ http://localhost:4200/chunk-RY7YES3A.js:2875
[ 5615502ms] [LOG] %cUSER [SignalR] Evento ConnectedUser recibido: color: blue; font-style: italic; Bienvenido 63f5fe75-4fbb-4328-a2dd-b7224778752e @ http://localhost:4200/chunk-RY7YES3A.js:2875
[ 5615512ms] [LOG] %c🔍 [StorageService] Recuperando valor para clave: 'customerId' color: #2196F3; font-style: italic; @ http://localhost:4200/chunk-RY7YES3A.js:2875
[ 5615512ms] [LOG] %c [CustomerTrace] loadDataForCustomer.response color: #FF9800; font-style: italic; {at: 2026-10-01T16:30:09.754Z, state: Object, storedCustomerId: 019c6bee-028a-70e4-98ea-557b645a3ae0, customerId: 019c6bee-028a-70e4-98ea-557b645a3ae0, success: true} @ http://localhost:4200/chunk-RY7YES3A.js:2875
[ 5615513ms] [LOG] %c🔍 [StorageService] Recuperando valor para clave: 'customerId' color: #2196F3; font-style: italic; @ http://localhost:4200/chunk-RY7YES3A.js:2875
[ 5615513ms] [LOG] %c [CustomerTrace] loadDataForCustomer.ready color: #FF9800; font-style: italic; {at: 2026-10-01T16:30:09.754Z, state: Object, storedCustomerId: 019c6bee-028a-70e4-98ea-557b645a3ae0, customerId: 019c6bee-028a-70e4-98ea-557b645a3ae0} @ http://localhost:4200/chunk-RY7YES3A.js:2875
[ 5615513ms] [LOG] %c✅ [Initializer] State initialization complete. color: green; font-style: italic; @ http://localhost:4200/chunk-RY7YES3A.js:2875
[ 5615515ms] [LOG] %c🔄 UpdateService: Inicializando servicio de actualizaciones color: blue; font-weight: bold; @ http://localhost:4200/chunk-2BPO4FAW.js:17
[ 5615515ms] [LOG] %c🔄 UpdateService: ❌ Service Worker NO habilitado color: red; font-weight: bold; @ http://localhost:4200/chunk-2BPO4FAW.js:33
[ 5615519ms] [LOG] %c🚀 [App] ¡Aplicación iniciada! Soy más ligero y rápido que nunca. color: #673AB7; font-style: italic; @ http://localhost:4200/chunk-RY7YES3A.js:2875
[ 5615520ms] [LOG] %c⚠️ [App] Notificaciones bloqueadas por el usuario color: orange;font-style: italic @ http://localhost:4200/chunk-RY7YES3A.js:2888
[ 5615524ms] [LOG] Angular is running in development mode. @ http://localhost:4200/@fs/D:/repos/luxuryapp-api/appsweb/angular/.angular/cache/22.1.8/luxury-app/vite/deps/core-BtAdGG1h.js?v=79c56015:9175
[ 5615660ms] [LOG] %c🎉 [LayoutEmployee] ¡Layout de empleado cargado! Despertando a los gigantes (SignalR, OneSignal...) color: #2196F3; font-style: italic; @ http://localhost:4200/chunk-RY7YES3A.js:2875
[ 5615660ms] [LOG] %cLINK [SignalR] Construyendo conexion... color: blue; font-style: italic; @ http://localhost:4200/chunk-RY7YES3A.js:2875
[ 5615661ms] [LOG] %cHEADSET [SignalR] Registrando listeners... color: cyan; font-style: italic; @ http://localhost:4200/chunk-RY7YES3A.js:2875
[ 5615661ms] [LOG] %cLINK [SignalR] Iniciando conexion... color: blue; font-style: italic; @ http://localhost:4200/chunk-RY7YES3A.js:2875
[ 5615661ms] [LOG] %cℹ️ [LayoutEmployee] Usuario 63f5fe75-4fbb-4328-a2dd-b7224778752e autenticado. Iniciando OneSignal... color: dodgerblue;font-style: italic @ http://localhost:4200/chunk-RY7YES3A.js:2888
[ 5615661ms] [LOG] %c... [OneSignal] Esperando que el SDK este listo... color: orange; font-style: italic; @ http://localhost:4200/chunk-RY7YES3A.js:2875
[ 5615672ms] [LOG] %c🛡️ [JwtInterceptorFn] Auth check completado. Interceptando ruta: color: #FF0000; font-style: italic; http://localhost:7070/api/select-items/customer-inspections/019c6bee-028a-70e4-98ea-557b645a3ae0 @ http://localhost:4200/chunk-RY7YES3A.js:2875
[ 5615673ms] [LOG] %c🔍 [StorageService] Recuperando valor para clave: 'customerId' color: #2196F3; font-style: italic; @ http://localhost:4200/chunk-RY7YES3A.js:2875
[ 5615673ms] [LOG] %c🔍 [StorageService] Recuperando valor para clave: 'customerId' color: #2196F3; font-style: italic; @ http://localhost:4200/chunk-RY7YES3A.js:2875
[ 5615674ms] [LOG] %c [JwtTrace] request color: #F44336; font-style: italic; {at: 2026-10-01T16:30:09.915Z, url: http://localhost:7070/api/select-items/customer-inspections/019c6bee-028a-70e4-98ea-557b645a3ae0, method: GET, appUserId: 63f5fe75-4fbb-4328-a2dd-b7224778752e, storageCustomerId: 019c6bee-028a-70e4-98ea-557b645a3ae0} @ http://localhost:4200/chunk-RY7YES3A.js:2875
[ 5615680ms] [WARNING] 
  It looks like you're using the disabled attribute with a reactive form directive. If you set disabled to true
  when you set up this control in your component class, the disabled attribute will actually be set in the DOM for
  you. We recommend using this approach to avoid 'changed after checked' errors.

  Example:
  // Specify the `disabled` property at control creation time:
  form = new FormGroup({
    first: new FormControl({value: 'Nancy', disabled: true}, Validators.required),
    last: new FormControl('Drew', Validators.required)
  });

  // Controls can also be enabled/disabled after creation:
  form.get('first')?.enable();
  form.get('last')?.disable();
 @ http://localhost:4200/@fs/D:/repos/luxuryapp-api/appsweb/angular/.angular/cache/22.1.8/luxury-app/vite/deps/@angular_forms.js?v=3ac07549:3968
[ 5615699ms] [LOG] %c🛡️ [JwtInterceptorFn] Auth check completado. Interceptando ruta: color: #FF0000; font-style: italic; http://localhost:7070/api/notifications @ http://localhost:4200/chunk-RY7YES3A.js:2875
[ 5615700ms] [LOG] %c🔍 [StorageService] Recuperando valor para clave: 'customerId' color: #2196F3; font-style: italic; @ http://localhost:4200/chunk-RY7YES3A.js:2875
[ 5615700ms] [LOG] %c🔍 [StorageService] Recuperando valor para clave: 'customerId' color: #2196F3; font-style: italic; @ http://localhost:4200/chunk-RY7YES3A.js:2875
[ 5615701ms] [LOG] %c [JwtTrace] request color: #F44336; font-style: italic; {at: 2026-10-01T16:30:09.942Z, url: http://localhost:7070/api/notifications, method: GET, appUserId: 63f5fe75-4fbb-4328-a2dd-b7224778752e, storageCustomerId: 019c6bee-028a-70e4-98ea-557b645a3ae0} @ http://localhost:4200/chunk-RY7YES3A.js:2875
[ 5615703ms] [LOG] %c🛡️ [JwtInterceptorFn] Auth check completado. Interceptando ruta: color: #FF0000; font-style: italic; http://localhost:7070/api/notifications/unread-count @ http://localhost:4200/chunk-RY7YES3A.js:2875
[ 5615703ms] [LOG] %c🔍 [StorageService] Recuperando valor para clave: 'customerId' color: #2196F3; font-style: italic; @ http://localhost:4200/chunk-RY7YES3A.js:2875
[ 5615704ms] [LOG] %c🔍 [StorageService] Recuperando valor para clave: 'customerId' color: #2196F3; font-style: italic; @ http://localhost:4200/chunk-RY7YES3A.js:2875
[ 5615704ms] [LOG] %c [JwtTrace] request color: #F44336; font-style: italic; {at: 2026-10-01T16:30:09.945Z, url: http://localhost:7070/api/notifications/unread-count, method: GET, appUserId: 63f5fe75-4fbb-4328-a2dd-b7224778752e, storageCustomerId: 019c6bee-028a-70e4-98ea-557b645a3ae0} @ http://localhost:4200/chunk-RY7YES3A.js:2875
[ 5615712ms] [LOG] %c [MenuTrace] effect.tick color: #9C27B0; font-style: italic; {at: 2026-10-01T16:30:09.953Z, customerId: 019c6bee-028a-70e4-98ea-557b645a3ae0, customerReady: true, applicationUserId: 63f5fe75-4fbb-4328-a2dd-b7224778752e, lastCustomerId: null} @ http://localhost:4200/chunk-RY7YES3A.js:2875
[ 5615712ms] [LOG] %c [MenuService] Customer data and session are ready. Loading menu... color: green; font-style: italic; @ http://localhost:4200/chunk-RY7YES3A.js:2875
[ 5615712ms] [LOG] %c [MenuTrace] triggerMenuLoad.start color: #9C27B0; font-style: italic; {at: 2026-10-01T16:30:09.954Z, customerId: 019c6bee-028a-70e4-98ea-557b645a3ae0, customerReady: true, applicationUserId: 63f5fe75-4fbb-4328-a2dd-b7224778752e, lastCustomerId: null} @ http://localhost:4200/chunk-RY7YES3A.js:2875
[ 5615713ms] [LOG] %c🛡️ [JwtInterceptorFn] Auth check completado. Interceptando ruta: color: #FF0000; font-style: italic; http://localhost:7070/api/menu-items/019c6bee-028a-70e4-98ea-557b645a3ae0 @ http://localhost:4200/chunk-RY7YES3A.js:2875
[ 5615713ms] [LOG] %c🔍 [StorageService] Recuperando valor para clave: 'customerId' color: #2196F3; font-style: italic; @ http://localhost:4200/chunk-RY7YES3A.js:2875
[ 5615713ms] [LOG] %c🔍 [StorageService] Recuperando valor para clave: 'customerId' color: #2196F3; font-style: italic; @ http://localhost:4200/chunk-RY7YES3A.js:2875
[ 5615714ms] [LOG] %c [JwtTrace] request color: #F44336; font-style: italic; {at: 2026-10-01T16:30:09.955Z, url: http://localhost:7070/api/menu-items/019c6bee-028a-70e4-98ea-557b645a3ae0, method: GET, appUserId: 63f5fe75-4fbb-4328-a2dd-b7224778752e, storageCustomerId: 019c6bee-028a-70e4-98ea-557b645a3ae0} @ http://localhost:4200/chunk-RY7YES3A.js:2875
[ 5615716ms] [LOG] %cok [OneSignal] SDK listo color: green; font-style: italic; @ http://localhost:4200/chunk-RY7YES3A.js:2875
[ 5615744ms] [ERROR] Failed to load resource: the server responded with a status of 404 (Not Found) @ http://localhost:7070/api/files/download?filePath=public%2fAdministration%2faccounts%2f01a0c43b-c1c8-7675-a486-7f678b4c5558.png:0
[ 5615746ms] [INFO] [2026-10-01T16:30:09.988Z] Information: WebSocket connected to ws://localhost:7070/ws/notificationHub?id=hiwhRYzXpZXVhhMcoMoA4A&access_token=eyJhbGciOiJIUzI1NiIsInR5cCI6IkpXVCJ9.eyJzdWIiOiI2M2Y1ZmU3NS00ZmJiLTQzMjgtYTJkZC1iNzIyNDc3ODc1MmUiLCJqdGkiOiIwMWEwZjg0ZC00OTA1LTdiNDMtOWFjMi1kNTNmMTYyMTY5ODUiLCJpYXQiOjE3OTA4NzIyMDksIm5hbWUiOiJBZG1pbmlzdHJhZG9yIExCRyIsImVtYWlsIjoiaW5mb0BsdXh1cnlidWlsZGluZy5jb20ubXgiLCJ1c2VybmFtZSI6ImFkbWluIiwiY3VzdG9tZXJJZCI6IjAxOWM2YmVlLTAyOGEtNzBlNC05OGVhLTU1N2I2NDVhM2FlMCIsImN1c3RvbWVyTmFtZSI6IkxVWFVSWSBCVUlMRElORyBHUk9VUCBTQSBERSBDViIsImZpcnN0TmFtZSI6IkFkbWluaXN0cmFkb3IiLCJsYXN0TmFtZSI6IkxCRyIsInBob25lIjoiKDU1KSAwMDAwLSAwMDAwIiwicGhvdG9QYXRoIjoiaHR0cDovL2xvY2FsaG9zdDo3MDcwL2FwaS9maWxlcy9kb3dubG9hZD9maWxlUGF0aD1wdWJsaWMlMmZBZG1pbmlzdHJhdGlvbiUyZmFjY291bnRzJTJmMDFhMGM0M2ItYzFjOC03Njc1LWE0ODYtN2Y2NzhiNGM1NTU4LnBuZyIsInBvc2l0aW9uIjoiRGVzY29ub2NpZG8iLCJodHRwOi8vc2NoZW1hcy5taWNyb3NvZnQuY29tL3dzLzIwMDgvMDYvaWRlbnRpdHkvY2xhaW1zL3JvbGUiOiJTdXBlclVzdWFyaW8iLCJyb2xlSWQiOiI2OTlkN2NjMS1kMTQzLTQ5ODUtYjU1YS1kMDMwODY0YzY5M2UiLCJleHAiOjE3OTA4NzU4MDksImlzcyI6Imh0dHBzOi8vbG9jYWxob3N0OjcwNjkiLCJhdWQiOiJodHRwczovL2xvY2FsaG9zdDo0MjAwIn0.0gl_UdPQV4yBVuSVsPhM27Tv7twnH4aXsJnfIe7pCU4. @ http://localhost:4200/@fs/D:/repos/luxuryapp-api/appsweb/angular/.angular/cache/22.1.8/luxury-app/vite/deps/@microsoft_signalr.js?v=3ac07549:308
[ 5615747ms] [INFO] [2026-10-01T16:30:09.988Z] Information: Using HubProtocol 'json'. @ http://localhost:4200/@fs/D:/repos/luxuryapp-api/appsweb/angular/.angular/cache/22.1.8/luxury-app/vite/deps/@microsoft_signalr.js?v=3ac07549:308
[ 5615748ms] [LOG] %cLINK [SignalR] Conexion iniciada con exito. color: green; font-style: italic; @ http://localhost:4200/chunk-RY7YES3A.js:2875
[ 5615748ms] [LOG] %cSTATE [SignalR] connectionId = 'G1Z3UfRlwj61LdGfQoO3jQ' color: green; font-style: italic; @ http://localhost:4200/chunk-RY7YES3A.js:2875
[ 5615748ms] [LOG] %cUSER [SignalR] Evento ConnectedUser recibido: color: blue; font-style: italic; Bienvenido 63f5fe75-4fbb-4328-a2dd-b7224778752e @ http://localhost:4200/chunk-RY7YES3A.js:2875
[ 5615763ms] [LOG] %c [API SUCCESS]: GET NoLoading: notifications/unread-count color: gray; font-style: italic; 17 @ http://localhost:4200/chunk-RY7YES3A.js:2875
[ 5615765ms] [LOG] %c [API SUCCESS]: GET NoLoading: notifications color: gray; font-style: italic; [Object, Object, Object, Object, Object, Object, Object, Object, Object, Object, Object, Object, Object, Object, Object, Object, Object] @ http://localhost:4200/chunk-RY7YES3A.js:2875
[ 5615815ms] [LOG] %cpkg [OneSignal] Inicializado con App ID: color: teal; font-style: italic; 3d1f1ce3-638f-4a30-b093-ab617baf91a8 @ http://localhost:4200/chunk-RY7YES3A.js:2875
[ 5615815ms] [LOG] %cear [OneSignal] Listeners registrados. color: cyan; font-style: italic; @ http://localhost:4200/chunk-RY7YES3A.js:2875
[ 5615815ms] [LOG] %cuser [OneSignal] Usuario logueado con ExternalUserId: 63f5fe75-4fbb-4328-a2dd-b7224778752e color: darkslateblue; font-style: italic; @ http://localhost:4200/chunk-RY7YES3A.js:2875
[ 5615815ms] [LOG] %csub [OneSignal] Permiso: color: dodgerblue; font-style: italic; false | Suscrito: false @ http://localhost:4200/chunk-RY7YES3A.js:2875
[ 5615816ms] [LOG] %cwarn [OneSignal] Usuario no completamente suscrito. color: orange; font-style: italic; @ http://localhost:4200/chunk-RY7YES3A.js:2875
[ 5615844ms] [LOG] %c [API SUCCESS]: GET ITEM: select-items/customer-inspections/019c6bee-028a-70e4-98ea-557b645a3ae0 color: dodgerblue; font-style: italic; [] @ http://localhost:4200/chunk-RY7YES3A.js:2875
[ 5615869ms] [LOG] %c [API SUCCESS]: GET LIST: menu-items/019c6bee-028a-70e4-98ea-557b645a3ae0 color: teal; font-style: italic; [Object, Object, Object, Object, Object, Object, Object, Object, Object, Object, Object, Object, Object, Object, Object, Object, Object, Object, Object, Object, Object, Object, Object, Object] @ http://localhost:4200/chunk-RY7YES3A.js:2875
[ 5615869ms] [LOG] %c [MenuTrace] fetchMenuItemsFromApi.success color: #9C27B0; font-style: italic; {at: 2026-10-01T16:30:10.110Z, customerId: 019c6bee-028a-70e4-98ea-557b645a3ae0, customerReady: true, applicationUserId: 63f5fe75-4fbb-4328-a2dd-b7224778752e, lastCustomerId: 019c6bee-028a-70e4-98ea-557b645a3ae0} @ http://localhost:4200/chunk-RY7YES3A.js:2875
[ 5615869ms] [LOG] %c [MenuTrace] triggerMenuLoad.response color: #9C27B0; font-style: italic; {at: 2026-10-01T16:30:10.111Z, customerId: 019c6bee-028a-70e4-98ea-557b645a3ae0, customerReady: true, applicationUserId: 63f5fe75-4fbb-4328-a2dd-b7224778752e, lastCustomerId: 019c6bee-028a-70e4-98ea-557b645a3ae0} @ http://localhost:4200/chunk-RY7YES3A.js:2875
[ 7512778ms] [LOG] %c📦 [StorageService] Inicializando servicio de almacenamiento local... color: #3F51B5; font-style: italic; @ http://localhost:4200/chunk-RY7YES3A.js:2875
[ 7512779ms] [LOG] %c [AuthService] Verificando ruta inicial: /inspections/inspection-report-list | Es publica: false color: #9C27B0; font-style: italic; @ http://localhost:4200/chunk-RY7YES3A.js:2875
[ 7512780ms] [LOG] %c [AuthService] Ruta no publica. Intentando login silencioso... color: #009688; font-style: italic; @ http://localhost:4200/chunk-RY7YES3A.js:2875
[ 7512783ms] [LOG] %c🚀 [Initializer] Starting application state initialization... color: purple; font-style: italic; @ http://localhost:4200/chunk-RY7YES3A.js:2875
[ 7513891ms] [LOG] %c [AuthService] Token renovado. Actualizando sesion en memoria. color: color: #4CAF50; font-style: italic;; font-style: italic; @ http://localhost:4200/chunk-RY7YES3A.js:2875
[ 7513892ms] [LOG] %c [AuthTrace] refresh.success.before-set color: #03A9F4; font-style: italic; {at: 2026-10-01T17:01:48.133Z, applicationUserId: 63f5fe75-4fbb-4328-a2dd-b7224778752e, tokenCustomerId: 019c6bee-028a-70e4-98ea-557b645a3ae0, roles: Array(1), customerAccessCount: 10} @ http://localhost:4200/chunk-RY7YES3A.js:2875
[ 7513892ms] [LOG] %c [AuthTrace] refresh.success.after-set color: #03A9F4; font-style: italic; {at: 2026-10-01T17:01:48.134Z, applicationUserId: 63f5fe75-4fbb-4328-a2dd-b7224778752e, tokenCustomerId: 019c6bee-028a-70e4-98ea-557b645a3ae0, roles: Array(1), customerAccessCount: 10} @ http://localhost:4200/chunk-RY7YES3A.js:2875
[ 7513894ms] [LOG] %cLINK [SignalR] Construyendo conexion... color: blue; font-style: italic; @ http://localhost:4200/chunk-RY7YES3A.js:2875
[ 7513896ms] [LOG] %cHEADSET [SignalR] Registrando listeners... color: cyan; font-style: italic; @ http://localhost:4200/chunk-RY7YES3A.js:2875
[ 7513896ms] [LOG] %cLINK [SignalR] Iniciando conexion... color: blue; font-style: italic; @ http://localhost:4200/chunk-RY7YES3A.js:2875
[ 7513898ms] [LOG] %c [AuthTrace] trySilentLogin.finalize color: #8BC34A; font-style: italic; {at: 2026-10-01T17:01:48.139Z, isAuthenticated: true} @ http://localhost:4200/chunk-RY7YES3A.js:2875
[ 7513899ms] [LOG] %c🏢 [Initializer] User session found. Initializing customer state... color: #3F51B5; font-style: italic; @ http://localhost:4200/chunk-RY7YES3A.js:2875
[ 7513900ms] [LOG] %c🔍 [StorageService] Recuperando valor para clave: 'customerId' color: #2196F3; font-style: italic; @ http://localhost:4200/chunk-RY7YES3A.js:2875
[ 7513900ms] [LOG] %c [CustomerTrace] initialize.start color: #FF9800; font-style: italic; {at: 2026-10-01T17:01:48.141Z, state: Object, storedCustomerId: 019c6bee-028a-70e4-98ea-557b645a3ae0, tokenCustomerId: 019c6bee-028a-70e4-98ea-557b645a3ae0, customerAccess: Array(10)} @ http://localhost:4200/chunk-RY7YES3A.js:2875
[ 7513901ms] [LOG] %c🔍 [StorageService] Recuperando valor para clave: 'customerId' color: #2196F3; font-style: italic; @ http://localhost:4200/chunk-RY7YES3A.js:2875
[ 7513901ms] [LOG] %c🔍 [StorageService] Recuperando valor para clave: 'customerId' color: #2196F3; font-style: italic; @ http://localhost:4200/chunk-RY7YES3A.js:2875
[ 7513902ms] [LOG] %c [CustomerTrace] initialize.selected-customer color: #FF9800; font-style: italic; {at: 2026-10-01T17:01:48.143Z, state: Object, storedCustomerId: 019c6bee-028a-70e4-98ea-557b645a3ae0, selectedCustomerId: 019c6bee-028a-70e4-98ea-557b645a3ae0} @ http://localhost:4200/chunk-RY7YES3A.js:2875
[ 7513902ms] [LOG] %c💾 [StorageService] Guardando clave: 'customerId' color: #FF9800; font-style: italic; {value: 019c6bee-028a-70e4-98ea-557b645a3ae0} @ http://localhost:4200/chunk-RY7YES3A.js:2875
[ 7513903ms] [LOG] %c✅ [StorageService] Clave 'customerId' guardada exitosamente. color: #4CAF50; font-style: italic; @ http://localhost:4200/chunk-RY7YES3A.js:2875
[ 7513904ms] [LOG] %c🔍 [StorageService] Recuperando valor para clave: 'customerId' color: #2196F3; font-style: italic; @ http://localhost:4200/chunk-RY7YES3A.js:2875
[ 7513904ms] [LOG] %c [CustomerTrace] loadDataForCustomer.start color: #FF9800; font-style: italic; {at: 2026-10-01T17:01:48.145Z, state: Object, storedCustomerId: 019c6bee-028a-70e4-98ea-557b645a3ae0, customerId: 019c6bee-028a-70e4-98ea-557b645a3ae0} @ http://localhost:4200/chunk-RY7YES3A.js:2875
[ 7513907ms] [LOG] %c🛡️ [JwtInterceptorFn] Auth check completado. Interceptando ruta: color: #FF0000; font-style: italic; http://localhost:7070/api/customers/019c6bee-028a-70e4-98ea-557b645a3ae0 @ http://localhost:4200/chunk-RY7YES3A.js:2875
[ 7513908ms] [LOG] %c🔍 [StorageService] Recuperando valor para clave: 'customerId' color: #2196F3; font-style: italic; @ http://localhost:4200/chunk-RY7YES3A.js:2875
[ 7513909ms] [LOG] %c🔍 [StorageService] Recuperando valor para clave: 'customerId' color: #2196F3; font-style: italic; @ http://localhost:4200/chunk-RY7YES3A.js:2875
[ 7513910ms] [LOG] %c [JwtTrace] request color: #F44336; font-style: italic; {at: 2026-10-01T17:01:48.150Z, url: http://localhost:7070/api/customers/019c6bee-028a-70e4-98ea-557b645a3ae0, method: GET, appUserId: 63f5fe75-4fbb-4328-a2dd-b7224778752e, storageCustomerId: 019c6bee-028a-70e4-98ea-557b645a3ae0} @ http://localhost:4200/chunk-RY7YES3A.js:2875
[ 7513941ms] [INFO] [2026-10-01T17:01:48.183Z] Information: WebSocket connected to ws://localhost:7070/ws/notificationHub?id=KpJeNrQBG8naX3SEyGyr6w&access_token=eyJhbGciOiJIUzI1NiIsInR5cCI6IkpXVCJ9.eyJzdWIiOiI2M2Y1ZmU3NS00ZmJiLTQzMjgtYTJkZC1iNzIyNDc3ODc1MmUiLCJqdGkiOiIwMWEwZjg2YS00MGE3LTczYjgtOTYwMS1jODRiOTZjMjk4NTYiLCJpYXQiOjE3OTA4NzQxMDgsIm5hbWUiOiJBZG1pbmlzdHJhZG9yIExCRyIsImVtYWlsIjoiaW5mb0BsdXh1cnlidWlsZGluZy5jb20ubXgiLCJ1c2VybmFtZSI6ImFkbWluIiwiY3VzdG9tZXJJZCI6IjAxOWM2YmVlLTAyOGEtNzBlNC05OGVhLTU1N2I2NDVhM2FlMCIsImN1c3RvbWVyTmFtZSI6IkxVWFVSWSBCVUlMRElORyBHUk9VUCBTQSBERSBDViIsImZpcnN0TmFtZSI6IkFkbWluaXN0cmFkb3IiLCJsYXN0TmFtZSI6IkxCRyIsInBob25lIjoiKDU1KSAwMDAwLSAwMDAwIiwicGhvdG9QYXRoIjoiaHR0cDovL2xvY2FsaG9zdDo3MDcwL2FwaS9maWxlcy9kb3dubG9hZD9maWxlUGF0aD1wdWJsaWMlMmZBZG1pbmlzdHJhdGlvbiUyZmFjY291bnRzJTJmMDFhMGM0M2ItYzFjOC03Njc1LWE0ODYtN2Y2NzhiNGM1NTU4LnBuZyIsInBvc2l0aW9uIjoiRGVzY29ub2NpZG8iLCJodHRwOi8vc2NoZW1hcy5taWNyb3NvZnQuY29tL3dzLzIwMDgvMDYvaWRlbnRpdHkvY2xhaW1zL3JvbGUiOiJTdXBlclVzdWFyaW8iLCJyb2xlSWQiOiI2OTlkN2NjMS1kMTQzLTQ5ODUtYjU1YS1kMDMwODY0YzY5M2UiLCJleHAiOjE3OTA4Nzc3MDgsImlzcyI6Imh0dHBzOi8vbG9jYWxob3N0OjcwNjkiLCJhdWQiOiJodHRwczovL2xvY2FsaG9zdDo0MjAwIn0.iHh_zQCa51lMw5LJdQNEGAAkQZq4lLyXZsyDcUMY-ME. @ http://localhost:4200/@fs/D:/repos/luxuryapp-api/appsweb/angular/.angular/cache/22.1.8/luxury-app/vite/deps/@microsoft_signalr.js?v=3ac07549:308
[ 7513942ms] [INFO] [2026-10-01T17:01:48.183Z] Information: Using HubProtocol 'json'. @ http://localhost:4200/@fs/D:/repos/luxuryapp-api/appsweb/angular/.angular/cache/22.1.8/luxury-app/vite/deps/@microsoft_signalr.js?v=3ac07549:308
[ 7513945ms] [LOG] %cLINK [SignalR] Conexion iniciada con exito. color: green; font-style: italic; @ http://localhost:4200/chunk-RY7YES3A.js:2875
[ 7513945ms] [LOG] %cSTATE [SignalR] connectionId = '-DIyOXhz_Kk2x6A1pvFhRg' color: green; font-style: italic; @ http://localhost:4200/chunk-RY7YES3A.js:2875
[ 7513946ms] [LOG] %cUSER [SignalR] Evento ConnectedUser recibido: color: blue; font-style: italic; Bienvenido 63f5fe75-4fbb-4328-a2dd-b7224778752e @ http://localhost:4200/chunk-RY7YES3A.js:2875
[ 7513956ms] [LOG] %c🔍 [StorageService] Recuperando valor para clave: 'customerId' color: #2196F3; font-style: italic; @ http://localhost:4200/chunk-RY7YES3A.js:2875
[ 7513956ms] [LOG] %c [CustomerTrace] loadDataForCustomer.response color: #FF9800; font-style: italic; {at: 2026-10-01T17:01:48.197Z, state: Object, storedCustomerId: 019c6bee-028a-70e4-98ea-557b645a3ae0, customerId: 019c6bee-028a-70e4-98ea-557b645a3ae0, success: true} @ http://localhost:4200/chunk-RY7YES3A.js:2875
[ 7513957ms] [LOG] %c🔍 [StorageService] Recuperando valor para clave: 'customerId' color: #2196F3; font-style: italic; @ http://localhost:4200/chunk-RY7YES3A.js:2875
[ 7513957ms] [LOG] %c [CustomerTrace] loadDataForCustomer.ready color: #FF9800; font-style: italic; {at: 2026-10-01T17:01:48.198Z, state: Object, storedCustomerId: 019c6bee-028a-70e4-98ea-557b645a3ae0, customerId: 019c6bee-028a-70e4-98ea-557b645a3ae0} @ http://localhost:4200/chunk-RY7YES3A.js:2875
[ 7513958ms] [LOG] %c✅ [Initializer] State initialization complete. color: green; font-style: italic; @ http://localhost:4200/chunk-RY7YES3A.js:2875
[ 7513967ms] [LOG] %c🔄 UpdateService: Inicializando servicio de actualizaciones color: blue; font-weight: bold; @ http://localhost:4200/chunk-2BPO4FAW.js:17
[ 7513968ms] [LOG] %c🔄 UpdateService: ❌ Service Worker NO habilitado color: red; font-weight: bold; @ http://localhost:4200/chunk-2BPO4FAW.js:33
[ 7513976ms] [LOG] %c🚀 [App] ¡Aplicación iniciada! Soy más ligero y rápido que nunca. color: #673AB7; font-style: italic; @ http://localhost:4200/chunk-RY7YES3A.js:2875
[ 7513978ms] [LOG] %c⚠️ [App] Notificaciones bloqueadas por el usuario color: orange;font-style: italic @ http://localhost:4200/chunk-RY7YES3A.js:2888
[ 7513986ms] [LOG] Angular is running in development mode. @ http://localhost:4200/@fs/D:/repos/luxuryapp-api/appsweb/angular/.angular/cache/22.1.8/luxury-app/vite/deps/core-BtAdGG1h.js?v=79c56015:9175
[ 7514341ms] [LOG] %c🎉 [LayoutEmployee] ¡Layout de empleado cargado! Despertando a los gigantes (SignalR, OneSignal...) color: #2196F3; font-style: italic; @ http://localhost:4200/chunk-RY7YES3A.js:2875
[ 7514342ms] [LOG] %cLINK [SignalR] Construyendo conexion... color: blue; font-style: italic; @ http://localhost:4200/chunk-RY7YES3A.js:2875
[ 7514342ms] [LOG] %cHEADSET [SignalR] Registrando listeners... color: cyan; font-style: italic; @ http://localhost:4200/chunk-RY7YES3A.js:2875
[ 7514342ms] [LOG] %cLINK [SignalR] Iniciando conexion... color: blue; font-style: italic; @ http://localhost:4200/chunk-RY7YES3A.js:2875
[ 7514343ms] [LOG] %cℹ️ [LayoutEmployee] Usuario 63f5fe75-4fbb-4328-a2dd-b7224778752e autenticado. Iniciando OneSignal... color: dodgerblue;font-style: italic @ http://localhost:4200/chunk-RY7YES3A.js:2888
[ 7514343ms] [LOG] %c... [OneSignal] Esperando que el SDK este listo... color: orange; font-style: italic; @ http://localhost:4200/chunk-RY7YES3A.js:2875
[ 7514373ms] [LOG] %c🛡️ [JwtInterceptorFn] Auth check completado. Interceptando ruta: color: #FF0000; font-style: italic; http://localhost:7070/api/select-items/customer-inspections/019c6bee-028a-70e4-98ea-557b645a3ae0 @ http://localhost:4200/chunk-RY7YES3A.js:2875
[ 7514374ms] [LOG] %c🔍 [StorageService] Recuperando valor para clave: 'customerId' color: #2196F3; font-style: italic; @ http://localhost:4200/chunk-RY7YES3A.js:2875
[ 7514375ms] [LOG] %c🔍 [StorageService] Recuperando valor para clave: 'customerId' color: #2196F3; font-style: italic; @ http://localhost:4200/chunk-RY7YES3A.js:2875
[ 7514376ms] [LOG] %c [JwtTrace] request color: #F44336; font-style: italic; {at: 2026-10-01T17:01:48.616Z, url: http://localhost:7070/api/select-items/customer-inspections/019c6bee-028a-70e4-98ea-557b645a3ae0, method: GET, appUserId: 63f5fe75-4fbb-4328-a2dd-b7224778752e, storageCustomerId: 019c6bee-028a-70e4-98ea-557b645a3ae0} @ http://localhost:4200/chunk-RY7YES3A.js:2875
[ 7514392ms] [WARNING] 
  It looks like you're using the disabled attribute with a reactive form directive. If you set disabled to true
  when you set up this control in your component class, the disabled attribute will actually be set in the DOM for
  you. We recommend using this approach to avoid 'changed after checked' errors.

  Example:
  // Specify the `disabled` property at control creation time:
  form = new FormGroup({
    first: new FormControl({value: 'Nancy', disabled: true}, Validators.required),
    last: new FormControl('Drew', Validators.required)
  });

  // Controls can also be enabled/disabled after creation:
  form.get('first')?.enable();
  form.get('last')?.disable();
 @ http://localhost:4200/@fs/D:/repos/luxuryapp-api/appsweb/angular/.angular/cache/22.1.8/luxury-app/vite/deps/@angular_forms.js?v=3ac07549:3968
[ 7514450ms] [LOG] %c🛡️ [JwtInterceptorFn] Auth check completado. Interceptando ruta: color: #FF0000; font-style: italic; http://localhost:7070/api/notifications @ http://localhost:4200/chunk-RY7YES3A.js:2875
[ 7514451ms] [LOG] %c🔍 [StorageService] Recuperando valor para clave: 'customerId' color: #2196F3; font-style: italic; @ http://localhost:4200/chunk-RY7YES3A.js:2875
[ 7514452ms] [LOG] %c🔍 [StorageService] Recuperando valor para clave: 'customerId' color: #2196F3; font-style: italic; @ http://localhost:4200/chunk-RY7YES3A.js:2875
[ 7514453ms] [LOG] %c [JwtTrace] request color: #F44336; font-style: italic; {at: 2026-10-01T17:01:48.694Z, url: http://localhost:7070/api/notifications, method: GET, appUserId: 63f5fe75-4fbb-4328-a2dd-b7224778752e, storageCustomerId: 019c6bee-028a-70e4-98ea-557b645a3ae0} @ http://localhost:4200/chunk-RY7YES3A.js:2875
[ 7514456ms] [LOG] %c🛡️ [JwtInterceptorFn] Auth check completado. Interceptando ruta: color: #FF0000; font-style: italic; http://localhost:7070/api/notifications/unread-count @ http://localhost:4200/chunk-RY7YES3A.js:2875
[ 7514457ms] [LOG] %c🔍 [StorageService] Recuperando valor para clave: 'customerId' color: #2196F3; font-style: italic; @ http://localhost:4200/chunk-RY7YES3A.js:2875
[ 7514458ms] [LOG] %c🔍 [StorageService] Recuperando valor para clave: 'customerId' color: #2196F3; font-style: italic; @ http://localhost:4200/chunk-RY7YES3A.js:2875
[ 7514459ms] [LOG] %c [JwtTrace] request color: #F44336; font-style: italic; {at: 2026-10-01T17:01:48.699Z, url: http://localhost:7070/api/notifications/unread-count, method: GET, appUserId: 63f5fe75-4fbb-4328-a2dd-b7224778752e, storageCustomerId: 019c6bee-028a-70e4-98ea-557b645a3ae0} @ http://localhost:4200/chunk-RY7YES3A.js:2875
[ 7514472ms] [LOG] %c [MenuTrace] effect.tick color: #9C27B0; font-style: italic; {at: 2026-10-01T17:01:48.713Z, customerId: 019c6bee-028a-70e4-98ea-557b645a3ae0, customerReady: true, applicationUserId: 63f5fe75-4fbb-4328-a2dd-b7224778752e, lastCustomerId: null} @ http://localhost:4200/chunk-RY7YES3A.js:2875
[ 7514473ms] [LOG] %c [MenuService] Customer data and session are ready. Loading menu... color: green; font-style: italic; @ http://localhost:4200/chunk-RY7YES3A.js:2875
[ 7514473ms] [LOG] %c [MenuTrace] triggerMenuLoad.start color: #9C27B0; font-style: italic; {at: 2026-10-01T17:01:48.715Z, customerId: 019c6bee-028a-70e4-98ea-557b645a3ae0, customerReady: true, applicationUserId: 63f5fe75-4fbb-4328-a2dd-b7224778752e, lastCustomerId: null} @ http://localhost:4200/chunk-RY7YES3A.js:2875
[ 7514474ms] [LOG] %c🛡️ [JwtInterceptorFn] Auth check completado. Interceptando ruta: color: #FF0000; font-style: italic; http://localhost:7070/api/menu-items/019c6bee-028a-70e4-98ea-557b645a3ae0 @ http://localhost:4200/chunk-RY7YES3A.js:2875
[ 7514475ms] [LOG] %c🔍 [StorageService] Recuperando valor para clave: 'customerId' color: #2196F3; font-style: italic; @ http://localhost:4200/chunk-RY7YES3A.js:2875
[ 7514475ms] [LOG] %c🔍 [StorageService] Recuperando valor para clave: 'customerId' color: #2196F3; font-style: italic; @ http://localhost:4200/chunk-RY7YES3A.js:2875
[ 7514476ms] [LOG] %c [JwtTrace] request color: #F44336; font-style: italic; {at: 2026-10-01T17:01:48.717Z, url: http://localhost:7070/api/menu-items/019c6bee-028a-70e4-98ea-557b645a3ae0, method: GET, appUserId: 63f5fe75-4fbb-4328-a2dd-b7224778752e, storageCustomerId: 019c6bee-028a-70e4-98ea-557b645a3ae0} @ http://localhost:4200/chunk-RY7YES3A.js:2875
[ 7514482ms] [LOG] %cok [OneSignal] SDK listo color: green; font-style: italic; @ http://localhost:4200/chunk-RY7YES3A.js:2875
[ 7514535ms] [LOG] %c [API SUCCESS]: GET ITEM: select-items/customer-inspections/019c6bee-028a-70e4-98ea-557b645a3ae0 color: dodgerblue; font-style: italic; [] @ http://localhost:4200/chunk-RY7YES3A.js:2875
[ 7514549ms] [INFO] [2026-10-01T17:01:48.791Z] Information: WebSocket connected to ws://localhost:7070/ws/notificationHub?id=pmLLWmsoLzm3yZWmuoyB7A&access_token=eyJhbGciOiJIUzI1NiIsInR5cCI6IkpXVCJ9.eyJzdWIiOiI2M2Y1ZmU3NS00ZmJiLTQzMjgtYTJkZC1iNzIyNDc3ODc1MmUiLCJqdGkiOiIwMWEwZjg2YS00MGE3LTczYjgtOTYwMS1jODRiOTZjMjk4NTYiLCJpYXQiOjE3OTA4NzQxMDgsIm5hbWUiOiJBZG1pbmlzdHJhZG9yIExCRyIsImVtYWlsIjoiaW5mb0BsdXh1cnlidWlsZGluZy5jb20ubXgiLCJ1c2VybmFtZSI6ImFkbWluIiwiY3VzdG9tZXJJZCI6IjAxOWM2YmVlLTAyOGEtNzBlNC05OGVhLTU1N2I2NDVhM2FlMCIsImN1c3RvbWVyTmFtZSI6IkxVWFVSWSBCVUlMRElORyBHUk9VUCBTQSBERSBDViIsImZpcnN0TmFtZSI6IkFkbWluaXN0cmFkb3IiLCJsYXN0TmFtZSI6IkxCRyIsInBob25lIjoiKDU1KSAwMDAwLSAwMDAwIiwicGhvdG9QYXRoIjoiaHR0cDovL2xvY2FsaG9zdDo3MDcwL2FwaS9maWxlcy9kb3dubG9hZD9maWxlUGF0aD1wdWJsaWMlMmZBZG1pbmlzdHJhdGlvbiUyZmFjY291bnRzJTJmMDFhMGM0M2ItYzFjOC03Njc1LWE0ODYtN2Y2NzhiNGM1NTU4LnBuZyIsInBvc2l0aW9uIjoiRGVzY29ub2NpZG8iLCJodHRwOi8vc2NoZW1hcy5taWNyb3NvZnQuY29tL3dzLzIwMDgvMDYvaWRlbnRpdHkvY2xhaW1zL3JvbGUiOiJTdXBlclVzdWFyaW8iLCJyb2xlSWQiOiI2OTlkN2NjMS1kMTQzLTQ5ODUtYjU1YS1kMDMwODY0YzY5M2UiLCJleHAiOjE3OTA4Nzc3MDgsImlzcyI6Imh0dHBzOi8vbG9jYWxob3N0OjcwNjkiLCJhdWQiOiJodHRwczovL2xvY2FsaG9zdDo0MjAwIn0.iHh_zQCa51lMw5LJdQNEGAAkQZq4lLyXZsyDcUMY-ME. @ http://localhost:4200/@fs/D:/repos/luxuryapp-api/appsweb/angular/.angular/cache/22.1.8/luxury-app/vite/deps/@microsoft_signalr.js?v=3ac07549:308
[ 7514550ms] [INFO] [2026-10-01T17:01:48.791Z] Information: Using HubProtocol 'json'. @ http://localhost:4200/@fs/D:/repos/luxuryapp-api/appsweb/angular/.angular/cache/22.1.8/luxury-app/vite/deps/@microsoft_signalr.js?v=3ac07549:308
[ 7514557ms] [LOG] %cLINK [SignalR] Conexion iniciada con exito. color: green; font-style: italic; @ http://localhost:4200/chunk-RY7YES3A.js:2875
[ 7514558ms] [LOG] %cSTATE [SignalR] connectionId = 'ubbSALbT354Pzj0TkLj1eA' color: green; font-style: italic; @ http://localhost:4200/chunk-RY7YES3A.js:2875
[ 7514558ms] [LOG] %cUSER [SignalR] Evento ConnectedUser recibido: color: blue; font-style: italic; Bienvenido 63f5fe75-4fbb-4328-a2dd-b7224778752e @ http://localhost:4200/chunk-RY7YES3A.js:2875
[ 7514637ms] [ERROR] Failed to load resource: the server responded with a status of 404 (Not Found) @ http://localhost:7070/api/files/download?filePath=public%2fAdministration%2faccounts%2f01a0c43b-c1c8-7675-a486-7f678b4c5558.png:0
[ 7514642ms] [LOG] %cpkg [OneSignal] Inicializado con App ID: color: teal; font-style: italic; 3d1f1ce3-638f-4a30-b093-ab617baf91a8 @ http://localhost:4200/chunk-RY7YES3A.js:2875
[ 7514642ms] [LOG] %cear [OneSignal] Listeners registrados. color: cyan; font-style: italic; @ http://localhost:4200/chunk-RY7YES3A.js:2875
[ 7514643ms] [LOG] %cuser [OneSignal] Usuario logueado con ExternalUserId: 63f5fe75-4fbb-4328-a2dd-b7224778752e color: darkslateblue; font-style: italic; @ http://localhost:4200/chunk-RY7YES3A.js:2875
[ 7514643ms] [LOG] %csub [OneSignal] Permiso: color: dodgerblue; font-style: italic; false | Suscrito: false @ http://localhost:4200/chunk-RY7YES3A.js:2875
[ 7514643ms] [LOG] %cwarn [OneSignal] Usuario no completamente suscrito. color: orange; font-style: italic; @ http://localhost:4200/chunk-RY7YES3A.js:2875
[ 7514683ms] [LOG] %c [API SUCCESS]: GET NoLoading: notifications color: gray; font-style: italic; [Object, Object, Object, Object, Object, Object, Object, Object, Object, Object, Object, Object, Object, Object, Object, Object, Object] @ http://localhost:4200/chunk-RY7YES3A.js:2875
[ 7514979ms] [LOG] %c [API SUCCESS]: GET NoLoading: notifications/unread-count color: gray; font-style: italic; 17 @ http://localhost:4200/chunk-RY7YES3A.js:2875
[ 7515141ms] [LOG] %c [API SUCCESS]: GET LIST: menu-items/019c6bee-028a-70e4-98ea-557b645a3ae0 color: teal; font-style: italic; [Object, Object, Object, Object, Object, Object, Object, Object, Object, Object, Object, Object, Object, Object, Object, Object, Object, Object, Object, Object, Object, Object, Object, Object] @ http://localhost:4200/chunk-RY7YES3A.js:2875
[ 7515142ms] [LOG] %c [MenuTrace] fetchMenuItemsFromApi.success color: #9C27B0; font-style: italic; {at: 2026-10-01T17:01:49.384Z, customerId: 019c6bee-028a-70e4-98ea-557b645a3ae0, customerReady: true, applicationUserId: 63f5fe75-4fbb-4328-a2dd-b7224778752e, lastCustomerId: 019c6bee-028a-70e4-98ea-557b645a3ae0} @ http://localhost:4200/chunk-RY7YES3A.js:2875
[ 7515143ms] [LOG] %c [MenuTrace] triggerMenuLoad.response color: #9C27B0; font-style: italic; {at: 2026-10-01T17:01:49.384Z, customerId: 019c6bee-028a-70e4-98ea-557b645a3ae0, customerReady: true, applicationUserId: 63f5fe75-4fbb-4328-a2dd-b7224778752e, lastCustomerId: 019c6bee-028a-70e4-98ea-557b645a3ae0} @ http://localhost:4200/chunk-RY7YES3A.js:2875
[18344729ms] [ERROR] [2026-10-01T20:02:18.969Z] Error: Connection disconnected with error 'Error: WebSocket closed with status code: 1006 (no reason given).'. @ http://localhost:4200/@fs/D:/repos/luxuryapp-api/appsweb/angular/.angular/cache/22.1.8/luxury-app/vite/deps/@microsoft_signalr.js?v=3ac07549:302
[18344732ms] [INFO] [2026-10-01T20:02:18.973Z] Information: Connection reconnecting because of error 'Error: WebSocket closed with status code: 1006 (no reason given).'. @ http://localhost:4200/@fs/D:/repos/luxuryapp-api/appsweb/angular/.angular/cache/22.1.8/luxury-app/vite/deps/@microsoft_signalr.js?v=3ac07549:308
[18344734ms] [LOG] %cWAIT [SignalR] Reintentando... color: orange; font-style: italic; Error: WebSocket closed with status code: 1006 (no reason given).
    at WebSocketTransport._close (http://localhost:4200/@fs/D:/repos/luxuryapp-api/appsweb/angular/.angular/cache/22.1.8/luxury-app/vite/deps/@microsoft_signalr.js?v=3ac07549:1839:133)
    at webSocket.onclose (http://localhost:4200/@fs/D:/repos/luxuryapp-api/appsweb/angular/.angular/cache/22.1.8/luxury-app/vite/deps/@microsoft_signalr.js?v=3ac07549:1808:22) @ http://localhost:4200/chunk-RY7YES3A.js:2875
[18344736ms] [INFO] [2026-10-01T20:02:18.977Z] Information: Reconnect attempt number 1 will start in 2000 ms. @ http://localhost:4200/@fs/D:/repos/luxuryapp-api/appsweb/angular/.angular/cache/22.1.8/luxury-app/vite/deps/@microsoft_signalr.js?v=3ac07549:308
[18344738ms] [LOG] [vite] server connection lost. Polling for restart... @ http://localhost:4200/@vite/client:992
[18344747ms] [ERROR] [2026-10-01T20:02:18.989Z] Error: Connection disconnected with error 'Error: WebSocket closed with status code: 1006 (no reason given).'. @ http://localhost:4200/@fs/D:/repos/luxuryapp-api/appsweb/angular/.angular/cache/22.1.8/luxury-app/vite/deps/@microsoft_signalr.js?v=3ac07549:302
[18344748ms] [INFO] [2026-10-01T20:02:18.989Z] Information: Connection reconnecting because of error 'Error: WebSocket closed with status code: 1006 (no reason given).'. @ http://localhost:4200/@fs/D:/repos/luxuryapp-api/appsweb/angular/.angular/cache/22.1.8/luxury-app/vite/deps/@microsoft_signalr.js?v=3ac07549:308
[18344748ms] [LOG] %cWAIT [SignalR] Reintentando... color: orange; font-style: italic; Error: WebSocket closed with status code: 1006 (no reason given).
    at WebSocketTransport._close (http://localhost:4200/@fs/D:/repos/luxuryapp-api/appsweb/angular/.angular/cache/22.1.8/luxury-app/vite/deps/@microsoft_signalr.js?v=3ac07549:1839:133)
    at webSocket.onclose (http://localhost:4200/@fs/D:/repos/luxuryapp-api/appsweb/angular/.angular/cache/22.1.8/luxury-app/vite/deps/@microsoft_signalr.js?v=3ac07549:1808:22) @ http://localhost:4200/chunk-RY7YES3A.js:2875
[18344749ms] [INFO] [2026-10-01T20:02:18.991Z] Information: Reconnect attempt number 1 will start in 2000 ms. @ http://localhost:4200/@fs/D:/repos/luxuryapp-api/appsweb/angular/.angular/cache/22.1.8/luxury-app/vite/deps/@microsoft_signalr.js?v=3ac07549:308
[18349836ms] [ERROR] Failed to load resource: the server responded with a status of 401 (Unauthorized) @ http://localhost:7070/ws/notificationHub/negotiate?negotiateVersion=1:0
[18349838ms] [ERROR] Failed to load resource: the server responded with a status of 401 (Unauthorized) @ http://localhost:7070/ws/notificationHub/negotiate?negotiateVersion=1:0
[18349840ms] [ERROR] [2026-10-01T20:02:24.081Z] Error: Failed to complete negotiation with the server: Error: Unauthorized: Status code '401' @ http://localhost:4200/@fs/D:/repos/luxuryapp-api/appsweb/angular/.angular/cache/22.1.8/luxury-app/vite/deps/@microsoft_signalr.js?v=3ac07549:302
[18349841ms] [ERROR] [2026-10-01T20:02:24.082Z] Error: Failed to start the connection: Error: Failed to complete negotiation with the server: Error: Unauthorized: Status code '401' @ http://localhost:4200/@fs/D:/repos/luxuryapp-api/appsweb/angular/.angular/cache/22.1.8/luxury-app/vite/deps/@microsoft_signalr.js?v=3ac07549:302
[18349841ms] [INFO] [2026-10-01T20:02:24.083Z] Information: Reconnect attempt failed because of error 'Error: Failed to complete negotiation with the server: Error: Unauthorized: Status code '401''. @ http://localhost:4200/@fs/D:/repos/luxuryapp-api/appsweb/angular/.angular/cache/22.1.8/luxury-app/vite/deps/@microsoft_signalr.js?v=3ac07549:308
[18349842ms] [INFO] [2026-10-01T20:02:24.083Z] Information: Reconnect attempt number 2 will start in 5000 ms. @ http://localhost:4200/@fs/D:/repos/luxuryapp-api/appsweb/angular/.angular/cache/22.1.8/luxury-app/vite/deps/@microsoft_signalr.js?v=3ac07549:308
[18349842ms] [ERROR] [2026-10-01T20:02:24.084Z] Error: Failed to complete negotiation with the server: Error: Unauthorized: Status code '401' @ http://localhost:4200/@fs/D:/repos/luxuryapp-api/appsweb/angular/.angular/cache/22.1.8/luxury-app/vite/deps/@microsoft_signalr.js?v=3ac07549:302
[18349843ms] [ERROR] [2026-10-01T20:02:24.084Z] Error: Failed to start the connection: Error: Failed to complete negotiation with the server: Error: Unauthorized: Status code '401' @ http://localhost:4200/@fs/D:/repos/luxuryapp-api/appsweb/angular/.angular/cache/22.1.8/luxury-app/vite/deps/@microsoft_signalr.js?v=3ac07549:302
[18349843ms] [INFO] [2026-10-01T20:02:24.084Z] Information: Reconnect attempt failed because of error 'Error: Failed to complete negotiation with the server: Error: Unauthorized: Status code '401''. @ http://localhost:4200/@fs/D:/repos/luxuryapp-api/appsweb/angular/.angular/cache/22.1.8/luxury-app/vite/deps/@microsoft_signalr.js?v=3ac07549:308
[18349843ms] [INFO] [2026-10-01T20:02:24.084Z] Information: Reconnect attempt number 2 will start in 5000 ms. @ http://localhost:4200/@fs/D:/repos/luxuryapp-api/appsweb/angular/.angular/cache/22.1.8/luxury-app/vite/deps/@microsoft_signalr.js?v=3ac07549:308
[18351534ms] [LOG] %c📦 [StorageService] Inicializando servicio de almacenamiento local... color: #3F51B5; font-style: italic; @ http://localhost:4200/chunk-RY7YES3A.js:2875
[18351537ms] [LOG] %c [AuthService] Verificando ruta inicial: /inspections/inspection-report-list | Es publica: false color: #9C27B0; font-style: italic; @ http://localhost:4200/chunk-RY7YES3A.js:2875
[18351537ms] [LOG] %c [AuthService] Ruta no publica. Intentando login silencioso... color: #009688; font-style: italic; @ http://localhost:4200/chunk-RY7YES3A.js:2875
[18351543ms] [LOG] %c🚀 [Initializer] Starting application state initialization... color: purple; font-style: italic; @ http://localhost:4200/chunk-RY7YES3A.js:2875
[18356392ms] [LOG] %c [AuthService] Token renovado. Actualizando sesion en memoria. color: color: #4CAF50; font-style: italic;; font-style: italic; @ http://localhost:4200/chunk-RY7YES3A.js:2875
[18356392ms] [LOG] %c [AuthTrace] refresh.success.before-set color: #03A9F4; font-style: italic; {at: 2026-10-01T20:02:30.634Z, applicationUserId: 63f5fe75-4fbb-4328-a2dd-b7224778752e, tokenCustomerId: 019c6bee-028a-70e4-98ea-557b645a3ae0, roles: Array(1), customerAccessCount: 10} @ http://localhost:4200/chunk-RY7YES3A.js:2875
[18356393ms] [LOG] %c [AuthTrace] refresh.success.after-set color: #03A9F4; font-style: italic; {at: 2026-10-01T20:02:30.634Z, applicationUserId: 63f5fe75-4fbb-4328-a2dd-b7224778752e, tokenCustomerId: 019c6bee-028a-70e4-98ea-557b645a3ae0, roles: Array(1), customerAccessCount: 10} @ http://localhost:4200/chunk-RY7YES3A.js:2875
[18356394ms] [LOG] %cLINK [SignalR] Construyendo conexion... color: blue; font-style: italic; @ http://localhost:4200/chunk-RY7YES3A.js:2875
[18356395ms] [LOG] %cHEADSET [SignalR] Registrando listeners... color: cyan; font-style: italic; @ http://localhost:4200/chunk-RY7YES3A.js:2875
[18356395ms] [LOG] %cLINK [SignalR] Iniciando conexion... color: blue; font-style: italic; @ http://localhost:4200/chunk-RY7YES3A.js:2875
[18356396ms] [LOG] %c [AuthTrace] trySilentLogin.finalize color: #8BC34A; font-style: italic; {at: 2026-10-01T20:02:30.637Z, isAuthenticated: true} @ http://localhost:4200/chunk-RY7YES3A.js:2875
[18356397ms] [LOG] %c🏢 [Initializer] User session found. Initializing customer state... color: #3F51B5; font-style: italic; @ http://localhost:4200/chunk-RY7YES3A.js:2875
[18356397ms] [LOG] %c🔍 [StorageService] Recuperando valor para clave: 'customerId' color: #2196F3; font-style: italic; @ http://localhost:4200/chunk-RY7YES3A.js:2875
[18356398ms] [LOG] %c [CustomerTrace] initialize.start color: #FF9800; font-style: italic; {at: 2026-10-01T20:02:30.639Z, state: Object, storedCustomerId: 019c6bee-028a-70e4-98ea-557b645a3ae0, tokenCustomerId: 019c6bee-028a-70e4-98ea-557b645a3ae0, customerAccess: Array(10)} @ http://localhost:4200/chunk-RY7YES3A.js:2875
[18356398ms] [LOG] %c🔍 [StorageService] Recuperando valor para clave: 'customerId' color: #2196F3; font-style: italic; @ http://localhost:4200/chunk-RY7YES3A.js:2875
[18356399ms] [LOG] %c🔍 [StorageService] Recuperando valor para clave: 'customerId' color: #2196F3; font-style: italic; @ http://localhost:4200/chunk-RY7YES3A.js:2875
[18356399ms] [LOG] %c [CustomerTrace] initialize.selected-customer color: #FF9800; font-style: italic; {at: 2026-10-01T20:02:30.640Z, state: Object, storedCustomerId: 019c6bee-028a-70e4-98ea-557b645a3ae0, selectedCustomerId: 019c6bee-028a-70e4-98ea-557b645a3ae0} @ http://localhost:4200/chunk-RY7YES3A.js:2875
[18356399ms] [LOG] %c💾 [StorageService] Guardando clave: 'customerId' color: #FF9800; font-style: italic; {value: 019c6bee-028a-70e4-98ea-557b645a3ae0} @ http://localhost:4200/chunk-RY7YES3A.js:2875
[18356400ms] [LOG] %c✅ [StorageService] Clave 'customerId' guardada exitosamente. color: #4CAF50; font-style: italic; @ http://localhost:4200/chunk-RY7YES3A.js:2875
[18356400ms] [LOG] %c🔍 [StorageService] Recuperando valor para clave: 'customerId' color: #2196F3; font-style: italic; @ http://localhost:4200/chunk-RY7YES3A.js:2875
[18356400ms] [LOG] %c [CustomerTrace] loadDataForCustomer.start color: #FF9800; font-style: italic; {at: 2026-10-01T20:02:30.641Z, state: Object, storedCustomerId: 019c6bee-028a-70e4-98ea-557b645a3ae0, customerId: 019c6bee-028a-70e4-98ea-557b645a3ae0} @ http://localhost:4200/chunk-RY7YES3A.js:2875
[18356403ms] [LOG] %c🛡️ [JwtInterceptorFn] Auth check completado. Interceptando ruta: color: #FF0000; font-style: italic; http://localhost:7070/api/customers/019c6bee-028a-70e4-98ea-557b645a3ae0 @ http://localhost:4200/chunk-RY7YES3A.js:2875
[18356403ms] [LOG] %c🔍 [StorageService] Recuperando valor para clave: 'customerId' color: #2196F3; font-style: italic; @ http://localhost:4200/chunk-RY7YES3A.js:2875
[18356404ms] [LOG] %c🔍 [StorageService] Recuperando valor para clave: 'customerId' color: #2196F3; font-style: italic; @ http://localhost:4200/chunk-RY7YES3A.js:2875
[18356405ms] [LOG] %c [JwtTrace] request color: #F44336; font-style: italic; {at: 2026-10-01T20:02:30.645Z, url: http://localhost:7070/api/customers/019c6bee-028a-70e4-98ea-557b645a3ae0, method: GET, appUserId: 63f5fe75-4fbb-4328-a2dd-b7224778752e, storageCustomerId: 019c6bee-028a-70e4-98ea-557b645a3ae0} @ http://localhost:4200/chunk-RY7YES3A.js:2875
[18356485ms] [INFO] [2026-10-01T20:02:30.726Z] Information: WebSocket connected to ws://localhost:7070/ws/notificationHub?id=auN73-bc-OV3T5Fuj8GDWQ&access_token=eyJhbGciOiJIUzI1NiIsInR5cCI6IkpXVCJ9.eyJzdWIiOiI2M2Y1ZmU3NS00ZmJiLTQzMjgtYTJkZC1iNzIyNDc3ODc1MmUiLCJqdGkiOiIwMWEwZjkwZi1iMTM0LTcxMzQtYjRhMi1lYTlmN2U1ZjQxMjciLCJpYXQiOjE3OTA4ODQ5NTAsIm5hbWUiOiJBZG1pbmlzdHJhZG9yIExCRyIsImVtYWlsIjoiaW5mb0BsdXh1cnlidWlsZGluZy5jb20ubXgiLCJ1c2VybmFtZSI6ImFkbWluIiwiY3VzdG9tZXJJZCI6IjAxOWM2YmVlLTAyOGEtNzBlNC05OGVhLTU1N2I2NDVhM2FlMCIsImN1c3RvbWVyTmFtZSI6IkxVWFVSWSBCVUlMRElORyBHUk9VUCBTQSBERSBDViIsImZpcnN0TmFtZSI6IkFkbWluaXN0cmFkb3IiLCJsYXN0TmFtZSI6IkxCRyIsInBob25lIjoiKDU1KSAwMDAwLSAwMDAwIiwicGhvdG9QYXRoIjoiaHR0cDovL2xvY2FsaG9zdDo3MDcwL2FwaS9maWxlcy9kb3dubG9hZD9maWxlUGF0aD1wdWJsaWMlMmZBZG1pbmlzdHJhdGlvbiUyZmFjY291bnRzJTJmMDFhMGM0M2ItYzFjOC03Njc1LWE0ODYtN2Y2NzhiNGM1NTU4LnBuZyIsInBvc2l0aW9uIjoiRGVzY29ub2NpZG8iLCJodHRwOi8vc2NoZW1hcy5taWNyb3NvZnQuY29tL3dzLzIwMDgvMDYvaWRlbnRpdHkvY2xhaW1zL3JvbGUiOiJTdXBlclVzdWFyaW8iLCJyb2xlSWQiOiI2OTlkN2NjMS1kMTQzLTQ5ODUtYjU1YS1kMDMwODY0YzY5M2UiLCJleHAiOjE3OTA4ODg1NTAsImlzcyI6Imh0dHBzOi8vbG9jYWxob3N0OjcwNjkiLCJhdWQiOiJodHRwczovL2xvY2FsaG9zdDo0MjAwIn0.jbiaqfuhX87nCHW0OZacV2hxU1oEqxe48AR8AIppLyY. @ http://localhost:4200/@fs/D:/repos/luxuryapp-api/appsweb/angular/.angular/cache/22.1.8/luxury-app/vite/deps/@microsoft_signalr.js?v=3ac07549:308
[18356485ms] [INFO] [2026-10-01T20:02:30.727Z] Information: Using HubProtocol 'json'. @ http://localhost:4200/@fs/D:/repos/luxuryapp-api/appsweb/angular/.angular/cache/22.1.8/luxury-app/vite/deps/@microsoft_signalr.js?v=3ac07549:308
[18356504ms] [LOG] %cLINK [SignalR] Conexion iniciada con exito. color: green; font-style: italic; @ http://localhost:4200/chunk-RY7YES3A.js:2875
[18356504ms] [LOG] %cSTATE [SignalR] connectionId = 'tp0TxX6mSo9YiMXJ7E14Eg' color: green; font-style: italic; @ http://localhost:4200/chunk-RY7YES3A.js:2875
[18356513ms] [LOG] %c🔍 [StorageService] Recuperando valor para clave: 'customerId' color: #2196F3; font-style: italic; @ http://localhost:4200/chunk-RY7YES3A.js:2875
[18356513ms] [LOG] %c [CustomerTrace] loadDataForCustomer.response color: #FF9800; font-style: italic; {at: 2026-10-01T20:02:30.754Z, state: Object, storedCustomerId: 019c6bee-028a-70e4-98ea-557b645a3ae0, customerId: 019c6bee-028a-70e4-98ea-557b645a3ae0, success: true} @ http://localhost:4200/chunk-RY7YES3A.js:2875
[18356514ms] [LOG] %c🔍 [StorageService] Recuperando valor para clave: 'customerId' color: #2196F3; font-style: italic; @ http://localhost:4200/chunk-RY7YES3A.js:2875
[18356515ms] [LOG] %c [CustomerTrace] loadDataForCustomer.ready color: #FF9800; font-style: italic; {at: 2026-10-01T20:02:30.755Z, state: Object, storedCustomerId: 019c6bee-028a-70e4-98ea-557b645a3ae0, customerId: 019c6bee-028a-70e4-98ea-557b645a3ae0} @ http://localhost:4200/chunk-RY7YES3A.js:2875
[18356516ms] [LOG] %c✅ [Initializer] State initialization complete. color: green; font-style: italic; @ http://localhost:4200/chunk-RY7YES3A.js:2875
[18356528ms] [LOG] %c🔄 UpdateService: Inicializando servicio de actualizaciones color: blue; font-weight: bold; @ http://localhost:4200/chunk-2BPO4FAW.js:17
[18356529ms] [LOG] %c🔄 UpdateService: ❌ Service Worker NO habilitado color: red; font-weight: bold; @ http://localhost:4200/chunk-2BPO4FAW.js:33
[18356539ms] [LOG] %c🚀 [App] ¡Aplicación iniciada! Soy más ligero y rápido que nunca. color: #673AB7; font-style: italic; @ http://localhost:4200/chunk-RY7YES3A.js:2875
[18356541ms] [LOG] %c⚠️ [App] Notificaciones bloqueadas por el usuario color: orange;font-style: italic @ http://localhost:4200/chunk-RY7YES3A.js:2888
[18356552ms] [LOG] Angular is running in development mode. @ http://localhost:4200/@fs/D:/repos/luxuryapp-api/appsweb/angular/.angular/cache/22.1.8/luxury-app/vite/deps/core-BtAdGG1h.js?v=79c56015:9175
[18356559ms] [LOG] %cUSER [SignalR] Evento ConnectedUser recibido: color: blue; font-style: italic; Bienvenido 63f5fe75-4fbb-4328-a2dd-b7224778752e @ http://localhost:4200/chunk-RY7YES3A.js:2875
[18357523ms] [LOG] %c🎉 [LayoutEmployee] ¡Layout de empleado cargado! Despertando a los gigantes (SignalR, OneSignal...) color: #2196F3; font-style: italic; @ http://localhost:4200/chunk-RY7YES3A.js:2875
[18357523ms] [LOG] %cLINK [SignalR] Construyendo conexion... color: blue; font-style: italic; @ http://localhost:4200/chunk-RY7YES3A.js:2875
[18357524ms] [LOG] %cHEADSET [SignalR] Registrando listeners... color: cyan; font-style: italic; @ http://localhost:4200/chunk-RY7YES3A.js:2875
[18357524ms] [LOG] %cLINK [SignalR] Iniciando conexion... color: blue; font-style: italic; @ http://localhost:4200/chunk-RY7YES3A.js:2875
[18357525ms] [LOG] %cℹ️ [LayoutEmployee] Usuario 63f5fe75-4fbb-4328-a2dd-b7224778752e autenticado. Iniciando OneSignal... color: dodgerblue;font-style: italic @ http://localhost:4200/chunk-RY7YES3A.js:2888
[18357525ms] [LOG] %c... [OneSignal] Esperando que el SDK este listo... color: orange; font-style: italic; @ http://localhost:4200/chunk-RY7YES3A.js:2875
[18357564ms] [LOG] %c🛡️ [JwtInterceptorFn] Auth check completado. Interceptando ruta: color: #FF0000; font-style: italic; http://localhost:7070/api/select-items/customer-inspections/019c6bee-028a-70e4-98ea-557b645a3ae0 @ http://localhost:4200/chunk-RY7YES3A.js:2875
[18357566ms] [LOG] %c🔍 [StorageService] Recuperando valor para clave: 'customerId' color: #2196F3; font-style: italic; @ http://localhost:4200/chunk-RY7YES3A.js:2875
[18357567ms] [LOG] %c🔍 [StorageService] Recuperando valor para clave: 'customerId' color: #2196F3; font-style: italic; @ http://localhost:4200/chunk-RY7YES3A.js:2875
[18357568ms] [LOG] %c [JwtTrace] request color: #F44336; font-style: italic; {at: 2026-10-01T20:02:31.808Z, url: http://localhost:7070/api/select-items/customer-inspections/019c6bee-028a-70e4-98ea-557b645a3ae0, method: GET, appUserId: 63f5fe75-4fbb-4328-a2dd-b7224778752e, storageCustomerId: 019c6bee-028a-70e4-98ea-557b645a3ae0} @ http://localhost:4200/chunk-RY7YES3A.js:2875
[18357587ms] [WARNING] 
  It looks like you're using the disabled attribute with a reactive form directive. If you set disabled to true
  when you set up this control in your component class, the disabled attribute will actually be set in the DOM for
  you. We recommend using this approach to avoid 'changed after checked' errors.

  Example:
  // Specify the `disabled` property at control creation time:
  form = new FormGroup({
    first: new FormControl({value: 'Nancy', disabled: true}, Validators.required),
    last: new FormControl('Drew', Validators.required)
  });

  // Controls can also be enabled/disabled after creation:
  form.get('first')?.enable();
  form.get('last')?.disable();
 @ http://localhost:4200/@fs/D:/repos/luxuryapp-api/appsweb/angular/.angular/cache/22.1.8/luxury-app/vite/deps/@angular_forms.js?v=3ac07549:3968
[18357650ms] [LOG] %c🛡️ [JwtInterceptorFn] Auth check completado. Interceptando ruta: color: #FF0000; font-style: italic; http://localhost:7070/api/notifications @ http://localhost:4200/chunk-RY7YES3A.js:2875
[18357651ms] [LOG] %c🔍 [StorageService] Recuperando valor para clave: 'customerId' color: #2196F3; font-style: italic; @ http://localhost:4200/chunk-RY7YES3A.js:2875
[18357652ms] [LOG] %c🔍 [StorageService] Recuperando valor para clave: 'customerId' color: #2196F3; font-style: italic; @ http://localhost:4200/chunk-RY7YES3A.js:2875
[18357653ms] [LOG] %c [JwtTrace] request color: #F44336; font-style: italic; {at: 2026-10-01T20:02:31.893Z, url: http://localhost:7070/api/notifications, method: GET, appUserId: 63f5fe75-4fbb-4328-a2dd-b7224778752e, storageCustomerId: 019c6bee-028a-70e4-98ea-557b645a3ae0} @ http://localhost:4200/chunk-RY7YES3A.js:2875
[18357655ms] [LOG] %c🛡️ [JwtInterceptorFn] Auth check completado. Interceptando ruta: color: #FF0000; font-style: italic; http://localhost:7070/api/notifications/unread-count @ http://localhost:4200/chunk-RY7YES3A.js:2875
[18357656ms] [LOG] %c🔍 [StorageService] Recuperando valor para clave: 'customerId' color: #2196F3; font-style: italic; @ http://localhost:4200/chunk-RY7YES3A.js:2875
[18357657ms] [LOG] %c🔍 [StorageService] Recuperando valor para clave: 'customerId' color: #2196F3; font-style: italic; @ http://localhost:4200/chunk-RY7YES3A.js:2875
[18357657ms] [LOG] %c [JwtTrace] request color: #F44336; font-style: italic; {at: 2026-10-01T20:02:31.898Z, url: http://localhost:7070/api/notifications/unread-count, method: GET, appUserId: 63f5fe75-4fbb-4328-a2dd-b7224778752e, storageCustomerId: 019c6bee-028a-70e4-98ea-557b645a3ae0} @ http://localhost:4200/chunk-RY7YES3A.js:2875
[18357673ms] [LOG] %c [MenuTrace] effect.tick color: #9C27B0; font-style: italic; {at: 2026-10-01T20:02:31.914Z, customerId: 019c6bee-028a-70e4-98ea-557b645a3ae0, customerReady: true, applicationUserId: 63f5fe75-4fbb-4328-a2dd-b7224778752e, lastCustomerId: null} @ http://localhost:4200/chunk-RY7YES3A.js:2875
[18357674ms] [LOG] %c [MenuService] Customer data and session are ready. Loading menu... color: green; font-style: italic; @ http://localhost:4200/chunk-RY7YES3A.js:2875
[18357675ms] [LOG] %c [MenuTrace] triggerMenuLoad.start color: #9C27B0; font-style: italic; {at: 2026-10-01T20:02:31.916Z, customerId: 019c6bee-028a-70e4-98ea-557b645a3ae0, customerReady: true, applicationUserId: 63f5fe75-4fbb-4328-a2dd-b7224778752e, lastCustomerId: null} @ http://localhost:4200/chunk-RY7YES3A.js:2875
[18357676ms] [LOG] %c🛡️ [JwtInterceptorFn] Auth check completado. Interceptando ruta: color: #FF0000; font-style: italic; http://localhost:7070/api/menu-items/019c6bee-028a-70e4-98ea-557b645a3ae0 @ http://localhost:4200/chunk-RY7YES3A.js:2875
[18357677ms] [LOG] %c🔍 [StorageService] Recuperando valor para clave: 'customerId' color: #2196F3; font-style: italic; @ http://localhost:4200/chunk-RY7YES3A.js:2875
[18357678ms] [LOG] %c🔍 [StorageService] Recuperando valor para clave: 'customerId' color: #2196F3; font-style: italic; @ http://localhost:4200/chunk-RY7YES3A.js:2875
[18357679ms] [LOG] %c [JwtTrace] request color: #F44336; font-style: italic; {at: 2026-10-01T20:02:31.919Z, url: http://localhost:7070/api/menu-items/019c6bee-028a-70e4-98ea-557b645a3ae0, method: GET, appUserId: 63f5fe75-4fbb-4328-a2dd-b7224778752e, storageCustomerId: 019c6bee-028a-70e4-98ea-557b645a3ae0} @ http://localhost:4200/chunk-RY7YES3A.js:2875
[18357687ms] [LOG] %cok [OneSignal] SDK listo color: green; font-style: italic; @ http://localhost:4200/chunk-RY7YES3A.js:2875
[18357850ms] [LOG] %c [API SUCCESS]: GET ITEM: select-items/customer-inspections/019c6bee-028a-70e4-98ea-557b645a3ae0 color: dodgerblue; font-style: italic; [] @ http://localhost:4200/chunk-RY7YES3A.js:2875
[18357886ms] [INFO] [2026-10-01T20:02:32.127Z] Information: WebSocket connected to ws://localhost:7070/ws/notificationHub?id=TU2a8s5YNrKxsM3K628ihA&access_token=eyJhbGciOiJIUzI1NiIsInR5cCI6IkpXVCJ9.eyJzdWIiOiI2M2Y1ZmU3NS00ZmJiLTQzMjgtYTJkZC1iNzIyNDc3ODc1MmUiLCJqdGkiOiIwMWEwZjkwZi1iMTM0LTcxMzQtYjRhMi1lYTlmN2U1ZjQxMjciLCJpYXQiOjE3OTA4ODQ5NTAsIm5hbWUiOiJBZG1pbmlzdHJhZG9yIExCRyIsImVtYWlsIjoiaW5mb0BsdXh1cnlidWlsZGluZy5jb20ubXgiLCJ1c2VybmFtZSI6ImFkbWluIiwiY3VzdG9tZXJJZCI6IjAxOWM2YmVlLTAyOGEtNzBlNC05OGVhLTU1N2I2NDVhM2FlMCIsImN1c3RvbWVyTmFtZSI6IkxVWFVSWSBCVUlMRElORyBHUk9VUCBTQSBERSBDViIsImZpcnN0TmFtZSI6IkFkbWluaXN0cmFkb3IiLCJsYXN0TmFtZSI6IkxCRyIsInBob25lIjoiKDU1KSAwMDAwLSAwMDAwIiwicGhvdG9QYXRoIjoiaHR0cDovL2xvY2FsaG9zdDo3MDcwL2FwaS9maWxlcy9kb3dubG9hZD9maWxlUGF0aD1wdWJsaWMlMmZBZG1pbmlzdHJhdGlvbiUyZmFjY291bnRzJTJmMDFhMGM0M2ItYzFjOC03Njc1LWE0ODYtN2Y2NzhiNGM1NTU4LnBuZyIsInBvc2l0aW9uIjoiRGVzY29ub2NpZG8iLCJodHRwOi8vc2NoZW1hcy5taWNyb3NvZnQuY29tL3dzLzIwMDgvMDYvaWRlbnRpdHkvY2xhaW1zL3JvbGUiOiJTdXBlclVzdWFyaW8iLCJyb2xlSWQiOiI2OTlkN2NjMS1kMTQzLTQ5ODUtYjU1YS1kMDMwODY0YzY5M2UiLCJleHAiOjE3OTA4ODg1NTAsImlzcyI6Imh0dHBzOi8vbG9jYWxob3N0OjcwNjkiLCJhdWQiOiJodHRwczovL2xvY2FsaG9zdDo0MjAwIn0.jbiaqfuhX87nCHW0OZacV2hxU1oEqxe48AR8AIppLyY. @ http://localhost:4200/@fs/D:/repos/luxuryapp-api/appsweb/angular/.angular/cache/22.1.8/luxury-app/vite/deps/@microsoft_signalr.js?v=3ac07549:308
[18357887ms] [INFO] [2026-10-01T20:02:32.128Z] Information: Using HubProtocol 'json'. @ http://localhost:4200/@fs/D:/repos/luxuryapp-api/appsweb/angular/.angular/cache/22.1.8/luxury-app/vite/deps/@microsoft_signalr.js?v=3ac07549:308
[18357892ms] [LOG] %cLINK [SignalR] Conexion iniciada con exito. color: green; font-style: italic; @ http://localhost:4200/chunk-RY7YES3A.js:2875
[18357893ms] [LOG] %cSTATE [SignalR] connectionId = 'noa-_dH4wC69djUjXXXueA' color: green; font-style: italic; @ http://localhost:4200/chunk-RY7YES3A.js:2875
[18357896ms] [LOG] %cUSER [SignalR] Evento ConnectedUser recibido: color: blue; font-style: italic; Bienvenido 63f5fe75-4fbb-4328-a2dd-b7224778752e @ http://localhost:4200/chunk-RY7YES3A.js:2875
[18358148ms] [ERROR] Failed to load resource: the server responded with a status of 404 (Not Found) @ http://localhost:7070/api/files/download?filePath=public%2fAdministration%2faccounts%2f01a0c43b-c1c8-7675-a486-7f678b4c5558.png:0
[18358439ms] [LOG] %cpkg [OneSignal] Inicializado con App ID: color: teal; font-style: italic; 3d1f1ce3-638f-4a30-b093-ab617baf91a8 @ http://localhost:4200/chunk-RY7YES3A.js:2875
[18358440ms] [LOG] %cear [OneSignal] Listeners registrados. color: cyan; font-style: italic; @ http://localhost:4200/chunk-RY7YES3A.js:2875
[18358440ms] [LOG] %cuser [OneSignal] Usuario logueado con ExternalUserId: 63f5fe75-4fbb-4328-a2dd-b7224778752e color: darkslateblue; font-style: italic; @ http://localhost:4200/chunk-RY7YES3A.js:2875
[18358441ms] [LOG] %csub [OneSignal] Permiso: color: dodgerblue; font-style: italic; false | Suscrito: false @ http://localhost:4200/chunk-RY7YES3A.js:2875
[18358441ms] [LOG] %cwarn [OneSignal] Usuario no completamente suscrito. color: orange; font-style: italic; @ http://localhost:4200/chunk-RY7YES3A.js:2875
[18359229ms] [LOG] %c [API SUCCESS]: GET NoLoading: notifications/unread-count color: gray; font-style: italic; 17 @ http://localhost:4200/chunk-RY7YES3A.js:2875
[18359230ms] [LOG] %c [API SUCCESS]: GET NoLoading: notifications color: gray; font-style: italic; [Object, Object, Object, Object, Object, Object, Object, Object, Object, Object, Object, Object, Object, Object, Object, Object, Object] @ http://localhost:4200/chunk-RY7YES3A.js:2875
[18360069ms] [LOG] %c [API SUCCESS]: GET LIST: menu-items/019c6bee-028a-70e4-98ea-557b645a3ae0 color: teal; font-style: italic; [Object, Object, Object, Object, Object, Object, Object, Object, Object, Object, Object, Object, Object, Object, Object, Object, Object, Object, Object, Object, Object, Object, Object, Object] @ http://localhost:4200/chunk-RY7YES3A.js:2875
[18360070ms] [LOG] %c [MenuTrace] fetchMenuItemsFromApi.success color: #9C27B0; font-style: italic; {at: 2026-10-01T20:02:34.311Z, customerId: 019c6bee-028a-70e4-98ea-557b645a3ae0, customerReady: true, applicationUserId: 63f5fe75-4fbb-4328-a2dd-b7224778752e, lastCustomerId: 019c6bee-028a-70e4-98ea-557b645a3ae0} @ http://localhost:4200/chunk-RY7YES3A.js:2875
[18360070ms] [LOG] %c [MenuTrace] triggerMenuLoad.response color: #9C27B0; font-style: italic; {at: 2026-10-01T20:02:34.312Z, customerId: 019c6bee-028a-70e4-98ea-557b645a3ae0, customerReady: true, applicationUserId: 63f5fe75-4fbb-4328-a2dd-b7224778752e, lastCustomerId: 019c6bee-028a-70e4-98ea-557b645a3ae0} @ http://localhost:4200/chunk-RY7YES3A.js:2875
[18377199ms] [ERROR] [2026-10-01T20:02:51.441Z] Error: Connection disconnected with error 'Error: WebSocket closed with status code: 1006 (no reason given).'. @ http://localhost:4200/@fs/D:/repos/luxuryapp-api/appsweb/angular/.angular/cache/22.1.8/luxury-app/vite/deps/@microsoft_signalr.js?v=3ac07549:302
[18377200ms] [INFO] [2026-10-01T20:02:51.441Z] Information: Connection reconnecting because of error 'Error: WebSocket closed with status code: 1006 (no reason given).'. @ http://localhost:4200/@fs/D:/repos/luxuryapp-api/appsweb/angular/.angular/cache/22.1.8/luxury-app/vite/deps/@microsoft_signalr.js?v=3ac07549:308
[18377200ms] [LOG] %cWAIT [SignalR] Reintentando... color: orange; font-style: italic; Error: WebSocket closed with status code: 1006 (no reason given).
    at WebSocketTransport._close (http://localhost:4200/@fs/D:/repos/luxuryapp-api/appsweb/angular/.angular/cache/22.1.8/luxury-app/vite/deps/@microsoft_signalr.js?v=3ac07549:1839:133)
    at webSocket.onclose (http://localhost:4200/@fs/D:/repos/luxuryapp-api/appsweb/angular/.angular/cache/22.1.8/luxury-app/vite/deps/@microsoft_signalr.js?v=3ac07549:1808:22) @ http://localhost:4200/chunk-RY7YES3A.js:2875
[18377200ms] [INFO] [2026-10-01T20:02:51.442Z] Information: Reconnect attempt number 1 will start in 2000 ms. @ http://localhost:4200/@fs/D:/repos/luxuryapp-api/appsweb/angular/.angular/cache/22.1.8/luxury-app/vite/deps/@microsoft_signalr.js?v=3ac07549:308
[18377208ms] [ERROR] [2026-10-01T20:02:51.449Z] Error: Connection disconnected with error 'Error: WebSocket closed with status code: 1006 (no reason given).'. @ http://localhost:4200/@fs/D:/repos/luxuryapp-api/appsweb/angular/.angular/cache/22.1.8/luxury-app/vite/deps/@microsoft_signalr.js?v=3ac07549:302
[18377208ms] [INFO] [2026-10-01T20:02:51.449Z] Information: Connection reconnecting because of error 'Error: WebSocket closed with status code: 1006 (no reason given).'. @ http://localhost:4200/@fs/D:/repos/luxuryapp-api/appsweb/angular/.angular/cache/22.1.8/luxury-app/vite/deps/@microsoft_signalr.js?v=3ac07549:308
[18377208ms] [LOG] %cWAIT [SignalR] Reintentando... color: orange; font-style: italic; Error: WebSocket closed with status code: 1006 (no reason given).
    at WebSocketTransport._close (http://localhost:4200/@fs/D:/repos/luxuryapp-api/appsweb/angular/.angular/cache/22.1.8/luxury-app/vite/deps/@microsoft_signalr.js?v=3ac07549:1839:133)
    at webSocket.onclose (http://localhost:4200/@fs/D:/repos/luxuryapp-api/appsweb/angular/.angular/cache/22.1.8/luxury-app/vite/deps/@microsoft_signalr.js?v=3ac07549:1808:22) @ http://localhost:4200/chunk-RY7YES3A.js:2875
[18377208ms] [INFO] [2026-10-01T20:02:51.450Z] Information: Reconnect attempt number 1 will start in 2000 ms. @ http://localhost:4200/@fs/D:/repos/luxuryapp-api/appsweb/angular/.angular/cache/22.1.8/luxury-app/vite/deps/@microsoft_signalr.js?v=3ac07549:308
[18377208ms] [LOG] [vite] server connection lost. Polling for restart... @ http://localhost:4200/@vite/client:992
[18472106ms] [ERROR] Failed to load resource: net::ERR_NETWORK_CHANGED @ http://localhost:7070/ws/notificationHub/negotiate?negotiateVersion=1:0
[18472107ms] [WARNING] [2026-10-01T20:04:26.348Z] Warning: Error from HTTP request. TypeError: Failed to fetch. @ http://localhost:4200/@fs/D:/repos/luxuryapp-api/appsweb/angular/.angular/cache/22.1.8/luxury-app/vite/deps/@microsoft_signalr.js?v=3ac07549:305
[18472107ms] [ERROR] [2026-10-01T20:04:26.348Z] Error: Failed to complete negotiation with the server: TypeError: Failed to fetch @ http://localhost:4200/@fs/D:/repos/luxuryapp-api/appsweb/angular/.angular/cache/22.1.8/luxury-app/vite/deps/@microsoft_signalr.js?v=3ac07549:302
[18472107ms] [ERROR] [2026-10-01T20:04:26.349Z] Error: Failed to start the connection: Error: Failed to complete negotiation with the server: TypeError: Failed to fetch @ http://localhost:4200/@fs/D:/repos/luxuryapp-api/appsweb/angular/.angular/cache/22.1.8/luxury-app/vite/deps/@microsoft_signalr.js?v=3ac07549:302
[18472107ms] [INFO] [2026-10-01T20:04:26.349Z] Information: Reconnect attempt failed because of error 'Error: Failed to complete negotiation with the server: TypeError: Failed to fetch'. @ http://localhost:4200/@fs/D:/repos/luxuryapp-api/appsweb/angular/.angular/cache/22.1.8/luxury-app/vite/deps/@microsoft_signalr.js?v=3ac07549:308
[18472108ms] [INFO] [2026-10-01T20:04:26.349Z] Information: Reconnect attempt number 2 will start in 5000 ms. @ http://localhost:4200/@fs/D:/repos/luxuryapp-api/appsweb/angular/.angular/cache/22.1.8/luxury-app/vite/deps/@microsoft_signalr.js?v=3ac07549:308
[18475946ms] [INFO] [2026-10-01T20:04:30.188Z] Information: WebSocket connected to ws://localhost:7070/ws/notificationHub?id=kNkxVjS2KqlL-KgBHXY-nw&access_token=eyJhbGciOiJIUzI1NiIsInR5cCI6IkpXVCJ9.eyJzdWIiOiI2M2Y1ZmU3NS00ZmJiLTQzMjgtYTJkZC1iNzIyNDc3ODc1MmUiLCJqdGkiOiIwMWEwZjkwZi1iMTM0LTcxMzQtYjRhMi1lYTlmN2U1ZjQxMjciLCJpYXQiOjE3OTA4ODQ5NTAsIm5hbWUiOiJBZG1pbmlzdHJhZG9yIExCRyIsImVtYWlsIjoiaW5mb0BsdXh1cnlidWlsZGluZy5jb20ubXgiLCJ1c2VybmFtZSI6ImFkbWluIiwiY3VzdG9tZXJJZCI6IjAxOWM2YmVlLTAyOGEtNzBlNC05OGVhLTU1N2I2NDVhM2FlMCIsImN1c3RvbWVyTmFtZSI6IkxVWFVSWSBCVUlMRElORyBHUk9VUCBTQSBERSBDViIsImZpcnN0TmFtZSI6IkFkbWluaXN0cmFkb3IiLCJsYXN0TmFtZSI6IkxCRyIsInBob25lIjoiKDU1KSAwMDAwLSAwMDAwIiwicGhvdG9QYXRoIjoiaHR0cDovL2xvY2FsaG9zdDo3MDcwL2FwaS9maWxlcy9kb3dubG9hZD9maWxlUGF0aD1wdWJsaWMlMmZBZG1pbmlzdHJhdGlvbiUyZmFjY291bnRzJTJmMDFhMGM0M2ItYzFjOC03Njc1LWE0ODYtN2Y2NzhiNGM1NTU4LnBuZyIsInBvc2l0aW9uIjoiRGVzY29ub2NpZG8iLCJodHRwOi8vc2NoZW1hcy5taWNyb3NvZnQuY29tL3dzLzIwMDgvMDYvaWRlbnRpdHkvY2xhaW1zL3JvbGUiOiJTdXBlclVzdWFyaW8iLCJyb2xlSWQiOiI2OTlkN2NjMS1kMTQzLTQ5ODUtYjU1YS1kMDMwODY0YzY5M2UiLCJleHAiOjE3OTA4ODg1NTAsImlzcyI6Imh0dHBzOi8vbG9jYWxob3N0OjcwNjkiLCJhdWQiOiJodHRwczovL2xvY2FsaG9zdDo0MjAwIn0.jbiaqfuhX87nCHW0OZacV2hxU1oEqxe48AR8AIppLyY. @ http://localhost:4200/@fs/D:/repos/luxuryapp-api/appsweb/angular/.angular/cache/22.1.8/luxury-app/vite/deps/@microsoft_signalr.js?v=3ac07549:308
[18475947ms] [INFO] [2026-10-01T20:04:30.188Z] Information: Using HubProtocol 'json'. @ http://localhost:4200/@fs/D:/repos/luxuryapp-api/appsweb/angular/.angular/cache/22.1.8/luxury-app/vite/deps/@microsoft_signalr.js?v=3ac07549:308
[18476009ms] [INFO] [2026-10-01T20:04:30.251Z] Information: HubConnection reconnected successfully. @ http://localhost:4200/@fs/D:/repos/luxuryapp-api/appsweb/angular/.angular/cache/22.1.8/luxury-app/vite/deps/@microsoft_signalr.js?v=3ac07549:308
[18476010ms] [LOG] %cOK [SignalR] Reconectado. ID: color: green; font-style: italic; Lg-LZW2-LiV1flBS04MAkg @ http://localhost:4200/chunk-RY7YES3A.js:2875
[18476059ms] [LOG] %cUSER [SignalR] Evento ConnectedUser recibido: color: blue; font-style: italic; Bienvenido 63f5fe75-4fbb-4328-a2dd-b7224778752e @ http://localhost:4200/chunk-RY7YES3A.js:2875
[18478298ms] [LOG] %c📦 [StorageService] Inicializando servicio de almacenamiento local... color: #3F51B5; font-style: italic; @ http://localhost:4200/chunk-RY7YES3A.js:2875
[18478299ms] [LOG] %c [AuthService] Verificando ruta inicial: /inspections/inspection-report-list | Es publica: false color: #9C27B0; font-style: italic; @ http://localhost:4200/chunk-RY7YES3A.js:2875
[18478300ms] [LOG] %c [AuthService] Ruta no publica. Intentando login silencioso... color: #009688; font-style: italic; @ http://localhost:4200/chunk-RY7YES3A.js:2875
[18478302ms] [LOG] %c🚀 [Initializer] Starting application state initialization... color: purple; font-style: italic; @ http://localhost:4200/chunk-RY7YES3A.js:2875
[18481455ms] [LOG] %c [AuthService] Token renovado. Actualizando sesion en memoria. color: color: #4CAF50; font-style: italic;; font-style: italic; @ http://localhost:4200/chunk-RY7YES3A.js:2875
[18481456ms] [LOG] %c [AuthTrace] refresh.success.before-set color: #03A9F4; font-style: italic; {at: 2026-10-01T20:04:35.697Z, applicationUserId: 63f5fe75-4fbb-4328-a2dd-b7224778752e, tokenCustomerId: 019c6bee-028a-70e4-98ea-557b645a3ae0, roles: Array(1), customerAccessCount: 10} @ http://localhost:4200/chunk-RY7YES3A.js:2875
[18481456ms] [LOG] %c [AuthTrace] refresh.success.after-set color: #03A9F4; font-style: italic; {at: 2026-10-01T20:04:35.698Z, applicationUserId: 63f5fe75-4fbb-4328-a2dd-b7224778752e, tokenCustomerId: 019c6bee-028a-70e4-98ea-557b645a3ae0, roles: Array(1), customerAccessCount: 10} @ http://localhost:4200/chunk-RY7YES3A.js:2875
[18481456ms] [LOG] %cLINK [SignalR] Construyendo conexion... color: blue; font-style: italic; @ http://localhost:4200/chunk-RY7YES3A.js:2875
[18481457ms] [LOG] %cHEADSET [SignalR] Registrando listeners... color: cyan; font-style: italic; @ http://localhost:4200/chunk-RY7YES3A.js:2875
[18481458ms] [LOG] %cLINK [SignalR] Iniciando conexion... color: blue; font-style: italic; @ http://localhost:4200/chunk-RY7YES3A.js:2875
[18481458ms] [LOG] %c [AuthTrace] trySilentLogin.finalize color: #8BC34A; font-style: italic; {at: 2026-10-01T20:04:35.700Z, isAuthenticated: true} @ http://localhost:4200/chunk-RY7YES3A.js:2875
[18481459ms] [LOG] %c🏢 [Initializer] User session found. Initializing customer state... color: #3F51B5; font-style: italic; @ http://localhost:4200/chunk-RY7YES3A.js:2875
[18481459ms] [LOG] %c🔍 [StorageService] Recuperando valor para clave: 'customerId' color: #2196F3; font-style: italic; @ http://localhost:4200/chunk-RY7YES3A.js:2875
[18481460ms] [LOG] %c [CustomerTrace] initialize.start color: #FF9800; font-style: italic; {at: 2026-10-01T20:04:35.701Z, state: Object, storedCustomerId: 019c6bee-028a-70e4-98ea-557b645a3ae0, tokenCustomerId: 019c6bee-028a-70e4-98ea-557b645a3ae0, customerAccess: Array(10)} @ http://localhost:4200/chunk-RY7YES3A.js:2875
[18481460ms] [LOG] %c🔍 [StorageService] Recuperando valor para clave: 'customerId' color: #2196F3; font-style: italic; @ http://localhost:4200/chunk-RY7YES3A.js:2875
[18481461ms] [LOG] %c🔍 [StorageService] Recuperando valor para clave: 'customerId' color: #2196F3; font-style: italic; @ http://localhost:4200/chunk-RY7YES3A.js:2875
[18481461ms] [LOG] %c [CustomerTrace] initialize.selected-customer color: #FF9800; font-style: italic; {at: 2026-10-01T20:04:35.702Z, state: Object, storedCustomerId: 019c6bee-028a-70e4-98ea-557b645a3ae0, selectedCustomerId: 019c6bee-028a-70e4-98ea-557b645a3ae0} @ http://localhost:4200/chunk-RY7YES3A.js:2875
[18481461ms] [LOG] %c💾 [StorageService] Guardando clave: 'customerId' color: #FF9800; font-style: italic; {value: 019c6bee-028a-70e4-98ea-557b645a3ae0} @ http://localhost:4200/chunk-RY7YES3A.js:2875
[18481462ms] [LOG] %c✅ [StorageService] Clave 'customerId' guardada exitosamente. color: #4CAF50; font-style: italic; @ http://localhost:4200/chunk-RY7YES3A.js:2875
[18481462ms] [LOG] %c🔍 [StorageService] Recuperando valor para clave: 'customerId' color: #2196F3; font-style: italic; @ http://localhost:4200/chunk-RY7YES3A.js:2875
[18481462ms] [LOG] %c [CustomerTrace] loadDataForCustomer.start color: #FF9800; font-style: italic; {at: 2026-10-01T20:04:35.704Z, state: Object, storedCustomerId: 019c6bee-028a-70e4-98ea-557b645a3ae0, customerId: 019c6bee-028a-70e4-98ea-557b645a3ae0} @ http://localhost:4200/chunk-RY7YES3A.js:2875
[18481464ms] [LOG] %c🛡️ [JwtInterceptorFn] Auth check completado. Interceptando ruta: color: #FF0000; font-style: italic; http://localhost:7070/api/customers/019c6bee-028a-70e4-98ea-557b645a3ae0 @ http://localhost:4200/chunk-RY7YES3A.js:2875
[18481465ms] [LOG] %c🔍 [StorageService] Recuperando valor para clave: 'customerId' color: #2196F3; font-style: italic; @ http://localhost:4200/chunk-RY7YES3A.js:2875
[18481465ms] [LOG] %c🔍 [StorageService] Recuperando valor para clave: 'customerId' color: #2196F3; font-style: italic; @ http://localhost:4200/chunk-RY7YES3A.js:2875
[18481466ms] [LOG] %c [JwtTrace] request color: #F44336; font-style: italic; {at: 2026-10-01T20:04:35.707Z, url: http://localhost:7070/api/customers/019c6bee-028a-70e4-98ea-557b645a3ae0, method: GET, appUserId: 63f5fe75-4fbb-4328-a2dd-b7224778752e, storageCustomerId: 019c6bee-028a-70e4-98ea-557b645a3ae0} @ http://localhost:4200/chunk-RY7YES3A.js:2875
[18481553ms] [INFO] [2026-10-01T20:04:35.794Z] Information: WebSocket connected to ws://localhost:7070/ws/notificationHub?id=VRDc58KFliJ7mtR0P3RwRA&access_token=eyJhbGciOiJIUzI1NiIsInR5cCI6IkpXVCJ9.eyJzdWIiOiI2M2Y1ZmU3NS00ZmJiLTQzMjgtYTJkZC1iNzIyNDc3ODc1MmUiLCJqdGkiOiIwMWEwZjkxMS05OTlhLTdkNTgtOTMwMi0yMjhmYmFmMWI5N2MiLCJpYXQiOjE3OTA4ODUwNzUsIm5hbWUiOiJBZG1pbmlzdHJhZG9yIExCRyIsImVtYWlsIjoiaW5mb0BsdXh1cnlidWlsZGluZy5jb20ubXgiLCJ1c2VybmFtZSI6ImFkbWluIiwiY3VzdG9tZXJJZCI6IjAxOWM2YmVlLTAyOGEtNzBlNC05OGVhLTU1N2I2NDVhM2FlMCIsImN1c3RvbWVyTmFtZSI6IkxVWFVSWSBCVUlMRElORyBHUk9VUCBTQSBERSBDViIsImZpcnN0TmFtZSI6IkFkbWluaXN0cmFkb3IiLCJsYXN0TmFtZSI6IkxCRyIsInBob25lIjoiKDU1KSAwMDAwLSAwMDAwIiwicGhvdG9QYXRoIjoiaHR0cDovL2xvY2FsaG9zdDo3MDcwL2FwaS9maWxlcy9kb3dubG9hZD9maWxlUGF0aD1wdWJsaWMlMmZBZG1pbmlzdHJhdGlvbiUyZmFjY291bnRzJTJmMDFhMGM0M2ItYzFjOC03Njc1LWE0ODYtN2Y2NzhiNGM1NTU4LnBuZyIsInBvc2l0aW9uIjoiRGVzY29ub2NpZG8iLCJodHRwOi8vc2NoZW1hcy5taWNyb3NvZnQuY29tL3dzLzIwMDgvMDYvaWRlbnRpdHkvY2xhaW1zL3JvbGUiOiJTdXBlclVzdWFyaW8iLCJyb2xlSWQiOiI2OTlkN2NjMS1kMTQzLTQ5ODUtYjU1YS1kMDMwODY0YzY5M2UiLCJleHAiOjE3OTA4ODg2NzUsImlzcyI6Imh0dHBzOi8vbG9jYWxob3N0OjcwNjkiLCJhdWQiOiJodHRwczovL2xvY2FsaG9zdDo0MjAwIn0.DHU8sQORwcmqJEPr9snWiokS9Fw0co8zCbD8mm_B-LU. @ http://localhost:4200/@fs/D:/repos/luxuryapp-api/appsweb/angular/.angular/cache/22.1.8/luxury-app/vite/deps/@microsoft_signalr.js?v=3ac07549:308
[18481553ms] [INFO] [2026-10-01T20:04:35.795Z] Information: Using HubProtocol 'json'. @ http://localhost:4200/@fs/D:/repos/luxuryapp-api/appsweb/angular/.angular/cache/22.1.8/luxury-app/vite/deps/@microsoft_signalr.js?v=3ac07549:308
[18481561ms] [LOG] %cLINK [SignalR] Conexion iniciada con exito. color: green; font-style: italic; @ http://localhost:4200/chunk-RY7YES3A.js:2875
[18481562ms] [LOG] %cSTATE [SignalR] connectionId = 'TA93mRIw4Q7nSmUEs2Ltsg' color: green; font-style: italic; @ http://localhost:4200/chunk-RY7YES3A.js:2875
[18481566ms] [LOG] %cUSER [SignalR] Evento ConnectedUser recibido: color: blue; font-style: italic; Bienvenido 63f5fe75-4fbb-4328-a2dd-b7224778752e @ http://localhost:4200/chunk-RY7YES3A.js:2875
[18481655ms] [LOG] %c🔍 [StorageService] Recuperando valor para clave: 'customerId' color: #2196F3; font-style: italic; @ http://localhost:4200/chunk-RY7YES3A.js:2875
[18481656ms] [LOG] %c [CustomerTrace] loadDataForCustomer.response color: #FF9800; font-style: italic; {at: 2026-10-01T20:04:35.896Z, state: Object, storedCustomerId: 019c6bee-028a-70e4-98ea-557b645a3ae0, customerId: 019c6bee-028a-70e4-98ea-557b645a3ae0, success: true} @ http://localhost:4200/chunk-RY7YES3A.js:2875
[18481656ms] [LOG] %c🔍 [StorageService] Recuperando valor para clave: 'customerId' color: #2196F3; font-style: italic; @ http://localhost:4200/chunk-RY7YES3A.js:2875
[18481657ms] [LOG] %c [CustomerTrace] loadDataForCustomer.ready color: #FF9800; font-style: italic; {at: 2026-10-01T20:04:35.897Z, state: Object, storedCustomerId: 019c6bee-028a-70e4-98ea-557b645a3ae0, customerId: 019c6bee-028a-70e4-98ea-557b645a3ae0} @ http://localhost:4200/chunk-RY7YES3A.js:2875
[18481658ms] [LOG] %c✅ [Initializer] State initialization complete. color: green; font-style: italic; @ http://localhost:4200/chunk-RY7YES3A.js:2875
[18481661ms] [LOG] %c🔄 UpdateService: Inicializando servicio de actualizaciones color: blue; font-weight: bold; @ http://localhost:4200/chunk-2BPO4FAW.js:17
[18481661ms] [LOG] %c🔄 UpdateService: ❌ Service Worker NO habilitado color: red; font-weight: bold; @ http://localhost:4200/chunk-2BPO4FAW.js:33
[18481666ms] [LOG] %c🚀 [App] ¡Aplicación iniciada! Soy más ligero y rápido que nunca. color: #673AB7; font-style: italic; @ http://localhost:4200/chunk-RY7YES3A.js:2875
[18481667ms] [LOG] %c⚠️ [App] Notificaciones bloqueadas por el usuario color: orange;font-style: italic @ http://localhost:4200/chunk-RY7YES3A.js:2888
[18481670ms] [LOG] Angular is running in development mode. @ http://localhost:4200/@fs/D:/repos/luxuryapp-api/appsweb/angular/.angular/cache/22.1.8/luxury-app/vite/deps/core-BtAdGG1h.js?v=79c56015:9175
[18482085ms] [LOG] %c🎉 [LayoutEmployee] ¡Layout de empleado cargado! Despertando a los gigantes (SignalR, OneSignal...) color: #2196F3; font-style: italic; @ http://localhost:4200/chunk-RY7YES3A.js:2875
[18482085ms] [LOG] %cLINK [SignalR] Construyendo conexion... color: blue; font-style: italic; @ http://localhost:4200/chunk-RY7YES3A.js:2875
[18482086ms] [LOG] %cHEADSET [SignalR] Registrando listeners... color: cyan; font-style: italic; @ http://localhost:4200/chunk-RY7YES3A.js:2875
[18482086ms] [LOG] %cLINK [SignalR] Iniciando conexion... color: blue; font-style: italic; @ http://localhost:4200/chunk-RY7YES3A.js:2875
[18482086ms] [LOG] %cℹ️ [LayoutEmployee] Usuario 63f5fe75-4fbb-4328-a2dd-b7224778752e autenticado. Iniciando OneSignal... color: dodgerblue;font-style: italic @ http://localhost:4200/chunk-RY7YES3A.js:2888
[18482087ms] [LOG] %c... [OneSignal] Esperando que el SDK este listo... color: orange; font-style: italic; @ http://localhost:4200/chunk-RY7YES3A.js:2875
[18482108ms] [LOG] %c🛡️ [JwtInterceptorFn] Auth check completado. Interceptando ruta: color: #FF0000; font-style: italic; http://localhost:7070/api/select-items/customer-inspections/019c6bee-028a-70e4-98ea-557b645a3ae0 @ http://localhost:4200/chunk-RY7YES3A.js:2875
[18482109ms] [LOG] %c🔍 [StorageService] Recuperando valor para clave: 'customerId' color: #2196F3; font-style: italic; @ http://localhost:4200/chunk-RY7YES3A.js:2875
[18482110ms] [LOG] %c🔍 [StorageService] Recuperando valor para clave: 'customerId' color: #2196F3; font-style: italic; @ http://localhost:4200/chunk-RY7YES3A.js:2875
[18482111ms] [LOG] %c [JwtTrace] request color: #F44336; font-style: italic; {at: 2026-10-01T20:04:36.351Z, url: http://localhost:7070/api/select-items/customer-inspections/019c6bee-028a-70e4-98ea-557b645a3ae0, method: GET, appUserId: 63f5fe75-4fbb-4328-a2dd-b7224778752e, storageCustomerId: 019c6bee-028a-70e4-98ea-557b645a3ae0} @ http://localhost:4200/chunk-RY7YES3A.js:2875
[18482120ms] [WARNING] 
  It looks like you're using the disabled attribute with a reactive form directive. If you set disabled to true
  when you set up this control in your component class, the disabled attribute will actually be set in the DOM for
  you. We recommend using this approach to avoid 'changed after checked' errors.

  Example:
  // Specify the `disabled` property at control creation time:
  form = new FormGroup({
    first: new FormControl({value: 'Nancy', disabled: true}, Validators.required),
    last: new FormControl('Drew', Validators.required)
  });

  // Controls can also be enabled/disabled after creation:
  form.get('first')?.enable();
  form.get('last')?.disable();
 @ http://localhost:4200/@fs/D:/repos/luxuryapp-api/appsweb/angular/.angular/cache/22.1.8/luxury-app/vite/deps/@angular_forms.js?v=3ac07549:3968
[18482153ms] [LOG] %c🛡️ [JwtInterceptorFn] Auth check completado. Interceptando ruta: color: #FF0000; font-style: italic; http://localhost:7070/api/notifications @ http://localhost:4200/chunk-RY7YES3A.js:2875
[18482154ms] [LOG] %c🔍 [StorageService] Recuperando valor para clave: 'customerId' color: #2196F3; font-style: italic; @ http://localhost:4200/chunk-RY7YES3A.js:2875
[18482155ms] [LOG] %c🔍 [StorageService] Recuperando valor para clave: 'customerId' color: #2196F3; font-style: italic; @ http://localhost:4200/chunk-RY7YES3A.js:2875
[18482156ms] [LOG] %c [JwtTrace] request color: #F44336; font-style: italic; {at: 2026-10-01T20:04:36.397Z, url: http://localhost:7070/api/notifications, method: GET, appUserId: 63f5fe75-4fbb-4328-a2dd-b7224778752e, storageCustomerId: 019c6bee-028a-70e4-98ea-557b645a3ae0} @ http://localhost:4200/chunk-RY7YES3A.js:2875
[18482159ms] [LOG] %c🛡️ [JwtInterceptorFn] Auth check completado. Interceptando ruta: color: #FF0000; font-style: italic; http://localhost:7070/api/notifications/unread-count @ http://localhost:4200/chunk-RY7YES3A.js:2875
[18482160ms] [LOG] %c🔍 [StorageService] Recuperando valor para clave: 'customerId' color: #2196F3; font-style: italic; @ http://localhost:4200/chunk-RY7YES3A.js:2875
[18482160ms] [LOG] %c🔍 [StorageService] Recuperando valor para clave: 'customerId' color: #2196F3; font-style: italic; @ http://localhost:4200/chunk-RY7YES3A.js:2875
[18482161ms] [LOG] %c [JwtTrace] request color: #F44336; font-style: italic; {at: 2026-10-01T20:04:36.402Z, url: http://localhost:7070/api/notifications/unread-count, method: GET, appUserId: 63f5fe75-4fbb-4328-a2dd-b7224778752e, storageCustomerId: 019c6bee-028a-70e4-98ea-557b645a3ae0} @ http://localhost:4200/chunk-RY7YES3A.js:2875
[18482170ms] [LOG] %c [MenuTrace] effect.tick color: #9C27B0; font-style: italic; {at: 2026-10-01T20:04:36.411Z, customerId: 019c6bee-028a-70e4-98ea-557b645a3ae0, customerReady: true, applicationUserId: 63f5fe75-4fbb-4328-a2dd-b7224778752e, lastCustomerId: null} @ http://localhost:4200/chunk-RY7YES3A.js:2875
[18482171ms] [LOG] %c [MenuService] Customer data and session are ready. Loading menu... color: green; font-style: italic; @ http://localhost:4200/chunk-RY7YES3A.js:2875
[18482171ms] [LOG] %c [MenuTrace] triggerMenuLoad.start color: #9C27B0; font-style: italic; {at: 2026-10-01T20:04:36.412Z, customerId: 019c6bee-028a-70e4-98ea-557b645a3ae0, customerReady: true, applicationUserId: 63f5fe75-4fbb-4328-a2dd-b7224778752e, lastCustomerId: null} @ http://localhost:4200/chunk-RY7YES3A.js:2875
[18482172ms] [LOG] %c🛡️ [JwtInterceptorFn] Auth check completado. Interceptando ruta: color: #FF0000; font-style: italic; http://localhost:7070/api/menu-items/019c6bee-028a-70e4-98ea-557b645a3ae0 @ http://localhost:4200/chunk-RY7YES3A.js:2875
[18482172ms] [LOG] %c🔍 [StorageService] Recuperando valor para clave: 'customerId' color: #2196F3; font-style: italic; @ http://localhost:4200/chunk-RY7YES3A.js:2875
[18482173ms] [LOG] %c🔍 [StorageService] Recuperando valor para clave: 'customerId' color: #2196F3; font-style: italic; @ http://localhost:4200/chunk-RY7YES3A.js:2875
[18482174ms] [LOG] %c [JwtTrace] request color: #F44336; font-style: italic; {at: 2026-10-01T20:04:36.415Z, url: http://localhost:7070/api/menu-items/019c6bee-028a-70e4-98ea-557b645a3ae0, method: GET, appUserId: 63f5fe75-4fbb-4328-a2dd-b7224778752e, storageCustomerId: 019c6bee-028a-70e4-98ea-557b645a3ae0} @ http://localhost:4200/chunk-RY7YES3A.js:2875
[18482178ms] [LOG] %cok [OneSignal] SDK listo color: green; font-style: italic; @ http://localhost:4200/chunk-RY7YES3A.js:2875
[18482382ms] [LOG] %c [API SUCCESS]: GET ITEM: select-items/customer-inspections/019c6bee-028a-70e4-98ea-557b645a3ae0 color: dodgerblue; font-style: italic; [] @ http://localhost:4200/chunk-RY7YES3A.js:2875
[18482393ms] [INFO] [2026-10-01T20:04:36.635Z] Information: WebSocket connected to ws://localhost:7070/ws/notificationHub?id=pj8e27baVv_eogC3I51gmQ&access_token=eyJhbGciOiJIUzI1NiIsInR5cCI6IkpXVCJ9.eyJzdWIiOiI2M2Y1ZmU3NS00ZmJiLTQzMjgtYTJkZC1iNzIyNDc3ODc1MmUiLCJqdGkiOiIwMWEwZjkxMS05OTlhLTdkNTgtOTMwMi0yMjhmYmFmMWI5N2MiLCJpYXQiOjE3OTA4ODUwNzUsIm5hbWUiOiJBZG1pbmlzdHJhZG9yIExCRyIsImVtYWlsIjoiaW5mb0BsdXh1cnlidWlsZGluZy5jb20ubXgiLCJ1c2VybmFtZSI6ImFkbWluIiwiY3VzdG9tZXJJZCI6IjAxOWM2YmVlLTAyOGEtNzBlNC05OGVhLTU1N2I2NDVhM2FlMCIsImN1c3RvbWVyTmFtZSI6IkxVWFVSWSBCVUlMRElORyBHUk9VUCBTQSBERSBDViIsImZpcnN0TmFtZSI6IkFkbWluaXN0cmFkb3IiLCJsYXN0TmFtZSI6IkxCRyIsInBob25lIjoiKDU1KSAwMDAwLSAwMDAwIiwicGhvdG9QYXRoIjoiaHR0cDovL2xvY2FsaG9zdDo3MDcwL2FwaS9maWxlcy9kb3dubG9hZD9maWxlUGF0aD1wdWJsaWMlMmZBZG1pbmlzdHJhdGlvbiUyZmFjY291bnRzJTJmMDFhMGM0M2ItYzFjOC03Njc1LWE0ODYtN2Y2NzhiNGM1NTU4LnBuZyIsInBvc2l0aW9uIjoiRGVzY29ub2NpZG8iLCJodHRwOi8vc2NoZW1hcy5taWNyb3NvZnQuY29tL3dzLzIwMDgvMDYvaWRlbnRpdHkvY2xhaW1zL3JvbGUiOiJTdXBlclVzdWFyaW8iLCJyb2xlSWQiOiI2OTlkN2NjMS1kMTQzLTQ5ODUtYjU1YS1kMDMwODY0YzY5M2UiLCJleHAiOjE3OTA4ODg2NzUsImlzcyI6Imh0dHBzOi8vbG9jYWxob3N0OjcwNjkiLCJhdWQiOiJodHRwczovL2xvY2FsaG9zdDo0MjAwIn0.DHU8sQORwcmqJEPr9snWiokS9Fw0co8zCbD8mm_B-LU. @ http://localhost:4200/@fs/D:/repos/luxuryapp-api/appsweb/angular/.angular/cache/22.1.8/luxury-app/vite/deps/@microsoft_signalr.js?v=3ac07549:308
[18482394ms] [INFO] [2026-10-01T20:04:36.635Z] Information: Using HubProtocol 'json'. @ http://localhost:4200/@fs/D:/repos/luxuryapp-api/appsweb/angular/.angular/cache/22.1.8/luxury-app/vite/deps/@microsoft_signalr.js?v=3ac07549:308
[18482402ms] [LOG] %cUSER [SignalR] Evento ConnectedUser recibido: color: blue; font-style: italic; Bienvenido 63f5fe75-4fbb-4328-a2dd-b7224778752e @ http://localhost:4200/chunk-RY7YES3A.js:2875
[18482403ms] [LOG] %cLINK [SignalR] Conexion iniciada con exito. color: green; font-style: italic; @ http://localhost:4200/chunk-RY7YES3A.js:2875
[18482403ms] [LOG] %cSTATE [SignalR] connectionId = 't1ZddOSmumw5iAxBgEOxSA' color: green; font-style: italic; @ http://localhost:4200/chunk-RY7YES3A.js:2875
[18482431ms] [LOG] %c [API SUCCESS]: GET NoLoading: notifications color: gray; font-style: italic; [Object, Object, Object, Object, Object, Object, Object, Object, Object, Object, Object, Object, Object, Object, Object, Object, Object] @ http://localhost:4200/chunk-RY7YES3A.js:2875
[18482432ms] [LOG] %c [API SUCCESS]: GET NoLoading: notifications/unread-count color: gray; font-style: italic; 17 @ http://localhost:4200/chunk-RY7YES3A.js:2875
[18482492ms] [LOG] %c [API SUCCESS]: GET LIST: menu-items/019c6bee-028a-70e4-98ea-557b645a3ae0 color: teal; font-style: italic; [Object, Object, Object, Object, Object, Object, Object, Object, Object, Object, Object, Object, Object, Object, Object, Object, Object, Object, Object, Object, Object, Object, Object, Object] @ http://localhost:4200/chunk-RY7YES3A.js:2875
[18482493ms] [LOG] %c [MenuTrace] fetchMenuItemsFromApi.success color: #9C27B0; font-style: italic; {at: 2026-10-01T20:04:36.734Z, customerId: 019c6bee-028a-70e4-98ea-557b645a3ae0, customerReady: true, applicationUserId: 63f5fe75-4fbb-4328-a2dd-b7224778752e, lastCustomerId: 019c6bee-028a-70e4-98ea-557b645a3ae0} @ http://localhost:4200/chunk-RY7YES3A.js:2875
[18482493ms] [LOG] %c [MenuTrace] triggerMenuLoad.response color: #9C27B0; font-style: italic; {at: 2026-10-01T20:04:36.734Z, customerId: 019c6bee-028a-70e4-98ea-557b645a3ae0, customerReady: true, applicationUserId: 63f5fe75-4fbb-4328-a2dd-b7224778752e, lastCustomerId: 019c6bee-028a-70e4-98ea-557b645a3ae0} @ http://localhost:4200/chunk-RY7YES3A.js:2875
[18482616ms] [ERROR] Failed to load resource: the server responded with a status of 404 (Not Found) @ http://localhost:7070/api/files/download?filePath=public%2fAdministration%2faccounts%2f01a0c43b-c1c8-7675-a486-7f678b4c5558.png:0
[18482679ms] [LOG] %cpkg [OneSignal] Inicializado con App ID: color: teal; font-style: italic; 3d1f1ce3-638f-4a30-b093-ab617baf91a8 @ http://localhost:4200/chunk-RY7YES3A.js:2875
[18482679ms] [LOG] %cear [OneSignal] Listeners registrados. color: cyan; font-style: italic; @ http://localhost:4200/chunk-RY7YES3A.js:2875
[18482679ms] [LOG] %cuser [OneSignal] Usuario logueado con ExternalUserId: 63f5fe75-4fbb-4328-a2dd-b7224778752e color: darkslateblue; font-style: italic; @ http://localhost:4200/chunk-RY7YES3A.js:2875
[18482680ms] [LOG] %csub [OneSignal] Permiso: color: dodgerblue; font-style: italic; false | Suscrito: false @ http://localhost:4200/chunk-RY7YES3A.js:2875
[18482680ms] [LOG] %cwarn [OneSignal] Usuario no completamente suscrito. color: orange; font-style: italic; @ http://localhost:4200/chunk-RY7YES3A.js:2875
[18783097ms] [ERROR] [2026-10-01T20:09:37.338Z] Error: Connection disconnected with error 'Error: WebSocket closed with status code: 1006 (no reason given).'. @ http://localhost:4200/@fs/D:/repos/luxuryapp-api/appsweb/angular/.angular/cache/22.1.8/luxury-app/vite/deps/@microsoft_signalr.js?v=3ac07549:302
[18783097ms] [INFO] [2026-10-01T20:09:37.338Z] Information: Connection reconnecting because of error 'Error: WebSocket closed with status code: 1006 (no reason given).'. @ http://localhost:4200/@fs/D:/repos/luxuryapp-api/appsweb/angular/.angular/cache/22.1.8/luxury-app/vite/deps/@microsoft_signalr.js?v=3ac07549:308
[18783097ms] [LOG] %cWAIT [SignalR] Reintentando... color: orange; font-style: italic; Error: WebSocket closed with status code: 1006 (no reason given).
    at WebSocketTransport._close (http://localhost:4200/@fs/D:/repos/luxuryapp-api/appsweb/angular/.angular/cache/22.1.8/luxury-app/vite/deps/@microsoft_signalr.js?v=3ac07549:1839:133)
    at webSocket.onclose (http://localhost:4200/@fs/D:/repos/luxuryapp-api/appsweb/angular/.angular/cache/22.1.8/luxury-app/vite/deps/@microsoft_signalr.js?v=3ac07549:1808:22) @ http://localhost:4200/chunk-RY7YES3A.js:2875
[18783098ms] [INFO] [2026-10-01T20:09:37.339Z] Information: Reconnect attempt number 1 will start in 2000 ms. @ http://localhost:4200/@fs/D:/repos/luxuryapp-api/appsweb/angular/.angular/cache/22.1.8/luxury-app/vite/deps/@microsoft_signalr.js?v=3ac07549:308
[18783106ms] [ERROR] [2026-10-01T20:09:37.348Z] Error: Connection disconnected with error 'Error: WebSocket closed with status code: 1006 (no reason given).'. @ http://localhost:4200/@fs/D:/repos/luxuryapp-api/appsweb/angular/.angular/cache/22.1.8/luxury-app/vite/deps/@microsoft_signalr.js?v=3ac07549:302
[18783106ms] [INFO] [2026-10-01T20:09:37.348Z] Information: Connection reconnecting because of error 'Error: WebSocket closed with status code: 1006 (no reason given).'. @ http://localhost:4200/@fs/D:/repos/luxuryapp-api/appsweb/angular/.angular/cache/22.1.8/luxury-app/vite/deps/@microsoft_signalr.js?v=3ac07549:308
[18783107ms] [LOG] %cWAIT [SignalR] Reintentando... color: orange; font-style: italic; Error: WebSocket closed with status code: 1006 (no reason given).
    at WebSocketTransport._close (http://localhost:4200/@fs/D:/repos/luxuryapp-api/appsweb/angular/.angular/cache/22.1.8/luxury-app/vite/deps/@microsoft_signalr.js?v=3ac07549:1839:133)
    at webSocket.onclose (http://localhost:4200/@fs/D:/repos/luxuryapp-api/appsweb/angular/.angular/cache/22.1.8/luxury-app/vite/deps/@microsoft_signalr.js?v=3ac07549:1808:22) @ http://localhost:4200/chunk-RY7YES3A.js:2875
[18783107ms] [INFO] [2026-10-01T20:09:37.348Z] Information: Reconnect attempt number 1 will start in 2000 ms. @ http://localhost:4200/@fs/D:/repos/luxuryapp-api/appsweb/angular/.angular/cache/22.1.8/luxury-app/vite/deps/@microsoft_signalr.js?v=3ac07549:308
[18783108ms] [LOG] [vite] server connection lost. Polling for restart... @ http://localhost:4200/@vite/client:992
[22536898ms] [ERROR] Failed to load resource: the server responded with a status of 401 (Unauthorized) @ http://localhost:7070/ws/notificationHub/negotiate?negotiateVersion=1:0
[22536898ms] [ERROR] Failed to load resource: the server responded with a status of 401 (Unauthorized) @ http://localhost:7070/ws/notificationHub/negotiate?negotiateVersion=1:0
[22536899ms] [ERROR] [2026-10-01T21:12:11.141Z] Error: Failed to complete negotiation with the server: Error: Unauthorized: Status code '401' @ http://localhost:4200/@fs/D:/repos/luxuryapp-api/appsweb/angular/.angular/cache/22.1.8/luxury-app/vite/deps/@microsoft_signalr.js?v=3ac07549:302
[22536900ms] [ERROR] [2026-10-01T21:12:11.141Z] Error: Failed to start the connection: Error: Failed to complete negotiation with the server: Error: Unauthorized: Status code '401' @ http://localhost:4200/@fs/D:/repos/luxuryapp-api/appsweb/angular/.angular/cache/22.1.8/luxury-app/vite/deps/@microsoft_signalr.js?v=3ac07549:302
[22536900ms] [INFO] [2026-10-01T21:12:11.142Z] Information: Reconnect attempt failed because of error 'Error: Failed to complete negotiation with the server: Error: Unauthorized: Status code '401''. @ http://localhost:4200/@fs/D:/repos/luxuryapp-api/appsweb/angular/.angular/cache/22.1.8/luxury-app/vite/deps/@microsoft_signalr.js?v=3ac07549:308
[22536900ms] [INFO] [2026-10-01T21:12:11.142Z] Information: Reconnect attempt number 2 will start in 5000 ms. @ http://localhost:4200/@fs/D:/repos/luxuryapp-api/appsweb/angular/.angular/cache/22.1.8/luxury-app/vite/deps/@microsoft_signalr.js?v=3ac07549:308
[22536901ms] [ERROR] [2026-10-01T21:12:11.143Z] Error: Failed to complete negotiation with the server: Error: Unauthorized: Status code '401' @ http://localhost:4200/@fs/D:/repos/luxuryapp-api/appsweb/angular/.angular/cache/22.1.8/luxury-app/vite/deps/@microsoft_signalr.js?v=3ac07549:302
[22536902ms] [ERROR] [2026-10-01T21:12:11.143Z] Error: Failed to start the connection: Error: Failed to complete negotiation with the server: Error: Unauthorized: Status code '401' @ http://localhost:4200/@fs/D:/repos/luxuryapp-api/appsweb/angular/.angular/cache/22.1.8/luxury-app/vite/deps/@microsoft_signalr.js?v=3ac07549:302
[22536902ms] [INFO] [2026-10-01T21:12:11.143Z] Information: Reconnect attempt failed because of error 'Error: Failed to complete negotiation with the server: Error: Unauthorized: Status code '401''. @ http://localhost:4200/@fs/D:/repos/luxuryapp-api/appsweb/angular/.angular/cache/22.1.8/luxury-app/vite/deps/@microsoft_signalr.js?v=3ac07549:308
[22536902ms] [INFO] [2026-10-01T21:12:11.143Z] Information: Reconnect attempt number 2 will start in 5000 ms. @ http://localhost:4200/@fs/D:/repos/luxuryapp-api/appsweb/angular/.angular/cache/22.1.8/luxury-app/vite/deps/@microsoft_signalr.js?v=3ac07549:308
[22539252ms] [LOG] %c📦 [StorageService] Inicializando servicio de almacenamiento local... color: #3F51B5; font-style: italic; @ http://localhost:4200/chunk-RY7YES3A.js:2875
[22539253ms] [LOG] %c [AuthService] Verificando ruta inicial: /inspections/inspection-report-list | Es publica: false color: #9C27B0; font-style: italic; @ http://localhost:4200/chunk-RY7YES3A.js:2875
[22539253ms] [LOG] %c [AuthService] Ruta no publica. Intentando login silencioso... color: #009688; font-style: italic; @ http://localhost:4200/chunk-RY7YES3A.js:2875
[22539256ms] [LOG] %c🚀 [Initializer] Starting application state initialization... color: purple; font-style: italic; @ http://localhost:4200/chunk-RY7YES3A.js:2875
[22544128ms] [LOG] %c [AuthService] Token renovado. Actualizando sesion en memoria. color: color: #4CAF50; font-style: italic;; font-style: italic; @ http://localhost:4200/chunk-RY7YES3A.js:2875
[22544129ms] [LOG] %c [AuthTrace] refresh.success.before-set color: #03A9F4; font-style: italic; {at: 2026-10-01T21:12:18.370Z, applicationUserId: 63f5fe75-4fbb-4328-a2dd-b7224778752e, tokenCustomerId: 019c6bee-028a-70e4-98ea-557b645a3ae0, roles: Array(1), customerAccessCount: 10} @ http://localhost:4200/chunk-RY7YES3A.js:2875
[22544129ms] [LOG] %c [AuthTrace] refresh.success.after-set color: #03A9F4; font-style: italic; {at: 2026-10-01T21:12:18.371Z, applicationUserId: 63f5fe75-4fbb-4328-a2dd-b7224778752e, tokenCustomerId: 019c6bee-028a-70e4-98ea-557b645a3ae0, roles: Array(1), customerAccessCount: 10} @ http://localhost:4200/chunk-RY7YES3A.js:2875
[22544130ms] [LOG] %cLINK [SignalR] Construyendo conexion... color: blue; font-style: italic; @ http://localhost:4200/chunk-RY7YES3A.js:2875
[22544131ms] [LOG] %cHEADSET [SignalR] Registrando listeners... color: cyan; font-style: italic; @ http://localhost:4200/chunk-RY7YES3A.js:2875
[22544131ms] [LOG] %cLINK [SignalR] Iniciando conexion... color: blue; font-style: italic; @ http://localhost:4200/chunk-RY7YES3A.js:2875
[22544132ms] [LOG] %c [AuthTrace] trySilentLogin.finalize color: #8BC34A; font-style: italic; {at: 2026-10-01T21:12:18.373Z, isAuthenticated: true} @ http://localhost:4200/chunk-RY7YES3A.js:2875
[22544132ms] [LOG] %c🏢 [Initializer] User session found. Initializing customer state... color: #3F51B5; font-style: italic; @ http://localhost:4200/chunk-RY7YES3A.js:2875
[22544133ms] [LOG] %c🔍 [StorageService] Recuperando valor para clave: 'customerId' color: #2196F3; font-style: italic; @ http://localhost:4200/chunk-RY7YES3A.js:2875
[22544133ms] [LOG] %c [CustomerTrace] initialize.start color: #FF9800; font-style: italic; {at: 2026-10-01T21:12:18.374Z, state: Object, storedCustomerId: 019c6bee-028a-70e4-98ea-557b645a3ae0, tokenCustomerId: 019c6bee-028a-70e4-98ea-557b645a3ae0, customerAccess: Array(10)} @ http://localhost:4200/chunk-RY7YES3A.js:2875
[22544134ms] [LOG] %c🔍 [StorageService] Recuperando valor para clave: 'customerId' color: #2196F3; font-style: italic; @ http://localhost:4200/chunk-RY7YES3A.js:2875
[22544134ms] [LOG] %c🔍 [StorageService] Recuperando valor para clave: 'customerId' color: #2196F3; font-style: italic; @ http://localhost:4200/chunk-RY7YES3A.js:2875
[22544137ms] [LOG] %c [CustomerTrace] initialize.selected-customer color: #FF9800; font-style: italic; {at: 2026-10-01T21:12:18.376Z, state: Object, storedCustomerId: 019c6bee-028a-70e4-98ea-557b645a3ae0, selectedCustomerId: 019c6bee-028a-70e4-98ea-557b645a3ae0} @ http://localhost:4200/chunk-RY7YES3A.js:2875
[22544137ms] [LOG] %c💾 [StorageService] Guardando clave: 'customerId' color: #FF9800; font-style: italic; {value: 019c6bee-028a-70e4-98ea-557b645a3ae0} @ http://localhost:4200/chunk-RY7YES3A.js:2875
[22544138ms] [LOG] %c✅ [StorageService] Clave 'customerId' guardada exitosamente. color: #4CAF50; font-style: italic; @ http://localhost:4200/chunk-RY7YES3A.js:2875
[22544138ms] [LOG] %c🔍 [StorageService] Recuperando valor para clave: 'customerId' color: #2196F3; font-style: italic; @ http://localhost:4200/chunk-RY7YES3A.js:2875
[22544139ms] [LOG] %c [CustomerTrace] loadDataForCustomer.start color: #FF9800; font-style: italic; {at: 2026-10-01T21:12:18.380Z, state: Object, storedCustomerId: 019c6bee-028a-70e4-98ea-557b645a3ae0, customerId: 019c6bee-028a-70e4-98ea-557b645a3ae0} @ http://localhost:4200/chunk-RY7YES3A.js:2875
[22544140ms] [LOG] %c🛡️ [JwtInterceptorFn] Auth check completado. Interceptando ruta: color: #FF0000; font-style: italic; http://localhost:7070/api/customers/019c6bee-028a-70e4-98ea-557b645a3ae0 @ http://localhost:4200/chunk-RY7YES3A.js:2875
[22544141ms] [LOG] %c🔍 [StorageService] Recuperando valor para clave: 'customerId' color: #2196F3; font-style: italic; @ http://localhost:4200/chunk-RY7YES3A.js:2875
[22544142ms] [LOG] %c🔍 [StorageService] Recuperando valor para clave: 'customerId' color: #2196F3; font-style: italic; @ http://localhost:4200/chunk-RY7YES3A.js:2875
[22544143ms] [LOG] %c [JwtTrace] request color: #F44336; font-style: italic; {at: 2026-10-01T21:12:18.383Z, url: http://localhost:7070/api/customers/019c6bee-028a-70e4-98ea-557b645a3ae0, method: GET, appUserId: 63f5fe75-4fbb-4328-a2dd-b7224778752e, storageCustomerId: 019c6bee-028a-70e4-98ea-557b645a3ae0} @ http://localhost:4200/chunk-RY7YES3A.js:2875
[22544294ms] [INFO] [2026-10-01T21:12:18.535Z] Information: WebSocket connected to ws://localhost:7070/ws/notificationHub?id=v1rWX-gyLOSCKdRrs00yXA&access_token=eyJhbGciOiJIUzI1NiIsInR5cCI6IkpXVCJ9.eyJzdWIiOiI2M2Y1ZmU3NS00ZmJiLTQzMjgtYTJkZC1iNzIyNDc3ODc1MmUiLCJqdGkiOiIwMWEwZjk0Zi05MTZmLTcyZmYtYWM1Ny1lNmJkNjEwODkxZjQiLCJpYXQiOjE3OTA4ODkxMzYsIm5hbWUiOiJBZG1pbmlzdHJhZG9yIExCRyIsImVtYWlsIjoiaW5mb0BsdXh1cnlidWlsZGluZy5jb20ubXgiLCJ1c2VybmFtZSI6ImFkbWluIiwiY3VzdG9tZXJJZCI6IjAxOWM2YmVlLTAyOGEtNzBlNC05OGVhLTU1N2I2NDVhM2FlMCIsImN1c3RvbWVyTmFtZSI6IkxVWFVSWSBCVUlMRElORyBHUk9VUCBTQSBERSBDViIsImZpcnN0TmFtZSI6IkFkbWluaXN0cmFkb3IiLCJsYXN0TmFtZSI6IkxCRyIsInBob25lIjoiKDU1KSAwMDAwLSAwMDAwIiwicGhvdG9QYXRoIjoiaHR0cDovL2xvY2FsaG9zdDo3MDcwL2FwaS9maWxlcy9kb3dubG9hZD9maWxlUGF0aD1wdWJsaWMlMmZBZG1pbmlzdHJhdGlvbiUyZmFjY291bnRzJTJmMDFhMGM0M2ItYzFjOC03Njc1LWE0ODYtN2Y2NzhiNGM1NTU4LnBuZyIsInBvc2l0aW9uIjoiRGVzY29ub2NpZG8iLCJodHRwOi8vc2NoZW1hcy5taWNyb3NvZnQuY29tL3dzLzIwMDgvMDYvaWRlbnRpdHkvY2xhaW1zL3JvbGUiOiJTdXBlclVzdWFyaW8iLCJyb2xlSWQiOiI2OTlkN2NjMS1kMTQzLTQ5ODUtYjU1YS1kMDMwODY0YzY5M2UiLCJleHAiOjE3OTA4OTI3MzYsImlzcyI6Imh0dHBzOi8vbG9jYWxob3N0OjcwNjkiLCJhdWQiOiJodHRwczovL2xvY2FsaG9zdDo0MjAwIn0.iQyc-zg2vQyspnLwxsy1YFCkrK4wD5d6SsBdQ90LQ14. @ http://localhost:4200/@fs/D:/repos/luxuryapp-api/appsweb/angular/.angular/cache/22.1.8/luxury-app/vite/deps/@microsoft_signalr.js?v=3ac07549:308
[22544295ms] [INFO] [2026-10-01T21:12:18.536Z] Information: Using HubProtocol 'json'. @ http://localhost:4200/@fs/D:/repos/luxuryapp-api/appsweb/angular/.angular/cache/22.1.8/luxury-app/vite/deps/@microsoft_signalr.js?v=3ac07549:308
[22544305ms] [LOG] %cLINK [SignalR] Conexion iniciada con exito. color: green; font-style: italic; @ http://localhost:4200/chunk-RY7YES3A.js:2875
[22544306ms] [LOG] %cSTATE [SignalR] connectionId = 'kkrmOGuzmFjSzuoVCA8hSQ' color: green; font-style: italic; @ http://localhost:4200/chunk-RY7YES3A.js:2875
[22544334ms] [LOG] %cUSER [SignalR] Evento ConnectedUser recibido: color: blue; font-style: italic; Bienvenido 63f5fe75-4fbb-4328-a2dd-b7224778752e @ http://localhost:4200/chunk-RY7YES3A.js:2875
[22544357ms] [LOG] %c🔍 [StorageService] Recuperando valor para clave: 'customerId' color: #2196F3; font-style: italic; @ http://localhost:4200/chunk-RY7YES3A.js:2875
[22544357ms] [LOG] %c [CustomerTrace] loadDataForCustomer.response color: #FF9800; font-style: italic; {at: 2026-10-01T21:12:18.598Z, state: Object, storedCustomerId: 019c6bee-028a-70e4-98ea-557b645a3ae0, customerId: 019c6bee-028a-70e4-98ea-557b645a3ae0, success: true} @ http://localhost:4200/chunk-RY7YES3A.js:2875
[22544358ms] [LOG] %c🔍 [StorageService] Recuperando valor para clave: 'customerId' color: #2196F3; font-style: italic; @ http://localhost:4200/chunk-RY7YES3A.js:2875
[22544358ms] [LOG] %c [CustomerTrace] loadDataForCustomer.ready color: #FF9800; font-style: italic; {at: 2026-10-01T21:12:18.599Z, state: Object, storedCustomerId: 019c6bee-028a-70e4-98ea-557b645a3ae0, customerId: 019c6bee-028a-70e4-98ea-557b645a3ae0} @ http://localhost:4200/chunk-RY7YES3A.js:2875
[22544358ms] [LOG] %c✅ [Initializer] State initialization complete. color: green; font-style: italic; @ http://localhost:4200/chunk-RY7YES3A.js:2875
[22544366ms] [LOG] %c🔄 UpdateService: Inicializando servicio de actualizaciones color: blue; font-weight: bold; @ http://localhost:4200/chunk-2BPO4FAW.js:17
[22544366ms] [LOG] %c🔄 UpdateService: ❌ Service Worker NO habilitado color: red; font-weight: bold; @ http://localhost:4200/chunk-2BPO4FAW.js:33
[22544376ms] [LOG] %c🚀 [App] ¡Aplicación iniciada! Soy más ligero y rápido que nunca. color: #673AB7; font-style: italic; @ http://localhost:4200/chunk-RY7YES3A.js:2875
[22544380ms] [LOG] %c⚠️ [App] Notificaciones bloqueadas por el usuario color: orange;font-style: italic @ http://localhost:4200/chunk-RY7YES3A.js:2888
[22544389ms] [LOG] Angular is running in development mode. @ http://localhost:4200/@fs/D:/repos/luxuryapp-api/appsweb/angular/.angular/cache/22.1.8/luxury-app/vite/deps/core-BtAdGG1h.js?v=79c56015:9175
[22545357ms] [ERROR] Failed to load resource: net::ERR_NETWORK_CHANGED @ http://localhost:4200/chunk-GXDZVC5R.js:0
[22545360ms] [ERROR] [GlobalErrorHandler] TypeError: Failed to fetch dynamically imported module: http://localhost:4200/chunk-RRBM5R6T.js @ http://localhost:4200/main.js:684
[22545566ms] [ERROR] Failed to load resource: net::ERR_NETWORK_CHANGED @ http://localhost:4200/chunk-IKEPNEEA.js:0
[22545621ms] [ERROR] Failed to load resource: net::ERR_NETWORK_CHANGED @ http://localhost:4200/chunk-LNZDIIH5.js:0
[22545732ms] [ERROR] Failed to load resource: net::ERR_NETWORK_CHANGED @ http://localhost:4200/chunk-FBGJHHHJ.js:0
[22545732ms] [ERROR] Failed to load resource: net::ERR_NETWORK_CHANGED @ http://localhost:4200/chunk-YFDWXTIF.js:0
[22545732ms] [ERROR] Failed to load resource: net::ERR_NETWORK_CHANGED @ http://localhost:4200/chunk-6V3A777O.js:0
[22545732ms] [ERROR] Failed to load resource: net::ERR_NETWORK_CHANGED @ http://localhost:4200/chunk-QYQKZBEF.js:0
[22545732ms] [ERROR] Failed to load resource: net::ERR_NETWORK_CHANGED @ http://localhost:4200/chunk-FIZTZ3QD.js:0
[22545732ms] [ERROR] Failed to load resource: net::ERR_NETWORK_CHANGED @ http://localhost:4200/chunk-NZ4ZPV35.js:0
[22545732ms] [ERROR] Failed to load resource: net::ERR_NETWORK_CHANGED @ http://localhost:4200/chunk-ZYLIXHCZ.js:0
[22545732ms] [ERROR] Failed to load resource: net::ERR_NETWORK_CHANGED @ http://localhost:4200/chunk-BMUY4XTY.js:0
[22545732ms] [ERROR] Failed to load resource: net::ERR_NETWORK_CHANGED @ http://localhost:4200/chunk-IN2JTWXQ.js:0
[22545733ms] [ERROR] Failed to load resource: net::ERR_NETWORK_CHANGED @ http://localhost:4200/chunk-RIZGX2LQ.js:0
[22545733ms] [ERROR] Failed to load resource: net::ERR_NETWORK_CHANGED @ http://localhost:4200/chunk-73VQ6X4L.js:0
[22545733ms] [ERROR] Failed to load resource: net::ERR_NETWORK_CHANGED @ http://localhost:4200/chunk-3BFRGBTT.js:0
[22545733ms] [ERROR] Failed to load resource: net::ERR_NETWORK_CHANGED @ http://localhost:4200/chunk-A3EGON7V.js:0
[22545733ms] [ERROR] Failed to load resource: net::ERR_NETWORK_CHANGED @ http://localhost:4200/chunk-DEGARYCY.js:0
[22545733ms] [ERROR] Failed to load resource: net::ERR_NETWORK_CHANGED @ http://localhost:4200/chunk-KWX2I4WK.js:0
[22545733ms] [ERROR] Failed to load resource: net::ERR_NETWORK_CHANGED @ http://localhost:4200/chunk-JTWI4XIG.js:0
[22545733ms] [ERROR] Failed to load resource: net::ERR_NETWORK_CHANGED @ http://localhost:4200/chunk-DCVBK5PH.js:0
[22545733ms] [ERROR] Failed to load resource: net::ERR_NETWORK_CHANGED @ http://localhost:4200/chunk-A6WEGQ5Q.js:0
[22545733ms] [ERROR] Failed to load resource: net::ERR_NETWORK_CHANGED @ http://localhost:4200/chunk-AQPYXI6D.js:0
[22545733ms] [ERROR] Failed to load resource: net::ERR_NETWORK_CHANGED @ http://localhost:4200/chunk-C46MFYBU.js:0
[22545733ms] [ERROR] Failed to load resource: net::ERR_NETWORK_CHANGED @ http://localhost:4200/chunk-FCBMIQGS.js:0
[22545733ms] [ERROR] Failed to load resource: net::ERR_NETWORK_CHANGED @ http://localhost:4200/chunk-E7VX4J2T.js:0
[22545733ms] [ERROR] Failed to load resource: net::ERR_NETWORK_CHANGED @ http://localhost:4200/chunk-O7GK37EI.js:0
[22545733ms] [ERROR] Failed to load resource: net::ERR_NETWORK_CHANGED @ http://localhost:4200/chunk-EAMH2FZO.js:0
[22545733ms] [ERROR] Failed to load resource: net::ERR_NETWORK_CHANGED @ http://localhost:4200/chunk-32UJXUZR.js:0
[22545733ms] [ERROR] Failed to load resource: net::ERR_NETWORK_CHANGED @ http://localhost:4200/chunk-ES4BX2XC.js:0
[22545733ms] [ERROR] Failed to load resource: net::ERR_NETWORK_CHANGED @ http://localhost:4200/chunk-V7ESWSNV.js:0
[22545759ms] [ERROR] Failed to load resource: net::ERR_NETWORK_CHANGED @ http://localhost:4200/chunk-EDPTAQPD.js:0
[22545759ms] [ERROR] Failed to load resource: net::ERR_NETWORK_CHANGED @ http://localhost:4200/chunk-V6QCNHCM.js:0
[22545759ms] [ERROR] Failed to load resource: net::ERR_NETWORK_CHANGED @ http://localhost:4200/chunk-QI25HZF3.js:0
[22545760ms] [ERROR] Failed to load resource: net::ERR_NETWORK_CHANGED @ http://localhost:4200/chunk-6VEGVSU3.js:0
[22545760ms] [ERROR] Failed to load resource: net::ERR_NETWORK_CHANGED @ http://localhost:4200/chunk-WAGXHFHW.js:0
[22545760ms] [ERROR] Failed to load resource: net::ERR_NETWORK_CHANGED @ http://localhost:4200/chunk-TJSM2O4C.js:0
[22545760ms] [ERROR] Failed to load resource: net::ERR_NETWORK_CHANGED @ http://localhost:4200/chunk-CRU7ZCWK.js:0
[22545760ms] [ERROR] Failed to load resource: net::ERR_NETWORK_CHANGED @ http://localhost:4200/chunk-WMCN6J7K.js:0
[45271916ms] [LOG] [vite] server connection lost. Polling for restart... @ http://localhost:4200/@vite/client:992
[45271941ms] [ERROR] [2026-10-02T03:31:06.180Z] Error: Connection disconnected with error 'Error: WebSocket closed with status code: 1006 (no reason given).'. @ http://localhost:4200/@fs/D:/repos/luxuryapp-api/appsweb/angular/.angular/cache/22.1.8/luxury-app/vite/deps/@microsoft_signalr.js?v=3ac07549:302
[45271943ms] [INFO] [2026-10-02T03:31:06.184Z] Information: Connection reconnecting because of error 'Error: WebSocket closed with status code: 1006 (no reason given).'. @ http://localhost:4200/@fs/D:/repos/luxuryapp-api/appsweb/angular/.angular/cache/22.1.8/luxury-app/vite/deps/@microsoft_signalr.js?v=3ac07549:308
[45271945ms] [LOG] %cWAIT [SignalR] Reintentando... color: orange; font-style: italic; Error: WebSocket closed with status code: 1006 (no reason given).
    at WebSocketTransport._close (http://localhost:4200/@fs/D:/repos/luxuryapp-api/appsweb/angular/.angular/cache/22.1.8/luxury-app/vite/deps/@microsoft_signalr.js?v=3ac07549:1839:133)
    at webSocket.onclose (http://localhost:4200/@fs/D:/repos/luxuryapp-api/appsweb/angular/.angular/cache/22.1.8/luxury-app/vite/deps/@microsoft_signalr.js?v=3ac07549:1808:22) @ http://localhost:4200/chunk-RY7YES3A.js:2875
[45271949ms] [INFO] [2026-10-02T03:31:06.190Z] Information: Reconnect attempt number 1 will start in 2000 ms. @ http://localhost:4200/@fs/D:/repos/luxuryapp-api/appsweb/angular/.angular/cache/22.1.8/luxury-app/vite/deps/@microsoft_signalr.js?v=3ac07549:308
[71133391ms] [WARNING] [2026-10-02T10:42:07.632Z] Warning: Timeout from HTTP request. @ http://localhost:4200/@fs/D:/repos/luxuryapp-api/appsweb/angular/.angular/cache/22.1.8/luxury-app/vite/deps/@microsoft_signalr.js?v=3ac07549:305
[71133392ms] [ERROR] [2026-10-02T10:42:07.633Z] Error: Failed to complete negotiation with the server: Error: A timeout occurred. @ http://localhost:4200/@fs/D:/repos/luxuryapp-api/appsweb/angular/.angular/cache/22.1.8/luxury-app/vite/deps/@microsoft_signalr.js?v=3ac07549:302
[71133392ms] [ERROR] [2026-10-02T10:42:07.634Z] Error: Failed to start the connection: Error: Failed to complete negotiation with the server: Error: A timeout occurred. @ http://localhost:4200/@fs/D:/repos/luxuryapp-api/appsweb/angular/.angular/cache/22.1.8/luxury-app/vite/deps/@microsoft_signalr.js?v=3ac07549:302
[71133393ms] [INFO] [2026-10-02T10:42:07.635Z] Information: Reconnect attempt failed because of error 'Error: Failed to complete negotiation with the server: Error: A timeout occurred.'. @ http://localhost:4200/@fs/D:/repos/luxuryapp-api/appsweb/angular/.angular/cache/22.1.8/luxury-app/vite/deps/@microsoft_signalr.js?v=3ac07549:308
[71133394ms] [INFO] [2026-10-02T10:42:07.635Z] Information: Reconnect attempt number 2 will start in 5000 ms. @ http://localhost:4200/@fs/D:/repos/luxuryapp-api/appsweb/angular/.angular/cache/22.1.8/luxury-app/vite/deps/@microsoft_signalr.js?v=3ac07549:308
[79746726ms] [ERROR] Failed to load resource: net::ERR_NETWORK_IO_SUSPENDED @ http://localhost:7070/ws/notificationHub/negotiate?negotiateVersion=1:0
[79746727ms] [WARNING] [2026-10-02T13:05:40.968Z] Warning: Error from HTTP request. TypeError: Failed to fetch. @ http://localhost:4200/@fs/D:/repos/luxuryapp-api/appsweb/angular/.angular/cache/22.1.8/luxury-app/vite/deps/@microsoft_signalr.js?v=3ac07549:305
[79746727ms] [ERROR] [2026-10-02T13:05:40.968Z] Error: Failed to complete negotiation with the server: TypeError: Failed to fetch @ http://localhost:4200/@fs/D:/repos/luxuryapp-api/appsweb/angular/.angular/cache/22.1.8/luxury-app/vite/deps/@microsoft_signalr.js?v=3ac07549:302
[79746727ms] [ERROR] [2026-10-02T13:05:40.969Z] Error: Failed to start the connection: Error: Failed to complete negotiation with the server: TypeError: Failed to fetch @ http://localhost:4200/@fs/D:/repos/luxuryapp-api/appsweb/angular/.angular/cache/22.1.8/luxury-app/vite/deps/@microsoft_signalr.js?v=3ac07549:302
[79746727ms] [INFO] [2026-10-02T13:05:40.969Z] Information: Reconnect attempt failed because of error 'Error: Failed to complete negotiation with the server: TypeError: Failed to fetch'. @ http://localhost:4200/@fs/D:/repos/luxuryapp-api/appsweb/angular/.angular/cache/22.1.8/luxury-app/vite/deps/@microsoft_signalr.js?v=3ac07549:308
[79746727ms] [INFO] [2026-10-02T13:05:40.969Z] Information: Reconnect attempt number 3 will start in 10000 ms. @ http://localhost:4200/@fs/D:/repos/luxuryapp-api/appsweb/angular/.angular/cache/22.1.8/luxury-app/vite/deps/@microsoft_signalr.js?v=3ac07549:308
[79770945ms] [LOG] %c📦 [StorageService] Inicializando servicio de almacenamiento local... color: #3F51B5; font-style: italic; @ http://localhost:4200/chunk-RY7YES3A.js:2875
[79770947ms] [LOG] %c [AuthService] Verificando ruta inicial: / | Es publica: false color: #9C27B0; font-style: italic; @ http://localhost:4200/chunk-RY7YES3A.js:2875
[79770947ms] [LOG] %c [AuthService] Ruta no publica. Intentando login silencioso... color: #009688; font-style: italic; @ http://localhost:4200/chunk-RY7YES3A.js:2875
[79770951ms] [LOG] %c🚀 [Initializer] Starting application state initialization... color: purple; font-style: italic; @ http://localhost:4200/chunk-RY7YES3A.js:2875
[79773074ms] [LOG] %c [AuthService] Token renovado. Actualizando sesion en memoria. color: color: #4CAF50; font-style: italic;; font-style: italic; @ http://localhost:4200/chunk-RY7YES3A.js:2875
[79773075ms] [LOG] %c [AuthTrace] refresh.success.before-set color: #03A9F4; font-style: italic; {at: 2026-10-02T13:06:07.316Z, applicationUserId: 63f5fe75-4fbb-4328-a2dd-b7224778752e, tokenCustomerId: 019c6bee-028a-70e4-98ea-557b645a3ae0, roles: Array(1), customerAccessCount: 10} @ http://localhost:4200/chunk-RY7YES3A.js:2875
[79773075ms] [LOG] %c [AuthTrace] refresh.success.after-set color: #03A9F4; font-style: italic; {at: 2026-10-02T13:06:07.317Z, applicationUserId: 63f5fe75-4fbb-4328-a2dd-b7224778752e, tokenCustomerId: 019c6bee-028a-70e4-98ea-557b645a3ae0, roles: Array(1), customerAccessCount: 10} @ http://localhost:4200/chunk-RY7YES3A.js:2875
[79773077ms] [LOG] %cLINK [SignalR] Construyendo conexion... color: blue; font-style: italic; @ http://localhost:4200/chunk-RY7YES3A.js:2875
[79773079ms] [LOG] %cHEADSET [SignalR] Registrando listeners... color: cyan; font-style: italic; @ http://localhost:4200/chunk-RY7YES3A.js:2875
[79773079ms] [LOG] %cLINK [SignalR] Iniciando conexion... color: blue; font-style: italic; @ http://localhost:4200/chunk-RY7YES3A.js:2875
[79773080ms] [LOG] %c [AuthTrace] trySilentLogin.finalize color: #8BC34A; font-style: italic; {at: 2026-10-02T13:06:07.322Z, isAuthenticated: true} @ http://localhost:4200/chunk-RY7YES3A.js:2875
[79773082ms] [LOG] %c🏢 [Initializer] User session found. Initializing customer state... color: #3F51B5; font-style: italic; @ http://localhost:4200/chunk-RY7YES3A.js:2875
[79773083ms] [LOG] %c🔍 [StorageService] Recuperando valor para clave: 'customerId' color: #2196F3; font-style: italic; @ http://localhost:4200/chunk-RY7YES3A.js:2875
[79773085ms] [LOG] %c [CustomerTrace] initialize.start color: #FF9800; font-style: italic; {at: 2026-10-02T13:06:07.324Z, state: Object, storedCustomerId: 019c6bee-028a-70e4-98ea-557b645a3ae0, tokenCustomerId: 019c6bee-028a-70e4-98ea-557b645a3ae0, customerAccess: Array(10)} @ http://localhost:4200/chunk-RY7YES3A.js:2875
[79773086ms] [LOG] %c🔍 [StorageService] Recuperando valor para clave: 'customerId' color: #2196F3; font-style: italic; @ http://localhost:4200/chunk-RY7YES3A.js:2875
[79773087ms] [LOG] %c🔍 [StorageService] Recuperando valor para clave: 'customerId' color: #2196F3; font-style: italic; @ http://localhost:4200/chunk-RY7YES3A.js:2875
[79773087ms] [LOG] %c [CustomerTrace] initialize.selected-customer color: #FF9800; font-style: italic; {at: 2026-10-02T13:06:07.328Z, state: Object, storedCustomerId: 019c6bee-028a-70e4-98ea-557b645a3ae0, selectedCustomerId: 019c6bee-028a-70e4-98ea-557b645a3ae0} @ http://localhost:4200/chunk-RY7YES3A.js:2875
[79773088ms] [LOG] %c💾 [StorageService] Guardando clave: 'customerId' color: #FF9800; font-style: italic; {value: 019c6bee-028a-70e4-98ea-557b645a3ae0} @ http://localhost:4200/chunk-RY7YES3A.js:2875
[79773088ms] [LOG] %c✅ [StorageService] Clave 'customerId' guardada exitosamente. color: #4CAF50; font-style: italic; @ http://localhost:4200/chunk-RY7YES3A.js:2875
[79773089ms] [LOG] %c🔍 [StorageService] Recuperando valor para clave: 'customerId' color: #2196F3; font-style: italic; @ http://localhost:4200/chunk-RY7YES3A.js:2875
[79773090ms] [LOG] %c [CustomerTrace] loadDataForCustomer.start color: #FF9800; font-style: italic; {at: 2026-10-02T13:06:07.330Z, state: Object, storedCustomerId: 019c6bee-028a-70e4-98ea-557b645a3ae0, customerId: 019c6bee-028a-70e4-98ea-557b645a3ae0} @ http://localhost:4200/chunk-RY7YES3A.js:2875
[79773092ms] [LOG] %c🛡️ [JwtInterceptorFn] Auth check completado. Interceptando ruta: color: #FF0000; font-style: italic; http://localhost:7070/api/customers/019c6bee-028a-70e4-98ea-557b645a3ae0 @ http://localhost:4200/chunk-RY7YES3A.js:2875
[79773094ms] [LOG] %c🔍 [StorageService] Recuperando valor para clave: 'customerId' color: #2196F3; font-style: italic; @ http://localhost:4200/chunk-RY7YES3A.js:2875
[79773095ms] [LOG] %c🔍 [StorageService] Recuperando valor para clave: 'customerId' color: #2196F3; font-style: italic; @ http://localhost:4200/chunk-RY7YES3A.js:2875
[79773095ms] [LOG] %c [JwtTrace] request color: #F44336; font-style: italic; {at: 2026-10-02T13:06:07.336Z, url: http://localhost:7070/api/customers/019c6bee-028a-70e4-98ea-557b645a3ae0, method: GET, appUserId: 63f5fe75-4fbb-4328-a2dd-b7224778752e, storageCustomerId: 019c6bee-028a-70e4-98ea-557b645a3ae0} @ http://localhost:4200/chunk-RY7YES3A.js:2875
[79773229ms] [LOG] %c🔍 [StorageService] Recuperando valor para clave: 'customerId' color: #2196F3; font-style: italic; @ http://localhost:4200/chunk-RY7YES3A.js:2875
[79773230ms] [LOG] %c [CustomerTrace] loadDataForCustomer.response color: #FF9800; font-style: italic; {at: 2026-10-02T13:06:07.470Z, state: Object, storedCustomerId: 019c6bee-028a-70e4-98ea-557b645a3ae0, customerId: 019c6bee-028a-70e4-98ea-557b645a3ae0, success: true} @ http://localhost:4200/chunk-RY7YES3A.js:2875
[79773230ms] [LOG] %c🔍 [StorageService] Recuperando valor para clave: 'customerId' color: #2196F3; font-style: italic; @ http://localhost:4200/chunk-RY7YES3A.js:2875
[79773231ms] [LOG] %c [CustomerTrace] loadDataForCustomer.ready color: #FF9800; font-style: italic; {at: 2026-10-02T13:06:07.471Z, state: Object, storedCustomerId: 019c6bee-028a-70e4-98ea-557b645a3ae0, customerId: 019c6bee-028a-70e4-98ea-557b645a3ae0} @ http://localhost:4200/chunk-RY7YES3A.js:2875
[79773232ms] [LOG] %c✅ [Initializer] State initialization complete. color: green; font-style: italic; @ http://localhost:4200/chunk-RY7YES3A.js:2875
[79773243ms] [LOG] %c🔄 UpdateService: Inicializando servicio de actualizaciones color: blue; font-weight: bold; @ http://localhost:4200/chunk-2BPO4FAW.js:17
[79773244ms] [LOG] %c🔄 UpdateService: ❌ Service Worker NO habilitado color: red; font-weight: bold; @ http://localhost:4200/chunk-2BPO4FAW.js:33
[79773252ms] [LOG] %c🚀 [App] ¡Aplicación iniciada! Soy más ligero y rápido que nunca. color: #673AB7; font-style: italic; @ http://localhost:4200/chunk-RY7YES3A.js:2875
[79773254ms] [LOG] %c⚠️ [App] Notificaciones bloqueadas por el usuario color: orange;font-style: italic @ http://localhost:4200/chunk-RY7YES3A.js:2888
[79773263ms] [LOG] Angular is running in development mode. @ http://localhost:4200/@fs/D:/repos/luxuryapp-api/appsweb/angular/.angular/cache/22.1.8/luxury-app/vite/deps/core-BtAdGG1h.js?v=79c56015:9175
[79773279ms] [INFO] [2026-10-02T13:06:07.521Z] Information: WebSocket connected to ws://localhost:7070/ws/notificationHub?id=RMRL0EcKkgfxl0UBw4obPg&access_token=eyJhbGciOiJIUzI1NiIsInR5cCI6IkpXVCJ9.eyJzdWIiOiI2M2Y1ZmU3NS00ZmJiLTQzMjgtYTJkZC1iNzIyNDc3ODc1MmUiLCJqdGkiOiIwMWEwZmNiOC1kNDU0LTcyYmQtYmFhNS1lOWVjNTA1MDRhYTciLCJpYXQiOjE3OTA5NDYzNjYsIm5hbWUiOiJBZG1pbmlzdHJhZG9yIExCRyIsImVtYWlsIjoiaW5mb0BsdXh1cnlidWlsZGluZy5jb20ubXgiLCJ1c2VybmFtZSI6ImFkbWluIiwiY3VzdG9tZXJJZCI6IjAxOWM2YmVlLTAyOGEtNzBlNC05OGVhLTU1N2I2NDVhM2FlMCIsImN1c3RvbWVyTmFtZSI6IkxVWFVSWSBCVUlMRElORyBHUk9VUCBTQSBERSBDViIsImZpcnN0TmFtZSI6IkFkbWluaXN0cmFkb3IiLCJsYXN0TmFtZSI6IkxCRyIsInBob25lIjoiKDU1KSAwMDAwLSAwMDAwIiwicGhvdG9QYXRoIjoiaHR0cDovL2xvY2FsaG9zdDo3MDcwL2FwaS9maWxlcy9kb3dubG9hZD9maWxlUGF0aD1wdWJsaWMlMmZBZG1pbmlzdHJhdGlvbiUyZmFjY291bnRzJTJmMDFhMGM0M2ItYzFjOC03Njc1LWE0ODYtN2Y2NzhiNGM1NTU4LnBuZyIsInBvc2l0aW9uIjoiRGVzY29ub2NpZG8iLCJodHRwOi8vc2NoZW1hcy5taWNyb3NvZnQuY29tL3dzLzIwMDgvMDYvaWRlbnRpdHkvY2xhaW1zL3JvbGUiOiJTdXBlclVzdWFyaW8iLCJyb2xlSWQiOiI2OTlkN2NjMS1kMTQzLTQ5ODUtYjU1YS1kMDMwODY0YzY5M2UiLCJleHAiOjE3OTA5NDk5NjYsImlzcyI6Imh0dHBzOi8vbG9jYWxob3N0OjcwNjkiLCJhdWQiOiJodHRwczovL2xvY2FsaG9zdDo0MjAwIn0.HAxZAjmboLaWKWmb83E67TYeZjCIZrDIKRnL0ANDS-0. @ http://localhost:4200/@fs/D:/repos/luxuryapp-api/appsweb/angular/.angular/cache/22.1.8/luxury-app/vite/deps/@microsoft_signalr.js?v=3ac07549:308
[79773280ms] [INFO] [2026-10-02T13:06:07.522Z] Information: Using HubProtocol 'json'. @ http://localhost:4200/@fs/D:/repos/luxuryapp-api/appsweb/angular/.angular/cache/22.1.8/luxury-app/vite/deps/@microsoft_signalr.js?v=3ac07549:308
[79773319ms] [LOG] %cLINK [SignalR] Conexion iniciada con exito. color: green; font-style: italic; @ http://localhost:4200/chunk-RY7YES3A.js:2875
[79773319ms] [LOG] %cSTATE [SignalR] connectionId = 'y2viD7sLPimTJTHqzGh59A' color: green; font-style: italic; @ http://localhost:4200/chunk-RY7YES3A.js:2875
[79773396ms] [LOG] %cUSER [SignalR] Evento ConnectedUser recibido: color: blue; font-style: italic; Bienvenido 63f5fe75-4fbb-4328-a2dd-b7224778752e @ http://localhost:4200/chunk-RY7YES3A.js:2875
[79777364ms] [LOG] %c🎉 [LayoutEmployee] ¡Layout de empleado cargado! Despertando a los gigantes (SignalR, OneSignal...) color: #2196F3; font-style: italic; @ http://localhost:4200/chunk-RY7YES3A.js:2875
[79777364ms] [LOG] %cLINK [SignalR] Construyendo conexion... color: blue; font-style: italic; @ http://localhost:4200/chunk-RY7YES3A.js:2875
[79777364ms] [LOG] %cHEADSET [SignalR] Registrando listeners... color: cyan; font-style: italic; @ http://localhost:4200/chunk-RY7YES3A.js:2875
[79777365ms] [LOG] %cLINK [SignalR] Iniciando conexion... color: blue; font-style: italic; @ http://localhost:4200/chunk-RY7YES3A.js:2875
[79777366ms] [LOG] %cℹ️ [LayoutEmployee] Usuario 63f5fe75-4fbb-4328-a2dd-b7224778752e autenticado. Iniciando OneSignal... color: dodgerblue;font-style: italic @ http://localhost:4200/chunk-RY7YES3A.js:2888
[79777366ms] [LOG] %c... [OneSignal] Esperando que el SDK este listo... color: orange; font-style: italic; @ http://localhost:4200/chunk-RY7YES3A.js:2875
[79777414ms] [LOG] %c🛡️ [JwtInterceptorFn] Auth check completado. Interceptando ruta: color: #FF0000; font-style: italic; http://localhost:7070/api/dashboard/global-pending-items/019c6bee-028a-70e4-98ea-557b645a3ae0 @ http://localhost:4200/chunk-RY7YES3A.js:2875
[79777415ms] [LOG] %c🔍 [StorageService] Recuperando valor para clave: 'customerId' color: #2196F3; font-style: italic; @ http://localhost:4200/chunk-RY7YES3A.js:2875
[79777417ms] [LOG] %c🔍 [StorageService] Recuperando valor para clave: 'customerId' color: #2196F3; font-style: italic; @ http://localhost:4200/chunk-RY7YES3A.js:2875
[79777418ms] [LOG] %c [JwtTrace] request color: #F44336; font-style: italic; {at: 2026-10-02T13:06:11.658Z, url: http://localhost:7070/api/dashboard/global-pending-items/019c6bee-028a-70e4-98ea-557b645a3ae0, method: GET, appUserId: 63f5fe75-4fbb-4328-a2dd-b7224778752e, storageCustomerId: 019c6bee-028a-70e4-98ea-557b645a3ae0} @ http://localhost:4200/chunk-RY7YES3A.js:2875
[79777422ms] [LOG] %c🛡️ [JwtInterceptorFn] Auth check completado. Interceptando ruta: color: #FF0000; font-style: italic; http://localhost:7070/api/dashboard/global-pending-items/019c6bee-028a-70e4-98ea-557b645a3ae0 @ http://localhost:4200/chunk-RY7YES3A.js:2875
[79777423ms] [LOG] %c🔍 [StorageService] Recuperando valor para clave: 'customerId' color: #2196F3; font-style: italic; @ http://localhost:4200/chunk-RY7YES3A.js:2875
[79777424ms] [LOG] %c🔍 [StorageService] Recuperando valor para clave: 'customerId' color: #2196F3; font-style: italic; @ http://localhost:4200/chunk-RY7YES3A.js:2875
[79777425ms] [LOG] %c [JwtTrace] request color: #F44336; font-style: italic; {at: 2026-10-02T13:06:11.665Z, url: http://localhost:7070/api/dashboard/global-pending-items/019c6bee-028a-70e4-98ea-557b645a3ae0, method: GET, appUserId: 63f5fe75-4fbb-4328-a2dd-b7224778752e, storageCustomerId: 019c6bee-028a-70e4-98ea-557b645a3ae0} @ http://localhost:4200/chunk-RY7YES3A.js:2875
[79777483ms] [LOG] %c🛡️ [JwtInterceptorFn] Auth check completado. Interceptando ruta: color: #FF0000; font-style: italic; http://localhost:7070/api/notifications @ http://localhost:4200/chunk-RY7YES3A.js:2875
[79777485ms] [LOG] %c🔍 [StorageService] Recuperando valor para clave: 'customerId' color: #2196F3; font-style: italic; @ http://localhost:4200/chunk-RY7YES3A.js:2875
[79777487ms] [LOG] %c🔍 [StorageService] Recuperando valor para clave: 'customerId' color: #2196F3; font-style: italic; @ http://localhost:4200/chunk-RY7YES3A.js:2875
[79777487ms] [LOG] %c [JwtTrace] request color: #F44336; font-style: italic; {at: 2026-10-02T13:06:11.728Z, url: http://localhost:7070/api/notifications, method: GET, appUserId: 63f5fe75-4fbb-4328-a2dd-b7224778752e, storageCustomerId: 019c6bee-028a-70e4-98ea-557b645a3ae0} @ http://localhost:4200/chunk-RY7YES3A.js:2875
[79777490ms] [LOG] %c🛡️ [JwtInterceptorFn] Auth check completado. Interceptando ruta: color: #FF0000; font-style: italic; http://localhost:7070/api/notifications/unread-count @ http://localhost:4200/chunk-RY7YES3A.js:2875
[79777492ms] [LOG] %c🔍 [StorageService] Recuperando valor para clave: 'customerId' color: #2196F3; font-style: italic; @ http://localhost:4200/chunk-RY7YES3A.js:2875
[79777493ms] [LOG] %c🔍 [StorageService] Recuperando valor para clave: 'customerId' color: #2196F3; font-style: italic; @ http://localhost:4200/chunk-RY7YES3A.js:2875
[79777493ms] [LOG] %c [JwtTrace] request color: #F44336; font-style: italic; {at: 2026-10-02T13:06:11.734Z, url: http://localhost:7070/api/notifications/unread-count, method: GET, appUserId: 63f5fe75-4fbb-4328-a2dd-b7224778752e, storageCustomerId: 019c6bee-028a-70e4-98ea-557b645a3ae0} @ http://localhost:4200/chunk-RY7YES3A.js:2875
[79777510ms] [LOG] %c [MenuTrace] effect.tick color: #9C27B0; font-style: italic; {at: 2026-10-02T13:06:11.751Z, customerId: 019c6bee-028a-70e4-98ea-557b645a3ae0, customerReady: true, applicationUserId: 63f5fe75-4fbb-4328-a2dd-b7224778752e, lastCustomerId: null} @ http://localhost:4200/chunk-RY7YES3A.js:2875
[79777511ms] [LOG] %c [MenuService] Customer data and session are ready. Loading menu... color: green; font-style: italic; @ http://localhost:4200/chunk-RY7YES3A.js:2875
[79777511ms] [LOG] %c [MenuTrace] triggerMenuLoad.start color: #9C27B0; font-style: italic; {at: 2026-10-02T13:06:11.752Z, customerId: 019c6bee-028a-70e4-98ea-557b645a3ae0, customerReady: true, applicationUserId: 63f5fe75-4fbb-4328-a2dd-b7224778752e, lastCustomerId: null} @ http://localhost:4200/chunk-RY7YES3A.js:2875
[79777524ms] [LOG] %c🛡️ [JwtInterceptorFn] Auth check completado. Interceptando ruta: color: #FF0000; font-style: italic; http://localhost:7070/api/menu-items/019c6bee-028a-70e4-98ea-557b645a3ae0 @ http://localhost:4200/chunk-RY7YES3A.js:2875
[79777525ms] [LOG] %c🔍 [StorageService] Recuperando valor para clave: 'customerId' color: #2196F3; font-style: italic; @ http://localhost:4200/chunk-RY7YES3A.js:2875
[79777526ms] [LOG] %c🔍 [StorageService] Recuperando valor para clave: 'customerId' color: #2196F3; font-style: italic; @ http://localhost:4200/chunk-RY7YES3A.js:2875
[79777526ms] [LOG] %c [JwtTrace] request color: #F44336; font-style: italic; {at: 2026-10-02T13:06:11.767Z, url: http://localhost:7070/api/menu-items/019c6bee-028a-70e4-98ea-557b645a3ae0, method: GET, appUserId: 63f5fe75-4fbb-4328-a2dd-b7224778752e, storageCustomerId: 019c6bee-028a-70e4-98ea-557b645a3ae0} @ http://localhost:4200/chunk-RY7YES3A.js:2875
[79777532ms] [LOG] %cok [OneSignal] SDK listo color: green; font-style: italic; @ http://localhost:4200/chunk-RY7YES3A.js:2875
[79780754ms] [LOG] %c [API SUCCESS]: GET NoLoading: notifications/unread-count color: gray; font-style: italic; 17 @ http://localhost:4200/chunk-RY7YES3A.js:2875
[79780790ms] [LOG] %c [API SUCCESS]: GET LIST: menu-items/019c6bee-028a-70e4-98ea-557b645a3ae0 color: teal; font-style: italic; [Object, Object, Object, Object, Object, Object, Object, Object, Object, Object, Object, Object, Object, Object, Object, Object, Object, Object, Object, Object, Object, Object, Object, Object] @ http://localhost:4200/chunk-RY7YES3A.js:2875
[79780791ms] [LOG] %c [MenuTrace] fetchMenuItemsFromApi.success color: #9C27B0; font-style: italic; {at: 2026-10-02T13:06:15.032Z, customerId: 019c6bee-028a-70e4-98ea-557b645a3ae0, customerReady: true, applicationUserId: 63f5fe75-4fbb-4328-a2dd-b7224778752e, lastCustomerId: 019c6bee-028a-70e4-98ea-557b645a3ae0} @ http://localhost:4200/chunk-RY7YES3A.js:2875
[79780792ms] [LOG] %c [MenuTrace] triggerMenuLoad.response color: #9C27B0; font-style: italic; {at: 2026-10-02T13:06:15.033Z, customerId: 019c6bee-028a-70e4-98ea-557b645a3ae0, customerReady: true, applicationUserId: 63f5fe75-4fbb-4328-a2dd-b7224778752e, lastCustomerId: 019c6bee-028a-70e4-98ea-557b645a3ae0} @ http://localhost:4200/chunk-RY7YES3A.js:2875
[79780793ms] [LOG] %c [API SUCCESS]: GET NoLoading: notifications color: gray; font-style: italic; [Object, Object, Object, Object, Object, Object, Object, Object, Object, Object, Object, Object, Object, Object, Object, Object, Object] @ http://localhost:4200/chunk-RY7YES3A.js:2875
[79781306ms] [INFO] [2026-10-02T13:06:15.548Z] Information: WebSocket connected to ws://localhost:7070/ws/notificationHub?id=A_Vc4uv5-1lxZBthaLNMHg&access_token=eyJhbGciOiJIUzI1NiIsInR5cCI6IkpXVCJ9.eyJzdWIiOiI2M2Y1ZmU3NS00ZmJiLTQzMjgtYTJkZC1iNzIyNDc3ODc1MmUiLCJqdGkiOiIwMWEwZmNiOC1kNDU0LTcyYmQtYmFhNS1lOWVjNTA1MDRhYTciLCJpYXQiOjE3OTA5NDYzNjYsIm5hbWUiOiJBZG1pbmlzdHJhZG9yIExCRyIsImVtYWlsIjoiaW5mb0BsdXh1cnlidWlsZGluZy5jb20ubXgiLCJ1c2VybmFtZSI6ImFkbWluIiwiY3VzdG9tZXJJZCI6IjAxOWM2YmVlLTAyOGEtNzBlNC05OGVhLTU1N2I2NDVhM2FlMCIsImN1c3RvbWVyTmFtZSI6IkxVWFVSWSBCVUlMRElORyBHUk9VUCBTQSBERSBDViIsImZpcnN0TmFtZSI6IkFkbWluaXN0cmFkb3IiLCJsYXN0TmFtZSI6IkxCRyIsInBob25lIjoiKDU1KSAwMDAwLSAwMDAwIiwicGhvdG9QYXRoIjoiaHR0cDovL2xvY2FsaG9zdDo3MDcwL2FwaS9maWxlcy9kb3dubG9hZD9maWxlUGF0aD1wdWJsaWMlMmZBZG1pbmlzdHJhdGlvbiUyZmFjY291bnRzJTJmMDFhMGM0M2ItYzFjOC03Njc1LWE0ODYtN2Y2NzhiNGM1NTU4LnBuZyIsInBvc2l0aW9uIjoiRGVzY29ub2NpZG8iLCJodHRwOi8vc2NoZW1hcy5taWNyb3NvZnQuY29tL3dzLzIwMDgvMDYvaWRlbnRpdHkvY2xhaW1zL3JvbGUiOiJTdXBlclVzdWFyaW8iLCJyb2xlSWQiOiI2OTlkN2NjMS1kMTQzLTQ5ODUtYjU1YS1kMDMwODY0YzY5M2UiLCJleHAiOjE3OTA5NDk5NjYsImlzcyI6Imh0dHBzOi8vbG9jYWxob3N0OjcwNjkiLCJhdWQiOiJodHRwczovL2xvY2FsaG9zdDo0MjAwIn0.HAxZAjmboLaWKWmb83E67TYeZjCIZrDIKRnL0ANDS-0. @ http://localhost:4200/@fs/D:/repos/luxuryapp-api/appsweb/angular/.angular/cache/22.1.8/luxury-app/vite/deps/@microsoft_signalr.js?v=3ac07549:308
[79781307ms] [INFO] [2026-10-02T13:06:15.548Z] Information: Using HubProtocol 'json'. @ http://localhost:4200/@fs/D:/repos/luxuryapp-api/appsweb/angular/.angular/cache/22.1.8/luxury-app/vite/deps/@microsoft_signalr.js?v=3ac07549:308
[79781314ms] [LOG] %c [API SUCCESS]: GET LIST: dashboard/global-pending-items/019c6bee-028a-70e4-98ea-557b645a3ae0 color: teal; font-style: italic; [Object, Object, Object, Object, Object, Object, Object, Object, Object, Object, Object, Object, Object, Object, Object, Object, Object, Object, Object, Object, Object, Object, Object, Object, Object, Object, Object, Object, Object, Object, Object, Object, Object] @ http://localhost:4200/chunk-RY7YES3A.js:2875
[79781466ms] [LOG] %cLINK [SignalR] Conexion iniciada con exito. color: green; font-style: italic; @ http://localhost:4200/chunk-RY7YES3A.js:2875
[79781466ms] [LOG] %cSTATE [SignalR] connectionId = 'h9dJWfMUJB4sj3Hq-c6VJw' color: green; font-style: italic; @ http://localhost:4200/chunk-RY7YES3A.js:2875
[79781470ms] [LOG] %cUSER [SignalR] Evento ConnectedUser recibido: color: blue; font-style: italic; Bienvenido 63f5fe75-4fbb-4328-a2dd-b7224778752e @ http://localhost:4200/chunk-RY7YES3A.js:2875
[79781780ms] [LOG] %c [API SUCCESS]: GET LIST: dashboard/global-pending-items/019c6bee-028a-70e4-98ea-557b645a3ae0 color: teal; font-style: italic; [Object, Object, Object, Object, Object, Object, Object, Object, Object, Object, Object, Object, Object, Object, Object, Object, Object, Object, Object, Object, Object, Object, Object, Object, Object, Object, Object, Object, Object, Object, Object, Object, Object] @ http://localhost:4200/chunk-RY7YES3A.js:2875
[79782033ms] [LOG] %cpkg [OneSignal] Inicializado con App ID: color: teal; font-style: italic; 3d1f1ce3-638f-4a30-b093-ab617baf91a8 @ http://localhost:4200/chunk-RY7YES3A.js:2875
[79782034ms] [LOG] %cear [OneSignal] Listeners registrados. color: cyan; font-style: italic; @ http://localhost:4200/chunk-RY7YES3A.js:2875
[79782034ms] [LOG] %cuser [OneSignal] Usuario logueado con ExternalUserId: 63f5fe75-4fbb-4328-a2dd-b7224778752e color: darkslateblue; font-style: italic; @ http://localhost:4200/chunk-RY7YES3A.js:2875
[79782035ms] [LOG] %csub [OneSignal] Permiso: color: dodgerblue; font-style: italic; false | Suscrito: false @ http://localhost:4200/chunk-RY7YES3A.js:2875
[79782035ms] [LOG] %cwarn [OneSignal] Usuario no completamente suscrito. color: orange; font-style: italic; @ http://localhost:4200/chunk-RY7YES3A.js:2875
[79782347ms] [ERROR] Failed to load resource: the server responded with a status of 404 (Not Found) @ http://localhost:7070/api/files/download?filePath=public%2fAdministration%2faccounts%2f01a0c43b-c1c8-7675-a486-7f678b4c5558.png:0
[80961375ms] [ERROR] [2026-10-02T13:25:55.617Z] Error: Connection disconnected with error 'Error: WebSocket closed with status code: 1006 (no reason given).'. @ http://localhost:4200/@fs/D:/repos/luxuryapp-api/appsweb/angular/.angular/cache/22.1.8/luxury-app/vite/deps/@microsoft_signalr.js?v=3ac07549:302
[80961377ms] [INFO] [2026-10-02T13:25:55.618Z] Information: Connection reconnecting because of error 'Error: WebSocket closed with status code: 1006 (no reason given).'. @ http://localhost:4200/@fs/D:/repos/luxuryapp-api/appsweb/angular/.angular/cache/22.1.8/luxury-app/vite/deps/@microsoft_signalr.js?v=3ac07549:308
[80961380ms] [LOG] %cWAIT [SignalR] Reintentando... color: orange; font-style: italic; Error: WebSocket closed with status code: 1006 (no reason given).
    at WebSocketTransport._close (http://localhost:4200/@fs/D:/repos/luxuryapp-api/appsweb/angular/.angular/cache/22.1.8/luxury-app/vite/deps/@microsoft_signalr.js?v=3ac07549:1839:133)
    at webSocket.onclose (http://localhost:4200/@fs/D:/repos/luxuryapp-api/appsweb/angular/.angular/cache/22.1.8/luxury-app/vite/deps/@microsoft_signalr.js?v=3ac07549:1808:22) @ http://localhost:4200/chunk-RY7YES3A.js:2875
[80961381ms] [INFO] [2026-10-02T13:25:55.623Z] Information: Reconnect attempt number 1 will start in 2000 ms. @ http://localhost:4200/@fs/D:/repos/luxuryapp-api/appsweb/angular/.angular/cache/22.1.8/luxury-app/vite/deps/@microsoft_signalr.js?v=3ac07549:308
[80961383ms] [ERROR] [2026-10-02T13:25:55.624Z] Error: Connection disconnected with error 'Error: WebSocket closed with status code: 1006 (no reason given).'. @ http://localhost:4200/@fs/D:/repos/luxuryapp-api/appsweb/angular/.angular/cache/22.1.8/luxury-app/vite/deps/@microsoft_signalr.js?v=3ac07549:302
[80961391ms] [INFO] [2026-10-02T13:25:55.632Z] Information: Connection reconnecting because of error 'Error: WebSocket closed with status code: 1006 (no reason given).'. @ http://localhost:4200/@fs/D:/repos/luxuryapp-api/appsweb/angular/.angular/cache/22.1.8/luxury-app/vite/deps/@microsoft_signalr.js?v=3ac07549:308
[80961391ms] [LOG] %cWAIT [SignalR] Reintentando... color: orange; font-style: italic; Error: WebSocket closed with status code: 1006 (no reason given).
    at WebSocketTransport._close (http://localhost:4200/@fs/D:/repos/luxuryapp-api/appsweb/angular/.angular/cache/22.1.8/luxury-app/vite/deps/@microsoft_signalr.js?v=3ac07549:1839:133)
    at webSocket.onclose (http://localhost:4200/@fs/D:/repos/luxuryapp-api/appsweb/angular/.angular/cache/22.1.8/luxury-app/vite/deps/@microsoft_signalr.js?v=3ac07549:1808:22) @ http://localhost:4200/chunk-RY7YES3A.js:2875
[80961393ms] [INFO] [2026-10-02T13:25:55.634Z] Information: Reconnect attempt number 1 will start in 2000 ms. @ http://localhost:4200/@fs/D:/repos/luxuryapp-api/appsweb/angular/.angular/cache/22.1.8/luxury-app/vite/deps/@microsoft_signalr.js?v=3ac07549:308
[80963398ms] [ERROR] Failed to load resource: net::ERR_CONNECTION_RESET @ http://localhost:7070/ws/notificationHub/negotiate?negotiateVersion=1:0
[80963399ms] [WARNING] [2026-10-02T13:25:57.640Z] Warning: Error from HTTP request. TypeError: Failed to fetch. @ http://localhost:4200/@fs/D:/repos/luxuryapp-api/appsweb/angular/.angular/cache/22.1.8/luxury-app/vite/deps/@microsoft_signalr.js?v=3ac07549:305
[80963400ms] [ERROR] [2026-10-02T13:25:57.640Z] Error: Failed to complete negotiation with the server: TypeError: Failed to fetch @ http://localhost:4200/@fs/D:/repos/luxuryapp-api/appsweb/angular/.angular/cache/22.1.8/luxury-app/vite/deps/@microsoft_signalr.js?v=3ac07549:302
[80963401ms] [ERROR] [2026-10-02T13:25:57.643Z] Error: Failed to start the connection: Error: Failed to complete negotiation with the server: TypeError: Failed to fetch @ http://localhost:4200/@fs/D:/repos/luxuryapp-api/appsweb/angular/.angular/cache/22.1.8/luxury-app/vite/deps/@microsoft_signalr.js?v=3ac07549:302
[80963402ms] [INFO] [2026-10-02T13:25:57.643Z] Information: Reconnect attempt failed because of error 'Error: Failed to complete negotiation with the server: TypeError: Failed to fetch'. @ http://localhost:4200/@fs/D:/repos/luxuryapp-api/appsweb/angular/.angular/cache/22.1.8/luxury-app/vite/deps/@microsoft_signalr.js?v=3ac07549:308
[80963402ms] [INFO] [2026-10-02T13:25:57.644Z] Information: Reconnect attempt number 2 will start in 5000 ms. @ http://localhost:4200/@fs/D:/repos/luxuryapp-api/appsweb/angular/.angular/cache/22.1.8/luxury-app/vite/deps/@microsoft_signalr.js?v=3ac07549:308
[80963438ms] [ERROR] Failed to load resource: net::ERR_CONNECTION_RESET @ http://localhost:7070/ws/notificationHub/negotiate?negotiateVersion=1:0
[80963438ms] [WARNING] [2026-10-02T13:25:57.680Z] Warning: Error from HTTP request. TypeError: Failed to fetch. @ http://localhost:4200/@fs/D:/repos/luxuryapp-api/appsweb/angular/.angular/cache/22.1.8/luxury-app/vite/deps/@microsoft_signalr.js?v=3ac07549:305
[80963439ms] [ERROR] [2026-10-02T13:25:57.680Z] Error: Failed to complete negotiation with the server: TypeError: Failed to fetch @ http://localhost:4200/@fs/D:/repos/luxuryapp-api/appsweb/angular/.angular/cache/22.1.8/luxury-app/vite/deps/@microsoft_signalr.js?v=3ac07549:302
[80963439ms] [ERROR] [2026-10-02T13:25:57.680Z] Error: Failed to start the connection: Error: Failed to complete negotiation with the server: TypeError: Failed to fetch @ http://localhost:4200/@fs/D:/repos/luxuryapp-api/appsweb/angular/.angular/cache/22.1.8/luxury-app/vite/deps/@microsoft_signalr.js?v=3ac07549:302
[80963440ms] [INFO] [2026-10-02T13:25:57.681Z] Information: Reconnect attempt failed because of error 'Error: Failed to complete negotiation with the server: TypeError: Failed to fetch'. @ http://localhost:4200/@fs/D:/repos/luxuryapp-api/appsweb/angular/.angular/cache/22.1.8/luxury-app/vite/deps/@microsoft_signalr.js?v=3ac07549:308
[80963440ms] [INFO] [2026-10-02T13:25:57.681Z] Information: Reconnect attempt number 2 will start in 5000 ms. @ http://localhost:4200/@fs/D:/repos/luxuryapp-api/appsweb/angular/.angular/cache/22.1.8/luxury-app/vite/deps/@microsoft_signalr.js?v=3ac07549:308
[80968427ms] [ERROR] Failed to load resource: net::ERR_CONNECTION_RESET @ http://localhost:7070/ws/notificationHub/negotiate?negotiateVersion=1:0
[80968428ms] [WARNING] [2026-10-02T13:26:02.670Z] Warning: Error from HTTP request. TypeError: Failed to fetch. @ http://localhost:4200/@fs/D:/repos/luxuryapp-api/appsweb/angular/.angular/cache/22.1.8/luxury-app/vite/deps/@microsoft_signalr.js?v=3ac07549:305
[80968429ms] [ERROR] [2026-10-02T13:26:02.670Z] Error: Failed to complete negotiation with the server: TypeError: Failed to fetch @ http://localhost:4200/@fs/D:/repos/luxuryapp-api/appsweb/angular/.angular/cache/22.1.8/luxury-app/vite/deps/@microsoft_signalr.js?v=3ac07549:302
[80968429ms] [ERROR] [2026-10-02T13:26:02.671Z] Error: Failed to start the connection: Error: Failed to complete negotiation with the server: TypeError: Failed to fetch @ http://localhost:4200/@fs/D:/repos/luxuryapp-api/appsweb/angular/.angular/cache/22.1.8/luxury-app/vite/deps/@microsoft_signalr.js?v=3ac07549:302
[80968430ms] [INFO] [2026-10-02T13:26:02.671Z] Information: Reconnect attempt failed because of error 'Error: Failed to complete negotiation with the server: TypeError: Failed to fetch'. @ http://localhost:4200/@fs/D:/repos/luxuryapp-api/appsweb/angular/.angular/cache/22.1.8/luxury-app/vite/deps/@microsoft_signalr.js?v=3ac07549:308
[80968430ms] [INFO] [2026-10-02T13:26:02.671Z] Information: Reconnect attempt number 3 will start in 10000 ms. @ http://localhost:4200/@fs/D:/repos/luxuryapp-api/appsweb/angular/.angular/cache/22.1.8/luxury-app/vite/deps/@microsoft_signalr.js?v=3ac07549:308
[80968457ms] [ERROR] Failed to load resource: net::ERR_CONNECTION_RESET @ http://localhost:7070/ws/notificationHub/negotiate?negotiateVersion=1:0
[80968457ms] [WARNING] [2026-10-02T13:26:02.699Z] Warning: Error from HTTP request. TypeError: Failed to fetch. @ http://localhost:4200/@fs/D:/repos/luxuryapp-api/appsweb/angular/.angular/cache/22.1.8/luxury-app/vite/deps/@microsoft_signalr.js?v=3ac07549:305
[80968458ms] [ERROR] [2026-10-02T13:26:02.699Z] Error: Failed to complete negotiation with the server: TypeError: Failed to fetch @ http://localhost:4200/@fs/D:/repos/luxuryapp-api/appsweb/angular/.angular/cache/22.1.8/luxury-app/vite/deps/@microsoft_signalr.js?v=3ac07549:302
[80968458ms] [ERROR] [2026-10-02T13:26:02.700Z] Error: Failed to start the connection: Error: Failed to complete negotiation with the server: TypeError: Failed to fetch @ http://localhost:4200/@fs/D:/repos/luxuryapp-api/appsweb/angular/.angular/cache/22.1.8/luxury-app/vite/deps/@microsoft_signalr.js?v=3ac07549:302
[80968459ms] [INFO] [2026-10-02T13:26:02.701Z] Information: Reconnect attempt failed because of error 'Error: Failed to complete negotiation with the server: TypeError: Failed to fetch'. @ http://localhost:4200/@fs/D:/repos/luxuryapp-api/appsweb/angular/.angular/cache/22.1.8/luxury-app/vite/deps/@microsoft_signalr.js?v=3ac07549:308
[80968459ms] [INFO] [2026-10-02T13:26:02.701Z] Information: Reconnect attempt number 3 will start in 10000 ms. @ http://localhost:4200/@fs/D:/repos/luxuryapp-api/appsweb/angular/.angular/cache/22.1.8/luxury-app/vite/deps/@microsoft_signalr.js?v=3ac07549:308
[80978443ms] [ERROR] Failed to load resource: net::ERR_CONNECTION_RESET @ http://localhost:7070/ws/notificationHub/negotiate?negotiateVersion=1:0
[80978443ms] [WARNING] [2026-10-02T13:26:12.685Z] Warning: Error from HTTP request. TypeError: Failed to fetch. @ http://localhost:4200/@fs/D:/repos/luxuryapp-api/appsweb/angular/.angular/cache/22.1.8/luxury-app/vite/deps/@microsoft_signalr.js?v=3ac07549:305
[80978444ms] [ERROR] [2026-10-02T13:26:12.685Z] Error: Failed to complete negotiation with the server: TypeError: Failed to fetch @ http://localhost:4200/@fs/D:/repos/luxuryapp-api/appsweb/angular/.angular/cache/22.1.8/luxury-app/vite/deps/@microsoft_signalr.js?v=3ac07549:302
[80978444ms] [ERROR] [2026-10-02T13:26:12.685Z] Error: Failed to start the connection: Error: Failed to complete negotiation with the server: TypeError: Failed to fetch @ http://localhost:4200/@fs/D:/repos/luxuryapp-api/appsweb/angular/.angular/cache/22.1.8/luxury-app/vite/deps/@microsoft_signalr.js?v=3ac07549:302
[80978444ms] [INFO] [2026-10-02T13:26:12.685Z] Information: Reconnect attempt failed because of error 'Error: Failed to complete negotiation with the server: TypeError: Failed to fetch'. @ http://localhost:4200/@fs/D:/repos/luxuryapp-api/appsweb/angular/.angular/cache/22.1.8/luxury-app/vite/deps/@microsoft_signalr.js?v=3ac07549:308
[80978444ms] [INFO] [2026-10-02T13:26:12.685Z] Information: Reconnect attempt number 4 will start in 20000 ms. @ http://localhost:4200/@fs/D:/repos/luxuryapp-api/appsweb/angular/.angular/cache/22.1.8/luxury-app/vite/deps/@microsoft_signalr.js?v=3ac07549:308
[80978474ms] [ERROR] Failed to load resource: net::ERR_CONNECTION_RESET @ http://localhost:7070/ws/notificationHub/negotiate?negotiateVersion=1:0
[80978474ms] [WARNING] [2026-10-02T13:26:12.715Z] Warning: Error from HTTP request. TypeError: Failed to fetch. @ http://localhost:4200/@fs/D:/repos/luxuryapp-api/appsweb/angular/.angular/cache/22.1.8/luxury-app/vite/deps/@microsoft_signalr.js?v=3ac07549:305
[80978474ms] [ERROR] [2026-10-02T13:26:12.716Z] Error: Failed to complete negotiation with the server: TypeError: Failed to fetch @ http://localhost:4200/@fs/D:/repos/luxuryapp-api/appsweb/angular/.angular/cache/22.1.8/luxury-app/vite/deps/@microsoft_signalr.js?v=3ac07549:302
[80978474ms] [ERROR] [2026-10-02T13:26:12.716Z] Error: Failed to start the connection: Error: Failed to complete negotiation with the server: TypeError: Failed to fetch @ http://localhost:4200/@fs/D:/repos/luxuryapp-api/appsweb/angular/.angular/cache/22.1.8/luxury-app/vite/deps/@microsoft_signalr.js?v=3ac07549:302
[80978475ms] [INFO] [2026-10-02T13:26:12.716Z] Information: Reconnect attempt failed because of error 'Error: Failed to complete negotiation with the server: TypeError: Failed to fetch'. @ http://localhost:4200/@fs/D:/repos/luxuryapp-api/appsweb/angular/.angular/cache/22.1.8/luxury-app/vite/deps/@microsoft_signalr.js?v=3ac07549:308
[80978475ms] [INFO] [2026-10-02T13:26:12.716Z] Information: Reconnect attempt number 4 will start in 20000 ms. @ http://localhost:4200/@fs/D:/repos/luxuryapp-api/appsweb/angular/.angular/cache/22.1.8/luxury-app/vite/deps/@microsoft_signalr.js?v=3ac07549:308
[80998457ms] [ERROR] Failed to load resource: net::ERR_CONNECTION_RESET @ http://localhost:7070/ws/notificationHub/negotiate?negotiateVersion=1:0
[80998457ms] [WARNING] [2026-10-02T13:26:32.699Z] Warning: Error from HTTP request. TypeError: Failed to fetch. @ http://localhost:4200/@fs/D:/repos/luxuryapp-api/appsweb/angular/.angular/cache/22.1.8/luxury-app/vite/deps/@microsoft_signalr.js?v=3ac07549:305
[80998458ms] [ERROR] [2026-10-02T13:26:32.699Z] Error: Failed to complete negotiation with the server: TypeError: Failed to fetch @ http://localhost:4200/@fs/D:/repos/luxuryapp-api/appsweb/angular/.angular/cache/22.1.8/luxury-app/vite/deps/@microsoft_signalr.js?v=3ac07549:302
[80998458ms] [ERROR] [2026-10-02T13:26:32.699Z] Error: Failed to start the connection: Error: Failed to complete negotiation with the server: TypeError: Failed to fetch @ http://localhost:4200/@fs/D:/repos/luxuryapp-api/appsweb/angular/.angular/cache/22.1.8/luxury-app/vite/deps/@microsoft_signalr.js?v=3ac07549:302
[80998458ms] [INFO] [2026-10-02T13:26:32.699Z] Information: Reconnect attempt failed because of error 'Error: Failed to complete negotiation with the server: TypeError: Failed to fetch'. @ http://localhost:4200/@fs/D:/repos/luxuryapp-api/appsweb/angular/.angular/cache/22.1.8/luxury-app/vite/deps/@microsoft_signalr.js?v=3ac07549:308
[80998458ms] [INFO] [2026-10-02T13:26:32.699Z] Information: Reconnect retries have been exhausted after 37081 ms and 4 failed attempts. Connection disconnecting. @ http://localhost:4200/@fs/D:/repos/luxuryapp-api/appsweb/angular/.angular/cache/22.1.8/luxury-app/vite/deps/@microsoft_signalr.js?v=3ac07549:308
[80998459ms] [LOG] %cLINK [SignalR] Conexion cerrada: color: red; font-style: italic; undefined @ http://localhost:4200/chunk-RY7YES3A.js:2875
[80998488ms] [ERROR] Failed to load resource: net::ERR_CONNECTION_RESET @ http://localhost:7070/ws/notificationHub/negotiate?negotiateVersion=1:0
[80998488ms] [WARNING] [2026-10-02T13:26:32.730Z] Warning: Error from HTTP request. TypeError: Failed to fetch. @ http://localhost:4200/@fs/D:/repos/luxuryapp-api/appsweb/angular/.angular/cache/22.1.8/luxury-app/vite/deps/@microsoft_signalr.js?v=3ac07549:305
[80998488ms] [ERROR] [2026-10-02T13:26:32.730Z] Error: Failed to complete negotiation with the server: TypeError: Failed to fetch @ http://localhost:4200/@fs/D:/repos/luxuryapp-api/appsweb/angular/.angular/cache/22.1.8/luxury-app/vite/deps/@microsoft_signalr.js?v=3ac07549:302
[80998488ms] [ERROR] [2026-10-02T13:26:32.730Z] Error: Failed to start the connection: Error: Failed to complete negotiation with the server: TypeError: Failed to fetch @ http://localhost:4200/@fs/D:/repos/luxuryapp-api/appsweb/angular/.angular/cache/22.1.8/luxury-app/vite/deps/@microsoft_signalr.js?v=3ac07549:302
[80998489ms] [INFO] [2026-10-02T13:26:32.730Z] Information: Reconnect attempt failed because of error 'Error: Failed to complete negotiation with the server: TypeError: Failed to fetch'. @ http://localhost:4200/@fs/D:/repos/luxuryapp-api/appsweb/angular/.angular/cache/22.1.8/luxury-app/vite/deps/@microsoft_signalr.js?v=3ac07549:308
[80998489ms] [INFO] [2026-10-02T13:26:32.730Z] Information: Reconnect retries have been exhausted after 37098 ms and 4 failed attempts. Connection disconnecting. @ http://localhost:4200/@fs/D:/repos/luxuryapp-api/appsweb/angular/.angular/cache/22.1.8/luxury-app/vite/deps/@microsoft_signalr.js?v=3ac07549:308
[80998489ms] [LOG] %cLINK [SignalR] Conexion cerrada: color: red; font-style: italic; undefined @ http://localhost:4200/chunk-RY7YES3A.js:2875
[80998490ms] [LOG] %c🛡️ [JwtInterceptorFn] Auth check completado. Interceptando ruta: color: #FF0000; font-style: italic; http://localhost:7070/api/dashboard/global-pending-items/019c6bee-028a-70e4-98ea-557b645a3ae0 @ http://localhost:4200/chunk-RY7YES3A.js:2875
[80998491ms] [LOG] %c🔍 [StorageService] Recuperando valor para clave: 'customerId' color: #2196F3; font-style: italic; @ http://localhost:4200/chunk-RY7YES3A.js:2875
[80998492ms] [LOG] %c🔍 [StorageService] Recuperando valor para clave: 'customerId' color: #2196F3; font-style: italic; @ http://localhost:4200/chunk-RY7YES3A.js:2875
[80998493ms] [LOG] %c [JwtTrace] request color: #F44336; font-style: italic; {at: 2026-10-02T13:26:32.733Z, url: http://localhost:7070/api/dashboard/global-pending-items/019c6bee-028a-70e4-98ea-557b645a3ae0, method: GET, appUserId: 63f5fe75-4fbb-4328-a2dd-b7224778752e, storageCustomerId: 019c6bee-028a-70e4-98ea-557b645a3ae0} @ http://localhost:4200/chunk-RY7YES3A.js:2875
[80998495ms] [LOG] %c🛡️ [JwtInterceptorFn] Auth check completado. Interceptando ruta: color: #FF0000; font-style: italic; http://localhost:7070/api/dashboard/global-pending-items/019c6bee-028a-70e4-98ea-557b645a3ae0 @ http://localhost:4200/chunk-RY7YES3A.js:2875
[80998497ms] [LOG] %c🔍 [StorageService] Recuperando valor para clave: 'customerId' color: #2196F3; font-style: italic; @ http://localhost:4200/chunk-RY7YES3A.js:2875
[80998497ms] [LOG] %c🔍 [StorageService] Recuperando valor para clave: 'customerId' color: #2196F3; font-style: italic; @ http://localhost:4200/chunk-RY7YES3A.js:2875
[80998498ms] [LOG] %c [JwtTrace] request color: #F44336; font-style: italic; {at: 2026-10-02T13:26:32.739Z, url: http://localhost:7070/api/dashboard/global-pending-items/019c6bee-028a-70e4-98ea-557b645a3ae0, method: GET, appUserId: 63f5fe75-4fbb-4328-a2dd-b7224778752e, storageCustomerId: 019c6bee-028a-70e4-98ea-557b645a3ae0} @ http://localhost:4200/chunk-RY7YES3A.js:2875
[80998528ms] [ERROR] Failed to load resource: net::ERR_CONNECTION_RESET @ http://localhost:7070/api/dashboard/global-pending-items/019c6bee-028a-70e4-98ea-557b645a3ae0:0
[80998529ms] [LOG] %c🚫 API Error: GET LIST: dashboard/global-pending-items/019c6bee-028a-70e4-98ea-557b645a3ae0 color: red;font-style: italic No se pudo completar la operacion. @ http://localhost:4200/chunk-RY7YES3A.js:2888
[80998530ms] [ERROR] Failed to load resource: net::ERR_CONNECTION_RESET @ http://localhost:7070/api/dashboard/global-pending-items/019c6bee-028a-70e4-98ea-557b645a3ae0:0
[80998530ms] [LOG] %c🚫 API Error: GET LIST: dashboard/global-pending-items/019c6bee-028a-70e4-98ea-557b645a3ae0 color: red;font-style: italic No se pudo completar la operacion. @ http://localhost:4200/chunk-RY7YES3A.js:2888
[81504532ms] [LOG] %c📦 [StorageService] Inicializando servicio de almacenamiento local... color: #3F51B5; font-style: italic; @ http://localhost:4200/chunk-RY7YES3A.js:2875
[81504534ms] [LOG] %c [AuthService] Verificando ruta inicial: /dashboard | Es publica: false color: #9C27B0; font-style: italic; @ http://localhost:4200/chunk-RY7YES3A.js:2875
[81504535ms] [LOG] %c [AuthService] Ruta no publica. Intentando login silencioso... color: #009688; font-style: italic; @ http://localhost:4200/chunk-RY7YES3A.js:2875
[81504539ms] [LOG] %c🚀 [Initializer] Starting application state initialization... color: purple; font-style: italic; @ http://localhost:4200/chunk-RY7YES3A.js:2875
[81504556ms] [ERROR] Failed to load resource: net::ERR_CONNECTION_RESET @ http://localhost:7070/api/auth/refresh:0
[81504557ms] [LOG] %c🚫 Error en refreshToken, forzando logout local. color: red;font-style: italic HttpErrorResponse @ http://localhost:4200/chunk-RY7YES3A.js:2888
[81504557ms] [LOG] %c [AuthTrace] clearSession.before color: #03A9F4; font-style: italic; {at: 2026-10-02T13:34:58.799Z, applicationUserId: null, tokenCustomerId: null, roles: Array(0), customerAccessCount: 0} @ http://localhost:4200/chunk-RY7YES3A.js:2875
[81504558ms] [LOG] %c🔍 [StorageService] Recuperando valor para clave: 'customerId' color: #2196F3; font-style: italic; @ http://localhost:4200/chunk-RY7YES3A.js:2875
[81504558ms] [LOG] %c [CustomerTrace] clearCustomerData.before color: #FF9800; font-style: italic; {at: 2026-10-02T13:34:58.799Z, state: Object, storedCustomerId: 019c6bee-028a-70e4-98ea-557b645a3ae0} @ http://localhost:4200/chunk-RY7YES3A.js:2875
[81504559ms] [LOG] %c🧹 [StorageService] Limpiando clave específica: 'customerId' color: #FF5722; font-style: italic; @ http://localhost:4200/chunk-RY7YES3A.js:2875
[81504559ms] [LOG] %c✅ [StorageService] Clave 'customerId' ha sido limpiada. color: #9E9E9E; font-style: italic; @ http://localhost:4200/chunk-RY7YES3A.js:2875
[81504559ms] [LOG] %c🔍 [StorageService] Recuperando valor para clave: 'customerId' color: #2196F3; font-style: italic; @ http://localhost:4200/chunk-RY7YES3A.js:2875
[81504559ms] [LOG] %c🟡 [StorageService] No se encontró valor para clave 'customerId' o es undefined. color: #FF9800; font-style: italic; @ http://localhost:4200/chunk-RY7YES3A.js:2875
[81504560ms] [LOG] %c [CustomerTrace] clearCustomerData.after color: #FF9800; font-style: italic; {at: 2026-10-02T13:34:58.801Z, state: Object, storedCustomerId: undefined} @ http://localhost:4200/chunk-RY7YES3A.js:2875
[81504563ms] [LOG] %c [AuthTrace] trySilentLogin.finalize color: #8BC34A; font-style: italic; {at: 2026-10-02T13:34:58.804Z, isAuthenticated: false} @ http://localhost:4200/chunk-RY7YES3A.js:2875
[81504563ms] [LOG] %c🤷 [Initializer] No user session. Skipping customer state initialization. color: #9E9E9E; font-style: italic; @ http://localhost:4200/chunk-RY7YES3A.js:2875
[81504564ms] [LOG] %c✅ [Initializer] State initialization complete. color: green; font-style: italic; @ http://localhost:4200/chunk-RY7YES3A.js:2875
[81504583ms] [LOG] %c🔄 UpdateService: Inicializando servicio de actualizaciones color: blue; font-weight: bold; @ http://localhost:4200/chunk-2BPO4FAW.js:17
[81504583ms] [LOG] %c🔄 UpdateService: ❌ Service Worker NO habilitado color: red; font-weight: bold; @ http://localhost:4200/chunk-2BPO4FAW.js:33
[81504589ms] [LOG] %c🚀 [App] ¡Aplicación iniciada! Soy más ligero y rápido que nunca. color: #673AB7; font-style: italic; @ http://localhost:4200/chunk-RY7YES3A.js:2875
[81504593ms] [LOG] %c⚠️ [App] Notificaciones bloqueadas por el usuario color: orange;font-style: italic @ http://localhost:4200/chunk-RY7YES3A.js:2888
[81504598ms] [LOG] Angular is running in development mode. @ http://localhost:4200/@fs/D:/repos/luxuryapp-api/appsweb/angular/.angular/cache/22.1.8/luxury-app/vite/deps/core-BtAdGG1h.js?v=79c56015:9175
[81504866ms] [LOG] %c🔐 [SecurityService] Servicio de seguridad inicializado. color: #3F51B5; font-style: italic; @ http://localhost:4200/chunk-RY7YES3A.js:2875
[81504923ms] [LOG] %c [Login] Iniciando.. color: #607D8B; font-style: italic; @ http://localhost:4200/chunk-RY7YES3A.js:2875
[81504923ms] [LOG] %c [Login] Usando / como redireccion por defecto. color: #607D8B; font-style: italic; @ http://localhost:4200/chunk-RY7YES3A.js:2875
[81504923ms] [LOG] %c [Login] URL final de redireccion: / color: #2196F3; font-style: italic; @ http://localhost:4200/chunk-RY7YES3A.js:2875
[81504926ms] [LOG] %c [Login] Usuario recuperado. color: #FF9800; font-style: italic; @ http://localhost:4200/chunk-RY7YES3A.js:2875
[81504927ms] [LOG] %c🚪 [SecurityService] Limpiando datos de autenticación... color: #F44336; font-style: italic; @ http://localhost:4200/chunk-RY7YES3A.js:2875
[81504929ms] [LOG] %c🗑️ [StorageService] Eliminando clave: 'userAuthData' color: #F44336; font-style: italic; @ http://localhost:4200/chunk-RY7YES3A.js:2875
[81504929ms] [LOG] %c✅ [StorageService] Clave 'userAuthData' eliminada. color: #9E9E9E; font-style: italic; @ http://localhost:4200/chunk-RY7YES3A.js:2875
[81504930ms] [LOG] %c🗑️ [StorageService] Eliminando clave: 'accessToken' color: #F44336; font-style: italic; @ http://localhost:4200/chunk-RY7YES3A.js:2875
[81504930ms] [LOG] %c✅ [StorageService] Clave 'accessToken' eliminada. color: #9E9E9E; font-style: italic; @ http://localhost:4200/chunk-RY7YES3A.js:2875
[81504931ms] [LOG] %c🧹 [SecurityService] Datos de sesión eliminados: userAuthData y accessToken. color: #9E9E9E; font-style: italic; @ http://localhost:4200/chunk-RY7YES3A.js:2875
[81504932ms] [LOG] %c [Login] Datos de sesion previa eliminados. color: #9E9E9E; font-style: italic; @ http://localhost:4200/chunk-RY7YES3A.js:2875
[81504933ms] [LOG] %c🚪 [SecurityService] Limpiando datos de autenticación... color: #F44336; font-style: italic; @ http://localhost:4200/chunk-RY7YES3A.js:2875
[81504933ms] [LOG] %c🗑️ [StorageService] Eliminando clave: 'userAuthData' color: #F44336; font-style: italic; @ http://localhost:4200/chunk-RY7YES3A.js:2875
[81504934ms] [LOG] %c✅ [StorageService] Clave 'userAuthData' eliminada. color: #9E9E9E; font-style: italic; @ http://localhost:4200/chunk-RY7YES3A.js:2875
[81504934ms] [LOG] %c🗑️ [StorageService] Eliminando clave: 'accessToken' color: #F44336; font-style: italic; @ http://localhost:4200/chunk-RY7YES3A.js:2875
[81504935ms] [LOG] %c✅ [StorageService] Clave 'accessToken' eliminada. color: #9E9E9E; font-style: italic; @ http://localhost:4200/chunk-RY7YES3A.js:2875
[81504935ms] [LOG] %c🧹 [SecurityService] Datos de sesión eliminados: userAuthData y accessToken. color: #9E9E9E; font-style: italic; @ http://localhost:4200/chunk-RY7YES3A.js:2875
[81505067ms] [VERBOSE] [DOM] Input elements should have autocomplete attributes (suggested: "current-password"): (More info: https://goo.gl/9p2vKq) @ http://localhost:4200/auth/login:0
[81522548ms] [LOG] %c📦 [StorageService] Inicializando servicio de almacenamiento local... color: #3F51B5; font-style: italic; @ http://localhost:4200/chunk-RY7YES3A.js:2875
[81522549ms] [LOG] %c [AuthService] Verificando ruta inicial: /auth/login | Es publica: true color: #9C27B0; font-style: italic; @ http://localhost:4200/chunk-RY7YES3A.js:2875
[81522550ms] [LOG] %c [AuthService] Ruta publica detectada. Omitiendo login silencioso. color: #FFC107; font-style: italic; @ http://localhost:4200/chunk-RY7YES3A.js:2875
[81522550ms] [LOG] %c🚀 [Initializer] Starting application state initialization... color: purple; font-style: italic; @ http://localhost:4200/chunk-RY7YES3A.js:2875
[81522551ms] [LOG] %c🤷 [Initializer] No user session. Skipping customer state initialization. color: #9E9E9E; font-style: italic; @ http://localhost:4200/chunk-RY7YES3A.js:2875
[81522551ms] [LOG] %c✅ [Initializer] State initialization complete. color: green; font-style: italic; @ http://localhost:4200/chunk-RY7YES3A.js:2875
[81522584ms] [LOG] %c🔄 UpdateService: Inicializando servicio de actualizaciones color: blue; font-weight: bold; @ http://localhost:4200/chunk-2BPO4FAW.js:17
[81522584ms] [LOG] %c🔄 UpdateService: ❌ Service Worker NO habilitado color: red; font-weight: bold; @ http://localhost:4200/chunk-2BPO4FAW.js:33
[81522589ms] [LOG] %c🚀 [App] ¡Aplicación iniciada! Soy más ligero y rápido que nunca. color: #673AB7; font-style: italic; @ http://localhost:4200/chunk-RY7YES3A.js:2875
[81522591ms] [LOG] %c⚠️ [App] Notificaciones bloqueadas por el usuario color: orange;font-style: italic @ http://localhost:4200/chunk-RY7YES3A.js:2888
[81522601ms] [LOG] Angular is running in development mode. @ http://localhost:4200/@fs/D:/repos/luxuryapp-api/appsweb/angular/.angular/cache/22.1.8/luxury-app/vite/deps/core-BtAdGG1h.js?v=79c56015:9175
[81522727ms] [LOG] %c🔐 [SecurityService] Servicio de seguridad inicializado. color: #3F51B5; font-style: italic; @ http://localhost:4200/chunk-RY7YES3A.js:2875
[81522762ms] [LOG] %c [Login] Iniciando.. color: #607D8B; font-style: italic; @ http://localhost:4200/chunk-RY7YES3A.js:2875
[81522763ms] [LOG] %c [Login] Usando / como redireccion por defecto. color: #607D8B; font-style: italic; @ http://localhost:4200/chunk-RY7YES3A.js:2875
[81522763ms] [LOG] %c [Login] URL final de redireccion: / color: #2196F3; font-style: italic; @ http://localhost:4200/chunk-RY7YES3A.js:2875
[81522764ms] [LOG] %c [Login] Usuario recuperado. color: #FF9800; font-style: italic; @ http://localhost:4200/chunk-RY7YES3A.js:2875
[81522764ms] [LOG] %c🚪 [SecurityService] Limpiando datos de autenticación... color: #F44336; font-style: italic; @ http://localhost:4200/chunk-RY7YES3A.js:2875
[81522764ms] [LOG] %c🗑️ [StorageService] Eliminando clave: 'userAuthData' color: #F44336; font-style: italic; @ http://localhost:4200/chunk-RY7YES3A.js:2875
[81522764ms] [LOG] %c✅ [StorageService] Clave 'userAuthData' eliminada. color: #9E9E9E; font-style: italic; @ http://localhost:4200/chunk-RY7YES3A.js:2875
[81522765ms] [LOG] %c🗑️ [StorageService] Eliminando clave: 'accessToken' color: #F44336; font-style: italic; @ http://localhost:4200/chunk-RY7YES3A.js:2875
[81522765ms] [LOG] %c✅ [StorageService] Clave 'accessToken' eliminada. color: #9E9E9E; font-style: italic; @ http://localhost:4200/chunk-RY7YES3A.js:2875
[81522765ms] [LOG] %c🧹 [SecurityService] Datos de sesión eliminados: userAuthData y accessToken. color: #9E9E9E; font-style: italic; @ http://localhost:4200/chunk-RY7YES3A.js:2875
[81522765ms] [LOG] %c [Login] Datos de sesion previa eliminados. color: #9E9E9E; font-style: italic; @ http://localhost:4200/chunk-RY7YES3A.js:2875
[81522766ms] [LOG] %c🚪 [SecurityService] Limpiando datos de autenticación... color: #F44336; font-style: italic; @ http://localhost:4200/chunk-RY7YES3A.js:2875
[81522766ms] [LOG] %c🗑️ [StorageService] Eliminando clave: 'userAuthData' color: #F44336; font-style: italic; @ http://localhost:4200/chunk-RY7YES3A.js:2875
[81522766ms] [LOG] %c✅ [StorageService] Clave 'userAuthData' eliminada. color: #9E9E9E; font-style: italic; @ http://localhost:4200/chunk-RY7YES3A.js:2875
[81522767ms] [LOG] %c🗑️ [StorageService] Eliminando clave: 'accessToken' color: #F44336; font-style: italic; @ http://localhost:4200/chunk-RY7YES3A.js:2875
[81522767ms] [LOG] %c✅ [StorageService] Clave 'accessToken' eliminada. color: #9E9E9E; font-style: italic; @ http://localhost:4200/chunk-RY7YES3A.js:2875
[81522767ms] [LOG] %c🧹 [SecurityService] Datos de sesión eliminados: userAuthData y accessToken. color: #9E9E9E; font-style: italic; @ http://localhost:4200/chunk-RY7YES3A.js:2875
[81522846ms] [WARNING] NG0913: An image with src http://localhost:4200/assets/oficial/Logo%20Files/png/Color%20logo%20-%20no%20background.png has intrinsic file dimensions much larger than its rendered size. This can negatively impact application loading performance. For more information about addressing or disabling this warning, see https://v22.angular.dev/errors/NG0913. Find more at https://v22.angular.dev/errors/NG0913 @ http://localhost:4200/@fs/D:/repos/luxuryapp-api/appsweb/angular/.angular/cache/22.1.8/luxury-app/vite/deps/core-BtAdGG1h.js?v=79c56015:17980
[81522846ms] [WARNING] NG0913: An image with src http://localhost:4200/assets/oficial/Logo%20Files/png/Color%20logo%20-%20no%20background.png has intrinsic file dimensions much larger than its rendered size. This can negatively impact application loading performance. For more information about addressing or disabling this warning, see https://v22.angular.dev/errors/NG0913. Find more at https://v22.angular.dev/errors/NG0913 @ http://localhost:4200/@fs/D:/repos/luxuryapp-api/appsweb/angular/.angular/cache/22.1.8/luxury-app/vite/deps/core-BtAdGG1h.js?v=79c56015:17980
[81522848ms] [WARNING] NG0913: An image with src http://localhost:4200/assets/oficial/Logo%20Files/png/White%20logo%20-%20no%20background.png has intrinsic file dimensions much larger than its rendered size. This can negatively impact application loading performance. For more information about addressing or disabling this warning, see https://v22.angular.dev/errors/NG0913. Find more at https://v22.angular.dev/errors/NG0913 @ http://localhost:4200/@fs/D:/repos/luxuryapp-api/appsweb/angular/.angular/cache/22.1.8/luxury-app/vite/deps/core-BtAdGG1h.js?v=79c56015:17980
[81522878ms] [VERBOSE] [DOM] Input elements should have autocomplete attributes (suggested: "current-password"): (More info: https://goo.gl/9p2vKq) @ http://localhost:4200/auth/login:0
[82116755ms] [LOG] %c📦 [StorageService] Inicializando servicio de almacenamiento local... color: #3F51B5; font-style: italic; @ http://localhost:4200/chunk-RY7YES3A.js:2875
[82116757ms] [LOG] %c [AuthService] Verificando ruta inicial: /auth/login | Es publica: true color: #9C27B0; font-style: italic; @ http://localhost:4200/chunk-RY7YES3A.js:2875
[82116758ms] [LOG] %c [AuthService] Ruta publica detectada. Omitiendo login silencioso. color: #FFC107; font-style: italic; @ http://localhost:4200/chunk-RY7YES3A.js:2875
[82116758ms] [LOG] %c🚀 [Initializer] Starting application state initialization... color: purple; font-style: italic; @ http://localhost:4200/chunk-RY7YES3A.js:2875
[82116759ms] [LOG] %c🤷 [Initializer] No user session. Skipping customer state initialization. color: #9E9E9E; font-style: italic; @ http://localhost:4200/chunk-RY7YES3A.js:2875
[82116760ms] [LOG] %c✅ [Initializer] State initialization complete. color: green; font-style: italic; @ http://localhost:4200/chunk-RY7YES3A.js:2875
[82116795ms] [LOG] %c🔄 UpdateService: Inicializando servicio de actualizaciones color: blue; font-weight: bold; @ http://localhost:4200/chunk-2BPO4FAW.js:17
[82116795ms] [LOG] %c🔄 UpdateService: ❌ Service Worker NO habilitado color: red; font-weight: bold; @ http://localhost:4200/chunk-2BPO4FAW.js:33
[82116803ms] [LOG] %c🚀 [App] ¡Aplicación iniciada! Soy más ligero y rápido que nunca. color: #673AB7; font-style: italic; @ http://localhost:4200/chunk-RY7YES3A.js:2875
[82116804ms] [LOG] %c⚠️ [App] Notificaciones bloqueadas por el usuario color: orange;font-style: italic @ http://localhost:4200/chunk-RY7YES3A.js:2888
[82116809ms] [LOG] Angular is running in development mode. @ http://localhost:4200/@fs/D:/repos/luxuryapp-api/appsweb/angular/.angular/cache/22.1.8/luxury-app/vite/deps/core-BtAdGG1h.js?v=79c56015:9175
[82117005ms] [LOG] %c🔐 [SecurityService] Servicio de seguridad inicializado. color: #3F51B5; font-style: italic; @ http://localhost:4200/chunk-RY7YES3A.js:2875
[82117055ms] [LOG] %c [Login] Iniciando.. color: #607D8B; font-style: italic; @ http://localhost:4200/chunk-RY7YES3A.js:2875
[82117056ms] [LOG] %c [Login] Usando / como redireccion por defecto. color: #607D8B; font-style: italic; @ http://localhost:4200/chunk-RY7YES3A.js:2875
[82117056ms] [LOG] %c [Login] URL final de redireccion: / color: #2196F3; font-style: italic; @ http://localhost:4200/chunk-RY7YES3A.js:2875
[82117057ms] [LOG] %c [Login] Usuario recuperado. color: #FF9800; font-style: italic; @ http://localhost:4200/chunk-RY7YES3A.js:2875
[82117057ms] [LOG] %c🚪 [SecurityService] Limpiando datos de autenticación... color: #F44336; font-style: italic; @ http://localhost:4200/chunk-RY7YES3A.js:2875
[82117057ms] [LOG] %c🗑️ [StorageService] Eliminando clave: 'userAuthData' color: #F44336; font-style: italic; @ http://localhost:4200/chunk-RY7YES3A.js:2875
[82117057ms] [LOG] %c✅ [StorageService] Clave 'userAuthData' eliminada. color: #9E9E9E; font-style: italic; @ http://localhost:4200/chunk-RY7YES3A.js:2875
[82117058ms] [LOG] %c🗑️ [StorageService] Eliminando clave: 'accessToken' color: #F44336; font-style: italic; @ http://localhost:4200/chunk-RY7YES3A.js:2875
[82117058ms] [LOG] %c✅ [StorageService] Clave 'accessToken' eliminada. color: #9E9E9E; font-style: italic; @ http://localhost:4200/chunk-RY7YES3A.js:2875
[82117058ms] [LOG] %c🧹 [SecurityService] Datos de sesión eliminados: userAuthData y accessToken. color: #9E9E9E; font-style: italic; @ http://localhost:4200/chunk-RY7YES3A.js:2875
[82117058ms] [LOG] %c [Login] Datos de sesion previa eliminados. color: #9E9E9E; font-style: italic; @ http://localhost:4200/chunk-RY7YES3A.js:2875
[82117059ms] [LOG] %c🚪 [SecurityService] Limpiando datos de autenticación... color: #F44336; font-style: italic; @ http://localhost:4200/chunk-RY7YES3A.js:2875
[82117059ms] [LOG] %c🗑️ [StorageService] Eliminando clave: 'userAuthData' color: #F44336; font-style: italic; @ http://localhost:4200/chunk-RY7YES3A.js:2875
[82117059ms] [LOG] %c✅ [StorageService] Clave 'userAuthData' eliminada. color: #9E9E9E; font-style: italic; @ http://localhost:4200/chunk-RY7YES3A.js:2875
[82117060ms] [LOG] %c🗑️ [StorageService] Eliminando clave: 'accessToken' color: #F44336; font-style: italic; @ http://localhost:4200/chunk-RY7YES3A.js:2875
[82117060ms] [LOG] %c✅ [StorageService] Clave 'accessToken' eliminada. color: #9E9E9E; font-style: italic; @ http://localhost:4200/chunk-RY7YES3A.js:2875
[82117060ms] [LOG] %c🧹 [SecurityService] Datos de sesión eliminados: userAuthData y accessToken. color: #9E9E9E; font-style: italic; @ http://localhost:4200/chunk-RY7YES3A.js:2875
[82117138ms] [WARNING] NG0913: An image with src http://localhost:4200/assets/oficial/Logo%20Files/png/Color%20logo%20-%20no%20background.png has intrinsic file dimensions much larger than its rendered size. This can negatively impact application loading performance. For more information about addressing or disabling this warning, see https://v22.angular.dev/errors/NG0913. Find more at https://v22.angular.dev/errors/NG0913 @ http://localhost:4200/@fs/D:/repos/luxuryapp-api/appsweb/angular/.angular/cache/22.1.8/luxury-app/vite/deps/core-BtAdGG1h.js?v=79c56015:17980
[82117138ms] [WARNING] NG0913: An image with src http://localhost:4200/assets/oficial/Logo%20Files/png/Color%20logo%20-%20no%20background.png has intrinsic file dimensions much larger than its rendered size. This can negatively impact application loading performance. For more information about addressing or disabling this warning, see https://v22.angular.dev/errors/NG0913. Find more at https://v22.angular.dev/errors/NG0913 @ http://localhost:4200/@fs/D:/repos/luxuryapp-api/appsweb/angular/.angular/cache/22.1.8/luxury-app/vite/deps/core-BtAdGG1h.js?v=79c56015:17980
[82117139ms] [WARNING] NG0913: An image with src http://localhost:4200/assets/oficial/Logo%20Files/png/White%20logo%20-%20no%20background.png has intrinsic file dimensions much larger than its rendered size. This can negatively impact application loading performance. For more information about addressing or disabling this warning, see https://v22.angular.dev/errors/NG0913. Find more at https://v22.angular.dev/errors/NG0913 @ http://localhost:4200/@fs/D:/repos/luxuryapp-api/appsweb/angular/.angular/cache/22.1.8/luxury-app/vite/deps/core-BtAdGG1h.js?v=79c56015:17980
[82117146ms] [VERBOSE] [DOM] Input elements should have autocomplete attributes (suggested: "current-password"): (More info: https://goo.gl/9p2vKq) @ http://localhost:4200/auth/login:0
[94935116ms] [LOG] [vite] server connection lost. Polling for restart... @ http://localhost:4200/@vite/client:992
[109565326ms] [LOG] %c📦 [StorageService] Inicializando servicio de almacenamiento local... color: #3F51B5; font-style: italic; @ http://localhost:4200/chunk-RY7YES3A.js:2875
[109565337ms] [LOG] %c [AuthService] Verificando ruta inicial: /auth/login | Es publica: true color: #9C27B0; font-style: italic; @ http://localhost:4200/chunk-RY7YES3A.js:2875
[109565339ms] [LOG] %c [AuthService] Ruta publica detectada. Omitiendo login silencioso. color: #FFC107; font-style: italic; @ http://localhost:4200/chunk-RY7YES3A.js:2875
[109565340ms] [LOG] %c🚀 [Initializer] Starting application state initialization... color: purple; font-style: italic; @ http://localhost:4200/chunk-RY7YES3A.js:2875
[109565341ms] [LOG] %c🤷 [Initializer] No user session. Skipping customer state initialization. color: #9E9E9E; font-style: italic; @ http://localhost:4200/chunk-RY7YES3A.js:2875
[109565345ms] [LOG] %c✅ [Initializer] State initialization complete. color: green; font-style: italic; @ http://localhost:4200/chunk-RY7YES3A.js:2875
[109566385ms] [LOG] %c🔄 UpdateService: Inicializando servicio de actualizaciones color: blue; font-weight: bold; @ http://localhost:4200/chunk-2BPO4FAW.js:17
[109566385ms] [LOG] %c🔄 UpdateService: ❌ Service Worker NO habilitado color: red; font-weight: bold; @ http://localhost:4200/chunk-2BPO4FAW.js:33
[109566396ms] [LOG] %c🚀 [App] ¡Aplicación iniciada! Soy más ligero y rápido que nunca. color: #673AB7; font-style: italic; @ http://localhost:4200/chunk-RY7YES3A.js:2875
[109566398ms] [LOG] %c⚠️ [App] Notificaciones bloqueadas por el usuario color: orange;font-style: italic @ http://localhost:4200/chunk-RY7YES3A.js:2888
[109566408ms] [LOG] Angular is running in development mode. @ http://localhost:4200/@fs/D:/repos/luxuryapp-api/appsweb/angular/.angular/cache/22.1.8/luxury-app/vite/deps/core-BtAdGG1h.js?v=79c56015:9175
[109572116ms] [LOG] %c🔐 [SecurityService] Servicio de seguridad inicializado. color: #3F51B5; font-style: italic; @ http://localhost:4200/chunk-RY7YES3A.js:2875
[109572168ms] [LOG] %c [Login] Iniciando.. color: #607D8B; font-style: italic; @ http://localhost:4200/chunk-RY7YES3A.js:2875
[109572169ms] [LOG] %c [Login] Usando / como redireccion por defecto. color: #607D8B; font-style: italic; @ http://localhost:4200/chunk-RY7YES3A.js:2875
[109572169ms] [LOG] %c [Login] URL final de redireccion: / color: #2196F3; font-style: italic; @ http://localhost:4200/chunk-RY7YES3A.js:2875
[109572171ms] [LOG] %c [Login] Usuario recuperado. color: #FF9800; font-style: italic; @ http://localhost:4200/chunk-RY7YES3A.js:2875
[109572172ms] [LOG] %c🚪 [SecurityService] Limpiando datos de autenticación... color: #F44336; font-style: italic; @ http://localhost:4200/chunk-RY7YES3A.js:2875
[109572173ms] [LOG] %c🗑️ [StorageService] Eliminando clave: 'userAuthData' color: #F44336; font-style: italic; @ http://localhost:4200/chunk-RY7YES3A.js:2875
[109572173ms] [LOG] %c✅ [StorageService] Clave 'userAuthData' eliminada. color: #9E9E9E; font-style: italic; @ http://localhost:4200/chunk-RY7YES3A.js:2875
[109572173ms] [LOG] %c🗑️ [StorageService] Eliminando clave: 'accessToken' color: #F44336; font-style: italic; @ http://localhost:4200/chunk-RY7YES3A.js:2875
[109572173ms] [LOG] %c✅ [StorageService] Clave 'accessToken' eliminada. color: #9E9E9E; font-style: italic; @ http://localhost:4200/chunk-RY7YES3A.js:2875
[109572174ms] [LOG] %c🧹 [SecurityService] Datos de sesión eliminados: userAuthData y accessToken. color: #9E9E9E; font-style: italic; @ http://localhost:4200/chunk-RY7YES3A.js:2875
[109572174ms] [LOG] %c [Login] Datos de sesion previa eliminados. color: #9E9E9E; font-style: italic; @ http://localhost:4200/chunk-RY7YES3A.js:2875
[109572174ms] [LOG] %c🚪 [SecurityService] Limpiando datos de autenticación... color: #F44336; font-style: italic; @ http://localhost:4200/chunk-RY7YES3A.js:2875
[109572175ms] [LOG] %c🗑️ [StorageService] Eliminando clave: 'userAuthData' color: #F44336; font-style: italic; @ http://localhost:4200/chunk-RY7YES3A.js:2875
[109572175ms] [LOG] %c✅ [StorageService] Clave 'userAuthData' eliminada. color: #9E9E9E; font-style: italic; @ http://localhost:4200/chunk-RY7YES3A.js:2875
[109572175ms] [LOG] %c🗑️ [StorageService] Eliminando clave: 'accessToken' color: #F44336; font-style: italic; @ http://localhost:4200/chunk-RY7YES3A.js:2875
[109572175ms] [LOG] %c✅ [StorageService] Clave 'accessToken' eliminada. color: #9E9E9E; font-style: italic; @ http://localhost:4200/chunk-RY7YES3A.js:2875
[109572175ms] [LOG] %c🧹 [SecurityService] Datos de sesión eliminados: userAuthData y accessToken. color: #9E9E9E; font-style: italic; @ http://localhost:4200/chunk-RY7YES3A.js:2875
[109572258ms] [VERBOSE] [DOM] Input elements should have autocomplete attributes (suggested: "current-password"): (More info: https://goo.gl/9p2vKq) @ http://localhost:4200/auth/login:0
[122598282ms] [LOG] %c📦 [StorageService] Inicializando servicio de almacenamiento local... color: #3F51B5; font-style: italic; @ http://localhost:4200/chunk-PZXVL5ZG.js:2883
[122598284ms] [LOG] %c [AuthService] Verificando ruta inicial: /auth/login | Es publica: true color: #9C27B0; font-style: italic; @ http://localhost:4200/chunk-PZXVL5ZG.js:2883
[122598284ms] [LOG] %c [AuthService] Ruta publica detectada. Omitiendo login silencioso. color: #FFC107; font-style: italic; @ http://localhost:4200/chunk-PZXVL5ZG.js:2883
[122598285ms] [LOG] %c🚀 [Initializer] Starting application state initialization... color: purple; font-style: italic; @ http://localhost:4200/chunk-PZXVL5ZG.js:2883
[122598286ms] [LOG] %c🤷 [Initializer] No user session. Skipping customer state initialization. color: #9E9E9E; font-style: italic; @ http://localhost:4200/chunk-PZXVL5ZG.js:2883
[122598287ms] [LOG] %c✅ [Initializer] State initialization complete. color: green; font-style: italic; @ http://localhost:4200/chunk-PZXVL5ZG.js:2883
[122598318ms] [LOG] %c🔄 UpdateService: Inicializando servicio de actualizaciones color: blue; font-weight: bold; @ http://localhost:4200/chunk-2BPO4FAW.js:17
[122598318ms] [LOG] %c🔄 UpdateService: ❌ Service Worker NO habilitado color: red; font-weight: bold; @ http://localhost:4200/chunk-2BPO4FAW.js:33
[122598328ms] [LOG] %c🚀 [App] ¡Aplicación iniciada! Soy más ligero y rápido que nunca. color: #673AB7; font-style: italic; @ http://localhost:4200/chunk-PZXVL5ZG.js:2883
[122598357ms] [LOG] %c⚠️ [App] Notificaciones bloqueadas por el usuario color: orange;font-style: italic @ http://localhost:4200/chunk-PZXVL5ZG.js:2896
[122598370ms] [LOG] Angular is running in development mode. @ http://localhost:4200/@fs/D:/repos/luxuryapp-api/appsweb/angular/.angular/cache/22.1.8/luxury-app/vite/deps/core-BtAdGG1h.js?v=79c56015:9175
[122598826ms] [LOG] %c🔐 [SecurityService] Servicio de seguridad inicializado. color: #3F51B5; font-style: italic; @ http://localhost:4200/chunk-PZXVL5ZG.js:2883
[122598891ms] [LOG] %c [Login] Iniciando.. color: #607D8B; font-style: italic; @ http://localhost:4200/chunk-PZXVL5ZG.js:2883
[122598892ms] [LOG] %c [Login] Usando / como redireccion por defecto. color: #607D8B; font-style: italic; @ http://localhost:4200/chunk-PZXVL5ZG.js:2883
[122598892ms] [LOG] %c [Login] URL final de redireccion: / color: #2196F3; font-style: italic; @ http://localhost:4200/chunk-PZXVL5ZG.js:2883
[122598894ms] [LOG] %c [Login] Usuario recuperado. color: #FF9800; font-style: italic; @ http://localhost:4200/chunk-PZXVL5ZG.js:2883
[122598894ms] [LOG] %c🚪 [SecurityService] Limpiando datos de autenticación... color: #F44336; font-style: italic; @ http://localhost:4200/chunk-PZXVL5ZG.js:2883
[122598895ms] [LOG] %c🗑️ [StorageService] Eliminando clave: 'userAuthData' color: #F44336; font-style: italic; @ http://localhost:4200/chunk-PZXVL5ZG.js:2883
[122598895ms] [LOG] %c✅ [StorageService] Clave 'userAuthData' eliminada. color: #9E9E9E; font-style: italic; @ http://localhost:4200/chunk-PZXVL5ZG.js:2883
[122598895ms] [LOG] %c🗑️ [StorageService] Eliminando clave: 'accessToken' color: #F44336; font-style: italic; @ http://localhost:4200/chunk-PZXVL5ZG.js:2883
[122598896ms] [LOG] %c✅ [StorageService] Clave 'accessToken' eliminada. color: #9E9E9E; font-style: italic; @ http://localhost:4200/chunk-PZXVL5ZG.js:2883
[122598896ms] [LOG] %c🧹 [SecurityService] Datos de sesión eliminados: userAuthData y accessToken. color: #9E9E9E; font-style: italic; @ http://localhost:4200/chunk-PZXVL5ZG.js:2883
[122598897ms] [LOG] %c [Login] Datos de sesion previa eliminados. color: #9E9E9E; font-style: italic; @ http://localhost:4200/chunk-PZXVL5ZG.js:2883
[122598898ms] [LOG] %c🚪 [SecurityService] Limpiando datos de autenticación... color: #F44336; font-style: italic; @ http://localhost:4200/chunk-PZXVL5ZG.js:2883
[122598899ms] [LOG] %c🗑️ [StorageService] Eliminando clave: 'userAuthData' color: #F44336; font-style: italic; @ http://localhost:4200/chunk-PZXVL5ZG.js:2883
[122598900ms] [LOG] %c✅ [StorageService] Clave 'userAuthData' eliminada. color: #9E9E9E; font-style: italic; @ http://localhost:4200/chunk-PZXVL5ZG.js:2883
[122598900ms] [LOG] %c🗑️ [StorageService] Eliminando clave: 'accessToken' color: #F44336; font-style: italic; @ http://localhost:4200/chunk-PZXVL5ZG.js:2883
[122598901ms] [LOG] %c✅ [StorageService] Clave 'accessToken' eliminada. color: #9E9E9E; font-style: italic; @ http://localhost:4200/chunk-PZXVL5ZG.js:2883
[122598901ms] [LOG] %c🧹 [SecurityService] Datos de sesión eliminados: userAuthData y accessToken. color: #9E9E9E; font-style: italic; @ http://localhost:4200/chunk-PZXVL5ZG.js:2883
[122599138ms] [VERBOSE] [DOM] Input elements should have autocomplete attributes (suggested: "current-password"): (More info: https://goo.gl/9p2vKq) @ http://localhost:4200/auth/login:0
[123368314ms] [LOG] %c📦 [StorageService] Inicializando servicio de almacenamiento local... color: #3F51B5; font-style: italic; @ http://localhost:4200/chunk-H2E4C4AE.js:2883
[123368316ms] [LOG] %c [AuthService] Verificando ruta inicial: /auth/login | Es publica: true color: #9C27B0; font-style: italic; @ http://localhost:4200/chunk-H2E4C4AE.js:2883
[123368316ms] [LOG] %c [AuthService] Ruta publica detectada. Omitiendo login silencioso. color: #FFC107; font-style: italic; @ http://localhost:4200/chunk-H2E4C4AE.js:2883
[123368317ms] [LOG] %c🚀 [Initializer] Starting application state initialization... color: purple; font-style: italic; @ http://localhost:4200/chunk-H2E4C4AE.js:2883
[123368318ms] [LOG] %c🤷 [Initializer] No user session. Skipping customer state initialization. color: #9E9E9E; font-style: italic; @ http://localhost:4200/chunk-H2E4C4AE.js:2883
[123368318ms] [LOG] %c✅ [Initializer] State initialization complete. color: green; font-style: italic; @ http://localhost:4200/chunk-H2E4C4AE.js:2883
[123368354ms] [LOG] %c🔄 UpdateService: Inicializando servicio de actualizaciones color: blue; font-weight: bold; @ http://localhost:4200/chunk-2BPO4FAW.js:17
[123368355ms] [LOG] %c🔄 UpdateService: ❌ Service Worker NO habilitado color: red; font-weight: bold; @ http://localhost:4200/chunk-2BPO4FAW.js:33
[123368361ms] [LOG] %c🚀 [App] ¡Aplicación iniciada! Soy más ligero y rápido que nunca. color: #673AB7; font-style: italic; @ http://localhost:4200/chunk-H2E4C4AE.js:2883
[123368364ms] [LOG] %c⚠️ [App] Notificaciones bloqueadas por el usuario color: orange;font-style: italic @ http://localhost:4200/chunk-H2E4C4AE.js:2896
[123368369ms] [LOG] Angular is running in development mode. @ http://localhost:4200/@fs/D:/repos/luxuryapp-api/appsweb/angular/.angular/cache/22.1.8/luxury-app/vite/deps/core-BtAdGG1h.js?v=79c56015:9175
[123368752ms] [LOG] %c🔐 [SecurityService] Servicio de seguridad inicializado. color: #3F51B5; font-style: italic; @ http://localhost:4200/chunk-H2E4C4AE.js:2883
[123368796ms] [LOG] %c [Login] Iniciando.. color: #607D8B; font-style: italic; @ http://localhost:4200/chunk-H2E4C4AE.js:2883
[123368796ms] [LOG] %c [Login] Usando / como redireccion por defecto. color: #607D8B; font-style: italic; @ http://localhost:4200/chunk-H2E4C4AE.js:2883
[123368797ms] [LOG] %c [Login] URL final de redireccion: / color: #2196F3; font-style: italic; @ http://localhost:4200/chunk-H2E4C4AE.js:2883
[123368798ms] [LOG] %c [Login] Usuario recuperado. color: #FF9800; font-style: italic; @ http://localhost:4200/chunk-H2E4C4AE.js:2883
[123368798ms] [LOG] %c🚪 [SecurityService] Limpiando datos de autenticación... color: #F44336; font-style: italic; @ http://localhost:4200/chunk-H2E4C4AE.js:2883
[123368798ms] [LOG] %c🗑️ [StorageService] Eliminando clave: 'userAuthData' color: #F44336; font-style: italic; @ http://localhost:4200/chunk-H2E4C4AE.js:2883
[123368799ms] [LOG] %c✅ [StorageService] Clave 'userAuthData' eliminada. color: #9E9E9E; font-style: italic; @ http://localhost:4200/chunk-H2E4C4AE.js:2883
[123368799ms] [LOG] %c🗑️ [StorageService] Eliminando clave: 'accessToken' color: #F44336; font-style: italic; @ http://localhost:4200/chunk-H2E4C4AE.js:2883
[123368799ms] [LOG] %c✅ [StorageService] Clave 'accessToken' eliminada. color: #9E9E9E; font-style: italic; @ http://localhost:4200/chunk-H2E4C4AE.js:2883
[123368799ms] [LOG] %c🧹 [SecurityService] Datos de sesión eliminados: userAuthData y accessToken. color: #9E9E9E; font-style: italic; @ http://localhost:4200/chunk-H2E4C4AE.js:2883
[123368800ms] [LOG] %c [Login] Datos de sesion previa eliminados. color: #9E9E9E; font-style: italic; @ http://localhost:4200/chunk-H2E4C4AE.js:2883
[123368800ms] [LOG] %c🚪 [SecurityService] Limpiando datos de autenticación... color: #F44336; font-style: italic; @ http://localhost:4200/chunk-H2E4C4AE.js:2883
[123368801ms] [LOG] %c🗑️ [StorageService] Eliminando clave: 'userAuthData' color: #F44336; font-style: italic; @ http://localhost:4200/chunk-H2E4C4AE.js:2883
[123368801ms] [LOG] %c✅ [StorageService] Clave 'userAuthData' eliminada. color: #9E9E9E; font-style: italic; @ http://localhost:4200/chunk-H2E4C4AE.js:2883
[123368801ms] [LOG] %c🗑️ [StorageService] Eliminando clave: 'accessToken' color: #F44336; font-style: italic; @ http://localhost:4200/chunk-H2E4C4AE.js:2883
[123368802ms] [LOG] %c✅ [StorageService] Clave 'accessToken' eliminada. color: #9E9E9E; font-style: italic; @ http://localhost:4200/chunk-H2E4C4AE.js:2883
[123368802ms] [LOG] %c🧹 [SecurityService] Datos de sesión eliminados: userAuthData y accessToken. color: #9E9E9E; font-style: italic; @ http://localhost:4200/chunk-H2E4C4AE.js:2883
[123368889ms] [VERBOSE] [DOM] Input elements should have autocomplete attributes (suggested: "current-password"): (More info: https://goo.gl/9p2vKq) @ http://localhost:4200/auth/login:0
[123560280ms] [LOG] %c📦 [StorageService] Inicializando servicio de almacenamiento local... color: #3F51B5; font-style: italic; @ http://localhost:4200/chunk-H2E4C4AE.js:2883
[123560282ms] [LOG] %c [AuthService] Verificando ruta inicial: /auth/login | Es publica: true color: #9C27B0; font-style: italic; @ http://localhost:4200/chunk-H2E4C4AE.js:2883
[123560282ms] [LOG] %c [AuthService] Ruta publica detectada. Omitiendo login silencioso. color: #FFC107; font-style: italic; @ http://localhost:4200/chunk-H2E4C4AE.js:2883
[123560282ms] [LOG] %c🚀 [Initializer] Starting application state initialization... color: purple; font-style: italic; @ http://localhost:4200/chunk-H2E4C4AE.js:2883
[123560283ms] [LOG] %c🤷 [Initializer] No user session. Skipping customer state initialization. color: #9E9E9E; font-style: italic; @ http://localhost:4200/chunk-H2E4C4AE.js:2883
[123560294ms] [LOG] %c✅ [Initializer] State initialization complete. color: green; font-style: italic; @ http://localhost:4200/chunk-H2E4C4AE.js:2883
[123560355ms] [LOG] %c🔄 UpdateService: Inicializando servicio de actualizaciones color: blue; font-weight: bold; @ http://localhost:4200/chunk-2BPO4FAW.js:17
[123560355ms] [LOG] %c🔄 UpdateService: ❌ Service Worker NO habilitado color: red; font-weight: bold; @ http://localhost:4200/chunk-2BPO4FAW.js:33
[123560362ms] [LOG] %c🚀 [App] ¡Aplicación iniciada! Soy más ligero y rápido que nunca. color: #673AB7; font-style: italic; @ http://localhost:4200/chunk-H2E4C4AE.js:2883
[123560366ms] [LOG] %c⚠️ [App] Notificaciones bloqueadas por el usuario color: orange;font-style: italic @ http://localhost:4200/chunk-H2E4C4AE.js:2896
[123560374ms] [LOG] Angular is running in development mode. @ http://localhost:4200/@fs/D:/repos/luxuryapp-api/appsweb/angular/.angular/cache/22.1.8/luxury-app/vite/deps/core-BtAdGG1h.js?v=79c56015:9175
[123560583ms] [LOG] %c🔐 [SecurityService] Servicio de seguridad inicializado. color: #3F51B5; font-style: italic; @ http://localhost:4200/chunk-H2E4C4AE.js:2883
[123560618ms] [LOG] %c [Login] Iniciando.. color: #607D8B; font-style: italic; @ http://localhost:4200/chunk-H2E4C4AE.js:2883
[123560618ms] [LOG] %c [Login] Usando / como redireccion por defecto. color: #607D8B; font-style: italic; @ http://localhost:4200/chunk-H2E4C4AE.js:2883
[123560619ms] [LOG] %c [Login] URL final de redireccion: / color: #2196F3; font-style: italic; @ http://localhost:4200/chunk-H2E4C4AE.js:2883
[123560619ms] [LOG] %c [Login] Usuario recuperado. color: #FF9800; font-style: italic; @ http://localhost:4200/chunk-H2E4C4AE.js:2883
[123560620ms] [LOG] %c🚪 [SecurityService] Limpiando datos de autenticación... color: #F44336; font-style: italic; @ http://localhost:4200/chunk-H2E4C4AE.js:2883
[123560620ms] [LOG] %c🗑️ [StorageService] Eliminando clave: 'userAuthData' color: #F44336; font-style: italic; @ http://localhost:4200/chunk-H2E4C4AE.js:2883
[123560620ms] [LOG] %c✅ [StorageService] Clave 'userAuthData' eliminada. color: #9E9E9E; font-style: italic; @ http://localhost:4200/chunk-H2E4C4AE.js:2883
[123560620ms] [LOG] %c🗑️ [StorageService] Eliminando clave: 'accessToken' color: #F44336; font-style: italic; @ http://localhost:4200/chunk-H2E4C4AE.js:2883
[123560621ms] [LOG] %c✅ [StorageService] Clave 'accessToken' eliminada. color: #9E9E9E; font-style: italic; @ http://localhost:4200/chunk-H2E4C4AE.js:2883
[123560621ms] [LOG] %c🧹 [SecurityService] Datos de sesión eliminados: userAuthData y accessToken. color: #9E9E9E; font-style: italic; @ http://localhost:4200/chunk-H2E4C4AE.js:2883
[123560621ms] [LOG] %c [Login] Datos de sesion previa eliminados. color: #9E9E9E; font-style: italic; @ http://localhost:4200/chunk-H2E4C4AE.js:2883
[123560632ms] [LOG] %c🚪 [SecurityService] Limpiando datos de autenticación... color: #F44336; font-style: italic; @ http://localhost:4200/chunk-H2E4C4AE.js:2883
[123560632ms] [LOG] %c🗑️ [StorageService] Eliminando clave: 'userAuthData' color: #F44336; font-style: italic; @ http://localhost:4200/chunk-H2E4C4AE.js:2883
[123560633ms] [LOG] %c✅ [StorageService] Clave 'userAuthData' eliminada. color: #9E9E9E; font-style: italic; @ http://localhost:4200/chunk-H2E4C4AE.js:2883
[123560633ms] [LOG] %c🗑️ [StorageService] Eliminando clave: 'accessToken' color: #F44336; font-style: italic; @ http://localhost:4200/chunk-H2E4C4AE.js:2883
[123560633ms] [LOG] %c✅ [StorageService] Clave 'accessToken' eliminada. color: #9E9E9E; font-style: italic; @ http://localhost:4200/chunk-H2E4C4AE.js:2883
[123560634ms] [LOG] %c🧹 [SecurityService] Datos de sesión eliminados: userAuthData y accessToken. color: #9E9E9E; font-style: italic; @ http://localhost:4200/chunk-H2E4C4AE.js:2883
[123560690ms] [WARNING] NG0913: An image with src http://localhost:4200/assets/oficial/Logo%20Files/png/Color%20logo%20-%20no%20background.png has intrinsic file dimensions much larger than its rendered size. This can negatively impact application loading performance. For more information about addressing or disabling this warning, see https://v22.angular.dev/errors/NG0913. Find more at https://v22.angular.dev/errors/NG0913 @ http://localhost:4200/@fs/D:/repos/luxuryapp-api/appsweb/angular/.angular/cache/22.1.8/luxury-app/vite/deps/core-BtAdGG1h.js?v=79c56015:17980
[123560692ms] [WARNING] NG0913: An image with src http://localhost:4200/assets/oficial/Logo%20Files/png/Color%20logo%20-%20no%20background.png has intrinsic file dimensions much larger than its rendered size. This can negatively impact application loading performance. For more information about addressing or disabling this warning, see https://v22.angular.dev/errors/NG0913. Find more at https://v22.angular.dev/errors/NG0913 @ http://localhost:4200/@fs/D:/repos/luxuryapp-api/appsweb/angular/.angular/cache/22.1.8/luxury-app/vite/deps/core-BtAdGG1h.js?v=79c56015:17980
[123560693ms] [WARNING] NG0913: An image with src http://localhost:4200/assets/oficial/Logo%20Files/png/White%20logo%20-%20no%20background.png has intrinsic file dimensions much larger than its rendered size. This can negatively impact application loading performance. For more information about addressing or disabling this warning, see https://v22.angular.dev/errors/NG0913. Find more at https://v22.angular.dev/errors/NG0913 @ http://localhost:4200/@fs/D:/repos/luxuryapp-api/appsweb/angular/.angular/cache/22.1.8/luxury-app/vite/deps/core-BtAdGG1h.js?v=79c56015:17980
[123560721ms] [VERBOSE] [DOM] Input elements should have autocomplete attributes (suggested: "current-password"): (More info: https://goo.gl/9p2vKq) @ http://localhost:4200/auth/login:0
[124679475ms] [LOG] [vite] server connection lost. Polling for restart... @ http://localhost:4200/@vite/client:992
[124754811ms] [LOG] %c📦 [StorageService] Inicializando servicio de almacenamiento local... color: #3F51B5; font-style: italic; @ http://localhost:4200/chunk-H2E4C4AE.js:2883
[124754814ms] [LOG] %c [AuthService] Verificando ruta inicial: /auth/login | Es publica: true color: #9C27B0; font-style: italic; @ http://localhost:4200/chunk-H2E4C4AE.js:2883
[124754814ms] [LOG] %c [AuthService] Ruta publica detectada. Omitiendo login silencioso. color: #FFC107; font-style: italic; @ http://localhost:4200/chunk-H2E4C4AE.js:2883
[124754814ms] [LOG] %c🚀 [Initializer] Starting application state initialization... color: purple; font-style: italic; @ http://localhost:4200/chunk-H2E4C4AE.js:2883
[124754816ms] [LOG] %c🤷 [Initializer] No user session. Skipping customer state initialization. color: #9E9E9E; font-style: italic; @ http://localhost:4200/chunk-H2E4C4AE.js:2883
[124754817ms] [LOG] %c✅ [Initializer] State initialization complete. color: green; font-style: italic; @ http://localhost:4200/chunk-H2E4C4AE.js:2883
[124774207ms] [LOG] %c🔄 UpdateService: Inicializando servicio de actualizaciones color: blue; font-weight: bold; @ http://localhost:4200/chunk-2BPO4FAW.js:17
[124774208ms] [LOG] %c🔄 UpdateService: ❌ Service Worker NO habilitado color: red; font-weight: bold; @ http://localhost:4200/chunk-2BPO4FAW.js:33
[124774215ms] [LOG] %c🚀 [App] ¡Aplicación iniciada! Soy más ligero y rápido que nunca. color: #673AB7; font-style: italic; @ http://localhost:4200/chunk-H2E4C4AE.js:2883
[124774216ms] [LOG] %c⚠️ [App] Notificaciones bloqueadas por el usuario color: orange;font-style: italic @ http://localhost:4200/chunk-H2E4C4AE.js:2896
[124774221ms] [LOG] Angular is running in development mode. @ http://localhost:4200/@fs/D:/repos/luxuryapp-api/appsweb/angular/.angular/cache/22.1.8/luxury-app/vite/deps/core-BtAdGG1h.js?v=023c1ce3:9175
[124774932ms] [LOG] %c🔐 [SecurityService] Servicio de seguridad inicializado. color: #3F51B5; font-style: italic; @ http://localhost:4200/chunk-H2E4C4AE.js:2883
[124774973ms] [LOG] %c [Login] Iniciando.. color: #607D8B; font-style: italic; @ http://localhost:4200/chunk-H2E4C4AE.js:2883
[124774974ms] [LOG] %c [Login] Usando / como redireccion por defecto. color: #607D8B; font-style: italic; @ http://localhost:4200/chunk-H2E4C4AE.js:2883
[124774974ms] [LOG] %c [Login] URL final de redireccion: / color: #2196F3; font-style: italic; @ http://localhost:4200/chunk-H2E4C4AE.js:2883
[124774975ms] [LOG] %c [Login] Usuario recuperado. color: #FF9800; font-style: italic; @ http://localhost:4200/chunk-H2E4C4AE.js:2883
[124774975ms] [LOG] %c🚪 [SecurityService] Limpiando datos de autenticación... color: #F44336; font-style: italic; @ http://localhost:4200/chunk-H2E4C4AE.js:2883
[124774976ms] [LOG] %c🗑️ [StorageService] Eliminando clave: 'userAuthData' color: #F44336; font-style: italic; @ http://localhost:4200/chunk-H2E4C4AE.js:2883
[124774976ms] [LOG] %c✅ [StorageService] Clave 'userAuthData' eliminada. color: #9E9E9E; font-style: italic; @ http://localhost:4200/chunk-H2E4C4AE.js:2883
[124774976ms] [LOG] %c🗑️ [StorageService] Eliminando clave: 'accessToken' color: #F44336; font-style: italic; @ http://localhost:4200/chunk-H2E4C4AE.js:2883
[124774976ms] [LOG] %c✅ [StorageService] Clave 'accessToken' eliminada. color: #9E9E9E; font-style: italic; @ http://localhost:4200/chunk-H2E4C4AE.js:2883
[124774976ms] [LOG] %c🧹 [SecurityService] Datos de sesión eliminados: userAuthData y accessToken. color: #9E9E9E; font-style: italic; @ http://localhost:4200/chunk-H2E4C4AE.js:2883
[124774976ms] [LOG] %c [Login] Datos de sesion previa eliminados. color: #9E9E9E; font-style: italic; @ http://localhost:4200/chunk-H2E4C4AE.js:2883
[124774977ms] [LOG] %c🚪 [SecurityService] Limpiando datos de autenticación... color: #F44336; font-style: italic; @ http://localhost:4200/chunk-H2E4C4AE.js:2883
[124774977ms] [LOG] %c🗑️ [StorageService] Eliminando clave: 'userAuthData' color: #F44336; font-style: italic; @ http://localhost:4200/chunk-H2E4C4AE.js:2883
[124774977ms] [LOG] %c✅ [StorageService] Clave 'userAuthData' eliminada. color: #9E9E9E; font-style: italic; @ http://localhost:4200/chunk-H2E4C4AE.js:2883
[124774978ms] [LOG] %c🗑️ [StorageService] Eliminando clave: 'accessToken' color: #F44336; font-style: italic; @ http://localhost:4200/chunk-H2E4C4AE.js:2883
[124774978ms] [LOG] %c✅ [StorageService] Clave 'accessToken' eliminada. color: #9E9E9E; font-style: italic; @ http://localhost:4200/chunk-H2E4C4AE.js:2883
[124774978ms] [LOG] %c🧹 [SecurityService] Datos de sesión eliminados: userAuthData y accessToken. color: #9E9E9E; font-style: italic; @ http://localhost:4200/chunk-H2E4C4AE.js:2883
[124775066ms] [VERBOSE] [DOM] Input elements should have autocomplete attributes (suggested: "current-password"): (More info: https://goo.gl/9p2vKq) @ http://localhost:4200/auth/login:0
[136243116ms] [LOG] %c📦 [StorageService] Inicializando servicio de almacenamiento local... color: #3F51B5; font-style: italic; @ http://localhost:4200/chunk-H2E4C4AE.js:2883
[136243117ms] [LOG] %c [AuthService] Verificando ruta inicial: /auth/login | Es publica: true color: #9C27B0; font-style: italic; @ http://localhost:4200/chunk-H2E4C4AE.js:2883
[136243118ms] [LOG] %c [AuthService] Ruta publica detectada. Omitiendo login silencioso. color: #FFC107; font-style: italic; @ http://localhost:4200/chunk-H2E4C4AE.js:2883
[136243119ms] [LOG] %c🚀 [Initializer] Starting application state initialization... color: purple; font-style: italic; @ http://localhost:4200/chunk-H2E4C4AE.js:2883
[136243120ms] [LOG] %c🤷 [Initializer] No user session. Skipping customer state initialization. color: #9E9E9E; font-style: italic; @ http://localhost:4200/chunk-H2E4C4AE.js:2883
[136243122ms] [LOG] %c✅ [Initializer] State initialization complete. color: green; font-style: italic; @ http://localhost:4200/chunk-H2E4C4AE.js:2883
[136243523ms] [LOG] %c🔄 UpdateService: Inicializando servicio de actualizaciones color: blue; font-weight: bold; @ http://localhost:4200/chunk-2BPO4FAW.js:17
[136243524ms] [LOG] %c🔄 UpdateService: ❌ Service Worker NO habilitado color: red; font-weight: bold; @ http://localhost:4200/chunk-2BPO4FAW.js:33
[136243530ms] [LOG] %c🚀 [App] ¡Aplicación iniciada! Soy más ligero y rápido que nunca. color: #673AB7; font-style: italic; @ http://localhost:4200/chunk-H2E4C4AE.js:2883
[136243533ms] [LOG] %c⚠️ [App] Notificaciones bloqueadas por el usuario color: orange;font-style: italic @ http://localhost:4200/chunk-H2E4C4AE.js:2896
[136243537ms] [LOG] Angular is running in development mode. @ http://localhost:4200/@fs/D:/repos/luxuryapp-api/appsweb/angular/.angular/cache/22.1.8/luxury-app/vite/deps/core-BtAdGG1h.js?v=023c1ce3:9175
[136244146ms] [LOG] %c🔐 [SecurityService] Servicio de seguridad inicializado. color: #3F51B5; font-style: italic; @ http://localhost:4200/chunk-H2E4C4AE.js:2883
[136244187ms] [LOG] %c [Login] Iniciando.. color: #607D8B; font-style: italic; @ http://localhost:4200/chunk-H2E4C4AE.js:2883
[136244187ms] [LOG] %c [Login] Usando / como redireccion por defecto. color: #607D8B; font-style: italic; @ http://localhost:4200/chunk-H2E4C4AE.js:2883
[136244188ms] [LOG] %c [Login] URL final de redireccion: / color: #2196F3; font-style: italic; @ http://localhost:4200/chunk-H2E4C4AE.js:2883
[136244188ms] [LOG] %c [Login] Usuario recuperado. color: #FF9800; font-style: italic; @ http://localhost:4200/chunk-H2E4C4AE.js:2883
[136244189ms] [LOG] %c🚪 [SecurityService] Limpiando datos de autenticación... color: #F44336; font-style: italic; @ http://localhost:4200/chunk-H2E4C4AE.js:2883
[136244189ms] [LOG] %c🗑️ [StorageService] Eliminando clave: 'userAuthData' color: #F44336; font-style: italic; @ http://localhost:4200/chunk-H2E4C4AE.js:2883
[136244189ms] [LOG] %c✅ [StorageService] Clave 'userAuthData' eliminada. color: #9E9E9E; font-style: italic; @ http://localhost:4200/chunk-H2E4C4AE.js:2883
[136244190ms] [LOG] %c🗑️ [StorageService] Eliminando clave: 'accessToken' color: #F44336; font-style: italic; @ http://localhost:4200/chunk-H2E4C4AE.js:2883
[136244190ms] [LOG] %c✅ [StorageService] Clave 'accessToken' eliminada. color: #9E9E9E; font-style: italic; @ http://localhost:4200/chunk-H2E4C4AE.js:2883
[136244191ms] [LOG] %c🧹 [SecurityService] Datos de sesión eliminados: userAuthData y accessToken. color: #9E9E9E; font-style: italic; @ http://localhost:4200/chunk-H2E4C4AE.js:2883
[136244191ms] [LOG] %c [Login] Datos de sesion previa eliminados. color: #9E9E9E; font-style: italic; @ http://localhost:4200/chunk-H2E4C4AE.js:2883
[136244191ms] [LOG] %c🚪 [SecurityService] Limpiando datos de autenticación... color: #F44336; font-style: italic; @ http://localhost:4200/chunk-H2E4C4AE.js:2883
[136244192ms] [LOG] %c🗑️ [StorageService] Eliminando clave: 'userAuthData' color: #F44336; font-style: italic; @ http://localhost:4200/chunk-H2E4C4AE.js:2883
[136244192ms] [LOG] %c✅ [StorageService] Clave 'userAuthData' eliminada. color: #9E9E9E; font-style: italic; @ http://localhost:4200/chunk-H2E4C4AE.js:2883
[136244193ms] [LOG] %c🗑️ [StorageService] Eliminando clave: 'accessToken' color: #F44336; font-style: italic; @ http://localhost:4200/chunk-H2E4C4AE.js:2883
[136244193ms] [LOG] %c✅ [StorageService] Clave 'accessToken' eliminada. color: #9E9E9E; font-style: italic; @ http://localhost:4200/chunk-H2E4C4AE.js:2883
[136244194ms] [LOG] %c🧹 [SecurityService] Datos de sesión eliminados: userAuthData y accessToken. color: #9E9E9E; font-style: italic; @ http://localhost:4200/chunk-H2E4C4AE.js:2883
[136244319ms] [VERBOSE] [DOM] Input elements should have autocomplete attributes (suggested: "current-password"): (More info: https://goo.gl/9p2vKq) @ http://localhost:4200/auth/login:0
[136305204ms] [LOG] %c📦 [StorageService] Inicializando servicio de almacenamiento local... color: #3F51B5; font-style: italic; @ http://localhost:4200/chunk-H2E4C4AE.js:2883
[136305205ms] [LOG] %c [AuthService] Verificando ruta inicial: /auth/login | Es publica: true color: #9C27B0; font-style: italic; @ http://localhost:4200/chunk-H2E4C4AE.js:2883
[136305205ms] [LOG] %c [AuthService] Ruta publica detectada. Omitiendo login silencioso. color: #FFC107; font-style: italic; @ http://localhost:4200/chunk-H2E4C4AE.js:2883
[136305206ms] [LOG] %c🚀 [Initializer] Starting application state initialization... color: purple; font-style: italic; @ http://localhost:4200/chunk-H2E4C4AE.js:2883
[136305206ms] [LOG] %c🤷 [Initializer] No user session. Skipping customer state initialization. color: #9E9E9E; font-style: italic; @ http://localhost:4200/chunk-H2E4C4AE.js:2883
[136305207ms] [LOG] %c✅ [Initializer] State initialization complete. color: green; font-style: italic; @ http://localhost:4200/chunk-H2E4C4AE.js:2883
[136305238ms] [LOG] %c🔄 UpdateService: Inicializando servicio de actualizaciones color: blue; font-weight: bold; @ http://localhost:4200/chunk-2BPO4FAW.js:17
[136305238ms] [LOG] %c🔄 UpdateService: ❌ Service Worker NO habilitado color: red; font-weight: bold; @ http://localhost:4200/chunk-2BPO4FAW.js:33
[136305243ms] [LOG] %c🚀 [App] ¡Aplicación iniciada! Soy más ligero y rápido que nunca. color: #673AB7; font-style: italic; @ http://localhost:4200/chunk-H2E4C4AE.js:2883
[136305246ms] [LOG] %c⚠️ [App] Notificaciones bloqueadas por el usuario color: orange;font-style: italic @ http://localhost:4200/chunk-H2E4C4AE.js:2896
[136305250ms] [LOG] Angular is running in development mode. @ http://localhost:4200/@fs/D:/repos/luxuryapp-api/appsweb/angular/.angular/cache/22.1.8/luxury-app/vite/deps/core-BtAdGG1h.js?v=023c1ce3:9175
[136306194ms] [LOG] %c🔐 [SecurityService] Servicio de seguridad inicializado. color: #3F51B5; font-style: italic; @ http://localhost:4200/chunk-H2E4C4AE.js:2883
[136306250ms] [LOG] %c [Login] Iniciando.. color: #607D8B; font-style: italic; @ http://localhost:4200/chunk-H2E4C4AE.js:2883
[136306251ms] [LOG] %c [Login] Usando / como redireccion por defecto. color: #607D8B; font-style: italic; @ http://localhost:4200/chunk-H2E4C4AE.js:2883
[136306251ms] [LOG] %c [Login] URL final de redireccion: / color: #2196F3; font-style: italic; @ http://localhost:4200/chunk-H2E4C4AE.js:2883
[136306252ms] [LOG] %c [Login] Usuario recuperado. color: #FF9800; font-style: italic; @ http://localhost:4200/chunk-H2E4C4AE.js:2883
[136306252ms] [LOG] %c🚪 [SecurityService] Limpiando datos de autenticación... color: #F44336; font-style: italic; @ http://localhost:4200/chunk-H2E4C4AE.js:2883
[136306252ms] [LOG] %c🗑️ [StorageService] Eliminando clave: 'userAuthData' color: #F44336; font-style: italic; @ http://localhost:4200/chunk-H2E4C4AE.js:2883
[136306253ms] [LOG] %c✅ [StorageService] Clave 'userAuthData' eliminada. color: #9E9E9E; font-style: italic; @ http://localhost:4200/chunk-H2E4C4AE.js:2883
[136306253ms] [LOG] %c🗑️ [StorageService] Eliminando clave: 'accessToken' color: #F44336; font-style: italic; @ http://localhost:4200/chunk-H2E4C4AE.js:2883
[136306253ms] [LOG] %c✅ [StorageService] Clave 'accessToken' eliminada. color: #9E9E9E; font-style: italic; @ http://localhost:4200/chunk-H2E4C4AE.js:2883
[136306254ms] [LOG] %c🧹 [SecurityService] Datos de sesión eliminados: userAuthData y accessToken. color: #9E9E9E; font-style: italic; @ http://localhost:4200/chunk-H2E4C4AE.js:2883
[136306254ms] [LOG] %c [Login] Datos de sesion previa eliminados. color: #9E9E9E; font-style: italic; @ http://localhost:4200/chunk-H2E4C4AE.js:2883
[136306255ms] [LOG] %c🚪 [SecurityService] Limpiando datos de autenticación... color: #F44336; font-style: italic; @ http://localhost:4200/chunk-H2E4C4AE.js:2883
[136306255ms] [LOG] %c🗑️ [StorageService] Eliminando clave: 'userAuthData' color: #F44336; font-style: italic; @ http://localhost:4200/chunk-H2E4C4AE.js:2883
[136306255ms] [LOG] %c✅ [StorageService] Clave 'userAuthData' eliminada. color: #9E9E9E; font-style: italic; @ http://localhost:4200/chunk-H2E4C4AE.js:2883
[136306256ms] [LOG] %c🗑️ [StorageService] Eliminando clave: 'accessToken' color: #F44336; font-style: italic; @ http://localhost:4200/chunk-H2E4C4AE.js:2883
[136306256ms] [LOG] %c✅ [StorageService] Clave 'accessToken' eliminada. color: #9E9E9E; font-style: italic; @ http://localhost:4200/chunk-H2E4C4AE.js:2883
[136306256ms] [LOG] %c🧹 [SecurityService] Datos de sesión eliminados: userAuthData y accessToken. color: #9E9E9E; font-style: italic; @ http://localhost:4200/chunk-H2E4C4AE.js:2883
[136306369ms] [VERBOSE] [DOM] Input elements should have autocomplete attributes (suggested: "current-password"): (More info: https://goo.gl/9p2vKq) @ http://localhost:4200/auth/login:0
[136343831ms] [LOG] %c📦 [StorageService] Inicializando servicio de almacenamiento local... color: #3F51B5; font-style: italic; @ http://localhost:4200/chunk-H2E4C4AE.js:2883
[136343832ms] [LOG] %c [AuthService] Verificando ruta inicial: /auth/login | Es publica: true color: #9C27B0; font-style: italic; @ http://localhost:4200/chunk-H2E4C4AE.js:2883
[136343833ms] [LOG] %c [AuthService] Ruta publica detectada. Omitiendo login silencioso. color: #FFC107; font-style: italic; @ http://localhost:4200/chunk-H2E4C4AE.js:2883
[136343833ms] [LOG] %c🚀 [Initializer] Starting application state initialization... color: purple; font-style: italic; @ http://localhost:4200/chunk-H2E4C4AE.js:2883
[136343834ms] [LOG] %c🤷 [Initializer] No user session. Skipping customer state initialization. color: #9E9E9E; font-style: italic; @ http://localhost:4200/chunk-H2E4C4AE.js:2883
[136343834ms] [LOG] %c✅ [Initializer] State initialization complete. color: green; font-style: italic; @ http://localhost:4200/chunk-H2E4C4AE.js:2883
[136343863ms] [LOG] %c🔄 UpdateService: Inicializando servicio de actualizaciones color: blue; font-weight: bold; @ http://localhost:4200/chunk-2BPO4FAW.js:17
[136343863ms] [LOG] %c🔄 UpdateService: ❌ Service Worker NO habilitado color: red; font-weight: bold; @ http://localhost:4200/chunk-2BPO4FAW.js:33
[136343870ms] [LOG] %c🚀 [App] ¡Aplicación iniciada! Soy más ligero y rápido que nunca. color: #673AB7; font-style: italic; @ http://localhost:4200/chunk-H2E4C4AE.js:2883
[136343871ms] [LOG] %c⚠️ [App] Notificaciones bloqueadas por el usuario color: orange;font-style: italic @ http://localhost:4200/chunk-H2E4C4AE.js:2896
[136343878ms] [LOG] Angular is running in development mode. @ http://localhost:4200/@fs/D:/repos/luxuryapp-api/appsweb/angular/.angular/cache/22.1.8/luxury-app/vite/deps/core-BtAdGG1h.js?v=023c1ce3:9175
[136344148ms] [LOG] %c🔐 [SecurityService] Servicio de seguridad inicializado. color: #3F51B5; font-style: italic; @ http://localhost:4200/chunk-H2E4C4AE.js:2883
[136344188ms] [LOG] %c [Login] Iniciando.. color: #607D8B; font-style: italic; @ http://localhost:4200/chunk-H2E4C4AE.js:2883
[136344189ms] [LOG] %c [Login] Usando / como redireccion por defecto. color: #607D8B; font-style: italic; @ http://localhost:4200/chunk-H2E4C4AE.js:2883
[136344189ms] [LOG] %c [Login] URL final de redireccion: / color: #2196F3; font-style: italic; @ http://localhost:4200/chunk-H2E4C4AE.js:2883
[136344190ms] [LOG] %c [Login] Usuario recuperado. color: #FF9800; font-style: italic; @ http://localhost:4200/chunk-H2E4C4AE.js:2883
[136344191ms] [LOG] %c🚪 [SecurityService] Limpiando datos de autenticación... color: #F44336; font-style: italic; @ http://localhost:4200/chunk-H2E4C4AE.js:2883
[136344191ms] [LOG] %c🗑️ [StorageService] Eliminando clave: 'userAuthData' color: #F44336; font-style: italic; @ http://localhost:4200/chunk-H2E4C4AE.js:2883
[136344192ms] [LOG] %c✅ [StorageService] Clave 'userAuthData' eliminada. color: #9E9E9E; font-style: italic; @ http://localhost:4200/chunk-H2E4C4AE.js:2883
[136344192ms] [LOG] %c🗑️ [StorageService] Eliminando clave: 'accessToken' color: #F44336; font-style: italic; @ http://localhost:4200/chunk-H2E4C4AE.js:2883
[136344192ms] [LOG] %c✅ [StorageService] Clave 'accessToken' eliminada. color: #9E9E9E; font-style: italic; @ http://localhost:4200/chunk-H2E4C4AE.js:2883
[136344192ms] [LOG] %c🧹 [SecurityService] Datos de sesión eliminados: userAuthData y accessToken. color: #9E9E9E; font-style: italic; @ http://localhost:4200/chunk-H2E4C4AE.js:2883
[136344193ms] [LOG] %c [Login] Datos de sesion previa eliminados. color: #9E9E9E; font-style: italic; @ http://localhost:4200/chunk-H2E4C4AE.js:2883
[136344194ms] [LOG] %c🚪 [SecurityService] Limpiando datos de autenticación... color: #F44336; font-style: italic; @ http://localhost:4200/chunk-H2E4C4AE.js:2883
[136344194ms] [LOG] %c🗑️ [StorageService] Eliminando clave: 'userAuthData' color: #F44336; font-style: italic; @ http://localhost:4200/chunk-H2E4C4AE.js:2883
[136344195ms] [LOG] %c✅ [StorageService] Clave 'userAuthData' eliminada. color: #9E9E9E; font-style: italic; @ http://localhost:4200/chunk-H2E4C4AE.js:2883
[136344195ms] [LOG] %c🗑️ [StorageService] Eliminando clave: 'accessToken' color: #F44336; font-style: italic; @ http://localhost:4200/chunk-H2E4C4AE.js:2883
[136344195ms] [LOG] %c✅ [StorageService] Clave 'accessToken' eliminada. color: #9E9E9E; font-style: italic; @ http://localhost:4200/chunk-H2E4C4AE.js:2883
[136344196ms] [LOG] %c🧹 [SecurityService] Datos de sesión eliminados: userAuthData y accessToken. color: #9E9E9E; font-style: italic; @ http://localhost:4200/chunk-H2E4C4AE.js:2883
[136344284ms] [VERBOSE] [DOM] Input elements should have autocomplete attributes (suggested: "current-password"): (More info: https://goo.gl/9p2vKq) @ http://localhost:4200/auth/login:0
[143704153ms] [LOG] [vite] server connection lost. Polling for restart... @ http://localhost:4200/@vite/client:992
[169263093ms] [LOG] %c📦 [StorageService] Inicializando servicio de almacenamiento local... color: #3F51B5; font-style: italic; @ http://localhost:4200/chunk-H2E4C4AE.js:2883
[169263094ms] [LOG] %c [AuthService] Verificando ruta inicial: /auth/login | Es publica: true color: #9C27B0; font-style: italic; @ http://localhost:4200/chunk-H2E4C4AE.js:2883
[169263094ms] [LOG] %c [AuthService] Ruta publica detectada. Omitiendo login silencioso. color: #FFC107; font-style: italic; @ http://localhost:4200/chunk-H2E4C4AE.js:2883
[169263094ms] [LOG] %c🚀 [Initializer] Starting application state initialization... color: purple; font-style: italic; @ http://localhost:4200/chunk-H2E4C4AE.js:2883
[169263095ms] [LOG] %c🤷 [Initializer] No user session. Skipping customer state initialization. color: #9E9E9E; font-style: italic; @ http://localhost:4200/chunk-H2E4C4AE.js:2883
[169263096ms] [LOG] %c✅ [Initializer] State initialization complete. color: green; font-style: italic; @ http://localhost:4200/chunk-H2E4C4AE.js:2883
[169263139ms] [LOG] %c🔄 UpdateService: Inicializando servicio de actualizaciones color: blue; font-weight: bold; @ http://localhost:4200/chunk-2BPO4FAW.js:17
[169263139ms] [LOG] %c🔄 UpdateService: ❌ Service Worker NO habilitado color: red; font-weight: bold; @ http://localhost:4200/chunk-2BPO4FAW.js:33
[169263143ms] [LOG] %c🚀 [App] ¡Aplicación iniciada! Soy más ligero y rápido que nunca. color: #673AB7; font-style: italic; @ http://localhost:4200/chunk-H2E4C4AE.js:2883
[169263144ms] [LOG] %c⚠️ [App] Notificaciones bloqueadas por el usuario color: orange;font-style: italic @ http://localhost:4200/chunk-H2E4C4AE.js:2896
[169263153ms] [LOG] Angular is running in development mode. @ http://localhost:4200/@fs/D:/repos/luxuryapp-api/appsweb/angular/.angular/cache/22.1.8/luxury-app/vite/deps/core-BtAdGG1h.js?v=023c1ce3:9175
[169265569ms] [LOG] %c🔐 [SecurityService] Servicio de seguridad inicializado. color: #3F51B5; font-style: italic; @ http://localhost:4200/chunk-H2E4C4AE.js:2883
[169265627ms] [LOG] %c [Login] Iniciando.. color: #607D8B; font-style: italic; @ http://localhost:4200/chunk-H2E4C4AE.js:2883
[169265628ms] [LOG] %c [Login] Usando / como redireccion por defecto. color: #607D8B; font-style: italic; @ http://localhost:4200/chunk-H2E4C4AE.js:2883
[169265628ms] [LOG] %c [Login] URL final de redireccion: / color: #2196F3; font-style: italic; @ http://localhost:4200/chunk-H2E4C4AE.js:2883
[169265629ms] [LOG] %c [Login] Usuario recuperado. color: #FF9800; font-style: italic; @ http://localhost:4200/chunk-H2E4C4AE.js:2883
[169265631ms] [LOG] %c🚪 [SecurityService] Limpiando datos de autenticación... color: #F44336; font-style: italic; @ http://localhost:4200/chunk-H2E4C4AE.js:2883
[169265633ms] [LOG] %c🗑️ [StorageService] Eliminando clave: 'userAuthData' color: #F44336; font-style: italic; @ http://localhost:4200/chunk-H2E4C4AE.js:2883
[169265633ms] [LOG] %c✅ [StorageService] Clave 'userAuthData' eliminada. color: #9E9E9E; font-style: italic; @ http://localhost:4200/chunk-H2E4C4AE.js:2883
[169265634ms] [LOG] %c🗑️ [StorageService] Eliminando clave: 'accessToken' color: #F44336; font-style: italic; @ http://localhost:4200/chunk-H2E4C4AE.js:2883
[169265639ms] [LOG] %c✅ [StorageService] Clave 'accessToken' eliminada. color: #9E9E9E; font-style: italic; @ http://localhost:4200/chunk-H2E4C4AE.js:2883
[169265642ms] [LOG] %c🧹 [SecurityService] Datos de sesión eliminados: userAuthData y accessToken. color: #9E9E9E; font-style: italic; @ http://localhost:4200/chunk-H2E4C4AE.js:2883
[169265649ms] [LOG] %c [Login] Datos de sesion previa eliminados. color: #9E9E9E; font-style: italic; @ http://localhost:4200/chunk-H2E4C4AE.js:2883
[169265651ms] [LOG] %c🚪 [SecurityService] Limpiando datos de autenticación... color: #F44336; font-style: italic; @ http://localhost:4200/chunk-H2E4C4AE.js:2883
[169265655ms] [LOG] %c🗑️ [StorageService] Eliminando clave: 'userAuthData' color: #F44336; font-style: italic; @ http://localhost:4200/chunk-H2E4C4AE.js:2883
[169265661ms] [LOG] %c✅ [StorageService] Clave 'userAuthData' eliminada. color: #9E9E9E; font-style: italic; @ http://localhost:4200/chunk-H2E4C4AE.js:2883
[169265661ms] [LOG] %c🗑️ [StorageService] Eliminando clave: 'accessToken' color: #F44336; font-style: italic; @ http://localhost:4200/chunk-H2E4C4AE.js:2883
[169265664ms] [LOG] %c✅ [StorageService] Clave 'accessToken' eliminada. color: #9E9E9E; font-style: italic; @ http://localhost:4200/chunk-H2E4C4AE.js:2883
[169265667ms] [LOG] %c🧹 [SecurityService] Datos de sesión eliminados: userAuthData y accessToken. color: #9E9E9E; font-style: italic; @ http://localhost:4200/chunk-H2E4C4AE.js:2883
[169265711ms] [VERBOSE] [DOM] Input elements should have autocomplete attributes (suggested: "current-password"): (More info: https://goo.gl/9p2vKq) @ http://localhost:4200/auth/login:0
[171264998ms] [LOG] %c📦 [StorageService] Inicializando servicio de almacenamiento local... color: #3F51B5; font-style: italic; @ http://localhost:4200/chunk-H2E4C4AE.js:2883
[171265000ms] [LOG] %c [AuthService] Verificando ruta inicial: /auth/login | Es publica: true color: #9C27B0; font-style: italic; @ http://localhost:4200/chunk-H2E4C4AE.js:2883
[171265000ms] [LOG] %c [AuthService] Ruta publica detectada. Omitiendo login silencioso. color: #FFC107; font-style: italic; @ http://localhost:4200/chunk-H2E4C4AE.js:2883
[171265000ms] [LOG] %c🚀 [Initializer] Starting application state initialization... color: purple; font-style: italic; @ http://localhost:4200/chunk-H2E4C4AE.js:2883
[171265001ms] [LOG] %c🤷 [Initializer] No user session. Skipping customer state initialization. color: #9E9E9E; font-style: italic; @ http://localhost:4200/chunk-H2E4C4AE.js:2883
[171265002ms] [LOG] %c✅ [Initializer] State initialization complete. color: green; font-style: italic; @ http://localhost:4200/chunk-H2E4C4AE.js:2883
[171265032ms] [LOG] %c🔄 UpdateService: Inicializando servicio de actualizaciones color: blue; font-weight: bold; @ http://localhost:4200/chunk-2BPO4FAW.js:17
[171265033ms] [LOG] %c🔄 UpdateService: ❌ Service Worker NO habilitado color: red; font-weight: bold; @ http://localhost:4200/chunk-2BPO4FAW.js:33
[171265039ms] [LOG] %c🚀 [App] ¡Aplicación iniciada! Soy más ligero y rápido que nunca. color: #673AB7; font-style: italic; @ http://localhost:4200/chunk-H2E4C4AE.js:2883
[171265040ms] [LOG] %c⚠️ [App] Notificaciones bloqueadas por el usuario color: orange;font-style: italic @ http://localhost:4200/chunk-H2E4C4AE.js:2896
[171265043ms] [LOG] Angular is running in development mode. @ http://localhost:4200/@fs/D:/repos/luxuryapp-api/appsweb/angular/.angular/cache/22.1.8/luxury-app/vite/deps/core-BtAdGG1h.js?v=023c1ce3:9175
[171265356ms] [LOG] %c🔐 [SecurityService] Servicio de seguridad inicializado. color: #3F51B5; font-style: italic; @ http://localhost:4200/chunk-H2E4C4AE.js:2883
[171265399ms] [LOG] %c [Login] Iniciando.. color: #607D8B; font-style: italic; @ http://localhost:4200/chunk-H2E4C4AE.js:2883
[171265399ms] [LOG] %c [Login] Usando / como redireccion por defecto. color: #607D8B; font-style: italic; @ http://localhost:4200/chunk-H2E4C4AE.js:2883
[171265400ms] [LOG] %c [Login] URL final de redireccion: / color: #2196F3; font-style: italic; @ http://localhost:4200/chunk-H2E4C4AE.js:2883
[171265401ms] [LOG] %c [Login] Usuario recuperado. color: #FF9800; font-style: italic; @ http://localhost:4200/chunk-H2E4C4AE.js:2883
[171265401ms] [LOG] %c🚪 [SecurityService] Limpiando datos de autenticación... color: #F44336; font-style: italic; @ http://localhost:4200/chunk-H2E4C4AE.js:2883
[171265402ms] [LOG] %c🗑️ [StorageService] Eliminando clave: 'userAuthData' color: #F44336; font-style: italic; @ http://localhost:4200/chunk-H2E4C4AE.js:2883
[171265402ms] [LOG] %c✅ [StorageService] Clave 'userAuthData' eliminada. color: #9E9E9E; font-style: italic; @ http://localhost:4200/chunk-H2E4C4AE.js:2883
[171265402ms] [LOG] %c🗑️ [StorageService] Eliminando clave: 'accessToken' color: #F44336; font-style: italic; @ http://localhost:4200/chunk-H2E4C4AE.js:2883
[171265402ms] [LOG] %c✅ [StorageService] Clave 'accessToken' eliminada. color: #9E9E9E; font-style: italic; @ http://localhost:4200/chunk-H2E4C4AE.js:2883
[171265403ms] [LOG] %c🧹 [SecurityService] Datos de sesión eliminados: userAuthData y accessToken. color: #9E9E9E; font-style: italic; @ http://localhost:4200/chunk-H2E4C4AE.js:2883
[171265404ms] [LOG] %c [Login] Datos de sesion previa eliminados. color: #9E9E9E; font-style: italic; @ http://localhost:4200/chunk-H2E4C4AE.js:2883
[171265405ms] [LOG] %c🚪 [SecurityService] Limpiando datos de autenticación... color: #F44336; font-style: italic; @ http://localhost:4200/chunk-H2E4C4AE.js:2883
[171265405ms] [LOG] %c🗑️ [StorageService] Eliminando clave: 'userAuthData' color: #F44336; font-style: italic; @ http://localhost:4200/chunk-H2E4C4AE.js:2883
[171265405ms] [LOG] %c✅ [StorageService] Clave 'userAuthData' eliminada. color: #9E9E9E; font-style: italic; @ http://localhost:4200/chunk-H2E4C4AE.js:2883
[171265406ms] [LOG] %c🗑️ [StorageService] Eliminando clave: 'accessToken' color: #F44336; font-style: italic; @ http://localhost:4200/chunk-H2E4C4AE.js:2883
[171265406ms] [LOG] %c✅ [StorageService] Clave 'accessToken' eliminada. color: #9E9E9E; font-style: italic; @ http://localhost:4200/chunk-H2E4C4AE.js:2883
[171265406ms] [LOG] %c🧹 [SecurityService] Datos de sesión eliminados: userAuthData y accessToken. color: #9E9E9E; font-style: italic; @ http://localhost:4200/chunk-H2E4C4AE.js:2883
[171265491ms] [VERBOSE] [DOM] Input elements should have autocomplete attributes (suggested: "current-password"): (More info: https://goo.gl/9p2vKq) @ http://localhost:4200/auth/login:0
[172757632ms] [LOG] %c📦 [StorageService] Inicializando servicio de almacenamiento local... color: #3F51B5; font-style: italic; @ http://localhost:4200/chunk-H2E4C4AE.js:2883
[172757636ms] [LOG] %c [AuthService] Verificando ruta inicial: /auth/login | Es publica: true color: #9C27B0; font-style: italic; @ http://localhost:4200/chunk-H2E4C4AE.js:2883
[172757636ms] [LOG] %c [AuthService] Ruta publica detectada. Omitiendo login silencioso. color: #FFC107; font-style: italic; @ http://localhost:4200/chunk-H2E4C4AE.js:2883
[172757637ms] [LOG] %c🚀 [Initializer] Starting application state initialization... color: purple; font-style: italic; @ http://localhost:4200/chunk-H2E4C4AE.js:2883
[172757638ms] [LOG] %c🤷 [Initializer] No user session. Skipping customer state initialization. color: #9E9E9E; font-style: italic; @ http://localhost:4200/chunk-H2E4C4AE.js:2883
[172757639ms] [LOG] %c✅ [Initializer] State initialization complete. color: green; font-style: italic; @ http://localhost:4200/chunk-H2E4C4AE.js:2883
[172757682ms] [LOG] %c🔄 UpdateService: Inicializando servicio de actualizaciones color: blue; font-weight: bold; @ http://localhost:4200/chunk-2BPO4FAW.js:17
[172757682ms] [LOG] %c🔄 UpdateService: ❌ Service Worker NO habilitado color: red; font-weight: bold; @ http://localhost:4200/chunk-2BPO4FAW.js:33
[172757689ms] [LOG] %c🚀 [App] ¡Aplicación iniciada! Soy más ligero y rápido que nunca. color: #673AB7; font-style: italic; @ http://localhost:4200/chunk-H2E4C4AE.js:2883
[172757691ms] [LOG] %c⚠️ [App] Notificaciones bloqueadas por el usuario color: orange;font-style: italic @ http://localhost:4200/chunk-H2E4C4AE.js:2896
[172757698ms] [LOG] Angular is running in development mode. @ http://localhost:4200/@fs/D:/repos/luxuryapp-api/appsweb/angular/.angular/cache/22.1.8/luxury-app/vite/deps/core-BtAdGG1h.js?v=023c1ce3:9175
[172757887ms] [LOG] %c🔐 [SecurityService] Servicio de seguridad inicializado. color: #3F51B5; font-style: italic; @ http://localhost:4200/chunk-H2E4C4AE.js:2883
[172757922ms] [LOG] %c [Login] Iniciando.. color: #607D8B; font-style: italic; @ http://localhost:4200/chunk-H2E4C4AE.js:2883
[172757922ms] [LOG] %c [Login] Usando / como redireccion por defecto. color: #607D8B; font-style: italic; @ http://localhost:4200/chunk-H2E4C4AE.js:2883
[172757922ms] [LOG] %c [Login] URL final de redireccion: / color: #2196F3; font-style: italic; @ http://localhost:4200/chunk-H2E4C4AE.js:2883
[172757923ms] [LOG] %c [Login] Usuario recuperado. color: #FF9800; font-style: italic; @ http://localhost:4200/chunk-H2E4C4AE.js:2883
[172757923ms] [LOG] %c🚪 [SecurityService] Limpiando datos de autenticación... color: #F44336; font-style: italic; @ http://localhost:4200/chunk-H2E4C4AE.js:2883
[172757923ms] [LOG] %c🗑️ [StorageService] Eliminando clave: 'userAuthData' color: #F44336; font-style: italic; @ http://localhost:4200/chunk-H2E4C4AE.js:2883
[172757924ms] [LOG] %c✅ [StorageService] Clave 'userAuthData' eliminada. color: #9E9E9E; font-style: italic; @ http://localhost:4200/chunk-H2E4C4AE.js:2883
[172757924ms] [LOG] %c🗑️ [StorageService] Eliminando clave: 'accessToken' color: #F44336; font-style: italic; @ http://localhost:4200/chunk-H2E4C4AE.js:2883
[172757924ms] [LOG] %c✅ [StorageService] Clave 'accessToken' eliminada. color: #9E9E9E; font-style: italic; @ http://localhost:4200/chunk-H2E4C4AE.js:2883
[172757924ms] [LOG] %c🧹 [SecurityService] Datos de sesión eliminados: userAuthData y accessToken. color: #9E9E9E; font-style: italic; @ http://localhost:4200/chunk-H2E4C4AE.js:2883
[172757925ms] [LOG] %c [Login] Datos de sesion previa eliminados. color: #9E9E9E; font-style: italic; @ http://localhost:4200/chunk-H2E4C4AE.js:2883
[172757925ms] [LOG] %c🚪 [SecurityService] Limpiando datos de autenticación... color: #F44336; font-style: italic; @ http://localhost:4200/chunk-H2E4C4AE.js:2883
[172757926ms] [LOG] %c🗑️ [StorageService] Eliminando clave: 'userAuthData' color: #F44336; font-style: italic; @ http://localhost:4200/chunk-H2E4C4AE.js:2883
[172757926ms] [LOG] %c✅ [StorageService] Clave 'userAuthData' eliminada. color: #9E9E9E; font-style: italic; @ http://localhost:4200/chunk-H2E4C4AE.js:2883
[172757926ms] [LOG] %c🗑️ [StorageService] Eliminando clave: 'accessToken' color: #F44336; font-style: italic; @ http://localhost:4200/chunk-H2E4C4AE.js:2883
[172757927ms] [LOG] %c✅ [StorageService] Clave 'accessToken' eliminada. color: #9E9E9E; font-style: italic; @ http://localhost:4200/chunk-H2E4C4AE.js:2883
[172757927ms] [LOG] %c🧹 [SecurityService] Datos de sesión eliminados: userAuthData y accessToken. color: #9E9E9E; font-style: italic; @ http://localhost:4200/chunk-H2E4C4AE.js:2883
[172758015ms] [WARNING] NG0913: An image with src http://localhost:4200/assets/oficial/Logo%20Files/png/Color%20logo%20-%20no%20background.png has intrinsic file dimensions much larger than its rendered size. This can negatively impact application loading performance. For more information about addressing or disabling this warning, see https://v22.angular.dev/errors/NG0913. Find more at https://v22.angular.dev/errors/NG0913 @ http://localhost:4200/@fs/D:/repos/luxuryapp-api/appsweb/angular/.angular/cache/22.1.8/luxury-app/vite/deps/core-BtAdGG1h.js?v=023c1ce3:17980
[172758016ms] [WARNING] NG0913: An image with src http://localhost:4200/assets/oficial/Logo%20Files/png/Color%20logo%20-%20no%20background.png has intrinsic file dimensions much larger than its rendered size. This can negatively impact application loading performance. For more information about addressing or disabling this warning, see https://v22.angular.dev/errors/NG0913. Find more at https://v22.angular.dev/errors/NG0913 @ http://localhost:4200/@fs/D:/repos/luxuryapp-api/appsweb/angular/.angular/cache/22.1.8/luxury-app/vite/deps/core-BtAdGG1h.js?v=023c1ce3:17980
[172758019ms] [WARNING] NG0913: An image with src http://localhost:4200/assets/oficial/Logo%20Files/png/White%20logo%20-%20no%20background.png has intrinsic file dimensions much larger than its rendered size. This can negatively impact application loading performance. For more information about addressing or disabling this warning, see https://v22.angular.dev/errors/NG0913. Find more at https://v22.angular.dev/errors/NG0913 @ http://localhost:4200/@fs/D:/repos/luxuryapp-api/appsweb/angular/.angular/cache/22.1.8/luxury-app/vite/deps/core-BtAdGG1h.js?v=023c1ce3:17980
[172758025ms] [VERBOSE] [DOM] Input elements should have autocomplete attributes (suggested: "current-password"): (More info: https://goo.gl/9p2vKq) @ http://localhost:4200/auth/login:0
[173156320ms] [LOG] %c📦 [StorageService] Inicializando servicio de almacenamiento local... color: #3F51B5; font-style: italic; @ http://localhost:4200/chunk-H2E4C4AE.js:2883
[173156322ms] [LOG] %c [AuthService] Verificando ruta inicial: /auth/login | Es publica: true color: #9C27B0; font-style: italic; @ http://localhost:4200/chunk-H2E4C4AE.js:2883
[173156322ms] [LOG] %c [AuthService] Ruta publica detectada. Omitiendo login silencioso. color: #FFC107; font-style: italic; @ http://localhost:4200/chunk-H2E4C4AE.js:2883
[173156323ms] [LOG] %c🚀 [Initializer] Starting application state initialization... color: purple; font-style: italic; @ http://localhost:4200/chunk-H2E4C4AE.js:2883
[173156324ms] [LOG] %c🤷 [Initializer] No user session. Skipping customer state initialization. color: #9E9E9E; font-style: italic; @ http://localhost:4200/chunk-H2E4C4AE.js:2883
[173156325ms] [LOG] %c✅ [Initializer] State initialization complete. color: green; font-style: italic; @ http://localhost:4200/chunk-H2E4C4AE.js:2883
[173156370ms] [LOG] %c🔄 UpdateService: Inicializando servicio de actualizaciones color: blue; font-weight: bold; @ http://localhost:4200/chunk-2BPO4FAW.js:17
[173156371ms] [LOG] %c🔄 UpdateService: ❌ Service Worker NO habilitado color: red; font-weight: bold; @ http://localhost:4200/chunk-2BPO4FAW.js:33
[173156377ms] [LOG] %c🚀 [App] ¡Aplicación iniciada! Soy más ligero y rápido que nunca. color: #673AB7; font-style: italic; @ http://localhost:4200/chunk-H2E4C4AE.js:2883
[173156380ms] [LOG] %c⚠️ [App] Notificaciones bloqueadas por el usuario color: orange;font-style: italic @ http://localhost:4200/chunk-H2E4C4AE.js:2896
[173156386ms] [LOG] Angular is running in development mode. @ http://localhost:4200/@fs/D:/repos/luxuryapp-api/appsweb/angular/.angular/cache/22.1.8/luxury-app/vite/deps/core-BtAdGG1h.js?v=023c1ce3:9175
[173156684ms] [LOG] %c🔐 [SecurityService] Servicio de seguridad inicializado. color: #3F51B5; font-style: italic; @ http://localhost:4200/chunk-H2E4C4AE.js:2883
[173156718ms] [LOG] %c [Login] Iniciando.. color: #607D8B; font-style: italic; @ http://localhost:4200/chunk-H2E4C4AE.js:2883
[173156718ms] [LOG] %c [Login] Usando / como redireccion por defecto. color: #607D8B; font-style: italic; @ http://localhost:4200/chunk-H2E4C4AE.js:2883
[173156718ms] [LOG] %c [Login] URL final de redireccion: / color: #2196F3; font-style: italic; @ http://localhost:4200/chunk-H2E4C4AE.js:2883
[173156719ms] [LOG] %c [Login] Usuario recuperado. color: #FF9800; font-style: italic; @ http://localhost:4200/chunk-H2E4C4AE.js:2883
[173156719ms] [LOG] %c🚪 [SecurityService] Limpiando datos de autenticación... color: #F44336; font-style: italic; @ http://localhost:4200/chunk-H2E4C4AE.js:2883
[173156719ms] [LOG] %c🗑️ [StorageService] Eliminando clave: 'userAuthData' color: #F44336; font-style: italic; @ http://localhost:4200/chunk-H2E4C4AE.js:2883
[173156720ms] [LOG] %c✅ [StorageService] Clave 'userAuthData' eliminada. color: #9E9E9E; font-style: italic; @ http://localhost:4200/chunk-H2E4C4AE.js:2883
[173156720ms] [LOG] %c🗑️ [StorageService] Eliminando clave: 'accessToken' color: #F44336; font-style: italic; @ http://localhost:4200/chunk-H2E4C4AE.js:2883
[173156720ms] [LOG] %c✅ [StorageService] Clave 'accessToken' eliminada. color: #9E9E9E; font-style: italic; @ http://localhost:4200/chunk-H2E4C4AE.js:2883
[173156720ms] [LOG] %c🧹 [SecurityService] Datos de sesión eliminados: userAuthData y accessToken. color: #9E9E9E; font-style: italic; @ http://localhost:4200/chunk-H2E4C4AE.js:2883
[173156720ms] [LOG] %c [Login] Datos de sesion previa eliminados. color: #9E9E9E; font-style: italic; @ http://localhost:4200/chunk-H2E4C4AE.js:2883
[173156721ms] [LOG] %c🚪 [SecurityService] Limpiando datos de autenticación... color: #F44336; font-style: italic; @ http://localhost:4200/chunk-H2E4C4AE.js:2883
[173156721ms] [LOG] %c🗑️ [StorageService] Eliminando clave: 'userAuthData' color: #F44336; font-style: italic; @ http://localhost:4200/chunk-H2E4C4AE.js:2883
[173156721ms] [LOG] %c✅ [StorageService] Clave 'userAuthData' eliminada. color: #9E9E9E; font-style: italic; @ http://localhost:4200/chunk-H2E4C4AE.js:2883
[173156722ms] [LOG] %c🗑️ [StorageService] Eliminando clave: 'accessToken' color: #F44336; font-style: italic; @ http://localhost:4200/chunk-H2E4C4AE.js:2883
[173156722ms] [LOG] %c✅ [StorageService] Clave 'accessToken' eliminada. color: #9E9E9E; font-style: italic; @ http://localhost:4200/chunk-H2E4C4AE.js:2883
[173156722ms] [LOG] %c🧹 [SecurityService] Datos de sesión eliminados: userAuthData y accessToken. color: #9E9E9E; font-style: italic; @ http://localhost:4200/chunk-H2E4C4AE.js:2883
[173156821ms] [VERBOSE] [DOM] Input elements should have autocomplete attributes (suggested: "current-password"): (More info: https://goo.gl/9p2vKq) @ http://localhost:4200/auth/login:0
[174616466ms] [LOG] %c📦 [StorageService] Inicializando servicio de almacenamiento local... color: #3F51B5; font-style: italic; @ http://localhost:4200/chunk-H2E4C4AE.js:2883
[174616467ms] [LOG] %c [AuthService] Verificando ruta inicial: /auth/login | Es publica: true color: #9C27B0; font-style: italic; @ http://localhost:4200/chunk-H2E4C4AE.js:2883
[174616468ms] [LOG] %c [AuthService] Ruta publica detectada. Omitiendo login silencioso. color: #FFC107; font-style: italic; @ http://localhost:4200/chunk-H2E4C4AE.js:2883
[174616468ms] [LOG] %c🚀 [Initializer] Starting application state initialization... color: purple; font-style: italic; @ http://localhost:4200/chunk-H2E4C4AE.js:2883
[174616469ms] [LOG] %c🤷 [Initializer] No user session. Skipping customer state initialization. color: #9E9E9E; font-style: italic; @ http://localhost:4200/chunk-H2E4C4AE.js:2883
[174616469ms] [LOG] %c✅ [Initializer] State initialization complete. color: green; font-style: italic; @ http://localhost:4200/chunk-H2E4C4AE.js:2883
[174616503ms] [LOG] %c🔄 UpdateService: Inicializando servicio de actualizaciones color: blue; font-weight: bold; @ http://localhost:4200/chunk-2BPO4FAW.js:17
[174616503ms] [LOG] %c🔄 UpdateService: ❌ Service Worker NO habilitado color: red; font-weight: bold; @ http://localhost:4200/chunk-2BPO4FAW.js:33
[174616516ms] [LOG] %c🚀 [App] ¡Aplicación iniciada! Soy más ligero y rápido que nunca. color: #673AB7; font-style: italic; @ http://localhost:4200/chunk-H2E4C4AE.js:2883
[174616517ms] [LOG] %c⚠️ [App] Notificaciones bloqueadas por el usuario color: orange;font-style: italic @ http://localhost:4200/chunk-H2E4C4AE.js:2896
[174616523ms] [LOG] Angular is running in development mode. @ http://localhost:4200/@fs/D:/repos/luxuryapp-api/appsweb/angular/.angular/cache/22.1.8/luxury-app/vite/deps/core-BtAdGG1h.js?v=023c1ce3:9175
[174616798ms] [LOG] %c🔐 [SecurityService] Servicio de seguridad inicializado. color: #3F51B5; font-style: italic; @ http://localhost:4200/chunk-H2E4C4AE.js:2883
[174616833ms] [LOG] %c [Login] Iniciando.. color: #607D8B; font-style: italic; @ http://localhost:4200/chunk-H2E4C4AE.js:2883
[174616833ms] [LOG] %c [Login] Usando / como redireccion por defecto. color: #607D8B; font-style: italic; @ http://localhost:4200/chunk-H2E4C4AE.js:2883
[174616833ms] [LOG] %c [Login] URL final de redireccion: / color: #2196F3; font-style: italic; @ http://localhost:4200/chunk-H2E4C4AE.js:2883
[174616834ms] [LOG] %c [Login] Usuario recuperado. color: #FF9800; font-style: italic; @ http://localhost:4200/chunk-H2E4C4AE.js:2883
[174616835ms] [LOG] %c🚪 [SecurityService] Limpiando datos de autenticación... color: #F44336; font-style: italic; @ http://localhost:4200/chunk-H2E4C4AE.js:2883
[174616835ms] [LOG] %c🗑️ [StorageService] Eliminando clave: 'userAuthData' color: #F44336; font-style: italic; @ http://localhost:4200/chunk-H2E4C4AE.js:2883
[174616835ms] [LOG] %c✅ [StorageService] Clave 'userAuthData' eliminada. color: #9E9E9E; font-style: italic; @ http://localhost:4200/chunk-H2E4C4AE.js:2883
[174616836ms] [LOG] %c🗑️ [StorageService] Eliminando clave: 'accessToken' color: #F44336; font-style: italic; @ http://localhost:4200/chunk-H2E4C4AE.js:2883
[174616836ms] [LOG] %c✅ [StorageService] Clave 'accessToken' eliminada. color: #9E9E9E; font-style: italic; @ http://localhost:4200/chunk-H2E4C4AE.js:2883
[174616836ms] [LOG] %c🧹 [SecurityService] Datos de sesión eliminados: userAuthData y accessToken. color: #9E9E9E; font-style: italic; @ http://localhost:4200/chunk-H2E4C4AE.js:2883
[174616837ms] [LOG] %c [Login] Datos de sesion previa eliminados. color: #9E9E9E; font-style: italic; @ http://localhost:4200/chunk-H2E4C4AE.js:2883
[174616837ms] [LOG] %c🚪 [SecurityService] Limpiando datos de autenticación... color: #F44336; font-style: italic; @ http://localhost:4200/chunk-H2E4C4AE.js:2883
[174616837ms] [LOG] %c🗑️ [StorageService] Eliminando clave: 'userAuthData' color: #F44336; font-style: italic; @ http://localhost:4200/chunk-H2E4C4AE.js:2883
[174616838ms] [LOG] %c✅ [StorageService] Clave 'userAuthData' eliminada. color: #9E9E9E; font-style: italic; @ http://localhost:4200/chunk-H2E4C4AE.js:2883
[174616838ms] [LOG] %c🗑️ [StorageService] Eliminando clave: 'accessToken' color: #F44336; font-style: italic; @ http://localhost:4200/chunk-H2E4C4AE.js:2883
[174616839ms] [LOG] %c✅ [StorageService] Clave 'accessToken' eliminada. color: #9E9E9E; font-style: italic; @ http://localhost:4200/chunk-H2E4C4AE.js:2883
[174616840ms] [LOG] %c🧹 [SecurityService] Datos de sesión eliminados: userAuthData y accessToken. color: #9E9E9E; font-style: italic; @ http://localhost:4200/chunk-H2E4C4AE.js:2883
[174616944ms] [VERBOSE] [DOM] Input elements should have autocomplete attributes (suggested: "current-password"): (More info: https://goo.gl/9p2vKq) @ http://localhost:4200/auth/login:0
[174682476ms] [LOG] %c📦 [StorageService] Inicializando servicio de almacenamiento local... color: #3F51B5; font-style: italic; @ http://localhost:4200/chunk-H2E4C4AE.js:2883
[174682478ms] [LOG] %c [AuthService] Verificando ruta inicial: /auth/login | Es publica: true color: #9C27B0; font-style: italic; @ http://localhost:4200/chunk-H2E4C4AE.js:2883
[174682478ms] [LOG] %c [AuthService] Ruta publica detectada. Omitiendo login silencioso. color: #FFC107; font-style: italic; @ http://localhost:4200/chunk-H2E4C4AE.js:2883
[174682478ms] [LOG] %c🚀 [Initializer] Starting application state initialization... color: purple; font-style: italic; @ http://localhost:4200/chunk-H2E4C4AE.js:2883
[174682479ms] [LOG] %c🤷 [Initializer] No user session. Skipping customer state initialization. color: #9E9E9E; font-style: italic; @ http://localhost:4200/chunk-H2E4C4AE.js:2883
[174682480ms] [LOG] %c✅ [Initializer] State initialization complete. color: green; font-style: italic; @ http://localhost:4200/chunk-H2E4C4AE.js:2883
[174682523ms] [LOG] %c🔄 UpdateService: Inicializando servicio de actualizaciones color: blue; font-weight: bold; @ http://localhost:4200/chunk-2BPO4FAW.js:17
[174682524ms] [LOG] %c🔄 UpdateService: ❌ Service Worker NO habilitado color: red; font-weight: bold; @ http://localhost:4200/chunk-2BPO4FAW.js:33
[174682533ms] [LOG] %c🚀 [App] ¡Aplicación iniciada! Soy más ligero y rápido que nunca. color: #673AB7; font-style: italic; @ http://localhost:4200/chunk-H2E4C4AE.js:2883
[174682535ms] [LOG] %c⚠️ [App] Notificaciones bloqueadas por el usuario color: orange;font-style: italic @ http://localhost:4200/chunk-H2E4C4AE.js:2896
[174682542ms] [LOG] Angular is running in development mode. @ http://localhost:4200/@fs/D:/repos/luxuryapp-api/appsweb/angular/.angular/cache/22.1.8/luxury-app/vite/deps/core-BtAdGG1h.js?v=023c1ce3:9175
[174682715ms] [LOG] %c🔐 [SecurityService] Servicio de seguridad inicializado. color: #3F51B5; font-style: italic; @ http://localhost:4200/chunk-H2E4C4AE.js:2883
[174682749ms] [LOG] %c [Login] Iniciando.. color: #607D8B; font-style: italic; @ http://localhost:4200/chunk-H2E4C4AE.js:2883
[174682750ms] [LOG] %c [Login] Usando / como redireccion por defecto. color: #607D8B; font-style: italic; @ http://localhost:4200/chunk-H2E4C4AE.js:2883
[174682750ms] [LOG] %c [Login] URL final de redireccion: / color: #2196F3; font-style: italic; @ http://localhost:4200/chunk-H2E4C4AE.js:2883
[174682750ms] [LOG] %c [Login] Usuario recuperado. color: #FF9800; font-style: italic; @ http://localhost:4200/chunk-H2E4C4AE.js:2883
[174682751ms] [LOG] %c🚪 [SecurityService] Limpiando datos de autenticación... color: #F44336; font-style: italic; @ http://localhost:4200/chunk-H2E4C4AE.js:2883
[174682751ms] [LOG] %c🗑️ [StorageService] Eliminando clave: 'userAuthData' color: #F44336; font-style: italic; @ http://localhost:4200/chunk-H2E4C4AE.js:2883
[174682751ms] [LOG] %c✅ [StorageService] Clave 'userAuthData' eliminada. color: #9E9E9E; font-style: italic; @ http://localhost:4200/chunk-H2E4C4AE.js:2883
[174682752ms] [LOG] %c🗑️ [StorageService] Eliminando clave: 'accessToken' color: #F44336; font-style: italic; @ http://localhost:4200/chunk-H2E4C4AE.js:2883
[174682752ms] [LOG] %c✅ [StorageService] Clave 'accessToken' eliminada. color: #9E9E9E; font-style: italic; @ http://localhost:4200/chunk-H2E4C4AE.js:2883
[174682752ms] [LOG] %c🧹 [SecurityService] Datos de sesión eliminados: userAuthData y accessToken. color: #9E9E9E; font-style: italic; @ http://localhost:4200/chunk-H2E4C4AE.js:2883
[174682754ms] [LOG] %c [Login] Datos de sesion previa eliminados. color: #9E9E9E; font-style: italic; @ http://localhost:4200/chunk-H2E4C4AE.js:2883
[174682755ms] [LOG] %c🚪 [SecurityService] Limpiando datos de autenticación... color: #F44336; font-style: italic; @ http://localhost:4200/chunk-H2E4C4AE.js:2883
[174682755ms] [LOG] %c🗑️ [StorageService] Eliminando clave: 'userAuthData' color: #F44336; font-style: italic; @ http://localhost:4200/chunk-H2E4C4AE.js:2883
[174682755ms] [LOG] %c✅ [StorageService] Clave 'userAuthData' eliminada. color: #9E9E9E; font-style: italic; @ http://localhost:4200/chunk-H2E4C4AE.js:2883
[174682755ms] [LOG] %c🗑️ [StorageService] Eliminando clave: 'accessToken' color: #F44336; font-style: italic; @ http://localhost:4200/chunk-H2E4C4AE.js:2883
[174682756ms] [LOG] %c✅ [StorageService] Clave 'accessToken' eliminada. color: #9E9E9E; font-style: italic; @ http://localhost:4200/chunk-H2E4C4AE.js:2883
[174682756ms] [LOG] %c🧹 [SecurityService] Datos de sesión eliminados: userAuthData y accessToken. color: #9E9E9E; font-style: italic; @ http://localhost:4200/chunk-H2E4C4AE.js:2883
[174682813ms] [WARNING] NG0913: An image with src http://localhost:4200/assets/oficial/Logo%20Files/png/Color%20logo%20-%20no%20background.png has intrinsic file dimensions much larger than its rendered size. This can negatively impact application loading performance. For more information about addressing or disabling this warning, see https://v22.angular.dev/errors/NG0913. Find more at https://v22.angular.dev/errors/NG0913 @ http://localhost:4200/@fs/D:/repos/luxuryapp-api/appsweb/angular/.angular/cache/22.1.8/luxury-app/vite/deps/core-BtAdGG1h.js?v=023c1ce3:17980
[174682814ms] [WARNING] NG0913: An image with src http://localhost:4200/assets/oficial/Logo%20Files/png/Color%20logo%20-%20no%20background.png has intrinsic file dimensions much larger than its rendered size. This can negatively impact application loading performance. For more information about addressing or disabling this warning, see https://v22.angular.dev/errors/NG0913. Find more at https://v22.angular.dev/errors/NG0913 @ http://localhost:4200/@fs/D:/repos/luxuryapp-api/appsweb/angular/.angular/cache/22.1.8/luxury-app/vite/deps/core-BtAdGG1h.js?v=023c1ce3:17980
[174682815ms] [WARNING] NG0913: An image with src http://localhost:4200/assets/oficial/Logo%20Files/png/White%20logo%20-%20no%20background.png has intrinsic file dimensions much larger than its rendered size. This can negatively impact application loading performance. For more information about addressing or disabling this warning, see https://v22.angular.dev/errors/NG0913. Find more at https://v22.angular.dev/errors/NG0913 @ http://localhost:4200/@fs/D:/repos/luxuryapp-api/appsweb/angular/.angular/cache/22.1.8/luxury-app/vite/deps/core-BtAdGG1h.js?v=023c1ce3:17980
[174682859ms] [VERBOSE] [DOM] Input elements should have autocomplete attributes (suggested: "current-password"): (More info: https://goo.gl/9p2vKq) @ http://localhost:4200/auth/login:0
[174694094ms] [LOG] %c📦 [StorageService] Inicializando servicio de almacenamiento local... color: #3F51B5; font-style: italic; @ http://localhost:4200/chunk-H2E4C4AE.js:2883
[174694096ms] [LOG] %c [AuthService] Verificando ruta inicial: /auth/login | Es publica: true color: #9C27B0; font-style: italic; @ http://localhost:4200/chunk-H2E4C4AE.js:2883
[174694096ms] [LOG] %c [AuthService] Ruta publica detectada. Omitiendo login silencioso. color: #FFC107; font-style: italic; @ http://localhost:4200/chunk-H2E4C4AE.js:2883
[174694097ms] [LOG] %c🚀 [Initializer] Starting application state initialization... color: purple; font-style: italic; @ http://localhost:4200/chunk-H2E4C4AE.js:2883
[174694098ms] [LOG] %c🤷 [Initializer] No user session. Skipping customer state initialization. color: #9E9E9E; font-style: italic; @ http://localhost:4200/chunk-H2E4C4AE.js:2883
[174694098ms] [LOG] %c✅ [Initializer] State initialization complete. color: green; font-style: italic; @ http://localhost:4200/chunk-H2E4C4AE.js:2883
[174694171ms] [LOG] %c🔄 UpdateService: Inicializando servicio de actualizaciones color: blue; font-weight: bold; @ http://localhost:4200/chunk-2BPO4FAW.js:17
[174694172ms] [LOG] %c🔄 UpdateService: ❌ Service Worker NO habilitado color: red; font-weight: bold; @ http://localhost:4200/chunk-2BPO4FAW.js:33
[174694177ms] [LOG] %c🚀 [App] ¡Aplicación iniciada! Soy más ligero y rápido que nunca. color: #673AB7; font-style: italic; @ http://localhost:4200/chunk-H2E4C4AE.js:2883
[174694179ms] [LOG] %c⚠️ [App] Notificaciones bloqueadas por el usuario color: orange;font-style: italic @ http://localhost:4200/chunk-H2E4C4AE.js:2896
[174694183ms] [LOG] Angular is running in development mode. @ http://localhost:4200/@fs/D:/repos/luxuryapp-api/appsweb/angular/.angular/cache/22.1.8/luxury-app/vite/deps/core-BtAdGG1h.js?v=023c1ce3:9175
[174694453ms] [LOG] %c🔐 [SecurityService] Servicio de seguridad inicializado. color: #3F51B5; font-style: italic; @ http://localhost:4200/chunk-H2E4C4AE.js:2883
[174694494ms] [LOG] %c [Login] Iniciando.. color: #607D8B; font-style: italic; @ http://localhost:4200/chunk-H2E4C4AE.js:2883
[174694496ms] [LOG] %c [Login] Usando / como redireccion por defecto. color: #607D8B; font-style: italic; @ http://localhost:4200/chunk-H2E4C4AE.js:2883
[174694496ms] [LOG] %c [Login] URL final de redireccion: / color: #2196F3; font-style: italic; @ http://localhost:4200/chunk-H2E4C4AE.js:2883
[174694497ms] [LOG] %c [Login] Usuario recuperado. color: #FF9800; font-style: italic; @ http://localhost:4200/chunk-H2E4C4AE.js:2883
[174694497ms] [LOG] %c🚪 [SecurityService] Limpiando datos de autenticación... color: #F44336; font-style: italic; @ http://localhost:4200/chunk-H2E4C4AE.js:2883
[174694497ms] [LOG] %c🗑️ [StorageService] Eliminando clave: 'userAuthData' color: #F44336; font-style: italic; @ http://localhost:4200/chunk-H2E4C4AE.js:2883
[174694498ms] [LOG] %c✅ [StorageService] Clave 'userAuthData' eliminada. color: #9E9E9E; font-style: italic; @ http://localhost:4200/chunk-H2E4C4AE.js:2883
[174694498ms] [LOG] %c🗑️ [StorageService] Eliminando clave: 'accessToken' color: #F44336; font-style: italic; @ http://localhost:4200/chunk-H2E4C4AE.js:2883
[174694498ms] [LOG] %c✅ [StorageService] Clave 'accessToken' eliminada. color: #9E9E9E; font-style: italic; @ http://localhost:4200/chunk-H2E4C4AE.js:2883
[174694498ms] [LOG] %c🧹 [SecurityService] Datos de sesión eliminados: userAuthData y accessToken. color: #9E9E9E; font-style: italic; @ http://localhost:4200/chunk-H2E4C4AE.js:2883
[174694498ms] [LOG] %c [Login] Datos de sesion previa eliminados. color: #9E9E9E; font-style: italic; @ http://localhost:4200/chunk-H2E4C4AE.js:2883
[174694499ms] [LOG] %c🚪 [SecurityService] Limpiando datos de autenticación... color: #F44336; font-style: italic; @ http://localhost:4200/chunk-H2E4C4AE.js:2883
[174694499ms] [LOG] %c🗑️ [StorageService] Eliminando clave: 'userAuthData' color: #F44336; font-style: italic; @ http://localhost:4200/chunk-H2E4C4AE.js:2883
[174694500ms] [LOG] %c✅ [StorageService] Clave 'userAuthData' eliminada. color: #9E9E9E; font-style: italic; @ http://localhost:4200/chunk-H2E4C4AE.js:2883
[174694500ms] [LOG] %c🗑️ [StorageService] Eliminando clave: 'accessToken' color: #F44336; font-style: italic; @ http://localhost:4200/chunk-H2E4C4AE.js:2883
[174694500ms] [LOG] %c✅ [StorageService] Clave 'accessToken' eliminada. color: #9E9E9E; font-style: italic; @ http://localhost:4200/chunk-H2E4C4AE.js:2883
[174694500ms] [LOG] %c🧹 [SecurityService] Datos de sesión eliminados: userAuthData y accessToken. color: #9E9E9E; font-style: italic; @ http://localhost:4200/chunk-H2E4C4AE.js:2883
[174694593ms] [VERBOSE] [DOM] Input elements should have autocomplete attributes (suggested: "current-password"): (More info: https://goo.gl/9p2vKq) @ http://localhost:4200/auth/login:0
[174707187ms] [LOG] %c📦 [StorageService] Inicializando servicio de almacenamiento local... color: #3F51B5; font-style: italic; @ http://localhost:4200/chunk-H2E4C4AE.js:2883
[174707188ms] [LOG] %c [AuthService] Verificando ruta inicial: /auth/login | Es publica: true color: #9C27B0; font-style: italic; @ http://localhost:4200/chunk-H2E4C4AE.js:2883
[174707188ms] [LOG] %c [AuthService] Ruta publica detectada. Omitiendo login silencioso. color: #FFC107; font-style: italic; @ http://localhost:4200/chunk-H2E4C4AE.js:2883
[174707189ms] [LOG] %c🚀 [Initializer] Starting application state initialization... color: purple; font-style: italic; @ http://localhost:4200/chunk-H2E4C4AE.js:2883
[174707189ms] [LOG] %c🤷 [Initializer] No user session. Skipping customer state initialization. color: #9E9E9E; font-style: italic; @ http://localhost:4200/chunk-H2E4C4AE.js:2883
[174707190ms] [LOG] %c✅ [Initializer] State initialization complete. color: green; font-style: italic; @ http://localhost:4200/chunk-H2E4C4AE.js:2883
[174707243ms] [LOG] %c🔄 UpdateService: Inicializando servicio de actualizaciones color: blue; font-weight: bold; @ http://localhost:4200/chunk-2BPO4FAW.js:17
[174707243ms] [LOG] %c🔄 UpdateService: ❌ Service Worker NO habilitado color: red; font-weight: bold; @ http://localhost:4200/chunk-2BPO4FAW.js:33
[174707251ms] [LOG] %c🚀 [App] ¡Aplicación iniciada! Soy más ligero y rápido que nunca. color: #673AB7; font-style: italic; @ http://localhost:4200/chunk-H2E4C4AE.js:2883
[174707253ms] [LOG] %c⚠️ [App] Notificaciones bloqueadas por el usuario color: orange;font-style: italic @ http://localhost:4200/chunk-H2E4C4AE.js:2896
[174707259ms] [LOG] Angular is running in development mode. @ http://localhost:4200/@fs/D:/repos/luxuryapp-api/appsweb/angular/.angular/cache/22.1.8/luxury-app/vite/deps/core-BtAdGG1h.js?v=023c1ce3:9175
[174707440ms] [LOG] %c🔐 [SecurityService] Servicio de seguridad inicializado. color: #3F51B5; font-style: italic; @ http://localhost:4200/chunk-H2E4C4AE.js:2883
[174707473ms] [LOG] %c [Login] Iniciando.. color: #607D8B; font-style: italic; @ http://localhost:4200/chunk-H2E4C4AE.js:2883
[174707473ms] [LOG] %c [Login] Usando / como redireccion por defecto. color: #607D8B; font-style: italic; @ http://localhost:4200/chunk-H2E4C4AE.js:2883
[174707474ms] [LOG] %c [Login] URL final de redireccion: / color: #2196F3; font-style: italic; @ http://localhost:4200/chunk-H2E4C4AE.js:2883
[174707474ms] [LOG] %c [Login] Usuario recuperado. color: #FF9800; font-style: italic; @ http://localhost:4200/chunk-H2E4C4AE.js:2883
[174707475ms] [LOG] %c🚪 [SecurityService] Limpiando datos de autenticación... color: #F44336; font-style: italic; @ http://localhost:4200/chunk-H2E4C4AE.js:2883
[174707475ms] [LOG] %c🗑️ [StorageService] Eliminando clave: 'userAuthData' color: #F44336; font-style: italic; @ http://localhost:4200/chunk-H2E4C4AE.js:2883
[174707475ms] [LOG] %c✅ [StorageService] Clave 'userAuthData' eliminada. color: #9E9E9E; font-style: italic; @ http://localhost:4200/chunk-H2E4C4AE.js:2883
[174707483ms] [LOG] %c🗑️ [StorageService] Eliminando clave: 'accessToken' color: #F44336; font-style: italic; @ http://localhost:4200/chunk-H2E4C4AE.js:2883
[174707484ms] [LOG] %c✅ [StorageService] Clave 'accessToken' eliminada. color: #9E9E9E; font-style: italic; @ http://localhost:4200/chunk-H2E4C4AE.js:2883
[174707484ms] [LOG] %c🧹 [SecurityService] Datos de sesión eliminados: userAuthData y accessToken. color: #9E9E9E; font-style: italic; @ http://localhost:4200/chunk-H2E4C4AE.js:2883
[174707485ms] [LOG] %c [Login] Datos de sesion previa eliminados. color: #9E9E9E; font-style: italic; @ http://localhost:4200/chunk-H2E4C4AE.js:2883
[174707485ms] [LOG] %c🚪 [SecurityService] Limpiando datos de autenticación... color: #F44336; font-style: italic; @ http://localhost:4200/chunk-H2E4C4AE.js:2883
[174707486ms] [LOG] %c🗑️ [StorageService] Eliminando clave: 'userAuthData' color: #F44336; font-style: italic; @ http://localhost:4200/chunk-H2E4C4AE.js:2883
[174707486ms] [LOG] %c✅ [StorageService] Clave 'userAuthData' eliminada. color: #9E9E9E; font-style: italic; @ http://localhost:4200/chunk-H2E4C4AE.js:2883
[174707486ms] [LOG] %c🗑️ [StorageService] Eliminando clave: 'accessToken' color: #F44336; font-style: italic; @ http://localhost:4200/chunk-H2E4C4AE.js:2883
[174707486ms] [LOG] %c✅ [StorageService] Clave 'accessToken' eliminada. color: #9E9E9E; font-style: italic; @ http://localhost:4200/chunk-H2E4C4AE.js:2883
[174707487ms] [LOG] %c🧹 [SecurityService] Datos de sesión eliminados: userAuthData y accessToken. color: #9E9E9E; font-style: italic; @ http://localhost:4200/chunk-H2E4C4AE.js:2883
[174707549ms] [WARNING] NG0913: An image with src http://localhost:4200/assets/oficial/Logo%20Files/png/Color%20logo%20-%20no%20background.png has intrinsic file dimensions much larger than its rendered size. This can negatively impact application loading performance. For more information about addressing or disabling this warning, see https://v22.angular.dev/errors/NG0913. Find more at https://v22.angular.dev/errors/NG0913 @ http://localhost:4200/@fs/D:/repos/luxuryapp-api/appsweb/angular/.angular/cache/22.1.8/luxury-app/vite/deps/core-BtAdGG1h.js?v=023c1ce3:17980
[174707549ms] [WARNING] NG0913: An image with src http://localhost:4200/assets/oficial/Logo%20Files/png/Color%20logo%20-%20no%20background.png has intrinsic file dimensions much larger than its rendered size. This can negatively impact application loading performance. For more information about addressing or disabling this warning, see https://v22.angular.dev/errors/NG0913. Find more at https://v22.angular.dev/errors/NG0913 @ http://localhost:4200/@fs/D:/repos/luxuryapp-api/appsweb/angular/.angular/cache/22.1.8/luxury-app/vite/deps/core-BtAdGG1h.js?v=023c1ce3:17980
[174707550ms] [WARNING] NG0913: An image with src http://localhost:4200/assets/oficial/Logo%20Files/png/White%20logo%20-%20no%20background.png has intrinsic file dimensions much larger than its rendered size. This can negatively impact application loading performance. For more information about addressing or disabling this warning, see https://v22.angular.dev/errors/NG0913. Find more at https://v22.angular.dev/errors/NG0913 @ http://localhost:4200/@fs/D:/repos/luxuryapp-api/appsweb/angular/.angular/cache/22.1.8/luxury-app/vite/deps/core-BtAdGG1h.js?v=023c1ce3:17980
[174707574ms] [VERBOSE] [DOM] Input elements should have autocomplete attributes (suggested: "current-password"): (More info: https://goo.gl/9p2vKq) @ http://localhost:4200/auth/login:0
[175000680ms] [LOG] %c📦 [StorageService] Inicializando servicio de almacenamiento local... color: #3F51B5; font-style: italic; @ http://localhost:4200/chunk-H2E4C4AE.js:2883
[175000682ms] [LOG] %c [AuthService] Verificando ruta inicial: /auth/login | Es publica: true color: #9C27B0; font-style: italic; @ http://localhost:4200/chunk-H2E4C4AE.js:2883
[175000683ms] [LOG] %c [AuthService] Ruta publica detectada. Omitiendo login silencioso. color: #FFC107; font-style: italic; @ http://localhost:4200/chunk-H2E4C4AE.js:2883
[175000683ms] [LOG] %c🚀 [Initializer] Starting application state initialization... color: purple; font-style: italic; @ http://localhost:4200/chunk-H2E4C4AE.js:2883
[175000684ms] [LOG] %c🤷 [Initializer] No user session. Skipping customer state initialization. color: #9E9E9E; font-style: italic; @ http://localhost:4200/chunk-H2E4C4AE.js:2883
[175000684ms] [LOG] %c✅ [Initializer] State initialization complete. color: green; font-style: italic; @ http://localhost:4200/chunk-H2E4C4AE.js:2883
[175000728ms] [LOG] %c🔄 UpdateService: Inicializando servicio de actualizaciones color: blue; font-weight: bold; @ http://localhost:4200/chunk-2BPO4FAW.js:17
[175000728ms] [LOG] %c🔄 UpdateService: ❌ Service Worker NO habilitado color: red; font-weight: bold; @ http://localhost:4200/chunk-2BPO4FAW.js:33
[175000733ms] [LOG] %c🚀 [App] ¡Aplicación iniciada! Soy más ligero y rápido que nunca. color: #673AB7; font-style: italic; @ http://localhost:4200/chunk-H2E4C4AE.js:2883
[175000736ms] [LOG] %c⚠️ [App] Notificaciones bloqueadas por el usuario color: orange;font-style: italic @ http://localhost:4200/chunk-H2E4C4AE.js:2896
[175000742ms] [LOG] Angular is running in development mode. @ http://localhost:4200/@fs/D:/repos/luxuryapp-api/appsweb/angular/.angular/cache/22.1.8/luxury-app/vite/deps/core-BtAdGG1h.js?v=023c1ce3:9175
[175000952ms] [LOG] %c🔐 [SecurityService] Servicio de seguridad inicializado. color: #3F51B5; font-style: italic; @ http://localhost:4200/chunk-H2E4C4AE.js:2883
[175001031ms] [LOG] %c [Login] Iniciando.. color: #607D8B; font-style: italic; @ http://localhost:4200/chunk-H2E4C4AE.js:2883
[175001031ms] [LOG] %c [Login] Usando / como redireccion por defecto. color: #607D8B; font-style: italic; @ http://localhost:4200/chunk-H2E4C4AE.js:2883
[175001032ms] [LOG] %c [Login] URL final de redireccion: / color: #2196F3; font-style: italic; @ http://localhost:4200/chunk-H2E4C4AE.js:2883
[175001032ms] [LOG] %c [Login] Usuario recuperado. color: #FF9800; font-style: italic; @ http://localhost:4200/chunk-H2E4C4AE.js:2883
[175001033ms] [LOG] %c🚪 [SecurityService] Limpiando datos de autenticación... color: #F44336; font-style: italic; @ http://localhost:4200/chunk-H2E4C4AE.js:2883
[175001033ms] [LOG] %c🗑️ [StorageService] Eliminando clave: 'userAuthData' color: #F44336; font-style: italic; @ http://localhost:4200/chunk-H2E4C4AE.js:2883
[175001033ms] [LOG] %c✅ [StorageService] Clave 'userAuthData' eliminada. color: #9E9E9E; font-style: italic; @ http://localhost:4200/chunk-H2E4C4AE.js:2883
[175001034ms] [LOG] %c🗑️ [StorageService] Eliminando clave: 'accessToken' color: #F44336; font-style: italic; @ http://localhost:4200/chunk-H2E4C4AE.js:2883
[175001034ms] [LOG] %c✅ [StorageService] Clave 'accessToken' eliminada. color: #9E9E9E; font-style: italic; @ http://localhost:4200/chunk-H2E4C4AE.js:2883
[175001034ms] [LOG] %c🧹 [SecurityService] Datos de sesión eliminados: userAuthData y accessToken. color: #9E9E9E; font-style: italic; @ http://localhost:4200/chunk-H2E4C4AE.js:2883
[175001034ms] [LOG] %c [Login] Datos de sesion previa eliminados. color: #9E9E9E; font-style: italic; @ http://localhost:4200/chunk-H2E4C4AE.js:2883
[175001035ms] [LOG] %c🚪 [SecurityService] Limpiando datos de autenticación... color: #F44336; font-style: italic; @ http://localhost:4200/chunk-H2E4C4AE.js:2883
[175001035ms] [LOG] %c🗑️ [StorageService] Eliminando clave: 'userAuthData' color: #F44336; font-style: italic; @ http://localhost:4200/chunk-H2E4C4AE.js:2883
[175001036ms] [LOG] %c✅ [StorageService] Clave 'userAuthData' eliminada. color: #9E9E9E; font-style: italic; @ http://localhost:4200/chunk-H2E4C4AE.js:2883
[175001036ms] [LOG] %c🗑️ [StorageService] Eliminando clave: 'accessToken' color: #F44336; font-style: italic; @ http://localhost:4200/chunk-H2E4C4AE.js:2883
[175001036ms] [LOG] %c✅ [StorageService] Clave 'accessToken' eliminada. color: #9E9E9E; font-style: italic; @ http://localhost:4200/chunk-H2E4C4AE.js:2883
[175001037ms] [LOG] %c🧹 [SecurityService] Datos de sesión eliminados: userAuthData y accessToken. color: #9E9E9E; font-style: italic; @ http://localhost:4200/chunk-H2E4C4AE.js:2883
[175001121ms] [WARNING] NG0913: An image with src http://localhost:4200/assets/oficial/Logo%20Files/png/Color%20logo%20-%20no%20background.png has intrinsic file dimensions much larger than its rendered size. This can negatively impact application loading performance. For more information about addressing or disabling this warning, see https://v22.angular.dev/errors/NG0913. Find more at https://v22.angular.dev/errors/NG0913 @ http://localhost:4200/@fs/D:/repos/luxuryapp-api/appsweb/angular/.angular/cache/22.1.8/luxury-app/vite/deps/core-BtAdGG1h.js?v=023c1ce3:17980
[175001122ms] [WARNING] NG0913: An image with src http://localhost:4200/assets/oficial/Logo%20Files/png/Color%20logo%20-%20no%20background.png has intrinsic file dimensions much larger than its rendered size. This can negatively impact application loading performance. For more information about addressing or disabling this warning, see https://v22.angular.dev/errors/NG0913. Find more at https://v22.angular.dev/errors/NG0913 @ http://localhost:4200/@fs/D:/repos/luxuryapp-api/appsweb/angular/.angular/cache/22.1.8/luxury-app/vite/deps/core-BtAdGG1h.js?v=023c1ce3:17980
[175001123ms] [WARNING] NG0913: An image with src http://localhost:4200/assets/oficial/Logo%20Files/png/White%20logo%20-%20no%20background.png has intrinsic file dimensions much larger than its rendered size. This can negatively impact application loading performance. For more information about addressing or disabling this warning, see https://v22.angular.dev/errors/NG0913. Find more at https://v22.angular.dev/errors/NG0913 @ http://localhost:4200/@fs/D:/repos/luxuryapp-api/appsweb/angular/.angular/cache/22.1.8/luxury-app/vite/deps/core-BtAdGG1h.js?v=023c1ce3:17980
[175001131ms] [VERBOSE] [DOM] Input elements should have autocomplete attributes (suggested: "current-password"): (More info: https://goo.gl/9p2vKq) @ http://localhost:4200/auth/login:0
[175100634ms] [LOG] %c📦 [StorageService] Inicializando servicio de almacenamiento local... color: #3F51B5; font-style: italic; @ http://localhost:4200/chunk-H2E4C4AE.js:2883
[175100635ms] [LOG] %c [AuthService] Verificando ruta inicial: /auth/login | Es publica: true color: #9C27B0; font-style: italic; @ http://localhost:4200/chunk-H2E4C4AE.js:2883
[175100635ms] [LOG] %c [AuthService] Ruta publica detectada. Omitiendo login silencioso. color: #FFC107; font-style: italic; @ http://localhost:4200/chunk-H2E4C4AE.js:2883
[175100636ms] [LOG] %c🚀 [Initializer] Starting application state initialization... color: purple; font-style: italic; @ http://localhost:4200/chunk-H2E4C4AE.js:2883
[175100636ms] [LOG] %c🤷 [Initializer] No user session. Skipping customer state initialization. color: #9E9E9E; font-style: italic; @ http://localhost:4200/chunk-H2E4C4AE.js:2883
[175100637ms] [LOG] %c✅ [Initializer] State initialization complete. color: green; font-style: italic; @ http://localhost:4200/chunk-H2E4C4AE.js:2883
[175100680ms] [LOG] %c🔄 UpdateService: Inicializando servicio de actualizaciones color: blue; font-weight: bold; @ http://localhost:4200/chunk-2BPO4FAW.js:17
[175100680ms] [LOG] %c🔄 UpdateService: ❌ Service Worker NO habilitado color: red; font-weight: bold; @ http://localhost:4200/chunk-2BPO4FAW.js:33
[175100689ms] [LOG] %c🚀 [App] ¡Aplicación iniciada! Soy más ligero y rápido que nunca. color: #673AB7; font-style: italic; @ http://localhost:4200/chunk-H2E4C4AE.js:2883
[175100692ms] [LOG] %c⚠️ [App] Notificaciones bloqueadas por el usuario color: orange;font-style: italic @ http://localhost:4200/chunk-H2E4C4AE.js:2896
[175100700ms] [LOG] Angular is running in development mode. @ http://localhost:4200/@fs/D:/repos/luxuryapp-api/appsweb/angular/.angular/cache/22.1.8/luxury-app/vite/deps/core-BtAdGG1h.js?v=023c1ce3:9175
[175100905ms] [LOG] %c🔐 [SecurityService] Servicio de seguridad inicializado. color: #3F51B5; font-style: italic; @ http://localhost:4200/chunk-H2E4C4AE.js:2883
[175100947ms] [LOG] %c [Login] Iniciando.. color: #607D8B; font-style: italic; @ http://localhost:4200/chunk-H2E4C4AE.js:2883
[175100948ms] [LOG] %c [Login] Usando / como redireccion por defecto. color: #607D8B; font-style: italic; @ http://localhost:4200/chunk-H2E4C4AE.js:2883
[175100948ms] [LOG] %c [Login] URL final de redireccion: / color: #2196F3; font-style: italic; @ http://localhost:4200/chunk-H2E4C4AE.js:2883
[175100949ms] [LOG] %c [Login] Usuario recuperado. color: #FF9800; font-style: italic; @ http://localhost:4200/chunk-H2E4C4AE.js:2883
[175100949ms] [LOG] %c🚪 [SecurityService] Limpiando datos de autenticación... color: #F44336; font-style: italic; @ http://localhost:4200/chunk-H2E4C4AE.js:2883
[175100949ms] [LOG] %c🗑️ [StorageService] Eliminando clave: 'userAuthData' color: #F44336; font-style: italic; @ http://localhost:4200/chunk-H2E4C4AE.js:2883
[175100950ms] [LOG] %c✅ [StorageService] Clave 'userAuthData' eliminada. color: #9E9E9E; font-style: italic; @ http://localhost:4200/chunk-H2E4C4AE.js:2883
[175100950ms] [LOG] %c🗑️ [StorageService] Eliminando clave: 'accessToken' color: #F44336; font-style: italic; @ http://localhost:4200/chunk-H2E4C4AE.js:2883
[175100950ms] [LOG] %c✅ [StorageService] Clave 'accessToken' eliminada. color: #9E9E9E; font-style: italic; @ http://localhost:4200/chunk-H2E4C4AE.js:2883
[175100950ms] [LOG] %c🧹 [SecurityService] Datos de sesión eliminados: userAuthData y accessToken. color: #9E9E9E; font-style: italic; @ http://localhost:4200/chunk-H2E4C4AE.js:2883
[175100950ms] [LOG] %c [Login] Datos de sesion previa eliminados. color: #9E9E9E; font-style: italic; @ http://localhost:4200/chunk-H2E4C4AE.js:2883
[175100951ms] [LOG] %c🚪 [SecurityService] Limpiando datos de autenticación... color: #F44336; font-style: italic; @ http://localhost:4200/chunk-H2E4C4AE.js:2883
[175100951ms] [LOG] %c🗑️ [StorageService] Eliminando clave: 'userAuthData' color: #F44336; font-style: italic; @ http://localhost:4200/chunk-H2E4C4AE.js:2883
[175100952ms] [LOG] %c✅ [StorageService] Clave 'userAuthData' eliminada. color: #9E9E9E; font-style: italic; @ http://localhost:4200/chunk-H2E4C4AE.js:2883
[175100952ms] [LOG] %c🗑️ [StorageService] Eliminando clave: 'accessToken' color: #F44336; font-style: italic; @ http://localhost:4200/chunk-H2E4C4AE.js:2883
[175100952ms] [LOG] %c✅ [StorageService] Clave 'accessToken' eliminada. color: #9E9E9E; font-style: italic; @ http://localhost:4200/chunk-H2E4C4AE.js:2883
[175100952ms] [LOG] %c🧹 [SecurityService] Datos de sesión eliminados: userAuthData y accessToken. color: #9E9E9E; font-style: italic; @ http://localhost:4200/chunk-H2E4C4AE.js:2883
[175101036ms] [WARNING] NG0913: An image with src http://localhost:4200/assets/oficial/Logo%20Files/png/Color%20logo%20-%20no%20background.png has intrinsic file dimensions much larger than its rendered size. This can negatively impact application loading performance. For more information about addressing or disabling this warning, see https://v22.angular.dev/errors/NG0913. Find more at https://v22.angular.dev/errors/NG0913 @ http://localhost:4200/@fs/D:/repos/luxuryapp-api/appsweb/angular/.angular/cache/22.1.8/luxury-app/vite/deps/core-BtAdGG1h.js?v=023c1ce3:17980
[175101036ms] [WARNING] NG0913: An image with src http://localhost:4200/assets/oficial/Logo%20Files/png/Color%20logo%20-%20no%20background.png has intrinsic file dimensions much larger than its rendered size. This can negatively impact application loading performance. For more information about addressing or disabling this warning, see https://v22.angular.dev/errors/NG0913. Find more at https://v22.angular.dev/errors/NG0913 @ http://localhost:4200/@fs/D:/repos/luxuryapp-api/appsweb/angular/.angular/cache/22.1.8/luxury-app/vite/deps/core-BtAdGG1h.js?v=023c1ce3:17980
[175101037ms] [WARNING] NG0913: An image with src http://localhost:4200/assets/oficial/Logo%20Files/png/White%20logo%20-%20no%20background.png has intrinsic file dimensions much larger than its rendered size. This can negatively impact application loading performance. For more information about addressing or disabling this warning, see https://v22.angular.dev/errors/NG0913. Find more at https://v22.angular.dev/errors/NG0913 @ http://localhost:4200/@fs/D:/repos/luxuryapp-api/appsweb/angular/.angular/cache/22.1.8/luxury-app/vite/deps/core-BtAdGG1h.js?v=023c1ce3:17980
[175101042ms] [VERBOSE] [DOM] Input elements should have autocomplete attributes (suggested: "current-password"): (More info: https://goo.gl/9p2vKq) @ http://localhost:4200/auth/login:0
[175120005ms] [LOG] %c📦 [StorageService] Inicializando servicio de almacenamiento local... color: #3F51B5; font-style: italic; @ http://localhost:4200/chunk-H2E4C4AE.js:2883
[175120007ms] [LOG] %c [AuthService] Verificando ruta inicial: /auth/login | Es publica: true color: #9C27B0; font-style: italic; @ http://localhost:4200/chunk-H2E4C4AE.js:2883
[175120007ms] [LOG] %c [AuthService] Ruta publica detectada. Omitiendo login silencioso. color: #FFC107; font-style: italic; @ http://localhost:4200/chunk-H2E4C4AE.js:2883
[175120007ms] [LOG] %c🚀 [Initializer] Starting application state initialization... color: purple; font-style: italic; @ http://localhost:4200/chunk-H2E4C4AE.js:2883
[175120008ms] [LOG] %c🤷 [Initializer] No user session. Skipping customer state initialization. color: #9E9E9E; font-style: italic; @ http://localhost:4200/chunk-H2E4C4AE.js:2883
[175120008ms] [LOG] %c✅ [Initializer] State initialization complete. color: green; font-style: italic; @ http://localhost:4200/chunk-H2E4C4AE.js:2883
[175120067ms] [LOG] %c🔄 UpdateService: Inicializando servicio de actualizaciones color: blue; font-weight: bold; @ http://localhost:4200/chunk-2BPO4FAW.js:17
[175120067ms] [LOG] %c🔄 UpdateService: ❌ Service Worker NO habilitado color: red; font-weight: bold; @ http://localhost:4200/chunk-2BPO4FAW.js:33
[175120071ms] [LOG] %c🚀 [App] ¡Aplicación iniciada! Soy más ligero y rápido que nunca. color: #673AB7; font-style: italic; @ http://localhost:4200/chunk-H2E4C4AE.js:2883
[175120085ms] [LOG] %c⚠️ [App] Notificaciones bloqueadas por el usuario color: orange;font-style: italic @ http://localhost:4200/chunk-H2E4C4AE.js:2896
[175120090ms] [LOG] Angular is running in development mode. @ http://localhost:4200/@fs/D:/repos/luxuryapp-api/appsweb/angular/.angular/cache/22.1.8/luxury-app/vite/deps/core-BtAdGG1h.js?v=023c1ce3:9175
[175120286ms] [LOG] %c🔐 [SecurityService] Servicio de seguridad inicializado. color: #3F51B5; font-style: italic; @ http://localhost:4200/chunk-H2E4C4AE.js:2883
[175120322ms] [LOG] %c [Login] Iniciando.. color: #607D8B; font-style: italic; @ http://localhost:4200/chunk-H2E4C4AE.js:2883
[175120323ms] [LOG] %c [Login] Usando / como redireccion por defecto. color: #607D8B; font-style: italic; @ http://localhost:4200/chunk-H2E4C4AE.js:2883
[175120323ms] [LOG] %c [Login] URL final de redireccion: / color: #2196F3; font-style: italic; @ http://localhost:4200/chunk-H2E4C4AE.js:2883
[175120324ms] [LOG] %c [Login] Usuario recuperado. color: #FF9800; font-style: italic; @ http://localhost:4200/chunk-H2E4C4AE.js:2883
[175120324ms] [LOG] %c🚪 [SecurityService] Limpiando datos de autenticación... color: #F44336; font-style: italic; @ http://localhost:4200/chunk-H2E4C4AE.js:2883
[175120324ms] [LOG] %c🗑️ [StorageService] Eliminando clave: 'userAuthData' color: #F44336; font-style: italic; @ http://localhost:4200/chunk-H2E4C4AE.js:2883
[175120324ms] [LOG] %c✅ [StorageService] Clave 'userAuthData' eliminada. color: #9E9E9E; font-style: italic; @ http://localhost:4200/chunk-H2E4C4AE.js:2883
[175120325ms] [LOG] %c🗑️ [StorageService] Eliminando clave: 'accessToken' color: #F44336; font-style: italic; @ http://localhost:4200/chunk-H2E4C4AE.js:2883
[175120325ms] [LOG] %c✅ [StorageService] Clave 'accessToken' eliminada. color: #9E9E9E; font-style: italic; @ http://localhost:4200/chunk-H2E4C4AE.js:2883
[175120325ms] [LOG] %c🧹 [SecurityService] Datos de sesión eliminados: userAuthData y accessToken. color: #9E9E9E; font-style: italic; @ http://localhost:4200/chunk-H2E4C4AE.js:2883
[175120325ms] [LOG] %c [Login] Datos de sesion previa eliminados. color: #9E9E9E; font-style: italic; @ http://localhost:4200/chunk-H2E4C4AE.js:2883
[175120326ms] [LOG] %c🚪 [SecurityService] Limpiando datos de autenticación... color: #F44336; font-style: italic; @ http://localhost:4200/chunk-H2E4C4AE.js:2883
[175120326ms] [LOG] %c🗑️ [StorageService] Eliminando clave: 'userAuthData' color: #F44336; font-style: italic; @ http://localhost:4200/chunk-H2E4C4AE.js:2883
[175120326ms] [LOG] %c✅ [StorageService] Clave 'userAuthData' eliminada. color: #9E9E9E; font-style: italic; @ http://localhost:4200/chunk-H2E4C4AE.js:2883
[175120326ms] [LOG] %c🗑️ [StorageService] Eliminando clave: 'accessToken' color: #F44336; font-style: italic; @ http://localhost:4200/chunk-H2E4C4AE.js:2883
[175120327ms] [LOG] %c✅ [StorageService] Clave 'accessToken' eliminada. color: #9E9E9E; font-style: italic; @ http://localhost:4200/chunk-H2E4C4AE.js:2883
[175120327ms] [LOG] %c🧹 [SecurityService] Datos de sesión eliminados: userAuthData y accessToken. color: #9E9E9E; font-style: italic; @ http://localhost:4200/chunk-H2E4C4AE.js:2883
[175120382ms] [WARNING] NG0913: An image with src http://localhost:4200/assets/oficial/Logo%20Files/png/Color%20logo%20-%20no%20background.png has intrinsic file dimensions much larger than its rendered size. This can negatively impact application loading performance. For more information about addressing or disabling this warning, see https://v22.angular.dev/errors/NG0913. Find more at https://v22.angular.dev/errors/NG0913 @ http://localhost:4200/@fs/D:/repos/luxuryapp-api/appsweb/angular/.angular/cache/22.1.8/luxury-app/vite/deps/core-BtAdGG1h.js?v=023c1ce3:17980
[175120382ms] [WARNING] NG0913: An image with src http://localhost:4200/assets/oficial/Logo%20Files/png/Color%20logo%20-%20no%20background.png has intrinsic file dimensions much larger than its rendered size. This can negatively impact application loading performance. For more information about addressing or disabling this warning, see https://v22.angular.dev/errors/NG0913. Find more at https://v22.angular.dev/errors/NG0913 @ http://localhost:4200/@fs/D:/repos/luxuryapp-api/appsweb/angular/.angular/cache/22.1.8/luxury-app/vite/deps/core-BtAdGG1h.js?v=023c1ce3:17980
[175120383ms] [WARNING] NG0913: An image with src http://localhost:4200/assets/oficial/Logo%20Files/png/White%20logo%20-%20no%20background.png has intrinsic file dimensions much larger than its rendered size. This can negatively impact application loading performance. For more information about addressing or disabling this warning, see https://v22.angular.dev/errors/NG0913. Find more at https://v22.angular.dev/errors/NG0913 @ http://localhost:4200/@fs/D:/repos/luxuryapp-api/appsweb/angular/.angular/cache/22.1.8/luxury-app/vite/deps/core-BtAdGG1h.js?v=023c1ce3:17980
[175120419ms] [VERBOSE] [DOM] Input elements should have autocomplete attributes (suggested: "current-password"): (More info: https://goo.gl/9p2vKq) @ http://localhost:4200/auth/login:0
[175173938ms] [LOG] %c📦 [StorageService] Inicializando servicio de almacenamiento local... color: #3F51B5; font-style: italic; @ http://localhost:4200/chunk-H2E4C4AE.js:2883
[175173940ms] [LOG] %c [AuthService] Verificando ruta inicial: /auth/login | Es publica: true color: #9C27B0; font-style: italic; @ http://localhost:4200/chunk-H2E4C4AE.js:2883
[175173940ms] [LOG] %c [AuthService] Ruta publica detectada. Omitiendo login silencioso. color: #FFC107; font-style: italic; @ http://localhost:4200/chunk-H2E4C4AE.js:2883
[175173941ms] [LOG] %c🚀 [Initializer] Starting application state initialization... color: purple; font-style: italic; @ http://localhost:4200/chunk-H2E4C4AE.js:2883
[175173941ms] [LOG] %c🤷 [Initializer] No user session. Skipping customer state initialization. color: #9E9E9E; font-style: italic; @ http://localhost:4200/chunk-H2E4C4AE.js:2883
[175173942ms] [LOG] %c✅ [Initializer] State initialization complete. color: green; font-style: italic; @ http://localhost:4200/chunk-H2E4C4AE.js:2883
[175174009ms] [LOG] %c🔄 UpdateService: Inicializando servicio de actualizaciones color: blue; font-weight: bold; @ http://localhost:4200/chunk-2BPO4FAW.js:17
[175174010ms] [LOG] %c🔄 UpdateService: ❌ Service Worker NO habilitado color: red; font-weight: bold; @ http://localhost:4200/chunk-2BPO4FAW.js:33
[175174024ms] [LOG] %c🚀 [App] ¡Aplicación iniciada! Soy más ligero y rápido que nunca. color: #673AB7; font-style: italic; @ http://localhost:4200/chunk-H2E4C4AE.js:2883
[175174028ms] [LOG] %c⚠️ [App] Notificaciones bloqueadas por el usuario color: orange;font-style: italic @ http://localhost:4200/chunk-H2E4C4AE.js:2896
[175174035ms] [LOG] Angular is running in development mode. @ http://localhost:4200/@fs/D:/repos/luxuryapp-api/appsweb/angular/.angular/cache/22.1.8/luxury-app/vite/deps/core-BtAdGG1h.js?v=023c1ce3:9175
[175174299ms] [LOG] %c🔐 [SecurityService] Servicio de seguridad inicializado. color: #3F51B5; font-style: italic; @ http://localhost:4200/chunk-H2E4C4AE.js:2883
[175174351ms] [LOG] %c [Login] Iniciando.. color: #607D8B; font-style: italic; @ http://localhost:4200/chunk-H2E4C4AE.js:2883
[175174352ms] [LOG] %c [Login] Usando / como redireccion por defecto. color: #607D8B; font-style: italic; @ http://localhost:4200/chunk-H2E4C4AE.js:2883
[175174353ms] [LOG] %c [Login] URL final de redireccion: / color: #2196F3; font-style: italic; @ http://localhost:4200/chunk-H2E4C4AE.js:2883
[175174354ms] [LOG] %c [Login] Usuario recuperado. color: #FF9800; font-style: italic; @ http://localhost:4200/chunk-H2E4C4AE.js:2883
[175174355ms] [LOG] %c🚪 [SecurityService] Limpiando datos de autenticación... color: #F44336; font-style: italic; @ http://localhost:4200/chunk-H2E4C4AE.js:2883
[175174356ms] [LOG] %c🗑️ [StorageService] Eliminando clave: 'userAuthData' color: #F44336; font-style: italic; @ http://localhost:4200/chunk-H2E4C4AE.js:2883
[175174357ms] [LOG] %c✅ [StorageService] Clave 'userAuthData' eliminada. color: #9E9E9E; font-style: italic; @ http://localhost:4200/chunk-H2E4C4AE.js:2883
[175174357ms] [LOG] %c🗑️ [StorageService] Eliminando clave: 'accessToken' color: #F44336; font-style: italic; @ http://localhost:4200/chunk-H2E4C4AE.js:2883
[175174358ms] [LOG] %c✅ [StorageService] Clave 'accessToken' eliminada. color: #9E9E9E; font-style: italic; @ http://localhost:4200/chunk-H2E4C4AE.js:2883
[175174358ms] [LOG] %c🧹 [SecurityService] Datos de sesión eliminados: userAuthData y accessToken. color: #9E9E9E; font-style: italic; @ http://localhost:4200/chunk-H2E4C4AE.js:2883
[175174359ms] [LOG] %c [Login] Datos de sesion previa eliminados. color: #9E9E9E; font-style: italic; @ http://localhost:4200/chunk-H2E4C4AE.js:2883
[175174360ms] [LOG] %c🚪 [SecurityService] Limpiando datos de autenticación... color: #F44336; font-style: italic; @ http://localhost:4200/chunk-H2E4C4AE.js:2883
[175174361ms] [LOG] %c🗑️ [StorageService] Eliminando clave: 'userAuthData' color: #F44336; font-style: italic; @ http://localhost:4200/chunk-H2E4C4AE.js:2883
[175174361ms] [LOG] %c✅ [StorageService] Clave 'userAuthData' eliminada. color: #9E9E9E; font-style: italic; @ http://localhost:4200/chunk-H2E4C4AE.js:2883
[175174362ms] [LOG] %c🗑️ [StorageService] Eliminando clave: 'accessToken' color: #F44336; font-style: italic; @ http://localhost:4200/chunk-H2E4C4AE.js:2883
[175174362ms] [LOG] %c✅ [StorageService] Clave 'accessToken' eliminada. color: #9E9E9E; font-style: italic; @ http://localhost:4200/chunk-H2E4C4AE.js:2883
[175174363ms] [LOG] %c🧹 [SecurityService] Datos de sesión eliminados: userAuthData y accessToken. color: #9E9E9E; font-style: italic; @ http://localhost:4200/chunk-H2E4C4AE.js:2883
[175174455ms] [VERBOSE] [DOM] Input elements should have autocomplete attributes (suggested: "current-password"): (More info: https://goo.gl/9p2vKq) @ http://localhost:4200/auth/login:0
[175569437ms] [LOG] %c📦 [StorageService] Inicializando servicio de almacenamiento local... color: #3F51B5; font-style: italic; @ http://localhost:4200/chunk-H2E4C4AE.js:2883
[175569440ms] [LOG] %c [AuthService] Verificando ruta inicial: /auth/login | Es publica: true color: #9C27B0; font-style: italic; @ http://localhost:4200/chunk-H2E4C4AE.js:2883
[175569441ms] [LOG] %c [AuthService] Ruta publica detectada. Omitiendo login silencioso. color: #FFC107; font-style: italic; @ http://localhost:4200/chunk-H2E4C4AE.js:2883
[175569442ms] [LOG] %c🚀 [Initializer] Starting application state initialization... color: purple; font-style: italic; @ http://localhost:4200/chunk-H2E4C4AE.js:2883
[175569444ms] [LOG] %c🤷 [Initializer] No user session. Skipping customer state initialization. color: #9E9E9E; font-style: italic; @ http://localhost:4200/chunk-H2E4C4AE.js:2883
[175569445ms] [LOG] %c✅ [Initializer] State initialization complete. color: green; font-style: italic; @ http://localhost:4200/chunk-H2E4C4AE.js:2883
[175569484ms] [LOG] %c🔄 UpdateService: Inicializando servicio de actualizaciones color: blue; font-weight: bold; @ http://localhost:4200/chunk-2BPO4FAW.js:17
[175569484ms] [LOG] %c🔄 UpdateService: ❌ Service Worker NO habilitado color: red; font-weight: bold; @ http://localhost:4200/chunk-2BPO4FAW.js:33
[175569489ms] [LOG] %c🚀 [App] ¡Aplicación iniciada! Soy más ligero y rápido que nunca. color: #673AB7; font-style: italic; @ http://localhost:4200/chunk-H2E4C4AE.js:2883
[175569491ms] [LOG] %c⚠️ [App] Notificaciones bloqueadas por el usuario color: orange;font-style: italic @ http://localhost:4200/chunk-H2E4C4AE.js:2896
[175569495ms] [LOG] Angular is running in development mode. @ http://localhost:4200/@fs/D:/repos/luxuryapp-api/appsweb/angular/.angular/cache/22.1.8/luxury-app/vite/deps/core-BtAdGG1h.js?v=023c1ce3:9175
[175569841ms] [LOG] %c🔐 [SecurityService] Servicio de seguridad inicializado. color: #3F51B5; font-style: italic; @ http://localhost:4200/chunk-H2E4C4AE.js:2883
[175569894ms] [LOG] %c [Login] Iniciando.. color: #607D8B; font-style: italic; @ http://localhost:4200/chunk-H2E4C4AE.js:2883
[175569896ms] [LOG] %c [Login] Usando / como redireccion por defecto. color: #607D8B; font-style: italic; @ http://localhost:4200/chunk-H2E4C4AE.js:2883
[175569898ms] [LOG] %c [Login] URL final de redireccion: / color: #2196F3; font-style: italic; @ http://localhost:4200/chunk-H2E4C4AE.js:2883
[175569899ms] [LOG] %c [Login] Usuario recuperado. color: #FF9800; font-style: italic; @ http://localhost:4200/chunk-H2E4C4AE.js:2883
[175569899ms] [LOG] %c🚪 [SecurityService] Limpiando datos de autenticación... color: #F44336; font-style: italic; @ http://localhost:4200/chunk-H2E4C4AE.js:2883
[175569899ms] [LOG] %c🗑️ [StorageService] Eliminando clave: 'userAuthData' color: #F44336; font-style: italic; @ http://localhost:4200/chunk-H2E4C4AE.js:2883
[175569900ms] [LOG] %c✅ [StorageService] Clave 'userAuthData' eliminada. color: #9E9E9E; font-style: italic; @ http://localhost:4200/chunk-H2E4C4AE.js:2883
[175569900ms] [LOG] %c🗑️ [StorageService] Eliminando clave: 'accessToken' color: #F44336; font-style: italic; @ http://localhost:4200/chunk-H2E4C4AE.js:2883
[175569900ms] [LOG] %c✅ [StorageService] Clave 'accessToken' eliminada. color: #9E9E9E; font-style: italic; @ http://localhost:4200/chunk-H2E4C4AE.js:2883
[175569900ms] [LOG] %c🧹 [SecurityService] Datos de sesión eliminados: userAuthData y accessToken. color: #9E9E9E; font-style: italic; @ http://localhost:4200/chunk-H2E4C4AE.js:2883
[175569901ms] [LOG] %c [Login] Datos de sesion previa eliminados. color: #9E9E9E; font-style: italic; @ http://localhost:4200/chunk-H2E4C4AE.js:2883
[175569901ms] [LOG] %c🚪 [SecurityService] Limpiando datos de autenticación... color: #F44336; font-style: italic; @ http://localhost:4200/chunk-H2E4C4AE.js:2883
[175569902ms] [LOG] %c🗑️ [StorageService] Eliminando clave: 'userAuthData' color: #F44336; font-style: italic; @ http://localhost:4200/chunk-H2E4C4AE.js:2883
[175569902ms] [LOG] %c✅ [StorageService] Clave 'userAuthData' eliminada. color: #9E9E9E; font-style: italic; @ http://localhost:4200/chunk-H2E4C4AE.js:2883
[175569902ms] [LOG] %c🗑️ [StorageService] Eliminando clave: 'accessToken' color: #F44336; font-style: italic; @ http://localhost:4200/chunk-H2E4C4AE.js:2883
[175569902ms] [LOG] %c✅ [StorageService] Clave 'accessToken' eliminada. color: #9E9E9E; font-style: italic; @ http://localhost:4200/chunk-H2E4C4AE.js:2883
[175569903ms] [LOG] %c🧹 [SecurityService] Datos de sesión eliminados: userAuthData y accessToken. color: #9E9E9E; font-style: italic; @ http://localhost:4200/chunk-H2E4C4AE.js:2883
[175569987ms] [VERBOSE] [DOM] Input elements should have autocomplete attributes (suggested: "current-password"): (More info: https://goo.gl/9p2vKq) @ http://localhost:4200/auth/login:0
[176163088ms] [LOG] %c📦 [StorageService] Inicializando servicio de almacenamiento local... color: #3F51B5; font-style: italic; @ http://localhost:4200/chunk-H2E4C4AE.js:2883
[176163089ms] [LOG] %c [AuthService] Verificando ruta inicial: /auth/login | Es publica: true color: #9C27B0; font-style: italic; @ http://localhost:4200/chunk-H2E4C4AE.js:2883
[176163090ms] [LOG] %c [AuthService] Ruta publica detectada. Omitiendo login silencioso. color: #FFC107; font-style: italic; @ http://localhost:4200/chunk-H2E4C4AE.js:2883
[176163090ms] [LOG] %c🚀 [Initializer] Starting application state initialization... color: purple; font-style: italic; @ http://localhost:4200/chunk-H2E4C4AE.js:2883
[176163091ms] [LOG] %c🤷 [Initializer] No user session. Skipping customer state initialization. color: #9E9E9E; font-style: italic; @ http://localhost:4200/chunk-H2E4C4AE.js:2883
[176163091ms] [LOG] %c✅ [Initializer] State initialization complete. color: green; font-style: italic; @ http://localhost:4200/chunk-H2E4C4AE.js:2883
[176163134ms] [LOG] %c🔄 UpdateService: Inicializando servicio de actualizaciones color: blue; font-weight: bold; @ http://localhost:4200/chunk-2BPO4FAW.js:17
[176163135ms] [LOG] %c🔄 UpdateService: ❌ Service Worker NO habilitado color: red; font-weight: bold; @ http://localhost:4200/chunk-2BPO4FAW.js:33
[176163142ms] [LOG] %c🚀 [App] ¡Aplicación iniciada! Soy más ligero y rápido que nunca. color: #673AB7; font-style: italic; @ http://localhost:4200/chunk-H2E4C4AE.js:2883
[176163145ms] [LOG] %c⚠️ [App] Notificaciones bloqueadas por el usuario color: orange;font-style: italic @ http://localhost:4200/chunk-H2E4C4AE.js:2896
[176163151ms] [LOG] Angular is running in development mode. @ http://localhost:4200/@fs/D:/repos/luxuryapp-api/appsweb/angular/.angular/cache/22.1.8/luxury-app/vite/deps/core-BtAdGG1h.js?v=023c1ce3:9175
[176163377ms] [LOG] %c🔐 [SecurityService] Servicio de seguridad inicializado. color: #3F51B5; font-style: italic; @ http://localhost:4200/chunk-H2E4C4AE.js:2883
[176163413ms] [LOG] %c [Login] Iniciando.. color: #607D8B; font-style: italic; @ http://localhost:4200/chunk-H2E4C4AE.js:2883
[176163414ms] [LOG] %c [Login] Usando / como redireccion por defecto. color: #607D8B; font-style: italic; @ http://localhost:4200/chunk-H2E4C4AE.js:2883
[176163414ms] [LOG] %c [Login] URL final de redireccion: / color: #2196F3; font-style: italic; @ http://localhost:4200/chunk-H2E4C4AE.js:2883
[176163414ms] [LOG] %c [Login] Usuario recuperado. color: #FF9800; font-style: italic; @ http://localhost:4200/chunk-H2E4C4AE.js:2883
[176163415ms] [LOG] %c🚪 [SecurityService] Limpiando datos de autenticación... color: #F44336; font-style: italic; @ http://localhost:4200/chunk-H2E4C4AE.js:2883
[176163415ms] [LOG] %c🗑️ [StorageService] Eliminando clave: 'userAuthData' color: #F44336; font-style: italic; @ http://localhost:4200/chunk-H2E4C4AE.js:2883
[176163415ms] [LOG] %c✅ [StorageService] Clave 'userAuthData' eliminada. color: #9E9E9E; font-style: italic; @ http://localhost:4200/chunk-H2E4C4AE.js:2883
[176163416ms] [LOG] %c🗑️ [StorageService] Eliminando clave: 'accessToken' color: #F44336; font-style: italic; @ http://localhost:4200/chunk-H2E4C4AE.js:2883
[176163416ms] [LOG] %c✅ [StorageService] Clave 'accessToken' eliminada. color: #9E9E9E; font-style: italic; @ http://localhost:4200/chunk-H2E4C4AE.js:2883
[176163416ms] [LOG] %c🧹 [SecurityService] Datos de sesión eliminados: userAuthData y accessToken. color: #9E9E9E; font-style: italic; @ http://localhost:4200/chunk-H2E4C4AE.js:2883
[176163416ms] [LOG] %c [Login] Datos de sesion previa eliminados. color: #9E9E9E; font-style: italic; @ http://localhost:4200/chunk-H2E4C4AE.js:2883
[176163417ms] [LOG] %c🚪 [SecurityService] Limpiando datos de autenticación... color: #F44336; font-style: italic; @ http://localhost:4200/chunk-H2E4C4AE.js:2883
[176163417ms] [LOG] %c🗑️ [StorageService] Eliminando clave: 'userAuthData' color: #F44336; font-style: italic; @ http://localhost:4200/chunk-H2E4C4AE.js:2883
[176163417ms] [LOG] %c✅ [StorageService] Clave 'userAuthData' eliminada. color: #9E9E9E; font-style: italic; @ http://localhost:4200/chunk-H2E4C4AE.js:2883
[176163418ms] [LOG] %c🗑️ [StorageService] Eliminando clave: 'accessToken' color: #F44336; font-style: italic; @ http://localhost:4200/chunk-H2E4C4AE.js:2883
[176163418ms] [LOG] %c✅ [StorageService] Clave 'accessToken' eliminada. color: #9E9E9E; font-style: italic; @ http://localhost:4200/chunk-H2E4C4AE.js:2883
[176163418ms] [LOG] %c🧹 [SecurityService] Datos de sesión eliminados: userAuthData y accessToken. color: #9E9E9E; font-style: italic; @ http://localhost:4200/chunk-H2E4C4AE.js:2883
[176163494ms] [WARNING] NG0913: An image with src http://localhost:4200/assets/oficial/Logo%20Files/png/Color%20logo%20-%20no%20background.png has intrinsic file dimensions much larger than its rendered size. This can negatively impact application loading performance. For more information about addressing or disabling this warning, see https://v22.angular.dev/errors/NG0913. Find more at https://v22.angular.dev/errors/NG0913 @ http://localhost:4200/@fs/D:/repos/luxuryapp-api/appsweb/angular/.angular/cache/22.1.8/luxury-app/vite/deps/core-BtAdGG1h.js?v=023c1ce3:17980
[176163494ms] [WARNING] NG0913: An image with src http://localhost:4200/assets/oficial/Logo%20Files/png/Color%20logo%20-%20no%20background.png has intrinsic file dimensions much larger than its rendered size. This can negatively impact application loading performance. For more information about addressing or disabling this warning, see https://v22.angular.dev/errors/NG0913. Find more at https://v22.angular.dev/errors/NG0913 @ http://localhost:4200/@fs/D:/repos/luxuryapp-api/appsweb/angular/.angular/cache/22.1.8/luxury-app/vite/deps/core-BtAdGG1h.js?v=023c1ce3:17980
[176163494ms] [WARNING] NG0913: An image with src http://localhost:4200/assets/oficial/Logo%20Files/png/White%20logo%20-%20no%20background.png has intrinsic file dimensions much larger than its rendered size. This can negatively impact application loading performance. For more information about addressing or disabling this warning, see https://v22.angular.dev/errors/NG0913. Find more at https://v22.angular.dev/errors/NG0913 @ http://localhost:4200/@fs/D:/repos/luxuryapp-api/appsweb/angular/.angular/cache/22.1.8/luxury-app/vite/deps/core-BtAdGG1h.js?v=023c1ce3:17980
[176163509ms] [VERBOSE] [DOM] Input elements should have autocomplete attributes (suggested: "current-password"): (More info: https://goo.gl/9p2vKq) @ http://localhost:4200/auth/login:0
[182657316ms] [LOG] %c📦 [StorageService] Inicializando servicio de almacenamiento local... color: #3F51B5; font-style: italic; @ http://localhost:4200/chunk-H2E4C4AE.js:2883
[182657319ms] [LOG] %c [AuthService] Verificando ruta inicial: /auth/login | Es publica: true color: #9C27B0; font-style: italic; @ http://localhost:4200/chunk-H2E4C4AE.js:2883
[182657319ms] [LOG] %c [AuthService] Ruta publica detectada. Omitiendo login silencioso. color: #FFC107; font-style: italic; @ http://localhost:4200/chunk-H2E4C4AE.js:2883
[182657320ms] [LOG] %c🚀 [Initializer] Starting application state initialization... color: purple; font-style: italic; @ http://localhost:4200/chunk-H2E4C4AE.js:2883
[182657322ms] [LOG] %c🤷 [Initializer] No user session. Skipping customer state initialization. color: #9E9E9E; font-style: italic; @ http://localhost:4200/chunk-H2E4C4AE.js:2883
[182657323ms] [LOG] %c✅ [Initializer] State initialization complete. color: green; font-style: italic; @ http://localhost:4200/chunk-H2E4C4AE.js:2883
[182657363ms] [LOG] %c🔄 UpdateService: Inicializando servicio de actualizaciones color: blue; font-weight: bold; @ http://localhost:4200/chunk-2BPO4FAW.js:17
[182657364ms] [LOG] %c🔄 UpdateService: ❌ Service Worker NO habilitado color: red; font-weight: bold; @ http://localhost:4200/chunk-2BPO4FAW.js:33
[182657375ms] [LOG] %c🚀 [App] ¡Aplicación iniciada! Soy más ligero y rápido que nunca. color: #673AB7; font-style: italic; @ http://localhost:4200/chunk-H2E4C4AE.js:2883
[182657377ms] [LOG] %c⚠️ [App] Notificaciones bloqueadas por el usuario color: orange;font-style: italic @ http://localhost:4200/chunk-H2E4C4AE.js:2896
[182657384ms] [LOG] Angular is running in development mode. @ http://localhost:4200/@fs/D:/repos/luxuryapp-api/appsweb/angular/.angular/cache/22.1.8/luxury-app/vite/deps/core-BtAdGG1h.js?v=023c1ce3:9175
[182657619ms] [LOG] %c🔐 [SecurityService] Servicio de seguridad inicializado. color: #3F51B5; font-style: italic; @ http://localhost:4200/chunk-H2E4C4AE.js:2883
[182657653ms] [LOG] %c [Login] Iniciando.. color: #607D8B; font-style: italic; @ http://localhost:4200/chunk-H2E4C4AE.js:2883
[182657654ms] [LOG] %c [Login] Usando / como redireccion por defecto. color: #607D8B; font-style: italic; @ http://localhost:4200/chunk-H2E4C4AE.js:2883
[182657654ms] [LOG] %c [Login] URL final de redireccion: / color: #2196F3; font-style: italic; @ http://localhost:4200/chunk-H2E4C4AE.js:2883
[182657659ms] [LOG] %c [Login] Usuario recuperado. color: #FF9800; font-style: italic; @ http://localhost:4200/chunk-H2E4C4AE.js:2883
[182657659ms] [LOG] %c🚪 [SecurityService] Limpiando datos de autenticación... color: #F44336; font-style: italic; @ http://localhost:4200/chunk-H2E4C4AE.js:2883
[182657663ms] [LOG] %c🗑️ [StorageService] Eliminando clave: 'userAuthData' color: #F44336; font-style: italic; @ http://localhost:4200/chunk-H2E4C4AE.js:2883
[182657666ms] [LOG] %c✅ [StorageService] Clave 'userAuthData' eliminada. color: #9E9E9E; font-style: italic; @ http://localhost:4200/chunk-H2E4C4AE.js:2883
[182657666ms] [LOG] %c🗑️ [StorageService] Eliminando clave: 'accessToken' color: #F44336; font-style: italic; @ http://localhost:4200/chunk-H2E4C4AE.js:2883
[182657667ms] [LOG] %c✅ [StorageService] Clave 'accessToken' eliminada. color: #9E9E9E; font-style: italic; @ http://localhost:4200/chunk-H2E4C4AE.js:2883
[182657668ms] [LOG] %c🧹 [SecurityService] Datos de sesión eliminados: userAuthData y accessToken. color: #9E9E9E; font-style: italic; @ http://localhost:4200/chunk-H2E4C4AE.js:2883
[182657668ms] [LOG] %c [Login] Datos de sesion previa eliminados. color: #9E9E9E; font-style: italic; @ http://localhost:4200/chunk-H2E4C4AE.js:2883
[182657669ms] [LOG] %c🚪 [SecurityService] Limpiando datos de autenticación... color: #F44336; font-style: italic; @ http://localhost:4200/chunk-H2E4C4AE.js:2883
[182657670ms] [LOG] %c🗑️ [StorageService] Eliminando clave: 'userAuthData' color: #F44336; font-style: italic; @ http://localhost:4200/chunk-H2E4C4AE.js:2883
[182657671ms] [LOG] %c✅ [StorageService] Clave 'userAuthData' eliminada. color: #9E9E9E; font-style: italic; @ http://localhost:4200/chunk-H2E4C4AE.js:2883
[182657674ms] [LOG] %c🗑️ [StorageService] Eliminando clave: 'accessToken' color: #F44336; font-style: italic; @ http://localhost:4200/chunk-H2E4C4AE.js:2883
[182657675ms] [LOG] %c✅ [StorageService] Clave 'accessToken' eliminada. color: #9E9E9E; font-style: italic; @ http://localhost:4200/chunk-H2E4C4AE.js:2883
[182657675ms] [LOG] %c🧹 [SecurityService] Datos de sesión eliminados: userAuthData y accessToken. color: #9E9E9E; font-style: italic; @ http://localhost:4200/chunk-H2E4C4AE.js:2883
[182657810ms] [VERBOSE] [DOM] Input elements should have autocomplete attributes (suggested: "current-password"): (More info: https://goo.gl/9p2vKq) @ http://localhost:4200/auth/login:0
[183120392ms] [LOG] %c📦 [StorageService] Inicializando servicio de almacenamiento local... color: #3F51B5; font-style: italic; @ http://localhost:4200/chunk-H2E4C4AE.js:2883
[183120394ms] [LOG] %c [AuthService] Verificando ruta inicial: /auth/login | Es publica: true color: #9C27B0; font-style: italic; @ http://localhost:4200/chunk-H2E4C4AE.js:2883
[183120394ms] [LOG] %c [AuthService] Ruta publica detectada. Omitiendo login silencioso. color: #FFC107; font-style: italic; @ http://localhost:4200/chunk-H2E4C4AE.js:2883
[183120395ms] [LOG] %c🚀 [Initializer] Starting application state initialization... color: purple; font-style: italic; @ http://localhost:4200/chunk-H2E4C4AE.js:2883
[183120395ms] [LOG] %c🤷 [Initializer] No user session. Skipping customer state initialization. color: #9E9E9E; font-style: italic; @ http://localhost:4200/chunk-H2E4C4AE.js:2883
[183120396ms] [LOG] %c✅ [Initializer] State initialization complete. color: green; font-style: italic; @ http://localhost:4200/chunk-H2E4C4AE.js:2883
[183120437ms] [LOG] %c🔄 UpdateService: Inicializando servicio de actualizaciones color: blue; font-weight: bold; @ http://localhost:4200/chunk-2BPO4FAW.js:17
[183120438ms] [LOG] %c🔄 UpdateService: ❌ Service Worker NO habilitado color: red; font-weight: bold; @ http://localhost:4200/chunk-2BPO4FAW.js:33
[183120452ms] [LOG] %c🚀 [App] ¡Aplicación iniciada! Soy más ligero y rápido que nunca. color: #673AB7; font-style: italic; @ http://localhost:4200/chunk-H2E4C4AE.js:2883
[183120454ms] [LOG] %c⚠️ [App] Notificaciones bloqueadas por el usuario color: orange;font-style: italic @ http://localhost:4200/chunk-H2E4C4AE.js:2896
[183120459ms] [LOG] Angular is running in development mode. @ http://localhost:4200/@fs/D:/repos/luxuryapp-api/appsweb/angular/.angular/cache/22.1.8/luxury-app/vite/deps/core-BtAdGG1h.js?v=023c1ce3:9175
[183120689ms] [LOG] %c🔐 [SecurityService] Servicio de seguridad inicializado. color: #3F51B5; font-style: italic; @ http://localhost:4200/chunk-H2E4C4AE.js:2883
[183120725ms] [LOG] %c [Login] Iniciando.. color: #607D8B; font-style: italic; @ http://localhost:4200/chunk-H2E4C4AE.js:2883
[183120725ms] [LOG] %c [Login] Usando / como redireccion por defecto. color: #607D8B; font-style: italic; @ http://localhost:4200/chunk-H2E4C4AE.js:2883
[183120726ms] [LOG] %c [Login] URL final de redireccion: / color: #2196F3; font-style: italic; @ http://localhost:4200/chunk-H2E4C4AE.js:2883
[183120726ms] [LOG] %c [Login] Usuario recuperado. color: #FF9800; font-style: italic; @ http://localhost:4200/chunk-H2E4C4AE.js:2883
[183120727ms] [LOG] %c🚪 [SecurityService] Limpiando datos de autenticación... color: #F44336; font-style: italic; @ http://localhost:4200/chunk-H2E4C4AE.js:2883
[183120727ms] [LOG] %c🗑️ [StorageService] Eliminando clave: 'userAuthData' color: #F44336; font-style: italic; @ http://localhost:4200/chunk-H2E4C4AE.js:2883
[183120727ms] [LOG] %c✅ [StorageService] Clave 'userAuthData' eliminada. color: #9E9E9E; font-style: italic; @ http://localhost:4200/chunk-H2E4C4AE.js:2883
[183120728ms] [LOG] %c🗑️ [StorageService] Eliminando clave: 'accessToken' color: #F44336; font-style: italic; @ http://localhost:4200/chunk-H2E4C4AE.js:2883
[183120728ms] [LOG] %c✅ [StorageService] Clave 'accessToken' eliminada. color: #9E9E9E; font-style: italic; @ http://localhost:4200/chunk-H2E4C4AE.js:2883
[183120728ms] [LOG] %c🧹 [SecurityService] Datos de sesión eliminados: userAuthData y accessToken. color: #9E9E9E; font-style: italic; @ http://localhost:4200/chunk-H2E4C4AE.js:2883
[183120728ms] [LOG] %c [Login] Datos de sesion previa eliminados. color: #9E9E9E; font-style: italic; @ http://localhost:4200/chunk-H2E4C4AE.js:2883
[183120729ms] [LOG] %c🚪 [SecurityService] Limpiando datos de autenticación... color: #F44336; font-style: italic; @ http://localhost:4200/chunk-H2E4C4AE.js:2883
[183120729ms] [LOG] %c🗑️ [StorageService] Eliminando clave: 'userAuthData' color: #F44336; font-style: italic; @ http://localhost:4200/chunk-H2E4C4AE.js:2883
[183120729ms] [LOG] %c✅ [StorageService] Clave 'userAuthData' eliminada. color: #9E9E9E; font-style: italic; @ http://localhost:4200/chunk-H2E4C4AE.js:2883
[183120729ms] [LOG] %c🗑️ [StorageService] Eliminando clave: 'accessToken' color: #F44336; font-style: italic; @ http://localhost:4200/chunk-H2E4C4AE.js:2883
[183120730ms] [LOG] %c✅ [StorageService] Clave 'accessToken' eliminada. color: #9E9E9E; font-style: italic; @ http://localhost:4200/chunk-H2E4C4AE.js:2883
[183120730ms] [LOG] %c🧹 [SecurityService] Datos de sesión eliminados: userAuthData y accessToken. color: #9E9E9E; font-style: italic; @ http://localhost:4200/chunk-H2E4C4AE.js:2883
[183120820ms] [VERBOSE] [DOM] Input elements should have autocomplete attributes (suggested: "current-password"): (More info: https://goo.gl/9p2vKq) @ http://localhost:4200/auth/login:0
[192398481ms] [LOG] %c📦 [StorageService] Inicializando servicio de almacenamiento local... color: #3F51B5; font-style: italic; @ http://localhost:4200/chunk-A7I7GXMU.js:2883
[192398483ms] [LOG] %c [AuthService] Verificando ruta inicial: /auth/login | Es publica: true color: #9C27B0; font-style: italic; @ http://localhost:4200/chunk-A7I7GXMU.js:2883
[192398483ms] [LOG] %c [AuthService] Ruta publica detectada. Omitiendo login silencioso. color: #FFC107; font-style: italic; @ http://localhost:4200/chunk-A7I7GXMU.js:2883
[192398483ms] [LOG] %c🚀 [Initializer] Starting application state initialization... color: purple; font-style: italic; @ http://localhost:4200/chunk-A7I7GXMU.js:2883
[192398485ms] [LOG] %c🤷 [Initializer] No user session. Skipping customer state initialization. color: #9E9E9E; font-style: italic; @ http://localhost:4200/chunk-A7I7GXMU.js:2883
[192398486ms] [LOG] %c✅ [Initializer] State initialization complete. color: green; font-style: italic; @ http://localhost:4200/chunk-A7I7GXMU.js:2883
[192398536ms] [LOG] %c🔄 UpdateService: Inicializando servicio de actualizaciones color: blue; font-weight: bold; @ http://localhost:4200/chunk-2BPO4FAW.js:17
[192398537ms] [LOG] %c🔄 UpdateService: ❌ Service Worker NO habilitado color: red; font-weight: bold; @ http://localhost:4200/chunk-2BPO4FAW.js:33
[192398545ms] [LOG] %c🚀 [App] ¡Aplicación iniciada! Soy más ligero y rápido que nunca. color: #673AB7; font-style: italic; @ http://localhost:4200/chunk-A7I7GXMU.js:2883
[192398548ms] [LOG] %c⚠️ [App] Notificaciones bloqueadas por el usuario color: orange;font-style: italic @ http://localhost:4200/chunk-A7I7GXMU.js:2896
[192398558ms] [LOG] Angular is running in development mode. @ http://localhost:4200/@fs/D:/repos/luxuryapp-api/appsweb/angular/.angular/cache/22.1.8/luxury-app/vite/deps/core-BtAdGG1h.js?v=023c1ce3:9175
[192398887ms] [LOG] %c🔐 [SecurityService] Servicio de seguridad inicializado. color: #3F51B5; font-style: italic; @ http://localhost:4200/chunk-A7I7GXMU.js:2883
[192398952ms] [LOG] %c [Login] Iniciando.. color: #607D8B; font-style: italic; @ http://localhost:4200/chunk-A7I7GXMU.js:2883
[192398953ms] [LOG] %c [Login] Usando / como redireccion por defecto. color: #607D8B; font-style: italic; @ http://localhost:4200/chunk-A7I7GXMU.js:2883
[192398953ms] [LOG] %c [Login] URL final de redireccion: / color: #2196F3; font-style: italic; @ http://localhost:4200/chunk-A7I7GXMU.js:2883
[192398954ms] [LOG] %c [Login] Usuario recuperado. color: #FF9800; font-style: italic; @ http://localhost:4200/chunk-A7I7GXMU.js:2883
[192398954ms] [LOG] %c🚪 [SecurityService] Limpiando datos de autenticación... color: #F44336; font-style: italic; @ http://localhost:4200/chunk-A7I7GXMU.js:2883
[192398955ms] [LOG] %c🗑️ [StorageService] Eliminando clave: 'userAuthData' color: #F44336; font-style: italic; @ http://localhost:4200/chunk-A7I7GXMU.js:2883
[192398955ms] [LOG] %c✅ [StorageService] Clave 'userAuthData' eliminada. color: #9E9E9E; font-style: italic; @ http://localhost:4200/chunk-A7I7GXMU.js:2883
[192398955ms] [LOG] %c🗑️ [StorageService] Eliminando clave: 'accessToken' color: #F44336; font-style: italic; @ http://localhost:4200/chunk-A7I7GXMU.js:2883
[192398956ms] [LOG] %c✅ [StorageService] Clave 'accessToken' eliminada. color: #9E9E9E; font-style: italic; @ http://localhost:4200/chunk-A7I7GXMU.js:2883
[192398956ms] [LOG] %c🧹 [SecurityService] Datos de sesión eliminados: userAuthData y accessToken. color: #9E9E9E; font-style: italic; @ http://localhost:4200/chunk-A7I7GXMU.js:2883
[192398956ms] [LOG] %c [Login] Datos de sesion previa eliminados. color: #9E9E9E; font-style: italic; @ http://localhost:4200/chunk-A7I7GXMU.js:2883
[192398957ms] [LOG] %c🚪 [SecurityService] Limpiando datos de autenticación... color: #F44336; font-style: italic; @ http://localhost:4200/chunk-A7I7GXMU.js:2883
[192398957ms] [LOG] %c🗑️ [StorageService] Eliminando clave: 'userAuthData' color: #F44336; font-style: italic; @ http://localhost:4200/chunk-A7I7GXMU.js:2883
[192398958ms] [LOG] %c✅ [StorageService] Clave 'userAuthData' eliminada. color: #9E9E9E; font-style: italic; @ http://localhost:4200/chunk-A7I7GXMU.js:2883
[192398958ms] [LOG] %c🗑️ [StorageService] Eliminando clave: 'accessToken' color: #F44336; font-style: italic; @ http://localhost:4200/chunk-A7I7GXMU.js:2883
[192398958ms] [LOG] %c✅ [StorageService] Clave 'accessToken' eliminada. color: #9E9E9E; font-style: italic; @ http://localhost:4200/chunk-A7I7GXMU.js:2883
[192398959ms] [LOG] %c🧹 [SecurityService] Datos de sesión eliminados: userAuthData y accessToken. color: #9E9E9E; font-style: italic; @ http://localhost:4200/chunk-A7I7GXMU.js:2883
[192399087ms] [VERBOSE] [DOM] Input elements should have autocomplete attributes (suggested: "current-password"): (More info: https://goo.gl/9p2vKq) @ http://localhost:4200/auth/login:0
