[     285ms] [LOG] %c📦 [StorageService] Inicializando servicio de almacenamiento local... color: #3F51B5; font-style: italic; @ http://localhost:4200/chunk-72LYY77U.js:59
[     286ms] [LOG] %c [AuthService] Verificando ruta inicial: /admin/work-position-schedules | Es publica: false color: #9C27B0; font-style: italic; @ http://localhost:4200/chunk-72LYY77U.js:59
[     287ms] [LOG] %c [AuthService] Ruta no publica. Intentando login silencioso... color: #009688; font-style: italic; @ http://localhost:4200/chunk-72LYY77U.js:59
[     289ms] [LOG] %c🚀 [Initializer] Starting application state initialization... color: purple; font-style: italic; @ http://localhost:4200/chunk-72LYY77U.js:59
[     415ms] [LOG] %c [AuthService] Token renovado. Actualizando sesion en memoria. color: color: #4CAF50; font-style: italic;; font-style: italic; @ http://localhost:4200/chunk-72LYY77U.js:59
[     415ms] [LOG] %c [AuthTrace] refresh.success.before-set color: #03A9F4; font-style: italic; {at: 2026-09-13T23:31:10.947Z, applicationUserId: 63f5fe75-4fbb-4328-a2dd-b7224778752e, tokenCustomerId: 019c6bee-028a-70e4-98ea-557b645a3ae0, roles: Array(1), customerAccessCount: 10} @ http://localhost:4200/chunk-72LYY77U.js:59
[     415ms] [LOG] %c [AuthTrace] refresh.success.after-set color: #03A9F4; font-style: italic; {at: 2026-09-13T23:31:10.948Z, applicationUserId: 63f5fe75-4fbb-4328-a2dd-b7224778752e, tokenCustomerId: 019c6bee-028a-70e4-98ea-557b645a3ae0, roles: Array(1), customerAccessCount: 10} @ http://localhost:4200/chunk-72LYY77U.js:59
[     416ms] [LOG] %cLINK [SignalR] Construyendo conexion... color: blue; font-style: italic; @ http://localhost:4200/chunk-72LYY77U.js:59
[     416ms] [LOG] %cHEADSET [SignalR] Registrando listeners... color: cyan; font-style: italic; @ http://localhost:4200/chunk-72LYY77U.js:59
[     417ms] [LOG] %cLINK [SignalR] Iniciando conexion... color: blue; font-style: italic; @ http://localhost:4200/chunk-72LYY77U.js:59
[     417ms] [LOG] %c [AuthTrace] trySilentLogin.finalize color: #8BC34A; font-style: italic; {at: 2026-09-13T23:31:10.950Z, isAuthenticated: true} @ http://localhost:4200/chunk-72LYY77U.js:59
[     418ms] [LOG] %c🏢 [Initializer] User session found. Initializing customer state... color: #3F51B5; font-style: italic; @ http://localhost:4200/chunk-72LYY77U.js:59
[     419ms] [LOG] %c🔍 [StorageService] Recuperando valor para clave: 'customerId' color: #2196F3; font-style: italic; @ http://localhost:4200/chunk-72LYY77U.js:59
[     419ms] [LOG] %c [CustomerTrace] initialize.start color: #FF9800; font-style: italic; {at: 2026-09-13T23:31:10.951Z, state: Object, storedCustomerId: 019c6bee-028a-70e4-98ea-557b645a3ae0, tokenCustomerId: 019c6bee-028a-70e4-98ea-557b645a3ae0, customerAccess: Array(10)} @ http://localhost:4200/chunk-72LYY77U.js:59
[     420ms] [LOG] %c🔍 [StorageService] Recuperando valor para clave: 'customerId' color: #2196F3; font-style: italic; @ http://localhost:4200/chunk-72LYY77U.js:59
[     420ms] [LOG] %c🔍 [StorageService] Recuperando valor para clave: 'customerId' color: #2196F3; font-style: italic; @ http://localhost:4200/chunk-72LYY77U.js:59
[     421ms] [LOG] %c [CustomerTrace] initialize.selected-customer color: #FF9800; font-style: italic; {at: 2026-09-13T23:31:10.952Z, state: Object, storedCustomerId: 019c6bee-028a-70e4-98ea-557b645a3ae0, selectedCustomerId: 019c6bee-028a-70e4-98ea-557b645a3ae0} @ http://localhost:4200/chunk-72LYY77U.js:59
[     421ms] [LOG] %c💾 [StorageService] Guardando clave: 'customerId' color: #FF9800; font-style: italic; {value: 019c6bee-028a-70e4-98ea-557b645a3ae0} @ http://localhost:4200/chunk-72LYY77U.js:59
[     422ms] [LOG] %c✅ [StorageService] Clave 'customerId' guardada exitosamente. color: #4CAF50; font-style: italic; @ http://localhost:4200/chunk-72LYY77U.js:59
[     422ms] [LOG] %c🔍 [StorageService] Recuperando valor para clave: 'customerId' color: #2196F3; font-style: italic; @ http://localhost:4200/chunk-72LYY77U.js:59
[     423ms] [LOG] %c [CustomerTrace] loadDataForCustomer.start color: #FF9800; font-style: italic; {at: 2026-09-13T23:31:10.954Z, state: Object, storedCustomerId: 019c6bee-028a-70e4-98ea-557b645a3ae0, customerId: 019c6bee-028a-70e4-98ea-557b645a3ae0} @ http://localhost:4200/chunk-72LYY77U.js:59
[     424ms] [LOG] %c🛡️ [JwtInterceptorFn] Auth check completado. Interceptando ruta: color: #FF0000; font-style: italic; http://localhost:7070/api/customers/019c6bee-028a-70e4-98ea-557b645a3ae0 @ http://localhost:4200/chunk-72LYY77U.js:59
[     425ms] [LOG] %c🔍 [StorageService] Recuperando valor para clave: 'customerId' color: #2196F3; font-style: italic; @ http://localhost:4200/chunk-72LYY77U.js:59
[     426ms] [LOG] %c🔍 [StorageService] Recuperando valor para clave: 'customerId' color: #2196F3; font-style: italic; @ http://localhost:4200/chunk-72LYY77U.js:59
[     427ms] [LOG] %c [JwtTrace] request color: #F44336; font-style: italic; {at: 2026-09-13T23:31:10.958Z, url: http://localhost:7070/api/customers/019c6bee-028a-70e4-98ea-557b645a3ae0, method: GET, appUserId: 63f5fe75-4fbb-4328-a2dd-b7224778752e, storageCustomerId: 019c6bee-028a-70e4-98ea-557b645a3ae0} @ http://localhost:4200/chunk-72LYY77U.js:59
[     443ms] [INFO] [2026-09-13T23:31:10.976Z] Information: WebSocket connected to ws://localhost:7070/ws/notificationHub?id=Bdsh5xwYqYIAyMCo2mgo2A&access_token=eyJhbGciOiJIUzI1NiIsInR5cCI6IkpXVCJ9.eyJzdWIiOiI2M2Y1ZmU3NS00ZmJiLTQzMjgtYTJkZC1iNzIyNDc3ODc1MmUiLCJqdGkiOiIwMWEwOWQxYy00NWJiLTc1MDAtYjQyZC0xOTdhNzFiOTJiMzAiLCJpYXQiOjE3ODkzNDIyNzAsIm5hbWUiOiJBZG1pbmlzdHJhZG9yIExCRyIsImVtYWlsIjoiaW5mb0BsdXh1cnlidWlsZGluZy5jb20ubXgiLCJ1c2VybmFtZSI6ImFkbWluIiwiY3VzdG9tZXJJZCI6IjAxOWM2YmVlLTAyOGEtNzBlNC05OGVhLTU1N2I2NDVhM2FlMCIsImN1c3RvbWVyTmFtZSI6IkxVWFVSWSBCVUlMRElORyBHUk9VUCBTQSBERSBDViIsImZpcnN0TmFtZSI6IkFkbWluaXN0cmFkb3IiLCJsYXN0TmFtZSI6IkxCRyIsInBob25lIjoiKDU1KSAwMDAwLSAwMDAwIiwicGhvdG9QYXRoIjoiaHR0cDovL2xvY2FsaG9zdDo3MDcwL2FwaS9maWxlcy9kb3dubG9hZD9maWxlUGF0aD1wdWJsaWMlMmZBZG1pbmlzdHJhdGlvbiUyZmFjY291bnRzJTJmMDE5ZmE0NjUtMTkyMC03NzcyLWE5NDgtNzZhMDFlOGFiNzZjLnBuZyIsInBvc2l0aW9uIjoiRGVzY29ub2NpZG8iLCJodHRwOi8vc2NoZW1hcy5taWNyb3NvZnQuY29tL3dzLzIwMDgvMDYvaWRlbnRpdHkvY2xhaW1zL3JvbGUiOiJTdXBlclVzdWFyaW8iLCJyb2xlSWQiOiI2OTlkN2NjMS1kMTQzLTQ5ODUtYjU1YS1kMDMwODY0YzY5M2UiLCJleHAiOjE3ODkzNDU4NzAsImlzcyI6Imh0dHBzOi8vbG9jYWxob3N0OjcwNjkiLCJhdWQiOiJodHRwczovL2xvY2FsaG9zdDo0MjAwIn0.9tvWe6_HFdMRoV_l4PPK_RPCK8TrvWZL_xPS_2PKhNo. @ http://localhost:4200/@fs/D:/repos/luxuryapp-api/appsweb/angular/.angular/cache/22.1.8/luxury-app/vite/deps/@microsoft_signalr.js?v=4135c88c:308
[     444ms] [INFO] [2026-09-13T23:31:10.976Z] Information: Using HubProtocol 'json'. @ http://localhost:4200/@fs/D:/repos/luxuryapp-api/appsweb/angular/.angular/cache/22.1.8/luxury-app/vite/deps/@microsoft_signalr.js?v=4135c88c:308
[     445ms] [LOG] %c🔍 [StorageService] Recuperando valor para clave: 'customerId' color: #2196F3; font-style: italic; @ http://localhost:4200/chunk-72LYY77U.js:59
[     445ms] [LOG] %c [CustomerTrace] loadDataForCustomer.response color: #FF9800; font-style: italic; {at: 2026-09-13T23:31:10.977Z, state: Object, storedCustomerId: 019c6bee-028a-70e4-98ea-557b645a3ae0, customerId: 019c6bee-028a-70e4-98ea-557b645a3ae0, success: true} @ http://localhost:4200/chunk-72LYY77U.js:59
[     446ms] [LOG] %c🔍 [StorageService] Recuperando valor para clave: 'customerId' color: #2196F3; font-style: italic; @ http://localhost:4200/chunk-72LYY77U.js:59
[     446ms] [LOG] %c [CustomerTrace] loadDataForCustomer.ready color: #FF9800; font-style: italic; {at: 2026-09-13T23:31:10.978Z, state: Object, storedCustomerId: 019c6bee-028a-70e4-98ea-557b645a3ae0, customerId: 019c6bee-028a-70e4-98ea-557b645a3ae0} @ http://localhost:4200/chunk-72LYY77U.js:59
[     446ms] [LOG] %c✅ [Initializer] State initialization complete. color: green; font-style: italic; @ http://localhost:4200/chunk-72LYY77U.js:59
[     448ms] [LOG] %c🔄 UpdateService: Inicializando servicio de actualizaciones color: blue; font-weight: bold; @ http://localhost:4200/chunk-WEIOKMZ7.js:10
[     449ms] [LOG] %c🔄 UpdateService: ❌ Service Worker NO habilitado color: red; font-weight: bold; @ http://localhost:4200/chunk-WEIOKMZ7.js:22
[     459ms] [LOG] %c🚀 [App] ¡Aplicación iniciada! Soy más ligero y rápido que nunca. color: #673AB7; font-style: italic; @ http://localhost:4200/chunk-72LYY77U.js:59
[     491ms] [LOG] Angular is running in development mode. @ http://localhost:4200/@fs/D:/repos/luxuryapp-api/appsweb/angular/.angular/cache/22.1.8/luxury-app/vite/deps/core-gRj2gSiC.js?v=51a6b291:9175
[     498ms] [LOG] %cLINK [SignalR] Conexion iniciada con exito. color: green; font-style: italic; @ http://localhost:4200/chunk-72LYY77U.js:59
[     499ms] [LOG] %cSTATE [SignalR] connectionId = 'y1O10qwk3RFeH3u13b64sA' color: green; font-style: italic; @ http://localhost:4200/chunk-72LYY77U.js:59
[     500ms] [LOG] %cUSER [SignalR] Evento ConnectedUser recibido: color: blue; font-style: italic; Bienvenido 63f5fe75-4fbb-4328-a2dd-b7224778752e @ http://localhost:4200/chunk-72LYY77U.js:59
[     763ms] [LOG] %c🎉 [LayoutEmployee] ¡Layout de empleado cargado! Despertando a los gigantes (SignalR, OneSignal...) color: #2196F3; font-style: italic; @ http://localhost:4200/chunk-72LYY77U.js:59
[     764ms] [LOG] %cLINK [SignalR] Construyendo conexion... color: blue; font-style: italic; @ http://localhost:4200/chunk-72LYY77U.js:59
[     764ms] [LOG] %cHEADSET [SignalR] Registrando listeners... color: cyan; font-style: italic; @ http://localhost:4200/chunk-72LYY77U.js:59
[     765ms] [LOG] %cLINK [SignalR] Iniciando conexion... color: blue; font-style: italic; @ http://localhost:4200/chunk-72LYY77U.js:59
[     765ms] [LOG] %cℹ️ [LayoutEmployee] Usuario 63f5fe75-4fbb-4328-a2dd-b7224778752e autenticado. Iniciando OneSignal... color: dodgerblue;font-style: italic @ http://localhost:4200/chunk-72LYY77U.js:72
[     766ms] [LOG] %c... [OneSignal] Esperando que el SDK este listo... color: orange; font-style: italic; @ http://localhost:4200/chunk-72LYY77U.js:59
[     785ms] [LOG] %c🛡️ [JwtInterceptorFn] Auth check completado. Interceptando ruta: color: #FF0000; font-style: italic; http://localhost:7070/api/admin/general-catalogs/work-position-schedule @ http://localhost:4200/chunk-72LYY77U.js:59
[     786ms] [LOG] %c🔍 [StorageService] Recuperando valor para clave: 'customerId' color: #2196F3; font-style: italic; @ http://localhost:4200/chunk-72LYY77U.js:59
[     787ms] [LOG] %c🔍 [StorageService] Recuperando valor para clave: 'customerId' color: #2196F3; font-style: italic; @ http://localhost:4200/chunk-72LYY77U.js:59
[     787ms] [LOG] %c [JwtTrace] request color: #F44336; font-style: italic; {at: 2026-09-13T23:31:11.319Z, url: http://localhost:7070/api/admin/general-catalogs/work-position-schedule, method: GET, appUserId: 63f5fe75-4fbb-4328-a2dd-b7224778752e, storageCustomerId: 019c6bee-028a-70e4-98ea-557b645a3ae0} @ http://localhost:4200/chunk-72LYY77U.js:59
[     915ms] [LOG] %c🛡️ [JwtInterceptorFn] Auth check completado. Interceptando ruta: color: #FF0000; font-style: italic; http://localhost:7070/api/notifications @ http://localhost:4200/chunk-72LYY77U.js:59
[     916ms] [LOG] %c🔍 [StorageService] Recuperando valor para clave: 'customerId' color: #2196F3; font-style: italic; @ http://localhost:4200/chunk-72LYY77U.js:59
[     917ms] [LOG] %c🔍 [StorageService] Recuperando valor para clave: 'customerId' color: #2196F3; font-style: italic; @ http://localhost:4200/chunk-72LYY77U.js:59
[     918ms] [LOG] %c [JwtTrace] request color: #F44336; font-style: italic; {at: 2026-09-13T23:31:11.449Z, url: http://localhost:7070/api/notifications, method: GET, appUserId: 63f5fe75-4fbb-4328-a2dd-b7224778752e, storageCustomerId: 019c6bee-028a-70e4-98ea-557b645a3ae0} @ http://localhost:4200/chunk-72LYY77U.js:59
[     921ms] [LOG] %c🛡️ [JwtInterceptorFn] Auth check completado. Interceptando ruta: color: #FF0000; font-style: italic; http://localhost:7070/api/notifications/unread-count @ http://localhost:4200/chunk-72LYY77U.js:59
[     923ms] [LOG] %c🔍 [StorageService] Recuperando valor para clave: 'customerId' color: #2196F3; font-style: italic; @ http://localhost:4200/chunk-72LYY77U.js:59
[     924ms] [LOG] %c🔍 [StorageService] Recuperando valor para clave: 'customerId' color: #2196F3; font-style: italic; @ http://localhost:4200/chunk-72LYY77U.js:59
[     924ms] [LOG] %c [JwtTrace] request color: #F44336; font-style: italic; {at: 2026-09-13T23:31:11.456Z, url: http://localhost:7070/api/notifications/unread-count, method: GET, appUserId: 63f5fe75-4fbb-4328-a2dd-b7224778752e, storageCustomerId: 019c6bee-028a-70e4-98ea-557b645a3ae0} @ http://localhost:4200/chunk-72LYY77U.js:59
[     947ms] [LOG] %c [MenuTrace] effect.tick color: #9C27B0; font-style: italic; {at: 2026-09-13T23:31:11.479Z, customerId: 019c6bee-028a-70e4-98ea-557b645a3ae0, customerReady: true, applicationUserId: 63f5fe75-4fbb-4328-a2dd-b7224778752e, lastCustomerId: null} @ http://localhost:4200/chunk-72LYY77U.js:59
[     948ms] [LOG] %c [MenuService] Customer data and session are ready. Loading menu... color: green; font-style: italic; @ http://localhost:4200/chunk-72LYY77U.js:59
[     948ms] [LOG] %c [MenuTrace] triggerMenuLoad.start color: #9C27B0; font-style: italic; {at: 2026-09-13T23:31:11.480Z, customerId: 019c6bee-028a-70e4-98ea-557b645a3ae0, customerReady: true, applicationUserId: 63f5fe75-4fbb-4328-a2dd-b7224778752e, lastCustomerId: null} @ http://localhost:4200/chunk-72LYY77U.js:59
[     949ms] [LOG] %c🛡️ [JwtInterceptorFn] Auth check completado. Interceptando ruta: color: #FF0000; font-style: italic; http://localhost:7070/api/menu-items/019c6bee-028a-70e4-98ea-557b645a3ae0 @ http://localhost:4200/chunk-72LYY77U.js:59
[     949ms] [LOG] %c🔍 [StorageService] Recuperando valor para clave: 'customerId' color: #2196F3; font-style: italic; @ http://localhost:4200/chunk-72LYY77U.js:59
[     950ms] [LOG] %c🔍 [StorageService] Recuperando valor para clave: 'customerId' color: #2196F3; font-style: italic; @ http://localhost:4200/chunk-72LYY77U.js:59
[     950ms] [LOG] %c [JwtTrace] request color: #F44336; font-style: italic; {at: 2026-09-13T23:31:11.482Z, url: http://localhost:7070/api/menu-items/019c6bee-028a-70e4-98ea-557b645a3ae0, method: GET, appUserId: 63f5fe75-4fbb-4328-a2dd-b7224778752e, storageCustomerId: 019c6bee-028a-70e4-98ea-557b645a3ae0} @ http://localhost:4200/chunk-72LYY77U.js:59
[     955ms] [LOG] %cok [OneSignal] SDK listo color: green; font-style: italic; @ http://localhost:4200/chunk-72LYY77U.js:59
[     992ms] [ERROR] Failed to load resource: the server responded with a status of 404 (Not Found) @ http://localhost:7070/api/files/download?filePath=public%2fAdministration%2faccounts%2f019fa465-1920-7772-a948-76a01e8ab76c.png:0
[    1040ms] [LOG] %c [API SUCCESS]: GET LIST: admin/general-catalogs/work-position-schedule color: teal; font-style: italic; [Object, Object, Object, Object, Object, Object, Object, Object, Object, Object, Object, Object, Object, Object, Object, Object, Object, Object, Object, Object, Object, Object, Object, Object, Object, Object, Object, Object, Object, Object, Object, Object, Object, Object, Object, Object, Object, Object, Object, Object, Object, Object, Object, Object, Object, Object, Object, Object, Object, Object, Object, Object, Object, Object, Object, Object, Object, Object, Object, Object, Object, Object, Object, Object, Object, Object, Object, Object, Object, Object, Object, Object, Object, Object, Object, Object, Object, Object, Object, Object, Object, Object, Object, Object, Object, Object, Object, Object, Object, Object, Object, Object, Object, Object, Object, Object, Object, Object, Object, Object] @ http://localhost:4200/chunk-72LYY77U.js:59
[    1041ms] [LOG] %c [API SUCCESS]: GET NoLoading: notifications color: gray; font-style: italic; [Object, Object] @ http://localhost:4200/chunk-72LYY77U.js:59
[    1042ms] [LOG] %c [API SUCCESS]: GET NoLoading: notifications/unread-count color: gray; font-style: italic; 2 @ http://localhost:4200/chunk-72LYY77U.js:59
[    1747ms] [LOG] %c [API SUCCESS]: GET LIST: menu-items/019c6bee-028a-70e4-98ea-557b645a3ae0 color: teal; font-style: italic; [Object, Object, Object, Object, Object, Object, Object, Object, Object, Object, Object, Object, Object, Object, Object, Object, Object, Object, Object, Object, Object, Object, Object, Object] @ http://localhost:4200/chunk-72LYY77U.js:59
[    1748ms] [LOG] %c [MenuTrace] fetchMenuItemsFromApi.success color: #9C27B0; font-style: italic; {at: 2026-09-13T23:31:12.280Z, customerId: 019c6bee-028a-70e4-98ea-557b645a3ae0, customerReady: true, applicationUserId: 63f5fe75-4fbb-4328-a2dd-b7224778752e, lastCustomerId: 019c6bee-028a-70e4-98ea-557b645a3ae0} @ http://localhost:4200/chunk-72LYY77U.js:59
[    1749ms] [LOG] %c [MenuTrace] triggerMenuLoad.response color: #9C27B0; font-style: italic; {at: 2026-09-13T23:31:12.281Z, customerId: 019c6bee-028a-70e4-98ea-557b645a3ae0, customerReady: true, applicationUserId: 63f5fe75-4fbb-4328-a2dd-b7224778752e, lastCustomerId: 019c6bee-028a-70e4-98ea-557b645a3ae0} @ http://localhost:4200/chunk-72LYY77U.js:59
[    1823ms] [INFO] [2026-09-13T23:31:12.356Z] Information: WebSocket connected to ws://localhost:7070/ws/notificationHub?id=YCRJegrxgs8MjjvChuX1_A&access_token=eyJhbGciOiJIUzI1NiIsInR5cCI6IkpXVCJ9.eyJzdWIiOiI2M2Y1ZmU3NS00ZmJiLTQzMjgtYTJkZC1iNzIyNDc3ODc1MmUiLCJqdGkiOiIwMWEwOWQxYy00NWJiLTc1MDAtYjQyZC0xOTdhNzFiOTJiMzAiLCJpYXQiOjE3ODkzNDIyNzAsIm5hbWUiOiJBZG1pbmlzdHJhZG9yIExCRyIsImVtYWlsIjoiaW5mb0BsdXh1cnlidWlsZGluZy5jb20ubXgiLCJ1c2VybmFtZSI6ImFkbWluIiwiY3VzdG9tZXJJZCI6IjAxOWM2YmVlLTAyOGEtNzBlNC05OGVhLTU1N2I2NDVhM2FlMCIsImN1c3RvbWVyTmFtZSI6IkxVWFVSWSBCVUlMRElORyBHUk9VUCBTQSBERSBDViIsImZpcnN0TmFtZSI6IkFkbWluaXN0cmFkb3IiLCJsYXN0TmFtZSI6IkxCRyIsInBob25lIjoiKDU1KSAwMDAwLSAwMDAwIiwicGhvdG9QYXRoIjoiaHR0cDovL2xvY2FsaG9zdDo3MDcwL2FwaS9maWxlcy9kb3dubG9hZD9maWxlUGF0aD1wdWJsaWMlMmZBZG1pbmlzdHJhdGlvbiUyZmFjY291bnRzJTJmMDE5ZmE0NjUtMTkyMC03NzcyLWE5NDgtNzZhMDFlOGFiNzZjLnBuZyIsInBvc2l0aW9uIjoiRGVzY29ub2NpZG8iLCJodHRwOi8vc2NoZW1hcy5taWNyb3NvZnQuY29tL3dzLzIwMDgvMDYvaWRlbnRpdHkvY2xhaW1zL3JvbGUiOiJTdXBlclVzdWFyaW8iLCJyb2xlSWQiOiI2OTlkN2NjMS1kMTQzLTQ5ODUtYjU1YS1kMDMwODY0YzY5M2UiLCJleHAiOjE3ODkzNDU4NzAsImlzcyI6Imh0dHBzOi8vbG9jYWxob3N0OjcwNjkiLCJhdWQiOiJodHRwczovL2xvY2FsaG9zdDo0MjAwIn0.9tvWe6_HFdMRoV_l4PPK_RPCK8TrvWZL_xPS_2PKhNo. @ http://localhost:4200/@fs/D:/repos/luxuryapp-api/appsweb/angular/.angular/cache/22.1.8/luxury-app/vite/deps/@microsoft_signalr.js?v=4135c88c:308
[    1824ms] [INFO] [2026-09-13T23:31:12.356Z] Information: Using HubProtocol 'json'. @ http://localhost:4200/@fs/D:/repos/luxuryapp-api/appsweb/angular/.angular/cache/22.1.8/luxury-app/vite/deps/@microsoft_signalr.js?v=4135c88c:308
[    1827ms] [LOG] %cLINK [SignalR] Conexion iniciada con exito. color: green; font-style: italic; @ http://localhost:4200/chunk-72LYY77U.js:59
[    1827ms] [LOG] %cSTATE [SignalR] connectionId = 'HRc4cwTkdFMLoIxxGmQEAA' color: green; font-style: italic; @ http://localhost:4200/chunk-72LYY77U.js:59
[    1829ms] [LOG] %cUSER [SignalR] Evento ConnectedUser recibido: color: blue; font-style: italic; Bienvenido 63f5fe75-4fbb-4328-a2dd-b7224778752e @ http://localhost:4200/chunk-72LYY77U.js:59
[    1959ms] [LOG] %cpkg [OneSignal] Inicializado con App ID: color: teal; font-style: italic; 3d1f1ce3-638f-4a30-b093-ab617baf91a8 @ http://localhost:4200/chunk-72LYY77U.js:59
[    1959ms] [LOG] %cear [OneSignal] Listeners registrados. color: cyan; font-style: italic; @ http://localhost:4200/chunk-72LYY77U.js:59
[    1959ms] [LOG] %cuser [OneSignal] Usuario logueado con ExternalUserId: 63f5fe75-4fbb-4328-a2dd-b7224778752e color: darkslateblue; font-style: italic; @ http://localhost:4200/chunk-72LYY77U.js:59
[    1960ms] [LOG] %csub [OneSignal] Permiso: color: dodgerblue; font-style: italic; false | Suscrito: false @ http://localhost:4200/chunk-72LYY77U.js:59
[    1960ms] [LOG] %cwarn [OneSignal] Usuario no completamente suscrito. color: orange; font-style: italic; @ http://localhost:4200/chunk-72LYY77U.js:59
[  200107ms] [LOG] [vite] server connection lost. Polling for restart... @ http://localhost:4200/@vite/client:992
[  308425ms] [LOG] %c📦 [StorageService] Inicializando servicio de almacenamiento local... color: #3F51B5; font-style: italic; @ http://localhost:4200/chunk-72LYY77U.js:59
[  308427ms] [LOG] %c [AuthService] Verificando ruta inicial: /admin/work-position-schedules | Es publica: false color: #9C27B0; font-style: italic; @ http://localhost:4200/chunk-72LYY77U.js:59
[  308427ms] [LOG] %c [AuthService] Ruta no publica. Intentando login silencioso... color: #009688; font-style: italic; @ http://localhost:4200/chunk-72LYY77U.js:59
[  308435ms] [LOG] %c🚀 [Initializer] Starting application state initialization... color: purple; font-style: italic; @ http://localhost:4200/chunk-72LYY77U.js:59
[  309277ms] [LOG] %c [AuthService] Token renovado. Actualizando sesion en memoria. color: color: #4CAF50; font-style: italic;; font-style: italic; @ http://localhost:4200/chunk-72LYY77U.js:59
[  309277ms] [LOG] %c [AuthTrace] refresh.success.before-set color: #03A9F4; font-style: italic; {at: 2026-09-13T23:36:19.810Z, applicationUserId: 63f5fe75-4fbb-4328-a2dd-b7224778752e, tokenCustomerId: 019c6bee-028a-70e4-98ea-557b645a3ae0, roles: Array(1), customerAccessCount: 10} @ http://localhost:4200/chunk-72LYY77U.js:59
[  309278ms] [LOG] %c [AuthTrace] refresh.success.after-set color: #03A9F4; font-style: italic; {at: 2026-09-13T23:36:19.810Z, applicationUserId: 63f5fe75-4fbb-4328-a2dd-b7224778752e, tokenCustomerId: 019c6bee-028a-70e4-98ea-557b645a3ae0, roles: Array(1), customerAccessCount: 10} @ http://localhost:4200/chunk-72LYY77U.js:59
[  309279ms] [LOG] %cLINK [SignalR] Construyendo conexion... color: blue; font-style: italic; @ http://localhost:4200/chunk-72LYY77U.js:59
[  309281ms] [LOG] %cHEADSET [SignalR] Registrando listeners... color: cyan; font-style: italic; @ http://localhost:4200/chunk-72LYY77U.js:59
[  309281ms] [LOG] %cLINK [SignalR] Iniciando conexion... color: blue; font-style: italic; @ http://localhost:4200/chunk-72LYY77U.js:59
[  309285ms] [LOG] %c [AuthTrace] trySilentLogin.finalize color: #8BC34A; font-style: italic; {at: 2026-09-13T23:36:19.817Z, isAuthenticated: true} @ http://localhost:4200/chunk-72LYY77U.js:59
[  309286ms] [LOG] %c🏢 [Initializer] User session found. Initializing customer state... color: #3F51B5; font-style: italic; @ http://localhost:4200/chunk-72LYY77U.js:59
[  309287ms] [LOG] %c🔍 [StorageService] Recuperando valor para clave: 'customerId' color: #2196F3; font-style: italic; @ http://localhost:4200/chunk-72LYY77U.js:59
[  309287ms] [LOG] %c [CustomerTrace] initialize.start color: #FF9800; font-style: italic; {at: 2026-09-13T23:36:19.819Z, state: Object, storedCustomerId: 019c6bee-028a-70e4-98ea-557b645a3ae0, tokenCustomerId: 019c6bee-028a-70e4-98ea-557b645a3ae0, customerAccess: Array(10)} @ http://localhost:4200/chunk-72LYY77U.js:59
[  309288ms] [LOG] %c🔍 [StorageService] Recuperando valor para clave: 'customerId' color: #2196F3; font-style: italic; @ http://localhost:4200/chunk-72LYY77U.js:59
[  309288ms] [LOG] %c🔍 [StorageService] Recuperando valor para clave: 'customerId' color: #2196F3; font-style: italic; @ http://localhost:4200/chunk-72LYY77U.js:59
[  309289ms] [LOG] %c [CustomerTrace] initialize.selected-customer color: #FF9800; font-style: italic; {at: 2026-09-13T23:36:19.821Z, state: Object, storedCustomerId: 019c6bee-028a-70e4-98ea-557b645a3ae0, selectedCustomerId: 019c6bee-028a-70e4-98ea-557b645a3ae0} @ http://localhost:4200/chunk-72LYY77U.js:59
[  309289ms] [LOG] %c💾 [StorageService] Guardando clave: 'customerId' color: #FF9800; font-style: italic; {value: 019c6bee-028a-70e4-98ea-557b645a3ae0} @ http://localhost:4200/chunk-72LYY77U.js:59
[  309290ms] [LOG] %c✅ [StorageService] Clave 'customerId' guardada exitosamente. color: #4CAF50; font-style: italic; @ http://localhost:4200/chunk-72LYY77U.js:59
[  309291ms] [LOG] %c🔍 [StorageService] Recuperando valor para clave: 'customerId' color: #2196F3; font-style: italic; @ http://localhost:4200/chunk-72LYY77U.js:59
[  309291ms] [LOG] %c [CustomerTrace] loadDataForCustomer.start color: #FF9800; font-style: italic; {at: 2026-09-13T23:36:19.823Z, state: Object, storedCustomerId: 019c6bee-028a-70e4-98ea-557b645a3ae0, customerId: 019c6bee-028a-70e4-98ea-557b645a3ae0} @ http://localhost:4200/chunk-72LYY77U.js:59
[  309295ms] [LOG] %c🛡️ [JwtInterceptorFn] Auth check completado. Interceptando ruta: color: #FF0000; font-style: italic; http://localhost:7070/api/customers/019c6bee-028a-70e4-98ea-557b645a3ae0 @ http://localhost:4200/chunk-72LYY77U.js:59
[  309297ms] [LOG] %c🔍 [StorageService] Recuperando valor para clave: 'customerId' color: #2196F3; font-style: italic; @ http://localhost:4200/chunk-72LYY77U.js:59
[  309298ms] [LOG] %c🔍 [StorageService] Recuperando valor para clave: 'customerId' color: #2196F3; font-style: italic; @ http://localhost:4200/chunk-72LYY77U.js:59
[  309300ms] [LOG] %c [JwtTrace] request color: #F44336; font-style: italic; {at: 2026-09-13T23:36:19.830Z, url: http://localhost:7070/api/customers/019c6bee-028a-70e4-98ea-557b645a3ae0, method: GET, appUserId: 63f5fe75-4fbb-4328-a2dd-b7224778752e, storageCustomerId: 019c6bee-028a-70e4-98ea-557b645a3ae0} @ http://localhost:4200/chunk-72LYY77U.js:59
[  309335ms] [LOG] %c🔍 [StorageService] Recuperando valor para clave: 'customerId' color: #2196F3; font-style: italic; @ http://localhost:4200/chunk-72LYY77U.js:59
[  309336ms] [LOG] %c [CustomerTrace] loadDataForCustomer.response color: #FF9800; font-style: italic; {at: 2026-09-13T23:36:19.867Z, state: Object, storedCustomerId: 019c6bee-028a-70e4-98ea-557b645a3ae0, customerId: 019c6bee-028a-70e4-98ea-557b645a3ae0, success: true} @ http://localhost:4200/chunk-72LYY77U.js:59
[  309336ms] [LOG] %c🔍 [StorageService] Recuperando valor para clave: 'customerId' color: #2196F3; font-style: italic; @ http://localhost:4200/chunk-72LYY77U.js:59
[  309336ms] [LOG] %c [CustomerTrace] loadDataForCustomer.ready color: #FF9800; font-style: italic; {at: 2026-09-13T23:36:19.868Z, state: Object, storedCustomerId: 019c6bee-028a-70e4-98ea-557b645a3ae0, customerId: 019c6bee-028a-70e4-98ea-557b645a3ae0} @ http://localhost:4200/chunk-72LYY77U.js:59
[  309337ms] [LOG] %c✅ [Initializer] State initialization complete. color: green; font-style: italic; @ http://localhost:4200/chunk-72LYY77U.js:59
[  309338ms] [INFO] [2026-09-13T23:36:19.871Z] Information: WebSocket connected to ws://localhost:7070/ws/notificationHub?id=ER56bVl7ME3pK1OJoxHiMg&access_token=eyJhbGciOiJIUzI1NiIsInR5cCI6IkpXVCJ9.eyJzdWIiOiI2M2Y1ZmU3NS00ZmJiLTQzMjgtYTJkZC1iNzIyNDc3ODc1MmUiLCJqdGkiOiIwMWEwOWQyMC1mYmRmLTdkNTgtYjZkOC04NGVlNjdiOTgzY2YiLCJpYXQiOjE3ODkzNDI1NzksIm5hbWUiOiJBZG1pbmlzdHJhZG9yIExCRyIsImVtYWlsIjoiaW5mb0BsdXh1cnlidWlsZGluZy5jb20ubXgiLCJ1c2VybmFtZSI6ImFkbWluIiwiY3VzdG9tZXJJZCI6IjAxOWM2YmVlLTAyOGEtNzBlNC05OGVhLTU1N2I2NDVhM2FlMCIsImN1c3RvbWVyTmFtZSI6IkxVWFVSWSBCVUlMRElORyBHUk9VUCBTQSBERSBDViIsImZpcnN0TmFtZSI6IkFkbWluaXN0cmFkb3IiLCJsYXN0TmFtZSI6IkxCRyIsInBob25lIjoiKDU1KSAwMDAwLSAwMDAwIiwicGhvdG9QYXRoIjoiaHR0cDovL2xvY2FsaG9zdDo3MDcwL2FwaS9maWxlcy9kb3dubG9hZD9maWxlUGF0aD1wdWJsaWMlMmZBZG1pbmlzdHJhdGlvbiUyZmFjY291bnRzJTJmMDE5ZmE0NjUtMTkyMC03NzcyLWE5NDgtNzZhMDFlOGFiNzZjLnBuZyIsInBvc2l0aW9uIjoiRGVzY29ub2NpZG8iLCJodHRwOi8vc2NoZW1hcy5taWNyb3NvZnQuY29tL3dzLzIwMDgvMDYvaWRlbnRpdHkvY2xhaW1zL3JvbGUiOiJTdXBlclVzdWFyaW8iLCJyb2xlSWQiOiI2OTlkN2NjMS1kMTQzLTQ5ODUtYjU1YS1kMDMwODY0YzY5M2UiLCJleHAiOjE3ODkzNDYxNzksImlzcyI6Imh0dHBzOi8vbG9jYWxob3N0OjcwNjkiLCJhdWQiOiJodHRwczovL2xvY2FsaG9zdDo0MjAwIn0.dWTob0Kkf-tjjA8Ps0e2_nEF9p4oQo9-Zs4VSa9W6ac. @ http://localhost:4200/@fs/D:/repos/luxuryapp-api/appsweb/angular/.angular/cache/22.1.8/luxury-app/vite/deps/@microsoft_signalr.js?v=7ad6e710:308
[  309339ms] [INFO] [2026-09-13T23:36:19.872Z] Information: Using HubProtocol 'json'. @ http://localhost:4200/@fs/D:/repos/luxuryapp-api/appsweb/angular/.angular/cache/22.1.8/luxury-app/vite/deps/@microsoft_signalr.js?v=7ad6e710:308
[  309346ms] [LOG] %cLINK [SignalR] Conexion iniciada con exito. color: green; font-style: italic; @ http://localhost:4200/chunk-72LYY77U.js:59
[  309346ms] [LOG] %cSTATE [SignalR] connectionId = 'hvhEtsCYRgAvbWY-v2Hbrw' color: green; font-style: italic; @ http://localhost:4200/chunk-72LYY77U.js:59
[  309355ms] [LOG] %cUSER [SignalR] Evento ConnectedUser recibido: color: blue; font-style: italic; Bienvenido 63f5fe75-4fbb-4328-a2dd-b7224778752e @ http://localhost:4200/chunk-72LYY77U.js:59
[  311264ms] [LOG] %c📦 [StorageService] Inicializando servicio de almacenamiento local... color: #3F51B5; font-style: italic; @ http://localhost:4200/chunk-72LYY77U.js:59
[  311266ms] [LOG] %c [AuthService] Verificando ruta inicial: /admin/work-position-schedules | Es publica: false color: #9C27B0; font-style: italic; @ http://localhost:4200/chunk-72LYY77U.js:59
[  311267ms] [LOG] %c [AuthService] Ruta no publica. Intentando login silencioso... color: #009688; font-style: italic; @ http://localhost:4200/chunk-72LYY77U.js:59
[  311269ms] [LOG] %c🚀 [Initializer] Starting application state initialization... color: purple; font-style: italic; @ http://localhost:4200/chunk-72LYY77U.js:59
[  311553ms] [LOG] %c [AuthService] Token renovado. Actualizando sesion en memoria. color: color: #4CAF50; font-style: italic;; font-style: italic; @ http://localhost:4200/chunk-72LYY77U.js:59
[  311553ms] [LOG] %c [AuthTrace] refresh.success.before-set color: #03A9F4; font-style: italic; {at: 2026-09-13T23:36:22.086Z, applicationUserId: 63f5fe75-4fbb-4328-a2dd-b7224778752e, tokenCustomerId: 019c6bee-028a-70e4-98ea-557b645a3ae0, roles: Array(1), customerAccessCount: 10} @ http://localhost:4200/chunk-72LYY77U.js:59
[  311554ms] [LOG] %c [AuthTrace] refresh.success.after-set color: #03A9F4; font-style: italic; {at: 2026-09-13T23:36:22.086Z, applicationUserId: 63f5fe75-4fbb-4328-a2dd-b7224778752e, tokenCustomerId: 019c6bee-028a-70e4-98ea-557b645a3ae0, roles: Array(1), customerAccessCount: 10} @ http://localhost:4200/chunk-72LYY77U.js:59
[  311554ms] [LOG] %cLINK [SignalR] Construyendo conexion... color: blue; font-style: italic; @ http://localhost:4200/chunk-72LYY77U.js:59
[  311555ms] [LOG] %cHEADSET [SignalR] Registrando listeners... color: cyan; font-style: italic; @ http://localhost:4200/chunk-72LYY77U.js:59
[  311555ms] [LOG] %cLINK [SignalR] Iniciando conexion... color: blue; font-style: italic; @ http://localhost:4200/chunk-72LYY77U.js:59
[  311556ms] [LOG] %c [AuthTrace] trySilentLogin.finalize color: #8BC34A; font-style: italic; {at: 2026-09-13T23:36:22.088Z, isAuthenticated: true} @ http://localhost:4200/chunk-72LYY77U.js:59
[  311556ms] [LOG] %c🏢 [Initializer] User session found. Initializing customer state... color: #3F51B5; font-style: italic; @ http://localhost:4200/chunk-72LYY77U.js:59
[  311557ms] [LOG] %c🔍 [StorageService] Recuperando valor para clave: 'customerId' color: #2196F3; font-style: italic; @ http://localhost:4200/chunk-72LYY77U.js:59
[  311558ms] [LOG] %c [CustomerTrace] initialize.start color: #FF9800; font-style: italic; {at: 2026-09-13T23:36:22.089Z, state: Object, storedCustomerId: 019c6bee-028a-70e4-98ea-557b645a3ae0, tokenCustomerId: 019c6bee-028a-70e4-98ea-557b645a3ae0, customerAccess: Array(10)} @ http://localhost:4200/chunk-72LYY77U.js:59
[  311558ms] [LOG] %c🔍 [StorageService] Recuperando valor para clave: 'customerId' color: #2196F3; font-style: italic; @ http://localhost:4200/chunk-72LYY77U.js:59
[  311558ms] [LOG] %c🔍 [StorageService] Recuperando valor para clave: 'customerId' color: #2196F3; font-style: italic; @ http://localhost:4200/chunk-72LYY77U.js:59
[  311559ms] [LOG] %c [CustomerTrace] initialize.selected-customer color: #FF9800; font-style: italic; {at: 2026-09-13T23:36:22.091Z, state: Object, storedCustomerId: 019c6bee-028a-70e4-98ea-557b645a3ae0, selectedCustomerId: 019c6bee-028a-70e4-98ea-557b645a3ae0} @ http://localhost:4200/chunk-72LYY77U.js:59
[  311559ms] [LOG] %c💾 [StorageService] Guardando clave: 'customerId' color: #FF9800; font-style: italic; {value: 019c6bee-028a-70e4-98ea-557b645a3ae0} @ http://localhost:4200/chunk-72LYY77U.js:59
[  311559ms] [LOG] %c✅ [StorageService] Clave 'customerId' guardada exitosamente. color: #4CAF50; font-style: italic; @ http://localhost:4200/chunk-72LYY77U.js:59
[  311559ms] [LOG] %c🔍 [StorageService] Recuperando valor para clave: 'customerId' color: #2196F3; font-style: italic; @ http://localhost:4200/chunk-72LYY77U.js:59
[  311560ms] [LOG] %c [CustomerTrace] loadDataForCustomer.start color: #FF9800; font-style: italic; {at: 2026-09-13T23:36:22.092Z, state: Object, storedCustomerId: 019c6bee-028a-70e4-98ea-557b645a3ae0, customerId: 019c6bee-028a-70e4-98ea-557b645a3ae0} @ http://localhost:4200/chunk-72LYY77U.js:59
[  311561ms] [LOG] %c🛡️ [JwtInterceptorFn] Auth check completado. Interceptando ruta: color: #FF0000; font-style: italic; http://localhost:7070/api/customers/019c6bee-028a-70e4-98ea-557b645a3ae0 @ http://localhost:4200/chunk-72LYY77U.js:59
[  311561ms] [LOG] %c🔍 [StorageService] Recuperando valor para clave: 'customerId' color: #2196F3; font-style: italic; @ http://localhost:4200/chunk-72LYY77U.js:59
[  311562ms] [LOG] %c🔍 [StorageService] Recuperando valor para clave: 'customerId' color: #2196F3; font-style: italic; @ http://localhost:4200/chunk-72LYY77U.js:59
[  311563ms] [LOG] %c [JwtTrace] request color: #F44336; font-style: italic; {at: 2026-09-13T23:36:22.094Z, url: http://localhost:7070/api/customers/019c6bee-028a-70e4-98ea-557b645a3ae0, method: GET, appUserId: 63f5fe75-4fbb-4328-a2dd-b7224778752e, storageCustomerId: 019c6bee-028a-70e4-98ea-557b645a3ae0} @ http://localhost:4200/chunk-72LYY77U.js:59
[  311582ms] [INFO] [2026-09-13T23:36:22.114Z] Information: WebSocket connected to ws://localhost:7070/ws/notificationHub?id=Twf3i5FqGPrWBFdiqFTLvQ&access_token=eyJhbGciOiJIUzI1NiIsInR5cCI6IkpXVCJ9.eyJzdWIiOiI2M2Y1ZmU3NS00ZmJiLTQzMjgtYTJkZC1iNzIyNDc3ODc1MmUiLCJqdGkiOiIwMWEwOWQyMS0wNDQ5LTcwNTctYWNiMS02ZDM3OGNiMTMwNGMiLCJpYXQiOjE3ODkzNDI1ODEsIm5hbWUiOiJBZG1pbmlzdHJhZG9yIExCRyIsImVtYWlsIjoiaW5mb0BsdXh1cnlidWlsZGluZy5jb20ubXgiLCJ1c2VybmFtZSI6ImFkbWluIiwiY3VzdG9tZXJJZCI6IjAxOWM2YmVlLTAyOGEtNzBlNC05OGVhLTU1N2I2NDVhM2FlMCIsImN1c3RvbWVyTmFtZSI6IkxVWFVSWSBCVUlMRElORyBHUk9VUCBTQSBERSBDViIsImZpcnN0TmFtZSI6IkFkbWluaXN0cmFkb3IiLCJsYXN0TmFtZSI6IkxCRyIsInBob25lIjoiKDU1KSAwMDAwLSAwMDAwIiwicGhvdG9QYXRoIjoiaHR0cDovL2xvY2FsaG9zdDo3MDcwL2FwaS9maWxlcy9kb3dubG9hZD9maWxlUGF0aD1wdWJsaWMlMmZBZG1pbmlzdHJhdGlvbiUyZmFjY291bnRzJTJmMDE5ZmE0NjUtMTkyMC03NzcyLWE5NDgtNzZhMDFlOGFiNzZjLnBuZyIsInBvc2l0aW9uIjoiRGVzY29ub2NpZG8iLCJodHRwOi8vc2NoZW1hcy5taWNyb3NvZnQuY29tL3dzLzIwMDgvMDYvaWRlbnRpdHkvY2xhaW1zL3JvbGUiOiJTdXBlclVzdWFyaW8iLCJyb2xlSWQiOiI2OTlkN2NjMS1kMTQzLTQ5ODUtYjU1YS1kMDMwODY0YzY5M2UiLCJleHAiOjE3ODkzNDYxODEsImlzcyI6Imh0dHBzOi8vbG9jYWxob3N0OjcwNjkiLCJhdWQiOiJodHRwczovL2xvY2FsaG9zdDo0MjAwIn0.osMju8ULSw7qZQiYGkLzKuOA2cOkAOWQOgHK_RqDw94. @ http://localhost:4200/@fs/D:/repos/luxuryapp-api/appsweb/angular/.angular/cache/22.1.8/luxury-app/vite/deps/@microsoft_signalr.js?v=7ad6e710:308
[  311583ms] [INFO] [2026-09-13T23:36:22.115Z] Information: Using HubProtocol 'json'. @ http://localhost:4200/@fs/D:/repos/luxuryapp-api/appsweb/angular/.angular/cache/22.1.8/luxury-app/vite/deps/@microsoft_signalr.js?v=7ad6e710:308
[  311584ms] [LOG] %c🔍 [StorageService] Recuperando valor para clave: 'customerId' color: #2196F3; font-style: italic; @ http://localhost:4200/chunk-72LYY77U.js:59
[  311585ms] [LOG] %c [CustomerTrace] loadDataForCustomer.response color: #FF9800; font-style: italic; {at: 2026-09-13T23:36:22.117Z, state: Object, storedCustomerId: 019c6bee-028a-70e4-98ea-557b645a3ae0, customerId: 019c6bee-028a-70e4-98ea-557b645a3ae0, success: true} @ http://localhost:4200/chunk-72LYY77U.js:59
[  311585ms] [LOG] %c🔍 [StorageService] Recuperando valor para clave: 'customerId' color: #2196F3; font-style: italic; @ http://localhost:4200/chunk-72LYY77U.js:59
[  311585ms] [LOG] %c [CustomerTrace] loadDataForCustomer.ready color: #FF9800; font-style: italic; {at: 2026-09-13T23:36:22.117Z, state: Object, storedCustomerId: 019c6bee-028a-70e4-98ea-557b645a3ae0, customerId: 019c6bee-028a-70e4-98ea-557b645a3ae0} @ http://localhost:4200/chunk-72LYY77U.js:59
[  311586ms] [LOG] %c✅ [Initializer] State initialization complete. color: green; font-style: italic; @ http://localhost:4200/chunk-72LYY77U.js:59
[  311587ms] [LOG] %cLINK [SignalR] Conexion iniciada con exito. color: green; font-style: italic; @ http://localhost:4200/chunk-72LYY77U.js:59
[  311587ms] [LOG] %cSTATE [SignalR] connectionId = '42RuP48Fly2RRG0aC2KxLw' color: green; font-style: italic; @ http://localhost:4200/chunk-72LYY77U.js:59
[  311588ms] [LOG] %cUSER [SignalR] Evento ConnectedUser recibido: color: blue; font-style: italic; Bienvenido 63f5fe75-4fbb-4328-a2dd-b7224778752e @ http://localhost:4200/chunk-72LYY77U.js:59
[  326010ms] [LOG] %c🔄 UpdateService: Inicializando servicio de actualizaciones color: blue; font-weight: bold; @ http://localhost:4200/chunk-WEIOKMZ7.js:10
[  326010ms] [LOG] %c🔄 UpdateService: ❌ Service Worker NO habilitado color: red; font-weight: bold; @ http://localhost:4200/chunk-WEIOKMZ7.js:22
[  326040ms] [LOG] %c🚀 [App] ¡Aplicación iniciada! Soy más ligero y rápido que nunca. color: #673AB7; font-style: italic; @ http://localhost:4200/chunk-72LYY77U.js:59
[  326089ms] [LOG] Angular is running in development mode. @ http://localhost:4200/@fs/D:/repos/luxuryapp-api/appsweb/angular/.angular/cache/22.1.8/luxury-app/vite/deps/core-gRj2gSiC.js?v=7d4b588b:9175
[  326988ms] [LOG] %c🎉 [LayoutEmployee] ¡Layout de empleado cargado! Despertando a los gigantes (SignalR, OneSignal...) color: #2196F3; font-style: italic; @ http://localhost:4200/chunk-72LYY77U.js:59
[  326989ms] [LOG] %cLINK [SignalR] Construyendo conexion... color: blue; font-style: italic; @ http://localhost:4200/chunk-72LYY77U.js:59
[  326989ms] [LOG] %cHEADSET [SignalR] Registrando listeners... color: cyan; font-style: italic; @ http://localhost:4200/chunk-72LYY77U.js:59
[  326990ms] [LOG] %cLINK [SignalR] Iniciando conexion... color: blue; font-style: italic; @ http://localhost:4200/chunk-72LYY77U.js:59
[  326991ms] [LOG] %cℹ️ [LayoutEmployee] Usuario 63f5fe75-4fbb-4328-a2dd-b7224778752e autenticado. Iniciando OneSignal... color: dodgerblue;font-style: italic @ http://localhost:4200/chunk-72LYY77U.js:72
[  326991ms] [LOG] %c... [OneSignal] Esperando que el SDK este listo... color: orange; font-style: italic; @ http://localhost:4200/chunk-72LYY77U.js:59
[  327034ms] [LOG] %c🛡️ [JwtInterceptorFn] Auth check completado. Interceptando ruta: color: #FF0000; font-style: italic; http://localhost:7070/api/admin/general-catalogs/work-position-schedule @ http://localhost:4200/chunk-72LYY77U.js:59
[  327035ms] [LOG] %c🔍 [StorageService] Recuperando valor para clave: 'customerId' color: #2196F3; font-style: italic; @ http://localhost:4200/chunk-72LYY77U.js:59
[  327036ms] [LOG] %c🔍 [StorageService] Recuperando valor para clave: 'customerId' color: #2196F3; font-style: italic; @ http://localhost:4200/chunk-72LYY77U.js:59
[  327037ms] [LOG] %c [JwtTrace] request color: #F44336; font-style: italic; {at: 2026-09-13T23:36:37.568Z, url: http://localhost:7070/api/admin/general-catalogs/work-position-schedule, method: GET, appUserId: 63f5fe75-4fbb-4328-a2dd-b7224778752e, storageCustomerId: 019c6bee-028a-70e4-98ea-557b645a3ae0} @ http://localhost:4200/chunk-72LYY77U.js:59
[  327244ms] [LOG] %c🛡️ [JwtInterceptorFn] Auth check completado. Interceptando ruta: color: #FF0000; font-style: italic; http://localhost:7070/api/notifications @ http://localhost:4200/chunk-72LYY77U.js:59
[  327245ms] [LOG] %c🔍 [StorageService] Recuperando valor para clave: 'customerId' color: #2196F3; font-style: italic; @ http://localhost:4200/chunk-72LYY77U.js:59
[  327246ms] [LOG] %c🔍 [StorageService] Recuperando valor para clave: 'customerId' color: #2196F3; font-style: italic; @ http://localhost:4200/chunk-72LYY77U.js:59
[  327247ms] [LOG] %c [JwtTrace] request color: #F44336; font-style: italic; {at: 2026-09-13T23:36:37.778Z, url: http://localhost:7070/api/notifications, method: GET, appUserId: 63f5fe75-4fbb-4328-a2dd-b7224778752e, storageCustomerId: 019c6bee-028a-70e4-98ea-557b645a3ae0} @ http://localhost:4200/chunk-72LYY77U.js:59
[  327251ms] [LOG] %c🛡️ [JwtInterceptorFn] Auth check completado. Interceptando ruta: color: #FF0000; font-style: italic; http://localhost:7070/api/notifications/unread-count @ http://localhost:4200/chunk-72LYY77U.js:59
[  327252ms] [LOG] %c🔍 [StorageService] Recuperando valor para clave: 'customerId' color: #2196F3; font-style: italic; @ http://localhost:4200/chunk-72LYY77U.js:59
[  327253ms] [LOG] %c🔍 [StorageService] Recuperando valor para clave: 'customerId' color: #2196F3; font-style: italic; @ http://localhost:4200/chunk-72LYY77U.js:59
[  327254ms] [LOG] %c [JwtTrace] request color: #F44336; font-style: italic; {at: 2026-09-13T23:36:37.785Z, url: http://localhost:7070/api/notifications/unread-count, method: GET, appUserId: 63f5fe75-4fbb-4328-a2dd-b7224778752e, storageCustomerId: 019c6bee-028a-70e4-98ea-557b645a3ae0} @ http://localhost:4200/chunk-72LYY77U.js:59
[  327288ms] [LOG] %c [MenuTrace] effect.tick color: #9C27B0; font-style: italic; {at: 2026-09-13T23:36:37.820Z, customerId: 019c6bee-028a-70e4-98ea-557b645a3ae0, customerReady: true, applicationUserId: 63f5fe75-4fbb-4328-a2dd-b7224778752e, lastCustomerId: null} @ http://localhost:4200/chunk-72LYY77U.js:59
[  327289ms] [LOG] %c [MenuService] Customer data and session are ready. Loading menu... color: green; font-style: italic; @ http://localhost:4200/chunk-72LYY77U.js:59
[  327289ms] [LOG] %c [MenuTrace] triggerMenuLoad.start color: #9C27B0; font-style: italic; {at: 2026-09-13T23:36:37.821Z, customerId: 019c6bee-028a-70e4-98ea-557b645a3ae0, customerReady: true, applicationUserId: 63f5fe75-4fbb-4328-a2dd-b7224778752e, lastCustomerId: null} @ http://localhost:4200/chunk-72LYY77U.js:59
[  327290ms] [LOG] %c🛡️ [JwtInterceptorFn] Auth check completado. Interceptando ruta: color: #FF0000; font-style: italic; http://localhost:7070/api/menu-items/019c6bee-028a-70e4-98ea-557b645a3ae0 @ http://localhost:4200/chunk-72LYY77U.js:59
[  327291ms] [LOG] %c🔍 [StorageService] Recuperando valor para clave: 'customerId' color: #2196F3; font-style: italic; @ http://localhost:4200/chunk-72LYY77U.js:59
[  327291ms] [LOG] %c🔍 [StorageService] Recuperando valor para clave: 'customerId' color: #2196F3; font-style: italic; @ http://localhost:4200/chunk-72LYY77U.js:59
[  327292ms] [LOG] %c [JwtTrace] request color: #F44336; font-style: italic; {at: 2026-09-13T23:36:37.824Z, url: http://localhost:7070/api/menu-items/019c6bee-028a-70e4-98ea-557b645a3ae0, method: GET, appUserId: 63f5fe75-4fbb-4328-a2dd-b7224778752e, storageCustomerId: 019c6bee-028a-70e4-98ea-557b645a3ae0} @ http://localhost:4200/chunk-72LYY77U.js:59
[  327299ms] [LOG] %cok [OneSignal] SDK listo color: green; font-style: italic; @ http://localhost:4200/chunk-72LYY77U.js:59
[  327334ms] [ERROR] Failed to load resource: the server responded with a status of 404 (Not Found) @ http://localhost:7070/api/files/download?filePath=public%2fAdministration%2faccounts%2f019fa465-1920-7772-a948-76a01e8ab76c.png:0
[  327368ms] [LOG] %c [API SUCCESS]: GET LIST: admin/general-catalogs/work-position-schedule color: teal; font-style: italic; [Object, Object, Object, Object, Object, Object, Object, Object, Object, Object, Object, Object, Object, Object, Object, Object, Object, Object, Object, Object, Object, Object, Object, Object, Object, Object, Object, Object, Object, Object, Object, Object, Object, Object, Object, Object, Object, Object, Object, Object, Object, Object, Object, Object, Object, Object, Object, Object, Object, Object, Object, Object, Object, Object, Object, Object, Object, Object, Object, Object, Object, Object, Object, Object, Object, Object, Object, Object, Object, Object, Object, Object, Object, Object, Object, Object, Object, Object, Object, Object, Object, Object, Object, Object, Object, Object, Object, Object, Object, Object, Object, Object, Object, Object, Object, Object, Object, Object, Object, Object] @ http://localhost:4200/chunk-72LYY77U.js:59
[  327369ms] [LOG] %c [API SUCCESS]: GET NoLoading: notifications color: gray; font-style: italic; [Object, Object] @ http://localhost:4200/chunk-72LYY77U.js:59
[  327370ms] [LOG] %c [API SUCCESS]: GET NoLoading: notifications/unread-count color: gray; font-style: italic; 2 @ http://localhost:4200/chunk-72LYY77U.js:59
[  327874ms] [LOG] %c [API SUCCESS]: GET LIST: menu-items/019c6bee-028a-70e4-98ea-557b645a3ae0 color: teal; font-style: italic; [Object, Object, Object, Object, Object, Object, Object, Object, Object, Object, Object, Object, Object, Object, Object, Object, Object, Object, Object, Object, Object, Object, Object, Object] @ http://localhost:4200/chunk-72LYY77U.js:59
[  327875ms] [LOG] %c [MenuTrace] fetchMenuItemsFromApi.success color: #9C27B0; font-style: italic; {at: 2026-09-13T23:36:38.407Z, customerId: 019c6bee-028a-70e4-98ea-557b645a3ae0, customerReady: true, applicationUserId: 63f5fe75-4fbb-4328-a2dd-b7224778752e, lastCustomerId: 019c6bee-028a-70e4-98ea-557b645a3ae0} @ http://localhost:4200/chunk-72LYY77U.js:59
[  327875ms] [LOG] %c [MenuTrace] triggerMenuLoad.response color: #9C27B0; font-style: italic; {at: 2026-09-13T23:36:38.407Z, customerId: 019c6bee-028a-70e4-98ea-557b645a3ae0, customerReady: true, applicationUserId: 63f5fe75-4fbb-4328-a2dd-b7224778752e, lastCustomerId: 019c6bee-028a-70e4-98ea-557b645a3ae0} @ http://localhost:4200/chunk-72LYY77U.js:59
[  327917ms] [INFO] [2026-09-13T23:36:38.450Z] Information: WebSocket connected to ws://localhost:7070/ws/notificationHub?id=7tAhO_TbLTK9lcCi9O56YA&access_token=eyJhbGciOiJIUzI1NiIsInR5cCI6IkpXVCJ9.eyJzdWIiOiI2M2Y1ZmU3NS00ZmJiLTQzMjgtYTJkZC1iNzIyNDc3ODc1MmUiLCJqdGkiOiIwMWEwOWQyMS0wNDQ5LTcwNTctYWNiMS02ZDM3OGNiMTMwNGMiLCJpYXQiOjE3ODkzNDI1ODEsIm5hbWUiOiJBZG1pbmlzdHJhZG9yIExCRyIsImVtYWlsIjoiaW5mb0BsdXh1cnlidWlsZGluZy5jb20ubXgiLCJ1c2VybmFtZSI6ImFkbWluIiwiY3VzdG9tZXJJZCI6IjAxOWM2YmVlLTAyOGEtNzBlNC05OGVhLTU1N2I2NDVhM2FlMCIsImN1c3RvbWVyTmFtZSI6IkxVWFVSWSBCVUlMRElORyBHUk9VUCBTQSBERSBDViIsImZpcnN0TmFtZSI6IkFkbWluaXN0cmFkb3IiLCJsYXN0TmFtZSI6IkxCRyIsInBob25lIjoiKDU1KSAwMDAwLSAwMDAwIiwicGhvdG9QYXRoIjoiaHR0cDovL2xvY2FsaG9zdDo3MDcwL2FwaS9maWxlcy9kb3dubG9hZD9maWxlUGF0aD1wdWJsaWMlMmZBZG1pbmlzdHJhdGlvbiUyZmFjY291bnRzJTJmMDE5ZmE0NjUtMTkyMC03NzcyLWE5NDgtNzZhMDFlOGFiNzZjLnBuZyIsInBvc2l0aW9uIjoiRGVzY29ub2NpZG8iLCJodHRwOi8vc2NoZW1hcy5taWNyb3NvZnQuY29tL3dzLzIwMDgvMDYvaWRlbnRpdHkvY2xhaW1zL3JvbGUiOiJTdXBlclVzdWFyaW8iLCJyb2xlSWQiOiI2OTlkN2NjMS1kMTQzLTQ5ODUtYjU1YS1kMDMwODY0YzY5M2UiLCJleHAiOjE3ODkzNDYxODEsImlzcyI6Imh0dHBzOi8vbG9jYWxob3N0OjcwNjkiLCJhdWQiOiJodHRwczovL2xvY2FsaG9zdDo0MjAwIn0.osMju8ULSw7qZQiYGkLzKuOA2cOkAOWQOgHK_RqDw94. @ http://localhost:4200/@fs/D:/repos/luxuryapp-api/appsweb/angular/.angular/cache/22.1.8/luxury-app/vite/deps/@microsoft_signalr.js?v=7ad6e710:308
[  327918ms] [INFO] [2026-09-13T23:36:38.450Z] Information: Using HubProtocol 'json'. @ http://localhost:4200/@fs/D:/repos/luxuryapp-api/appsweb/angular/.angular/cache/22.1.8/luxury-app/vite/deps/@microsoft_signalr.js?v=7ad6e710:308
[  327923ms] [LOG] %cLINK [SignalR] Conexion iniciada con exito. color: green; font-style: italic; @ http://localhost:4200/chunk-72LYY77U.js:59
[  327923ms] [LOG] %cSTATE [SignalR] connectionId = 'W2wCWHcfYdgoUA19B7chtA' color: green; font-style: italic; @ http://localhost:4200/chunk-72LYY77U.js:59
[  327925ms] [LOG] %cUSER [SignalR] Evento ConnectedUser recibido: color: blue; font-style: italic; Bienvenido 63f5fe75-4fbb-4328-a2dd-b7224778752e @ http://localhost:4200/chunk-72LYY77U.js:59
[  327996ms] [LOG] %cpkg [OneSignal] Inicializado con App ID: color: teal; font-style: italic; 3d1f1ce3-638f-4a30-b093-ab617baf91a8 @ http://localhost:4200/chunk-72LYY77U.js:59
[  327996ms] [LOG] %cear [OneSignal] Listeners registrados. color: cyan; font-style: italic; @ http://localhost:4200/chunk-72LYY77U.js:59
[  327997ms] [LOG] %cuser [OneSignal] Usuario logueado con ExternalUserId: 63f5fe75-4fbb-4328-a2dd-b7224778752e color: darkslateblue; font-style: italic; @ http://localhost:4200/chunk-72LYY77U.js:59
[  327997ms] [LOG] %csub [OneSignal] Permiso: color: dodgerblue; font-style: italic; false | Suscrito: false @ http://localhost:4200/chunk-72LYY77U.js:59
[  327997ms] [LOG] %cwarn [OneSignal] Usuario no completamente suscrito. color: orange; font-style: italic; @ http://localhost:4200/chunk-72LYY77U.js:59
[  793532ms] [LOG] %c📦 [StorageService] Inicializando servicio de almacenamiento local... color: #3F51B5; font-style: italic; @ http://localhost:4200/chunk-72LYY77U.js:59
[  793532ms] [LOG] %c [AuthService] Verificando ruta inicial: /admin/work-position-schedules | Es publica: false color: #9C27B0; font-style: italic; @ http://localhost:4200/chunk-72LYY77U.js:59
[  793532ms] [LOG] %c [AuthService] Ruta no publica. Intentando login silencioso... color: #009688; font-style: italic; @ http://localhost:4200/chunk-72LYY77U.js:59
[  793533ms] [LOG] %c🚀 [Initializer] Starting application state initialization... color: purple; font-style: italic; @ http://localhost:4200/chunk-72LYY77U.js:59
[  793634ms] [LOG] %c [AuthService] Token renovado. Actualizando sesion en memoria. color: color: #4CAF50; font-style: italic;; font-style: italic; @ http://localhost:4200/chunk-72LYY77U.js:59
[  793634ms] [LOG] %c [AuthTrace] refresh.success.before-set color: #03A9F4; font-style: italic; {at: 2026-09-13T23:44:24.167Z, applicationUserId: 63f5fe75-4fbb-4328-a2dd-b7224778752e, tokenCustomerId: 019c6bee-028a-70e4-98ea-557b645a3ae0, roles: Array(1), customerAccessCount: 10} @ http://localhost:4200/chunk-72LYY77U.js:59
[  793635ms] [LOG] %c [AuthTrace] refresh.success.after-set color: #03A9F4; font-style: italic; {at: 2026-09-13T23:44:24.167Z, applicationUserId: 63f5fe75-4fbb-4328-a2dd-b7224778752e, tokenCustomerId: 019c6bee-028a-70e4-98ea-557b645a3ae0, roles: Array(1), customerAccessCount: 10} @ http://localhost:4200/chunk-72LYY77U.js:59
[  793635ms] [LOG] %cLINK [SignalR] Construyendo conexion... color: blue; font-style: italic; @ http://localhost:4200/chunk-72LYY77U.js:59
[  793636ms] [LOG] %cHEADSET [SignalR] Registrando listeners... color: cyan; font-style: italic; @ http://localhost:4200/chunk-72LYY77U.js:59
[  793636ms] [LOG] %cLINK [SignalR] Iniciando conexion... color: blue; font-style: italic; @ http://localhost:4200/chunk-72LYY77U.js:59
[  793636ms] [LOG] %c [AuthTrace] trySilentLogin.finalize color: #8BC34A; font-style: italic; {at: 2026-09-13T23:44:24.169Z, isAuthenticated: true} @ http://localhost:4200/chunk-72LYY77U.js:59
[  793637ms] [LOG] %c🏢 [Initializer] User session found. Initializing customer state... color: #3F51B5; font-style: italic; @ http://localhost:4200/chunk-72LYY77U.js:59
[  793637ms] [LOG] %c🔍 [StorageService] Recuperando valor para clave: 'customerId' color: #2196F3; font-style: italic; @ http://localhost:4200/chunk-72LYY77U.js:59
[  793638ms] [LOG] %c [CustomerTrace] initialize.start color: #FF9800; font-style: italic; {at: 2026-09-13T23:44:24.170Z, state: Object, storedCustomerId: 019c6bee-028a-70e4-98ea-557b645a3ae0, tokenCustomerId: 019c6bee-028a-70e4-98ea-557b645a3ae0, customerAccess: Array(10)} @ http://localhost:4200/chunk-72LYY77U.js:59
[  793638ms] [LOG] %c🔍 [StorageService] Recuperando valor para clave: 'customerId' color: #2196F3; font-style: italic; @ http://localhost:4200/chunk-72LYY77U.js:59
[  793639ms] [LOG] %c🔍 [StorageService] Recuperando valor para clave: 'customerId' color: #2196F3; font-style: italic; @ http://localhost:4200/chunk-72LYY77U.js:59
[  793639ms] [LOG] %c [CustomerTrace] initialize.selected-customer color: #FF9800; font-style: italic; {at: 2026-09-13T23:44:24.171Z, state: Object, storedCustomerId: 019c6bee-028a-70e4-98ea-557b645a3ae0, selectedCustomerId: 019c6bee-028a-70e4-98ea-557b645a3ae0} @ http://localhost:4200/chunk-72LYY77U.js:59
[  793639ms] [LOG] %c💾 [StorageService] Guardando clave: 'customerId' color: #FF9800; font-style: italic; {value: 019c6bee-028a-70e4-98ea-557b645a3ae0} @ http://localhost:4200/chunk-72LYY77U.js:59
[  793640ms] [LOG] %c✅ [StorageService] Clave 'customerId' guardada exitosamente. color: #4CAF50; font-style: italic; @ http://localhost:4200/chunk-72LYY77U.js:59
[  793640ms] [LOG] %c🔍 [StorageService] Recuperando valor para clave: 'customerId' color: #2196F3; font-style: italic; @ http://localhost:4200/chunk-72LYY77U.js:59
[  793641ms] [LOG] %c [CustomerTrace] loadDataForCustomer.start color: #FF9800; font-style: italic; {at: 2026-09-13T23:44:24.173Z, state: Object, storedCustomerId: 019c6bee-028a-70e4-98ea-557b645a3ae0, customerId: 019c6bee-028a-70e4-98ea-557b645a3ae0} @ http://localhost:4200/chunk-72LYY77U.js:59
[  793642ms] [LOG] %c🛡️ [JwtInterceptorFn] Auth check completado. Interceptando ruta: color: #FF0000; font-style: italic; http://localhost:7070/api/customers/019c6bee-028a-70e4-98ea-557b645a3ae0 @ http://localhost:4200/chunk-72LYY77U.js:59
[  793643ms] [LOG] %c🔍 [StorageService] Recuperando valor para clave: 'customerId' color: #2196F3; font-style: italic; @ http://localhost:4200/chunk-72LYY77U.js:59
[  793644ms] [LOG] %c🔍 [StorageService] Recuperando valor para clave: 'customerId' color: #2196F3; font-style: italic; @ http://localhost:4200/chunk-72LYY77U.js:59
[  793645ms] [LOG] %c [JwtTrace] request color: #F44336; font-style: italic; {at: 2026-09-13T23:44:24.176Z, url: http://localhost:7070/api/customers/019c6bee-028a-70e4-98ea-557b645a3ae0, method: GET, appUserId: 63f5fe75-4fbb-4328-a2dd-b7224778752e, storageCustomerId: 019c6bee-028a-70e4-98ea-557b645a3ae0} @ http://localhost:4200/chunk-72LYY77U.js:59
[  793658ms] [LOG] %c🔍 [StorageService] Recuperando valor para clave: 'customerId' color: #2196F3; font-style: italic; @ http://localhost:4200/chunk-72LYY77U.js:59
[  793658ms] [LOG] %c [CustomerTrace] loadDataForCustomer.response color: #FF9800; font-style: italic; {at: 2026-09-13T23:44:24.191Z, state: Object, storedCustomerId: 019c6bee-028a-70e4-98ea-557b645a3ae0, customerId: 019c6bee-028a-70e4-98ea-557b645a3ae0, success: true} @ http://localhost:4200/chunk-72LYY77U.js:59
[  793659ms] [LOG] %c🔍 [StorageService] Recuperando valor para clave: 'customerId' color: #2196F3; font-style: italic; @ http://localhost:4200/chunk-72LYY77U.js:59
[  793659ms] [LOG] %c [CustomerTrace] loadDataForCustomer.ready color: #FF9800; font-style: italic; {at: 2026-09-13T23:44:24.191Z, state: Object, storedCustomerId: 019c6bee-028a-70e4-98ea-557b645a3ae0, customerId: 019c6bee-028a-70e4-98ea-557b645a3ae0} @ http://localhost:4200/chunk-72LYY77U.js:59
[  793659ms] [LOG] %c✅ [Initializer] State initialization complete. color: green; font-style: italic; @ http://localhost:4200/chunk-72LYY77U.js:59
[  793662ms] [LOG] %c🔄 UpdateService: Inicializando servicio de actualizaciones color: blue; font-weight: bold; @ http://localhost:4200/chunk-WEIOKMZ7.js:10
[  793662ms] [LOG] %c🔄 UpdateService: ❌ Service Worker NO habilitado color: red; font-weight: bold; @ http://localhost:4200/chunk-WEIOKMZ7.js:22
[  793672ms] [LOG] %c🚀 [App] ¡Aplicación iniciada! Soy más ligero y rápido que nunca. color: #673AB7; font-style: italic; @ http://localhost:4200/chunk-72LYY77U.js:59
[  793692ms] [LOG] Angular is running in development mode. @ http://localhost:4200/@fs/D:/repos/luxuryapp-api/appsweb/angular/.angular/cache/22.1.8/luxury-app/vite/deps/core-gRj2gSiC.js?v=7d4b588b:9175
[  793698ms] [INFO] [2026-09-13T23:44:24.231Z] Information: WebSocket connected to ws://localhost:7070/ws/notificationHub?id=igcfzfF7nzSLvenyDRo72Q&access_token=eyJhbGciOiJIUzI1NiIsInR5cCI6IkpXVCJ9.eyJzdWIiOiI2M2Y1ZmU3NS00ZmJiLTQzMjgtYTJkZC1iNzIyNDc3ODc1MmUiLCJqdGkiOiIwMWEwOWQyOC02MDQ4LTcxNDctYTQzZC1lZTNkZWJjMTRmMWIiLCJpYXQiOjE3ODkzNDMwNjQsIm5hbWUiOiJBZG1pbmlzdHJhZG9yIExCRyIsImVtYWlsIjoiaW5mb0BsdXh1cnlidWlsZGluZy5jb20ubXgiLCJ1c2VybmFtZSI6ImFkbWluIiwiY3VzdG9tZXJJZCI6IjAxOWM2YmVlLTAyOGEtNzBlNC05OGVhLTU1N2I2NDVhM2FlMCIsImN1c3RvbWVyTmFtZSI6IkxVWFVSWSBCVUlMRElORyBHUk9VUCBTQSBERSBDViIsImZpcnN0TmFtZSI6IkFkbWluaXN0cmFkb3IiLCJsYXN0TmFtZSI6IkxCRyIsInBob25lIjoiKDU1KSAwMDAwLSAwMDAwIiwicGhvdG9QYXRoIjoiaHR0cDovL2xvY2FsaG9zdDo3MDcwL2FwaS9maWxlcy9kb3dubG9hZD9maWxlUGF0aD1wdWJsaWMlMmZBZG1pbmlzdHJhdGlvbiUyZmFjY291bnRzJTJmMDE5ZmE0NjUtMTkyMC03NzcyLWE5NDgtNzZhMDFlOGFiNzZjLnBuZyIsInBvc2l0aW9uIjoiRGVzY29ub2NpZG8iLCJodHRwOi8vc2NoZW1hcy5taWNyb3NvZnQuY29tL3dzLzIwMDgvMDYvaWRlbnRpdHkvY2xhaW1zL3JvbGUiOiJTdXBlclVzdWFyaW8iLCJyb2xlSWQiOiI2OTlkN2NjMS1kMTQzLTQ5ODUtYjU1YS1kMDMwODY0YzY5M2UiLCJleHAiOjE3ODkzNDY2NjQsImlzcyI6Imh0dHBzOi8vbG9jYWxob3N0OjcwNjkiLCJhdWQiOiJodHRwczovL2xvY2FsaG9zdDo0MjAwIn0.to5ymPCaZ1ZEH2ibbWYCOdJraI8NJmQcEtB2XMhY8YY. @ http://localhost:4200/@fs/D:/repos/luxuryapp-api/appsweb/angular/.angular/cache/22.1.8/luxury-app/vite/deps/@microsoft_signalr.js?v=7ad6e710:308
[  793699ms] [INFO] [2026-09-13T23:44:24.231Z] Information: Using HubProtocol 'json'. @ http://localhost:4200/@fs/D:/repos/luxuryapp-api/appsweb/angular/.angular/cache/22.1.8/luxury-app/vite/deps/@microsoft_signalr.js?v=7ad6e710:308
[  793701ms] [LOG] %cLINK [SignalR] Conexion iniciada con exito. color: green; font-style: italic; @ http://localhost:4200/chunk-72LYY77U.js:59
[  793702ms] [LOG] %cSTATE [SignalR] connectionId = 'qrU4yOU69QQROUUPoIXxHA' color: green; font-style: italic; @ http://localhost:4200/chunk-72LYY77U.js:59
[  793702ms] [LOG] %cUSER [SignalR] Evento ConnectedUser recibido: color: blue; font-style: italic; Bienvenido 63f5fe75-4fbb-4328-a2dd-b7224778752e @ http://localhost:4200/chunk-72LYY77U.js:59
[  794044ms] [LOG] %c🎉 [LayoutEmployee] ¡Layout de empleado cargado! Despertando a los gigantes (SignalR, OneSignal...) color: #2196F3; font-style: italic; @ http://localhost:4200/chunk-72LYY77U.js:59
[  794044ms] [LOG] %cLINK [SignalR] Construyendo conexion... color: blue; font-style: italic; @ http://localhost:4200/chunk-72LYY77U.js:59
[  794045ms] [LOG] %cHEADSET [SignalR] Registrando listeners... color: cyan; font-style: italic; @ http://localhost:4200/chunk-72LYY77U.js:59
[  794045ms] [LOG] %cLINK [SignalR] Iniciando conexion... color: blue; font-style: italic; @ http://localhost:4200/chunk-72LYY77U.js:59
[  794045ms] [LOG] %cℹ️ [LayoutEmployee] Usuario 63f5fe75-4fbb-4328-a2dd-b7224778752e autenticado. Iniciando OneSignal... color: dodgerblue;font-style: italic @ http://localhost:4200/chunk-72LYY77U.js:72
[  794046ms] [LOG] %c... [OneSignal] Esperando que el SDK este listo... color: orange; font-style: italic; @ http://localhost:4200/chunk-72LYY77U.js:59
[  794070ms] [LOG] %c🛡️ [JwtInterceptorFn] Auth check completado. Interceptando ruta: color: #FF0000; font-style: italic; http://localhost:7070/api/admin/general-catalogs/work-position-schedule @ http://localhost:4200/chunk-72LYY77U.js:59
[  794071ms] [LOG] %c🔍 [StorageService] Recuperando valor para clave: 'customerId' color: #2196F3; font-style: italic; @ http://localhost:4200/chunk-72LYY77U.js:59
[  794071ms] [LOG] %c🔍 [StorageService] Recuperando valor para clave: 'customerId' color: #2196F3; font-style: italic; @ http://localhost:4200/chunk-72LYY77U.js:59
[  794072ms] [LOG] %c [JwtTrace] request color: #F44336; font-style: italic; {at: 2026-09-13T23:44:24.603Z, url: http://localhost:7070/api/admin/general-catalogs/work-position-schedule, method: GET, appUserId: 63f5fe75-4fbb-4328-a2dd-b7224778752e, storageCustomerId: 019c6bee-028a-70e4-98ea-557b645a3ae0} @ http://localhost:4200/chunk-72LYY77U.js:59
[  794205ms] [LOG] %c🛡️ [JwtInterceptorFn] Auth check completado. Interceptando ruta: color: #FF0000; font-style: italic; http://localhost:7070/api/notifications @ http://localhost:4200/chunk-72LYY77U.js:59
[  794207ms] [LOG] %c🔍 [StorageService] Recuperando valor para clave: 'customerId' color: #2196F3; font-style: italic; @ http://localhost:4200/chunk-72LYY77U.js:59
[  794208ms] [LOG] %c🔍 [StorageService] Recuperando valor para clave: 'customerId' color: #2196F3; font-style: italic; @ http://localhost:4200/chunk-72LYY77U.js:59
[  794209ms] [LOG] %c [JwtTrace] request color: #F44336; font-style: italic; {at: 2026-09-13T23:44:24.740Z, url: http://localhost:7070/api/notifications, method: GET, appUserId: 63f5fe75-4fbb-4328-a2dd-b7224778752e, storageCustomerId: 019c6bee-028a-70e4-98ea-557b645a3ae0} @ http://localhost:4200/chunk-72LYY77U.js:59
[  794211ms] [LOG] %c🛡️ [JwtInterceptorFn] Auth check completado. Interceptando ruta: color: #FF0000; font-style: italic; http://localhost:7070/api/notifications/unread-count @ http://localhost:4200/chunk-72LYY77U.js:59
[  794212ms] [LOG] %c🔍 [StorageService] Recuperando valor para clave: 'customerId' color: #2196F3; font-style: italic; @ http://localhost:4200/chunk-72LYY77U.js:59
[  794213ms] [LOG] %c🔍 [StorageService] Recuperando valor para clave: 'customerId' color: #2196F3; font-style: italic; @ http://localhost:4200/chunk-72LYY77U.js:59
[  794214ms] [LOG] %c [JwtTrace] request color: #F44336; font-style: italic; {at: 2026-09-13T23:44:24.745Z, url: http://localhost:7070/api/notifications/unread-count, method: GET, appUserId: 63f5fe75-4fbb-4328-a2dd-b7224778752e, storageCustomerId: 019c6bee-028a-70e4-98ea-557b645a3ae0} @ http://localhost:4200/chunk-72LYY77U.js:59
[  794243ms] [LOG] %c [MenuTrace] effect.tick color: #9C27B0; font-style: italic; {at: 2026-09-13T23:44:24.775Z, customerId: 019c6bee-028a-70e4-98ea-557b645a3ae0, customerReady: true, applicationUserId: 63f5fe75-4fbb-4328-a2dd-b7224778752e, lastCustomerId: null} @ http://localhost:4200/chunk-72LYY77U.js:59
[  794243ms] [LOG] %c [MenuService] Customer data and session are ready. Loading menu... color: green; font-style: italic; @ http://localhost:4200/chunk-72LYY77U.js:59
[  794244ms] [LOG] %c [MenuTrace] triggerMenuLoad.start color: #9C27B0; font-style: italic; {at: 2026-09-13T23:44:24.776Z, customerId: 019c6bee-028a-70e4-98ea-557b645a3ae0, customerReady: true, applicationUserId: 63f5fe75-4fbb-4328-a2dd-b7224778752e, lastCustomerId: null} @ http://localhost:4200/chunk-72LYY77U.js:59
[  794244ms] [LOG] %c🛡️ [JwtInterceptorFn] Auth check completado. Interceptando ruta: color: #FF0000; font-style: italic; http://localhost:7070/api/menu-items/019c6bee-028a-70e4-98ea-557b645a3ae0 @ http://localhost:4200/chunk-72LYY77U.js:59
[  794245ms] [LOG] %c🔍 [StorageService] Recuperando valor para clave: 'customerId' color: #2196F3; font-style: italic; @ http://localhost:4200/chunk-72LYY77U.js:59
[  794245ms] [LOG] %c🔍 [StorageService] Recuperando valor para clave: 'customerId' color: #2196F3; font-style: italic; @ http://localhost:4200/chunk-72LYY77U.js:59
[  794246ms] [LOG] %c [JwtTrace] request color: #F44336; font-style: italic; {at: 2026-09-13T23:44:24.778Z, url: http://localhost:7070/api/menu-items/019c6bee-028a-70e4-98ea-557b645a3ae0, method: GET, appUserId: 63f5fe75-4fbb-4328-a2dd-b7224778752e, storageCustomerId: 019c6bee-028a-70e4-98ea-557b645a3ae0} @ http://localhost:4200/chunk-72LYY77U.js:59
[  794251ms] [LOG] %cok [OneSignal] SDK listo color: green; font-style: italic; @ http://localhost:4200/chunk-72LYY77U.js:59
[  794282ms] [ERROR] Failed to load resource: the server responded with a status of 404 (Not Found) @ http://localhost:7070/api/files/download?filePath=public%2fAdministration%2faccounts%2f019fa465-1920-7772-a948-76a01e8ab76c.png:0
[  794306ms] [LOG] %c [API SUCCESS]: GET LIST: admin/general-catalogs/work-position-schedule color: teal; font-style: italic; [Object, Object, Object, Object, Object, Object, Object, Object, Object, Object, Object, Object, Object, Object, Object, Object, Object, Object, Object, Object, Object, Object, Object, Object, Object, Object, Object, Object, Object, Object, Object, Object, Object, Object, Object, Object, Object, Object, Object, Object, Object, Object, Object, Object, Object, Object, Object, Object, Object, Object, Object, Object, Object, Object, Object, Object, Object, Object, Object, Object, Object, Object, Object, Object, Object, Object, Object, Object, Object, Object, Object, Object, Object, Object, Object, Object, Object, Object, Object, Object, Object, Object, Object, Object, Object, Object, Object, Object, Object, Object, Object, Object, Object, Object, Object, Object, Object, Object, Object, Object] @ http://localhost:4200/chunk-72LYY77U.js:59
[  794307ms] [LOG] %c [API SUCCESS]: GET NoLoading: notifications color: gray; font-style: italic; [Object, Object] @ http://localhost:4200/chunk-72LYY77U.js:59
[  794307ms] [LOG] %c [API SUCCESS]: GET NoLoading: notifications/unread-count color: gray; font-style: italic; 2 @ http://localhost:4200/chunk-72LYY77U.js:59
[  794687ms] [LOG] %c [API SUCCESS]: GET LIST: menu-items/019c6bee-028a-70e4-98ea-557b645a3ae0 color: teal; font-style: italic; [Object, Object, Object, Object, Object, Object, Object, Object, Object, Object, Object, Object, Object, Object, Object, Object, Object, Object, Object, Object, Object, Object, Object, Object] @ http://localhost:4200/chunk-72LYY77U.js:59
[  794687ms] [LOG] %c [MenuTrace] fetchMenuItemsFromApi.success color: #9C27B0; font-style: italic; {at: 2026-09-13T23:44:25.220Z, customerId: 019c6bee-028a-70e4-98ea-557b645a3ae0, customerReady: true, applicationUserId: 63f5fe75-4fbb-4328-a2dd-b7224778752e, lastCustomerId: 019c6bee-028a-70e4-98ea-557b645a3ae0} @ http://localhost:4200/chunk-72LYY77U.js:59
[  794688ms] [LOG] %c [MenuTrace] triggerMenuLoad.response color: #9C27B0; font-style: italic; {at: 2026-09-13T23:44:25.220Z, customerId: 019c6bee-028a-70e4-98ea-557b645a3ae0, customerReady: true, applicationUserId: 63f5fe75-4fbb-4328-a2dd-b7224778752e, lastCustomerId: 019c6bee-028a-70e4-98ea-557b645a3ae0} @ http://localhost:4200/chunk-72LYY77U.js:59
[  794751ms] [INFO] [2026-09-13T23:44:25.284Z] Information: WebSocket connected to ws://localhost:7070/ws/notificationHub?id=au4bxoMJL2_ktaS3j46Jcg&access_token=eyJhbGciOiJIUzI1NiIsInR5cCI6IkpXVCJ9.eyJzdWIiOiI2M2Y1ZmU3NS00ZmJiLTQzMjgtYTJkZC1iNzIyNDc3ODc1MmUiLCJqdGkiOiIwMWEwOWQyOC02MDQ4LTcxNDctYTQzZC1lZTNkZWJjMTRmMWIiLCJpYXQiOjE3ODkzNDMwNjQsIm5hbWUiOiJBZG1pbmlzdHJhZG9yIExCRyIsImVtYWlsIjoiaW5mb0BsdXh1cnlidWlsZGluZy5jb20ubXgiLCJ1c2VybmFtZSI6ImFkbWluIiwiY3VzdG9tZXJJZCI6IjAxOWM2YmVlLTAyOGEtNzBlNC05OGVhLTU1N2I2NDVhM2FlMCIsImN1c3RvbWVyTmFtZSI6IkxVWFVSWSBCVUlMRElORyBHUk9VUCBTQSBERSBDViIsImZpcnN0TmFtZSI6IkFkbWluaXN0cmFkb3IiLCJsYXN0TmFtZSI6IkxCRyIsInBob25lIjoiKDU1KSAwMDAwLSAwMDAwIiwicGhvdG9QYXRoIjoiaHR0cDovL2xvY2FsaG9zdDo3MDcwL2FwaS9maWxlcy9kb3dubG9hZD9maWxlUGF0aD1wdWJsaWMlMmZBZG1pbmlzdHJhdGlvbiUyZmFjY291bnRzJTJmMDE5ZmE0NjUtMTkyMC03NzcyLWE5NDgtNzZhMDFlOGFiNzZjLnBuZyIsInBvc2l0aW9uIjoiRGVzY29ub2NpZG8iLCJodHRwOi8vc2NoZW1hcy5taWNyb3NvZnQuY29tL3dzLzIwMDgvMDYvaWRlbnRpdHkvY2xhaW1zL3JvbGUiOiJTdXBlclVzdWFyaW8iLCJyb2xlSWQiOiI2OTlkN2NjMS1kMTQzLTQ5ODUtYjU1YS1kMDMwODY0YzY5M2UiLCJleHAiOjE3ODkzNDY2NjQsImlzcyI6Imh0dHBzOi8vbG9jYWxob3N0OjcwNjkiLCJhdWQiOiJodHRwczovL2xvY2FsaG9zdDo0MjAwIn0.to5ymPCaZ1ZEH2ibbWYCOdJraI8NJmQcEtB2XMhY8YY. @ http://localhost:4200/@fs/D:/repos/luxuryapp-api/appsweb/angular/.angular/cache/22.1.8/luxury-app/vite/deps/@microsoft_signalr.js?v=7ad6e710:308
[  794752ms] [INFO] [2026-09-13T23:44:25.284Z] Information: Using HubProtocol 'json'. @ http://localhost:4200/@fs/D:/repos/luxuryapp-api/appsweb/angular/.angular/cache/22.1.8/luxury-app/vite/deps/@microsoft_signalr.js?v=7ad6e710:308
[  794760ms] [LOG] %cLINK [SignalR] Conexion iniciada con exito. color: green; font-style: italic; @ http://localhost:4200/chunk-72LYY77U.js:59
[  794761ms] [LOG] %cSTATE [SignalR] connectionId = 'bFU5-rKF9trSIjPvtOQujg' color: green; font-style: italic; @ http://localhost:4200/chunk-72LYY77U.js:59
[  794763ms] [LOG] %cUSER [SignalR] Evento ConnectedUser recibido: color: blue; font-style: italic; Bienvenido 63f5fe75-4fbb-4328-a2dd-b7224778752e @ http://localhost:4200/chunk-72LYY77U.js:59
[  794860ms] [LOG] %cpkg [OneSignal] Inicializado con App ID: color: teal; font-style: italic; 3d1f1ce3-638f-4a30-b093-ab617baf91a8 @ http://localhost:4200/chunk-72LYY77U.js:59
[  794860ms] [LOG] %cear [OneSignal] Listeners registrados. color: cyan; font-style: italic; @ http://localhost:4200/chunk-72LYY77U.js:59
[  794860ms] [LOG] %cuser [OneSignal] Usuario logueado con ExternalUserId: 63f5fe75-4fbb-4328-a2dd-b7224778752e color: darkslateblue; font-style: italic; @ http://localhost:4200/chunk-72LYY77U.js:59
[  794861ms] [LOG] %csub [OneSignal] Permiso: color: dodgerblue; font-style: italic; false | Suscrito: false @ http://localhost:4200/chunk-72LYY77U.js:59
[  794861ms] [LOG] %cwarn [OneSignal] Usuario no completamente suscrito. color: orange; font-style: italic; @ http://localhost:4200/chunk-72LYY77U.js:59
[  976741ms] [ERROR] [2026-09-13T23:47:27.273Z] Error: Connection disconnected with error 'Error: WebSocket closed with status code: 1006 (no reason given).'. @ http://localhost:4200/@vite/client:524
[  976742ms] [INFO] [2026-09-13T23:47:27.275Z] Information: Connection reconnecting because of error 'Error: WebSocket closed with status code: 1006 (no reason given).'. @ http://localhost:4200/@fs/D:/repos/luxuryapp-api/appsweb/angular/.angular/cache/22.1.8/luxury-app/vite/deps/@microsoft_signalr.js?v=7ad6e710:308
[  976743ms] [LOG] %cWAIT [SignalR] Reintentando... color: orange; font-style: italic; Error: WebSocket closed with status code: 1006 (no reason given).
    at WebSocketTransport._close (http://localhost:4200/@fs/D:/repos/luxuryapp-api/appsweb/angular/.angular/cache/22.1.8/luxury-app/vite/deps/@microsoft_signalr.js?v=7ad6e710:1839:133)
    at webSocket.onclose (http://localhost:4200/@fs/D:/repos/luxuryapp-api/appsweb/angular/.angular/cache/22.1.8/luxury-app/vite/deps/@microsoft_signalr.js?v=7ad6e710:1808:22) @ http://localhost:4200/chunk-72LYY77U.js:59
[  976743ms] [INFO] [2026-09-13T23:47:27.275Z] Information: Reconnect attempt number 1 will start in 2000 ms. @ http://localhost:4200/@fs/D:/repos/luxuryapp-api/appsweb/angular/.angular/cache/22.1.8/luxury-app/vite/deps/@microsoft_signalr.js?v=7ad6e710:308
[  976743ms] [ERROR] [2026-09-13T23:47:27.276Z] Error: Connection disconnected with error 'Error: WebSocket closed with status code: 1006 (no reason given).'. @ http://localhost:4200/@vite/client:524
[  976744ms] [INFO] [2026-09-13T23:47:27.276Z] Information: Connection reconnecting because of error 'Error: WebSocket closed with status code: 1006 (no reason given).'. @ http://localhost:4200/@fs/D:/repos/luxuryapp-api/appsweb/angular/.angular/cache/22.1.8/luxury-app/vite/deps/@microsoft_signalr.js?v=7ad6e710:308
[  976744ms] [LOG] %cWAIT [SignalR] Reintentando... color: orange; font-style: italic; Error: WebSocket closed with status code: 1006 (no reason given).
    at WebSocketTransport._close (http://localhost:4200/@fs/D:/repos/luxuryapp-api/appsweb/angular/.angular/cache/22.1.8/luxury-app/vite/deps/@microsoft_signalr.js?v=7ad6e710:1839:133)
    at webSocket.onclose (http://localhost:4200/@fs/D:/repos/luxuryapp-api/appsweb/angular/.angular/cache/22.1.8/luxury-app/vite/deps/@microsoft_signalr.js?v=7ad6e710:1808:22) @ http://localhost:4200/chunk-72LYY77U.js:59
[  976744ms] [INFO] [2026-09-13T23:47:27.277Z] Information: Reconnect attempt number 1 will start in 2000 ms. @ http://localhost:4200/@fs/D:/repos/luxuryapp-api/appsweb/angular/.angular/cache/22.1.8/luxury-app/vite/deps/@microsoft_signalr.js?v=7ad6e710:308
[  979067ms] [ERROR] Failed to load resource: net::ERR_CONNECTION_RESET @ http://localhost:7070/ws/notificationHub/negotiate?negotiateVersion=1:0
[  979067ms] [WARNING] [2026-09-13T23:47:29.599Z] Warning: Error from HTTP request. TypeError: Failed to fetch. @ http://localhost:4200/@vite/client:524
[  979068ms] [ERROR] [2026-09-13T23:47:29.600Z] Error: Failed to complete negotiation with the server: TypeError: Failed to fetch @ http://localhost:4200/@vite/client:524
[  979068ms] [ERROR] [2026-09-13T23:47:29.600Z] Error: Failed to start the connection: Error: Failed to complete negotiation with the server: TypeError: Failed to fetch @ http://localhost:4200/@vite/client:524
[  979068ms] [INFO] [2026-09-13T23:47:29.601Z] Information: Reconnect attempt failed because of error 'Error: Failed to complete negotiation with the server: TypeError: Failed to fetch'. @ http://localhost:4200/@fs/D:/repos/luxuryapp-api/appsweb/angular/.angular/cache/22.1.8/luxury-app/vite/deps/@microsoft_signalr.js?v=7ad6e710:308
[  979069ms] [INFO] [2026-09-13T23:47:29.601Z] Information: Reconnect attempt number 2 will start in 5000 ms. @ http://localhost:4200/@fs/D:/repos/luxuryapp-api/appsweb/angular/.angular/cache/22.1.8/luxury-app/vite/deps/@microsoft_signalr.js?v=7ad6e710:308
[  979069ms] [ERROR] Failed to load resource: net::ERR_CONNECTION_RESET @ http://localhost:7070/ws/notificationHub/negotiate?negotiateVersion=1:0
[  979069ms] [WARNING] [2026-09-13T23:47:29.601Z] Warning: Error from HTTP request. TypeError: Failed to fetch. @ http://localhost:4200/@vite/client:524
[  979069ms] [ERROR] [2026-09-13T23:47:29.602Z] Error: Failed to complete negotiation with the server: TypeError: Failed to fetch @ http://localhost:4200/@vite/client:524
[  979069ms] [ERROR] [2026-09-13T23:47:29.602Z] Error: Failed to start the connection: Error: Failed to complete negotiation with the server: TypeError: Failed to fetch @ http://localhost:4200/@vite/client:524
[  979070ms] [INFO] [2026-09-13T23:47:29.602Z] Information: Reconnect attempt failed because of error 'Error: Failed to complete negotiation with the server: TypeError: Failed to fetch'. @ http://localhost:4200/@fs/D:/repos/luxuryapp-api/appsweb/angular/.angular/cache/22.1.8/luxury-app/vite/deps/@microsoft_signalr.js?v=7ad6e710:308
[  979070ms] [INFO] [2026-09-13T23:47:29.602Z] Information: Reconnect attempt number 2 will start in 5000 ms. @ http://localhost:4200/@fs/D:/repos/luxuryapp-api/appsweb/angular/.angular/cache/22.1.8/luxury-app/vite/deps/@microsoft_signalr.js?v=7ad6e710:308
[  984386ms] [ERROR] Failed to load resource: net::ERR_CONNECTION_RESET @ http://localhost:7070/ws/notificationHub/negotiate?negotiateVersion=1:0
[  984386ms] [WARNING] [2026-09-13T23:47:34.919Z] Warning: Error from HTTP request. TypeError: Failed to fetch. @ http://localhost:4200/@vite/client:524
[  984387ms] [ERROR] [2026-09-13T23:47:34.919Z] Error: Failed to complete negotiation with the server: TypeError: Failed to fetch @ http://localhost:4200/@vite/client:524
[  984387ms] [ERROR] [2026-09-13T23:47:34.919Z] Error: Failed to start the connection: Error: Failed to complete negotiation with the server: TypeError: Failed to fetch @ http://localhost:4200/@vite/client:524
[  984387ms] [INFO] [2026-09-13T23:47:34.920Z] Information: Reconnect attempt failed because of error 'Error: Failed to complete negotiation with the server: TypeError: Failed to fetch'. @ http://localhost:4200/@fs/D:/repos/luxuryapp-api/appsweb/angular/.angular/cache/22.1.8/luxury-app/vite/deps/@microsoft_signalr.js?v=7ad6e710:308
[  984387ms] [INFO] [2026-09-13T23:47:34.920Z] Information: Reconnect attempt number 3 will start in 10000 ms. @ http://localhost:4200/@fs/D:/repos/luxuryapp-api/appsweb/angular/.angular/cache/22.1.8/luxury-app/vite/deps/@microsoft_signalr.js?v=7ad6e710:308
[  984388ms] [ERROR] Failed to load resource: net::ERR_CONNECTION_RESET @ http://localhost:7070/ws/notificationHub/negotiate?negotiateVersion=1:0
[  984388ms] [WARNING] [2026-09-13T23:47:34.920Z] Warning: Error from HTTP request. TypeError: Failed to fetch. @ http://localhost:4200/@vite/client:524
[  984388ms] [ERROR] [2026-09-13T23:47:34.920Z] Error: Failed to complete negotiation with the server: TypeError: Failed to fetch @ http://localhost:4200/@vite/client:524
[  984388ms] [ERROR] [2026-09-13T23:47:34.921Z] Error: Failed to start the connection: Error: Failed to complete negotiation with the server: TypeError: Failed to fetch @ http://localhost:4200/@vite/client:524
[  984389ms] [INFO] [2026-09-13T23:47:34.921Z] Information: Reconnect attempt failed because of error 'Error: Failed to complete negotiation with the server: TypeError: Failed to fetch'. @ http://localhost:4200/@fs/D:/repos/luxuryapp-api/appsweb/angular/.angular/cache/22.1.8/luxury-app/vite/deps/@microsoft_signalr.js?v=7ad6e710:308
[  984389ms] [INFO] [2026-09-13T23:47:34.922Z] Information: Reconnect attempt number 3 will start in 10000 ms. @ http://localhost:4200/@fs/D:/repos/luxuryapp-api/appsweb/angular/.angular/cache/22.1.8/luxury-app/vite/deps/@microsoft_signalr.js?v=7ad6e710:308
[  994717ms] [ERROR] Failed to load resource: net::ERR_CONNECTION_RESET @ http://localhost:7070/ws/notificationHub/negotiate?negotiateVersion=1:0
[  994717ms] [WARNING] [2026-09-13T23:47:45.249Z] Warning: Error from HTTP request. TypeError: Failed to fetch. @ http://localhost:4200/@vite/client:524
[  994717ms] [ERROR] [2026-09-13T23:47:45.250Z] Error: Failed to complete negotiation with the server: TypeError: Failed to fetch @ http://localhost:4200/@vite/client:524
[  994717ms] [ERROR] [2026-09-13T23:47:45.250Z] Error: Failed to start the connection: Error: Failed to complete negotiation with the server: TypeError: Failed to fetch @ http://localhost:4200/@vite/client:524
[  994718ms] [INFO] [2026-09-13T23:47:45.250Z] Information: Reconnect attempt failed because of error 'Error: Failed to complete negotiation with the server: TypeError: Failed to fetch'. @ http://localhost:4200/@fs/D:/repos/luxuryapp-api/appsweb/angular/.angular/cache/22.1.8/luxury-app/vite/deps/@microsoft_signalr.js?v=7ad6e710:308
[  994718ms] [INFO] [2026-09-13T23:47:45.250Z] Information: Reconnect attempt number 4 will start in 20000 ms. @ http://localhost:4200/@fs/D:/repos/luxuryapp-api/appsweb/angular/.angular/cache/22.1.8/luxury-app/vite/deps/@microsoft_signalr.js?v=7ad6e710:308
[  994722ms] [ERROR] Failed to load resource: net::ERR_CONNECTION_RESET @ http://localhost:7070/ws/notificationHub/negotiate?negotiateVersion=1:0
[  994722ms] [WARNING] [2026-09-13T23:47:45.254Z] Warning: Error from HTTP request. TypeError: Failed to fetch. @ http://localhost:4200/@vite/client:524
[  994723ms] [ERROR] [2026-09-13T23:47:45.255Z] Error: Failed to complete negotiation with the server: TypeError: Failed to fetch @ http://localhost:4200/@vite/client:524
[  994723ms] [ERROR] [2026-09-13T23:47:45.255Z] Error: Failed to start the connection: Error: Failed to complete negotiation with the server: TypeError: Failed to fetch @ http://localhost:4200/@vite/client:524
[  994723ms] [INFO] [2026-09-13T23:47:45.256Z] Information: Reconnect attempt failed because of error 'Error: Failed to complete negotiation with the server: TypeError: Failed to fetch'. @ http://localhost:4200/@fs/D:/repos/luxuryapp-api/appsweb/angular/.angular/cache/22.1.8/luxury-app/vite/deps/@microsoft_signalr.js?v=7ad6e710:308
[  994724ms] [INFO] [2026-09-13T23:47:45.256Z] Information: Reconnect attempt number 4 will start in 20000 ms. @ http://localhost:4200/@fs/D:/repos/luxuryapp-api/appsweb/angular/.angular/cache/22.1.8/luxury-app/vite/deps/@microsoft_signalr.js?v=7ad6e710:308
[ 1015048ms] [ERROR] Failed to load resource: net::ERR_CONNECTION_RESET @ http://localhost:7070/ws/notificationHub/negotiate?negotiateVersion=1:0
[ 1015048ms] [WARNING] [2026-09-13T23:48:05.581Z] Warning: Error from HTTP request. TypeError: Failed to fetch. @ http://localhost:4200/@vite/client:524
[ 1015049ms] [ERROR] [2026-09-13T23:48:05.581Z] Error: Failed to complete negotiation with the server: TypeError: Failed to fetch @ http://localhost:4200/@vite/client:524
[ 1015049ms] [ERROR] [2026-09-13T23:48:05.581Z] Error: Failed to start the connection: Error: Failed to complete negotiation with the server: TypeError: Failed to fetch @ http://localhost:4200/@vite/client:524
[ 1015049ms] [INFO] [2026-09-13T23:48:05.581Z] Information: Reconnect attempt failed because of error 'Error: Failed to complete negotiation with the server: TypeError: Failed to fetch'. @ http://localhost:4200/@fs/D:/repos/luxuryapp-api/appsweb/angular/.angular/cache/22.1.8/luxury-app/vite/deps/@microsoft_signalr.js?v=7ad6e710:308
[ 1015049ms] [INFO] [2026-09-13T23:48:05.582Z] Information: Reconnect retries have been exhausted after 38306 ms and 4 failed attempts. Connection disconnecting. @ http://localhost:4200/@fs/D:/repos/luxuryapp-api/appsweb/angular/.angular/cache/22.1.8/luxury-app/vite/deps/@microsoft_signalr.js?v=7ad6e710:308
[ 1015049ms] [LOG] %cLINK [SignalR] Conexion cerrada: color: red; font-style: italic; undefined @ http://localhost:4200/chunk-72LYY77U.js:59
[ 1015050ms] [ERROR] Failed to load resource: net::ERR_CONNECTION_RESET @ http://localhost:7070/ws/notificationHub/negotiate?negotiateVersion=1:0
[ 1015050ms] [WARNING] [2026-09-13T23:48:05.582Z] Warning: Error from HTTP request. TypeError: Failed to fetch. @ http://localhost:4200/@vite/client:524
[ 1015050ms] [ERROR] [2026-09-13T23:48:05.582Z] Error: Failed to complete negotiation with the server: TypeError: Failed to fetch @ http://localhost:4200/@vite/client:524
[ 1015050ms] [ERROR] [2026-09-13T23:48:05.583Z] Error: Failed to start the connection: Error: Failed to complete negotiation with the server: TypeError: Failed to fetch @ http://localhost:4200/@vite/client:524
[ 1015050ms] [INFO] [2026-09-13T23:48:05.583Z] Information: Reconnect attempt failed because of error 'Error: Failed to complete negotiation with the server: TypeError: Failed to fetch'. @ http://localhost:4200/@fs/D:/repos/luxuryapp-api/appsweb/angular/.angular/cache/22.1.8/luxury-app/vite/deps/@microsoft_signalr.js?v=7ad6e710:308
[ 1015051ms] [INFO] [2026-09-13T23:48:05.583Z] Information: Reconnect retries have been exhausted after 38308 ms and 4 failed attempts. Connection disconnecting. @ http://localhost:4200/@fs/D:/repos/luxuryapp-api/appsweb/angular/.angular/cache/22.1.8/luxury-app/vite/deps/@microsoft_signalr.js?v=7ad6e710:308
[ 1015051ms] [LOG] %cLINK [SignalR] Conexion cerrada: color: red; font-style: italic; undefined @ http://localhost:4200/chunk-72LYY77U.js:59
[ 1332086ms] [LOG] %c📦 [StorageService] Inicializando servicio de almacenamiento local... color: #3F51B5; font-style: italic; @ http://localhost:4200/chunk-72LYY77U.js:59
[ 1332087ms] [LOG] %c [AuthService] Verificando ruta inicial: /admin/work-position-schedules | Es publica: false color: #9C27B0; font-style: italic; @ http://localhost:4200/chunk-72LYY77U.js:59
[ 1332088ms] [LOG] %c [AuthService] Ruta no publica. Intentando login silencioso... color: #009688; font-style: italic; @ http://localhost:4200/chunk-72LYY77U.js:59
[ 1332091ms] [LOG] %c🚀 [Initializer] Starting application state initialization... color: purple; font-style: italic; @ http://localhost:4200/chunk-72LYY77U.js:59
[ 1332405ms] [ERROR] Failed to load resource: net::ERR_CONNECTION_RESET @ http://localhost:7070/api/auth/refresh:0
[ 1332406ms] [LOG] %c🚫 Error en refreshToken, forzando logout local. color: red;font-style: italic HttpErrorResponse @ http://localhost:4200/chunk-72LYY77U.js:72
[ 1332407ms] [LOG] %c [AuthTrace] clearSession.before color: #03A9F4; font-style: italic; {at: 2026-09-13T23:53:22.939Z, applicationUserId: null, tokenCustomerId: null, roles: Array(0), customerAccessCount: 0} @ http://localhost:4200/chunk-72LYY77U.js:59
[ 1332408ms] [LOG] %c🔍 [StorageService] Recuperando valor para clave: 'customerId' color: #2196F3; font-style: italic; @ http://localhost:4200/chunk-72LYY77U.js:59
[ 1332408ms] [LOG] %c [CustomerTrace] clearCustomerData.before color: #FF9800; font-style: italic; {at: 2026-09-13T23:53:22.940Z, state: Object, storedCustomerId: 019c6bee-028a-70e4-98ea-557b645a3ae0} @ http://localhost:4200/chunk-72LYY77U.js:59
[ 1332409ms] [LOG] %c🧹 [StorageService] Limpiando clave específica: 'customerId' color: #FF5722; font-style: italic; @ http://localhost:4200/chunk-72LYY77U.js:59
[ 1332413ms] [LOG] %c✅ [StorageService] Clave 'customerId' ha sido limpiada. color: #9E9E9E; font-style: italic; @ http://localhost:4200/chunk-72LYY77U.js:59
[ 1332414ms] [LOG] %c🔍 [StorageService] Recuperando valor para clave: 'customerId' color: #2196F3; font-style: italic; @ http://localhost:4200/chunk-72LYY77U.js:59
[ 1332416ms] [LOG] %c🟡 [StorageService] No se encontró valor para clave 'customerId' o es undefined. color: #FF9800; font-style: italic; @ http://localhost:4200/chunk-72LYY77U.js:59
[ 1332417ms] [LOG] %c [CustomerTrace] clearCustomerData.after color: #FF9800; font-style: italic; {at: 2026-09-13T23:53:22.947Z, state: Object, storedCustomerId: undefined} @ http://localhost:4200/chunk-72LYY77U.js:59
[ 1332423ms] [LOG] %c [AuthTrace] trySilentLogin.finalize color: #8BC34A; font-style: italic; {at: 2026-09-13T23:53:22.955Z, isAuthenticated: false} @ http://localhost:4200/chunk-72LYY77U.js:59
[ 1332424ms] [LOG] %c🤷 [Initializer] No user session. Skipping customer state initialization. color: #9E9E9E; font-style: italic; @ http://localhost:4200/chunk-72LYY77U.js:59
[ 1332426ms] [LOG] %c✅ [Initializer] State initialization complete. color: green; font-style: italic; @ http://localhost:4200/chunk-72LYY77U.js:59
[ 1332438ms] [LOG] %c🔄 UpdateService: Inicializando servicio de actualizaciones color: blue; font-weight: bold; @ http://localhost:4200/chunk-WEIOKMZ7.js:10
[ 1332440ms] [LOG] %c🔄 UpdateService: ❌ Service Worker NO habilitado color: red; font-weight: bold; @ http://localhost:4200/chunk-WEIOKMZ7.js:22
[ 1332474ms] [LOG] %c🚀 [App] ¡Aplicación iniciada! Soy más ligero y rápido que nunca. color: #673AB7; font-style: italic; @ http://localhost:4200/chunk-72LYY77U.js:59
[ 1332506ms] [LOG] Angular is running in development mode. @ http://localhost:4200/@fs/D:/repos/luxuryapp-api/appsweb/angular/.angular/cache/22.1.8/luxury-app/vite/deps/core-gRj2gSiC.js?v=7d4b588b:9175
[ 1332734ms] [LOG] %c🔐 [SecurityService] Servicio de seguridad inicializado. color: #3F51B5; font-style: italic; @ http://localhost:4200/chunk-72LYY77U.js:59
[ 1332781ms] [LOG] %c [Login] Iniciando.. color: #607D8B; font-style: italic; @ http://localhost:4200/chunk-72LYY77U.js:59
[ 1332782ms] [LOG] %c [Login] Usando / como redireccion por defecto. color: #607D8B; font-style: italic; @ http://localhost:4200/chunk-72LYY77U.js:59
[ 1332782ms] [LOG] %c [Login] URL final de redireccion: / color: #2196F3; font-style: italic; @ http://localhost:4200/chunk-72LYY77U.js:59
[ 1332784ms] [LOG] %c [Login] Usuario recuperado. color: #FF9800; font-style: italic; @ http://localhost:4200/chunk-72LYY77U.js:59
[ 1332784ms] [LOG] %c🚪 [SecurityService] Limpiando datos de autenticación... color: #F44336; font-style: italic; @ http://localhost:4200/chunk-72LYY77U.js:59
[ 1332785ms] [LOG] %c🗑️ [StorageService] Eliminando clave: 'userAuthData' color: #F44336; font-style: italic; @ http://localhost:4200/chunk-72LYY77U.js:59
[ 1332785ms] [LOG] %c✅ [StorageService] Clave 'userAuthData' eliminada. color: #9E9E9E; font-style: italic; @ http://localhost:4200/chunk-72LYY77U.js:59
[ 1332786ms] [LOG] %c🗑️ [StorageService] Eliminando clave: 'accessToken' color: #F44336; font-style: italic; @ http://localhost:4200/chunk-72LYY77U.js:59
[ 1332786ms] [LOG] %c✅ [StorageService] Clave 'accessToken' eliminada. color: #9E9E9E; font-style: italic; @ http://localhost:4200/chunk-72LYY77U.js:59
[ 1332786ms] [LOG] %c🧹 [SecurityService] Datos de sesión eliminados: userAuthData y accessToken. color: #9E9E9E; font-style: italic; @ http://localhost:4200/chunk-72LYY77U.js:59
[ 1332786ms] [LOG] %c [Login] Datos de sesion previa eliminados. color: #9E9E9E; font-style: italic; @ http://localhost:4200/chunk-72LYY77U.js:59
[ 1332787ms] [LOG] %c🚪 [SecurityService] Limpiando datos de autenticación... color: #F44336; font-style: italic; @ http://localhost:4200/chunk-72LYY77U.js:59
[ 1332788ms] [LOG] %c🗑️ [StorageService] Eliminando clave: 'userAuthData' color: #F44336; font-style: italic; @ http://localhost:4200/chunk-72LYY77U.js:59
[ 1332788ms] [LOG] %c✅ [StorageService] Clave 'userAuthData' eliminada. color: #9E9E9E; font-style: italic; @ http://localhost:4200/chunk-72LYY77U.js:59
[ 1332788ms] [LOG] %c🗑️ [StorageService] Eliminando clave: 'accessToken' color: #F44336; font-style: italic; @ http://localhost:4200/chunk-72LYY77U.js:59
[ 1332789ms] [LOG] %c✅ [StorageService] Clave 'accessToken' eliminada. color: #9E9E9E; font-style: italic; @ http://localhost:4200/chunk-72LYY77U.js:59
[ 1332789ms] [LOG] %c🧹 [SecurityService] Datos de sesión eliminados: userAuthData y accessToken. color: #9E9E9E; font-style: italic; @ http://localhost:4200/chunk-72LYY77U.js:59
[ 1332935ms] [VERBOSE] [DOM] Input elements should have autocomplete attributes (suggested: "current-password"): (More info: https://goo.gl/9p2vKq) @ http://localhost:4200/auth/login:0
[ 1414087ms] [LOG] %c📦 [StorageService] Inicializando servicio de almacenamiento local... color: #3F51B5; font-style: italic; @ http://localhost:4200/chunk-72LYY77U.js:59
[ 1414089ms] [LOG] %c [AuthService] Verificando ruta inicial: /auth/login | Es publica: true color: #9C27B0; font-style: italic; @ http://localhost:4200/chunk-72LYY77U.js:59
[ 1414089ms] [LOG] %c [AuthService] Ruta publica detectada. Omitiendo login silencioso. color: #FFC107; font-style: italic; @ http://localhost:4200/chunk-72LYY77U.js:59
[ 1414090ms] [LOG] %c🚀 [Initializer] Starting application state initialization... color: purple; font-style: italic; @ http://localhost:4200/chunk-72LYY77U.js:59
[ 1414090ms] [LOG] %c🤷 [Initializer] No user session. Skipping customer state initialization. color: #9E9E9E; font-style: italic; @ http://localhost:4200/chunk-72LYY77U.js:59
[ 1414091ms] [LOG] %c✅ [Initializer] State initialization complete. color: green; font-style: italic; @ http://localhost:4200/chunk-72LYY77U.js:59
[ 1414171ms] [LOG] %c🔄 UpdateService: Inicializando servicio de actualizaciones color: blue; font-weight: bold; @ http://localhost:4200/chunk-WEIOKMZ7.js:10
[ 1414171ms] [LOG] %c🔄 UpdateService: ❌ Service Worker NO habilitado color: red; font-weight: bold; @ http://localhost:4200/chunk-WEIOKMZ7.js:22
[ 1414187ms] [LOG] %c🚀 [App] ¡Aplicación iniciada! Soy más ligero y rápido que nunca. color: #673AB7; font-style: italic; @ http://localhost:4200/chunk-72LYY77U.js:59
[ 1414214ms] [LOG] Angular is running in development mode. @ http://localhost:4200/@fs/D:/repos/luxuryapp-api/appsweb/angular/.angular/cache/22.1.8/luxury-app/vite/deps/core-gRj2gSiC.js?v=7d4b588b:9175
[ 1414373ms] [LOG] %c🔐 [SecurityService] Servicio de seguridad inicializado. color: #3F51B5; font-style: italic; @ http://localhost:4200/chunk-72LYY77U.js:59
[ 1414413ms] [LOG] %c [Login] Iniciando.. color: #607D8B; font-style: italic; @ http://localhost:4200/chunk-72LYY77U.js:59
[ 1414413ms] [LOG] %c [Login] Usando / como redireccion por defecto. color: #607D8B; font-style: italic; @ http://localhost:4200/chunk-72LYY77U.js:59
[ 1414414ms] [LOG] %c [Login] URL final de redireccion: / color: #2196F3; font-style: italic; @ http://localhost:4200/chunk-72LYY77U.js:59
[ 1414415ms] [LOG] %c [Login] Usuario recuperado. color: #FF9800; font-style: italic; @ http://localhost:4200/chunk-72LYY77U.js:59
[ 1414415ms] [LOG] %c🚪 [SecurityService] Limpiando datos de autenticación... color: #F44336; font-style: italic; @ http://localhost:4200/chunk-72LYY77U.js:59
[ 1414416ms] [LOG] %c🗑️ [StorageService] Eliminando clave: 'userAuthData' color: #F44336; font-style: italic; @ http://localhost:4200/chunk-72LYY77U.js:59
[ 1414417ms] [LOG] %c✅ [StorageService] Clave 'userAuthData' eliminada. color: #9E9E9E; font-style: italic; @ http://localhost:4200/chunk-72LYY77U.js:59
[ 1414418ms] [LOG] %c🗑️ [StorageService] Eliminando clave: 'accessToken' color: #F44336; font-style: italic; @ http://localhost:4200/chunk-72LYY77U.js:59
[ 1414418ms] [LOG] %c✅ [StorageService] Clave 'accessToken' eliminada. color: #9E9E9E; font-style: italic; @ http://localhost:4200/chunk-72LYY77U.js:59
[ 1414418ms] [LOG] %c🧹 [SecurityService] Datos de sesión eliminados: userAuthData y accessToken. color: #9E9E9E; font-style: italic; @ http://localhost:4200/chunk-72LYY77U.js:59
[ 1414419ms] [LOG] %c [Login] Datos de sesion previa eliminados. color: #9E9E9E; font-style: italic; @ http://localhost:4200/chunk-72LYY77U.js:59
[ 1414419ms] [LOG] %c🚪 [SecurityService] Limpiando datos de autenticación... color: #F44336; font-style: italic; @ http://localhost:4200/chunk-72LYY77U.js:59
[ 1414420ms] [LOG] %c🗑️ [StorageService] Eliminando clave: 'userAuthData' color: #F44336; font-style: italic; @ http://localhost:4200/chunk-72LYY77U.js:59
[ 1414420ms] [LOG] %c✅ [StorageService] Clave 'userAuthData' eliminada. color: #9E9E9E; font-style: italic; @ http://localhost:4200/chunk-72LYY77U.js:59
[ 1414421ms] [LOG] %c🗑️ [StorageService] Eliminando clave: 'accessToken' color: #F44336; font-style: italic; @ http://localhost:4200/chunk-72LYY77U.js:59
[ 1414421ms] [LOG] %c✅ [StorageService] Clave 'accessToken' eliminada. color: #9E9E9E; font-style: italic; @ http://localhost:4200/chunk-72LYY77U.js:59
[ 1414421ms] [LOG] %c🧹 [SecurityService] Datos de sesión eliminados: userAuthData y accessToken. color: #9E9E9E; font-style: italic; @ http://localhost:4200/chunk-72LYY77U.js:59
[ 1414520ms] [WARNING] NG0913: An image with src http://localhost:4200/assets/oficial/Logo%20Files/png/Color%20logo%20-%20no%20background.png has intrinsic file dimensions much larger than its rendered size. This can negatively impact application loading performance. For more information about addressing or disabling this warning, see https://v22.angular.dev/errors/NG0913. Find more at https://v22.angular.dev/errors/NG0913 @ http://localhost:4200/@vite/client:524
[ 1414521ms] [WARNING] NG0913: An image with src http://localhost:4200/assets/oficial/Logo%20Files/png/Color%20logo%20-%20no%20background.png has intrinsic file dimensions much larger than its rendered size. This can negatively impact application loading performance. For more information about addressing or disabling this warning, see https://v22.angular.dev/errors/NG0913. Find more at https://v22.angular.dev/errors/NG0913 @ http://localhost:4200/@vite/client:524
[ 1414522ms] [WARNING] NG0913: An image with src http://localhost:4200/assets/oficial/Logo%20Files/png/White%20logo%20-%20no%20background.png has intrinsic file dimensions much larger than its rendered size. This can negatively impact application loading performance. For more information about addressing or disabling this warning, see https://v22.angular.dev/errors/NG0913. Find more at https://v22.angular.dev/errors/NG0913 @ http://localhost:4200/@vite/client:524
[ 1414542ms] [VERBOSE] [DOM] Input elements should have autocomplete attributes (suggested: "current-password"): (More info: https://goo.gl/9p2vKq) @ http://localhost:4200/auth/login:0
[ 1430110ms] [LOG] %c📦 [StorageService] Inicializando servicio de almacenamiento local... color: #3F51B5; font-style: italic; @ http://localhost:4200/chunk-72LYY77U.js:59
[ 1430111ms] [LOG] %c [AuthService] Verificando ruta inicial: /auth/login | Es publica: true color: #9C27B0; font-style: italic; @ http://localhost:4200/chunk-72LYY77U.js:59
[ 1430111ms] [LOG] %c [AuthService] Ruta publica detectada. Omitiendo login silencioso. color: #FFC107; font-style: italic; @ http://localhost:4200/chunk-72LYY77U.js:59
[ 1430111ms] [LOG] %c🚀 [Initializer] Starting application state initialization... color: purple; font-style: italic; @ http://localhost:4200/chunk-72LYY77U.js:59
[ 1430112ms] [LOG] %c🤷 [Initializer] No user session. Skipping customer state initialization. color: #9E9E9E; font-style: italic; @ http://localhost:4200/chunk-72LYY77U.js:59
[ 1430112ms] [LOG] %c✅ [Initializer] State initialization complete. color: green; font-style: italic; @ http://localhost:4200/chunk-72LYY77U.js:59
[ 1430186ms] [LOG] %c🔄 UpdateService: Inicializando servicio de actualizaciones color: blue; font-weight: bold; @ http://localhost:4200/chunk-WEIOKMZ7.js:10
[ 1430186ms] [LOG] %c🔄 UpdateService: ❌ Service Worker NO habilitado color: red; font-weight: bold; @ http://localhost:4200/chunk-WEIOKMZ7.js:22
[ 1430196ms] [LOG] %c🚀 [App] ¡Aplicación iniciada! Soy más ligero y rápido que nunca. color: #673AB7; font-style: italic; @ http://localhost:4200/chunk-72LYY77U.js:59
[ 1430217ms] [LOG] Angular is running in development mode. @ http://localhost:4200/@fs/D:/repos/luxuryapp-api/appsweb/angular/.angular/cache/22.1.8/luxury-app/vite/deps/core-gRj2gSiC.js?v=7d4b588b:9175
[ 1430312ms] [LOG] %c🔐 [SecurityService] Servicio de seguridad inicializado. color: #3F51B5; font-style: italic; @ http://localhost:4200/chunk-72LYY77U.js:59
[ 1430340ms] [LOG] %c [Login] Iniciando.. color: #607D8B; font-style: italic; @ http://localhost:4200/chunk-72LYY77U.js:59
[ 1430340ms] [LOG] %c [Login] Usando / como redireccion por defecto. color: #607D8B; font-style: italic; @ http://localhost:4200/chunk-72LYY77U.js:59
[ 1430341ms] [LOG] %c [Login] URL final de redireccion: / color: #2196F3; font-style: italic; @ http://localhost:4200/chunk-72LYY77U.js:59
[ 1430341ms] [LOG] %c [Login] Usuario recuperado. color: #FF9800; font-style: italic; @ http://localhost:4200/chunk-72LYY77U.js:59
[ 1430342ms] [LOG] %c🚪 [SecurityService] Limpiando datos de autenticación... color: #F44336; font-style: italic; @ http://localhost:4200/chunk-72LYY77U.js:59
[ 1430342ms] [LOG] %c🗑️ [StorageService] Eliminando clave: 'userAuthData' color: #F44336; font-style: italic; @ http://localhost:4200/chunk-72LYY77U.js:59
[ 1430342ms] [LOG] %c✅ [StorageService] Clave 'userAuthData' eliminada. color: #9E9E9E; font-style: italic; @ http://localhost:4200/chunk-72LYY77U.js:59
[ 1430342ms] [LOG] %c🗑️ [StorageService] Eliminando clave: 'accessToken' color: #F44336; font-style: italic; @ http://localhost:4200/chunk-72LYY77U.js:59
[ 1430343ms] [LOG] %c✅ [StorageService] Clave 'accessToken' eliminada. color: #9E9E9E; font-style: italic; @ http://localhost:4200/chunk-72LYY77U.js:59
[ 1430343ms] [LOG] %c🧹 [SecurityService] Datos de sesión eliminados: userAuthData y accessToken. color: #9E9E9E; font-style: italic; @ http://localhost:4200/chunk-72LYY77U.js:59
[ 1430343ms] [LOG] %c [Login] Datos de sesion previa eliminados. color: #9E9E9E; font-style: italic; @ http://localhost:4200/chunk-72LYY77U.js:59
[ 1430344ms] [LOG] %c🚪 [SecurityService] Limpiando datos de autenticación... color: #F44336; font-style: italic; @ http://localhost:4200/chunk-72LYY77U.js:59
[ 1430344ms] [LOG] %c🗑️ [StorageService] Eliminando clave: 'userAuthData' color: #F44336; font-style: italic; @ http://localhost:4200/chunk-72LYY77U.js:59
[ 1430344ms] [LOG] %c✅ [StorageService] Clave 'userAuthData' eliminada. color: #9E9E9E; font-style: italic; @ http://localhost:4200/chunk-72LYY77U.js:59
[ 1430345ms] [LOG] %c🗑️ [StorageService] Eliminando clave: 'accessToken' color: #F44336; font-style: italic; @ http://localhost:4200/chunk-72LYY77U.js:59
[ 1430345ms] [LOG] %c✅ [StorageService] Clave 'accessToken' eliminada. color: #9E9E9E; font-style: italic; @ http://localhost:4200/chunk-72LYY77U.js:59
[ 1430345ms] [LOG] %c🧹 [SecurityService] Datos de sesión eliminados: userAuthData y accessToken. color: #9E9E9E; font-style: italic; @ http://localhost:4200/chunk-72LYY77U.js:59
[ 1430421ms] [WARNING] NG0913: An image with src http://localhost:4200/assets/oficial/Logo%20Files/png/Color%20logo%20-%20no%20background.png has intrinsic file dimensions much larger than its rendered size. This can negatively impact application loading performance. For more information about addressing or disabling this warning, see https://v22.angular.dev/errors/NG0913. Find more at https://v22.angular.dev/errors/NG0913 @ http://localhost:4200/@vite/client:524
[ 1430422ms] [WARNING] NG0913: An image with src http://localhost:4200/assets/oficial/Logo%20Files/png/Color%20logo%20-%20no%20background.png has intrinsic file dimensions much larger than its rendered size. This can negatively impact application loading performance. For more information about addressing or disabling this warning, see https://v22.angular.dev/errors/NG0913. Find more at https://v22.angular.dev/errors/NG0913 @ http://localhost:4200/@vite/client:524
[ 1430423ms] [WARNING] NG0913: An image with src http://localhost:4200/assets/oficial/Logo%20Files/png/White%20logo%20-%20no%20background.png has intrinsic file dimensions much larger than its rendered size. This can negatively impact application loading performance. For more information about addressing or disabling this warning, see https://v22.angular.dev/errors/NG0913. Find more at https://v22.angular.dev/errors/NG0913 @ http://localhost:4200/@vite/client:524
[ 1430436ms] [VERBOSE] [DOM] Input elements should have autocomplete attributes (suggested: "current-password"): (More info: https://goo.gl/9p2vKq) @ http://localhost:4200/auth/login:0
[ 1447508ms] [LOG] %c📦 [StorageService] Inicializando servicio de almacenamiento local... color: #3F51B5; font-style: italic; @ http://localhost:4200/chunk-72LYY77U.js:59
[ 1447509ms] [LOG] %c [AuthService] Verificando ruta inicial: /auth/login | Es publica: true color: #9C27B0; font-style: italic; @ http://localhost:4200/chunk-72LYY77U.js:59
[ 1447510ms] [LOG] %c [AuthService] Ruta publica detectada. Omitiendo login silencioso. color: #FFC107; font-style: italic; @ http://localhost:4200/chunk-72LYY77U.js:59
[ 1447510ms] [LOG] %c🚀 [Initializer] Starting application state initialization... color: purple; font-style: italic; @ http://localhost:4200/chunk-72LYY77U.js:59
[ 1447511ms] [LOG] %c🤷 [Initializer] No user session. Skipping customer state initialization. color: #9E9E9E; font-style: italic; @ http://localhost:4200/chunk-72LYY77U.js:59
[ 1447512ms] [LOG] %c✅ [Initializer] State initialization complete. color: green; font-style: italic; @ http://localhost:4200/chunk-72LYY77U.js:59
[ 1447655ms] [LOG] %c🔄 UpdateService: Inicializando servicio de actualizaciones color: blue; font-weight: bold; @ http://localhost:4200/chunk-WEIOKMZ7.js:10
[ 1447655ms] [LOG] %c🔄 UpdateService: ❌ Service Worker NO habilitado color: red; font-weight: bold; @ http://localhost:4200/chunk-WEIOKMZ7.js:22
[ 1447670ms] [LOG] %c🚀 [App] ¡Aplicación iniciada! Soy más ligero y rápido que nunca. color: #673AB7; font-style: italic; @ http://localhost:4200/chunk-72LYY77U.js:59
[ 1447704ms] [LOG] Angular is running in development mode. @ http://localhost:4200/@fs/D:/repos/luxuryapp-api/appsweb/angular/.angular/cache/22.1.8/luxury-app/vite/deps/core-gRj2gSiC.js?v=7d4b588b:9175
[ 1447900ms] [LOG] %c🔐 [SecurityService] Servicio de seguridad inicializado. color: #3F51B5; font-style: italic; @ http://localhost:4200/chunk-72LYY77U.js:59
[ 1447947ms] [LOG] %c [Login] Iniciando.. color: #607D8B; font-style: italic; @ http://localhost:4200/chunk-72LYY77U.js:59
[ 1447948ms] [LOG] %c [Login] Usando / como redireccion por defecto. color: #607D8B; font-style: italic; @ http://localhost:4200/chunk-72LYY77U.js:59
[ 1447948ms] [LOG] %c [Login] URL final de redireccion: / color: #2196F3; font-style: italic; @ http://localhost:4200/chunk-72LYY77U.js:59
[ 1447949ms] [LOG] %c [Login] Usuario recuperado. color: #FF9800; font-style: italic; @ http://localhost:4200/chunk-72LYY77U.js:59
[ 1447950ms] [LOG] %c🚪 [SecurityService] Limpiando datos de autenticación... color: #F44336; font-style: italic; @ http://localhost:4200/chunk-72LYY77U.js:59
[ 1447950ms] [LOG] %c🗑️ [StorageService] Eliminando clave: 'userAuthData' color: #F44336; font-style: italic; @ http://localhost:4200/chunk-72LYY77U.js:59
[ 1447950ms] [LOG] %c✅ [StorageService] Clave 'userAuthData' eliminada. color: #9E9E9E; font-style: italic; @ http://localhost:4200/chunk-72LYY77U.js:59
[ 1447950ms] [LOG] %c🗑️ [StorageService] Eliminando clave: 'accessToken' color: #F44336; font-style: italic; @ http://localhost:4200/chunk-72LYY77U.js:59
[ 1447951ms] [LOG] %c✅ [StorageService] Clave 'accessToken' eliminada. color: #9E9E9E; font-style: italic; @ http://localhost:4200/chunk-72LYY77U.js:59
[ 1447951ms] [LOG] %c🧹 [SecurityService] Datos de sesión eliminados: userAuthData y accessToken. color: #9E9E9E; font-style: italic; @ http://localhost:4200/chunk-72LYY77U.js:59
[ 1447951ms] [LOG] %c [Login] Datos de sesion previa eliminados. color: #9E9E9E; font-style: italic; @ http://localhost:4200/chunk-72LYY77U.js:59
[ 1447952ms] [LOG] %c🚪 [SecurityService] Limpiando datos de autenticación... color: #F44336; font-style: italic; @ http://localhost:4200/chunk-72LYY77U.js:59
[ 1447952ms] [LOG] %c🗑️ [StorageService] Eliminando clave: 'userAuthData' color: #F44336; font-style: italic; @ http://localhost:4200/chunk-72LYY77U.js:59
[ 1447953ms] [LOG] %c✅ [StorageService] Clave 'userAuthData' eliminada. color: #9E9E9E; font-style: italic; @ http://localhost:4200/chunk-72LYY77U.js:59
[ 1447953ms] [LOG] %c🗑️ [StorageService] Eliminando clave: 'accessToken' color: #F44336; font-style: italic; @ http://localhost:4200/chunk-72LYY77U.js:59
[ 1447954ms] [LOG] %c✅ [StorageService] Clave 'accessToken' eliminada. color: #9E9E9E; font-style: italic; @ http://localhost:4200/chunk-72LYY77U.js:59
[ 1447955ms] [LOG] %c🧹 [SecurityService] Datos de sesión eliminados: userAuthData y accessToken. color: #9E9E9E; font-style: italic; @ http://localhost:4200/chunk-72LYY77U.js:59
[ 1448066ms] [VERBOSE] [DOM] Input elements should have autocomplete attributes (suggested: "current-password"): (More info: https://goo.gl/9p2vKq) @ http://localhost:4200/auth/login:0
[ 2734132ms] [LOG] %c📦 [StorageService] Inicializando servicio de almacenamiento local... color: #3F51B5; font-style: italic; @ http://localhost:4200/chunk-72LYY77U.js:59
[ 2734134ms] [LOG] %c [AuthService] Verificando ruta inicial: /auth/login | Es publica: true color: #9C27B0; font-style: italic; @ http://localhost:4200/chunk-72LYY77U.js:59
[ 2734134ms] [LOG] %c [AuthService] Ruta publica detectada. Omitiendo login silencioso. color: #FFC107; font-style: italic; @ http://localhost:4200/chunk-72LYY77U.js:59
[ 2734135ms] [LOG] %c🚀 [Initializer] Starting application state initialization... color: purple; font-style: italic; @ http://localhost:4200/chunk-72LYY77U.js:59
[ 2734135ms] [LOG] %c🤷 [Initializer] No user session. Skipping customer state initialization. color: #9E9E9E; font-style: italic; @ http://localhost:4200/chunk-72LYY77U.js:59
[ 2734136ms] [LOG] %c✅ [Initializer] State initialization complete. color: green; font-style: italic; @ http://localhost:4200/chunk-72LYY77U.js:59
[ 2734234ms] [LOG] %c🔄 UpdateService: Inicializando servicio de actualizaciones color: blue; font-weight: bold; @ http://localhost:4200/chunk-WEIOKMZ7.js:10
[ 2734235ms] [LOG] %c🔄 UpdateService: ❌ Service Worker NO habilitado color: red; font-weight: bold; @ http://localhost:4200/chunk-WEIOKMZ7.js:22
[ 2734246ms] [LOG] %c🚀 [App] ¡Aplicación iniciada! Soy más ligero y rápido que nunca. color: #673AB7; font-style: italic; @ http://localhost:4200/chunk-72LYY77U.js:59
[ 2734262ms] [LOG] Angular is running in development mode. @ http://localhost:4200/@fs/D:/repos/luxuryapp-api/appsweb/angular/.angular/cache/22.1.8/luxury-app/vite/deps/core-gRj2gSiC.js?v=7d4b588b:9175
[ 2734554ms] [LOG] %c🔐 [SecurityService] Servicio de seguridad inicializado. color: #3F51B5; font-style: italic; @ http://localhost:4200/chunk-72LYY77U.js:59
[ 2734593ms] [LOG] %c [Login] Iniciando.. color: #607D8B; font-style: italic; @ http://localhost:4200/chunk-72LYY77U.js:59
[ 2734594ms] [LOG] %c [Login] Usando / como redireccion por defecto. color: #607D8B; font-style: italic; @ http://localhost:4200/chunk-72LYY77U.js:59
[ 2734594ms] [LOG] %c [Login] URL final de redireccion: / color: #2196F3; font-style: italic; @ http://localhost:4200/chunk-72LYY77U.js:59
[ 2734595ms] [LOG] %c [Login] Usuario recuperado. color: #FF9800; font-style: italic; @ http://localhost:4200/chunk-72LYY77U.js:59
[ 2734595ms] [LOG] %c🚪 [SecurityService] Limpiando datos de autenticación... color: #F44336; font-style: italic; @ http://localhost:4200/chunk-72LYY77U.js:59
[ 2734596ms] [LOG] %c🗑️ [StorageService] Eliminando clave: 'userAuthData' color: #F44336; font-style: italic; @ http://localhost:4200/chunk-72LYY77U.js:59
[ 2734596ms] [LOG] %c✅ [StorageService] Clave 'userAuthData' eliminada. color: #9E9E9E; font-style: italic; @ http://localhost:4200/chunk-72LYY77U.js:59
[ 2734596ms] [LOG] %c🗑️ [StorageService] Eliminando clave: 'accessToken' color: #F44336; font-style: italic; @ http://localhost:4200/chunk-72LYY77U.js:59
[ 2734597ms] [LOG] %c✅ [StorageService] Clave 'accessToken' eliminada. color: #9E9E9E; font-style: italic; @ http://localhost:4200/chunk-72LYY77U.js:59
[ 2734597ms] [LOG] %c🧹 [SecurityService] Datos de sesión eliminados: userAuthData y accessToken. color: #9E9E9E; font-style: italic; @ http://localhost:4200/chunk-72LYY77U.js:59
[ 2734597ms] [LOG] %c [Login] Datos de sesion previa eliminados. color: #9E9E9E; font-style: italic; @ http://localhost:4200/chunk-72LYY77U.js:59
[ 2734598ms] [LOG] %c🚪 [SecurityService] Limpiando datos de autenticación... color: #F44336; font-style: italic; @ http://localhost:4200/chunk-72LYY77U.js:59
[ 2734599ms] [LOG] %c🗑️ [StorageService] Eliminando clave: 'userAuthData' color: #F44336; font-style: italic; @ http://localhost:4200/chunk-72LYY77U.js:59
[ 2734599ms] [LOG] %c✅ [StorageService] Clave 'userAuthData' eliminada. color: #9E9E9E; font-style: italic; @ http://localhost:4200/chunk-72LYY77U.js:59
[ 2734599ms] [LOG] %c🗑️ [StorageService] Eliminando clave: 'accessToken' color: #F44336; font-style: italic; @ http://localhost:4200/chunk-72LYY77U.js:59
[ 2734599ms] [LOG] %c✅ [StorageService] Clave 'accessToken' eliminada. color: #9E9E9E; font-style: italic; @ http://localhost:4200/chunk-72LYY77U.js:59
[ 2734600ms] [LOG] %c🧹 [SecurityService] Datos de sesión eliminados: userAuthData y accessToken. color: #9E9E9E; font-style: italic; @ http://localhost:4200/chunk-72LYY77U.js:59
[ 2734708ms] [VERBOSE] [DOM] Input elements should have autocomplete attributes (suggested: "current-password"): (More info: https://goo.gl/9p2vKq) @ http://localhost:4200/auth/login:0
