[     181ms] [LOG] %c📦 [StorageService] Inicializando servicio de almacenamiento local... color: #3F51B5; font-style: italic; @ http://localhost:4200/chunk-72LYY77U.js:59
[     182ms] [LOG] %c [AuthService] Verificando ruta inicial: /admin/work-position-schedules | Es publica: false color: #9C27B0; font-style: italic; @ http://localhost:4200/chunk-72LYY77U.js:59
[     182ms] [LOG] %c [AuthService] Ruta no publica. Intentando login silencioso... color: #009688; font-style: italic; @ http://localhost:4200/chunk-72LYY77U.js:59
[     188ms] [LOG] %c🚀 [Initializer] Starting application state initialization... color: purple; font-style: italic; @ http://localhost:4200/chunk-72LYY77U.js:59
[     279ms] [LOG] %c [AuthService] Token renovado. Actualizando sesion en memoria. color: color: #4CAF50; font-style: italic;; font-style: italic; @ http://localhost:4200/chunk-72LYY77U.js:59
[     279ms] [LOG] %c [AuthTrace] refresh.success.before-set color: #03A9F4; font-style: italic; {at: 2026-09-14T00:19:38.272Z, applicationUserId: 63f5fe75-4fbb-4328-a2dd-b7224778752e, tokenCustomerId: 019c6bee-028a-70e4-98ea-557b645a3ae0, roles: Array(1), customerAccessCount: 10} @ http://localhost:4200/chunk-72LYY77U.js:59
[     280ms] [LOG] %c [AuthTrace] refresh.success.after-set color: #03A9F4; font-style: italic; {at: 2026-09-14T00:19:38.272Z, applicationUserId: 63f5fe75-4fbb-4328-a2dd-b7224778752e, tokenCustomerId: 019c6bee-028a-70e4-98ea-557b645a3ae0, roles: Array(1), customerAccessCount: 10} @ http://localhost:4200/chunk-72LYY77U.js:59
[     280ms] [LOG] %cLINK [SignalR] Construyendo conexion... color: blue; font-style: italic; @ http://localhost:4200/chunk-72LYY77U.js:59
[     282ms] [LOG] %cHEADSET [SignalR] Registrando listeners... color: cyan; font-style: italic; @ http://localhost:4200/chunk-72LYY77U.js:59
[     282ms] [LOG] %cLINK [SignalR] Iniciando conexion... color: blue; font-style: italic; @ http://localhost:4200/chunk-72LYY77U.js:59
[     283ms] [LOG] %c [AuthTrace] trySilentLogin.finalize color: #8BC34A; font-style: italic; {at: 2026-09-14T00:19:38.275Z, isAuthenticated: true} @ http://localhost:4200/chunk-72LYY77U.js:59
[     283ms] [LOG] %c🏢 [Initializer] User session found. Initializing customer state... color: #3F51B5; font-style: italic; @ http://localhost:4200/chunk-72LYY77U.js:59
[     284ms] [LOG] %c🔍 [StorageService] Recuperando valor para clave: 'customerId' color: #2196F3; font-style: italic; @ http://localhost:4200/chunk-72LYY77U.js:59
[     284ms] [LOG] %c🟡 [StorageService] No se encontró valor para clave 'customerId' o es undefined. color: #FF9800; font-style: italic; @ http://localhost:4200/chunk-72LYY77U.js:59
[     285ms] [LOG] %c [CustomerTrace] initialize.start color: #FF9800; font-style: italic; {at: 2026-09-14T00:19:38.276Z, state: Object, storedCustomerId: undefined, tokenCustomerId: 019c6bee-028a-70e4-98ea-557b645a3ae0, customerAccess: Array(10)} @ http://localhost:4200/chunk-72LYY77U.js:59
[     285ms] [LOG] %c🔍 [StorageService] Recuperando valor para clave: 'customerId' color: #2196F3; font-style: italic; @ http://localhost:4200/chunk-72LYY77U.js:59
[     286ms] [LOG] %c🟡 [StorageService] No se encontró valor para clave 'customerId' o es undefined. color: #FF9800; font-style: italic; @ http://localhost:4200/chunk-72LYY77U.js:59
[     286ms] [LOG] %c🔍 [StorageService] Recuperando valor para clave: 'customerId' color: #2196F3; font-style: italic; @ http://localhost:4200/chunk-72LYY77U.js:59
[     286ms] [LOG] %c🟡 [StorageService] No se encontró valor para clave 'customerId' o es undefined. color: #FF9800; font-style: italic; @ http://localhost:4200/chunk-72LYY77U.js:59
[     286ms] [LOG] %c [CustomerTrace] initialize.selected-customer color: #FF9800; font-style: italic; {at: 2026-09-14T00:19:38.278Z, state: Object, storedCustomerId: undefined, selectedCustomerId: 019c6bee-028a-70e4-98ea-557b645a3ae0} @ http://localhost:4200/chunk-72LYY77U.js:59
[     287ms] [LOG] %c💾 [StorageService] Guardando clave: 'customerId' color: #FF9800; font-style: italic; {value: 019c6bee-028a-70e4-98ea-557b645a3ae0} @ http://localhost:4200/chunk-72LYY77U.js:59
[     288ms] [LOG] %c✅ [StorageService] Clave 'customerId' guardada exitosamente. color: #4CAF50; font-style: italic; @ http://localhost:4200/chunk-72LYY77U.js:59
[     288ms] [LOG] %c🔍 [StorageService] Recuperando valor para clave: 'customerId' color: #2196F3; font-style: italic; @ http://localhost:4200/chunk-72LYY77U.js:59
[     288ms] [LOG] %c [CustomerTrace] loadDataForCustomer.start color: #FF9800; font-style: italic; {at: 2026-09-14T00:19:38.280Z, state: Object, storedCustomerId: 019c6bee-028a-70e4-98ea-557b645a3ae0, customerId: 019c6bee-028a-70e4-98ea-557b645a3ae0} @ http://localhost:4200/chunk-72LYY77U.js:59
[     290ms] [LOG] %c🛡️ [JwtInterceptorFn] Auth check completado. Interceptando ruta: color: #FF0000; font-style: italic; http://localhost:7070/api/customers/019c6bee-028a-70e4-98ea-557b645a3ae0 @ http://localhost:4200/chunk-72LYY77U.js:59
[     290ms] [LOG] %c🔍 [StorageService] Recuperando valor para clave: 'customerId' color: #2196F3; font-style: italic; @ http://localhost:4200/chunk-72LYY77U.js:59
[     291ms] [LOG] %c🔍 [StorageService] Recuperando valor para clave: 'customerId' color: #2196F3; font-style: italic; @ http://localhost:4200/chunk-72LYY77U.js:59
[     291ms] [LOG] %c [JwtTrace] request color: #F44336; font-style: italic; {at: 2026-09-14T00:19:38.283Z, url: http://localhost:7070/api/customers/019c6bee-028a-70e4-98ea-557b645a3ae0, method: GET, appUserId: 63f5fe75-4fbb-4328-a2dd-b7224778752e, storageCustomerId: 019c6bee-028a-70e4-98ea-557b645a3ae0} @ http://localhost:4200/chunk-72LYY77U.js:59
[     304ms] [INFO] [2026-09-14T00:19:38.296Z] Information: WebSocket connected to ws://localhost:7070/ws/notificationHub?id=3cC8draMTNvvnP55EQynXA&access_token=eyJhbGciOiJIUzI1NiIsInR5cCI6IkpXVCJ9.eyJzdWIiOiI2M2Y1ZmU3NS00ZmJiLTQzMjgtYTJkZC1iNzIyNDc3ODc1MmUiLCJqdGkiOiIwMWEwOWQ0OC1hMjg0LTc5Y2QtYmI3Zi0yM2NkMjQ3YjI2ODEiLCJpYXQiOjE3ODkzNDUxNzgsIm5hbWUiOiJBZG1pbmlzdHJhZG9yIExCRyIsImVtYWlsIjoiaW5mb0BsdXh1cnlidWlsZGluZy5jb20ubXgiLCJ1c2VybmFtZSI6ImFkbWluIiwiY3VzdG9tZXJJZCI6IjAxOWM2YmVlLTAyOGEtNzBlNC05OGVhLTU1N2I2NDVhM2FlMCIsImN1c3RvbWVyTmFtZSI6IkxVWFVSWSBCVUlMRElORyBHUk9VUCBTQSBERSBDViIsImZpcnN0TmFtZSI6IkFkbWluaXN0cmFkb3IiLCJsYXN0TmFtZSI6IkxCRyIsInBob25lIjoiKDU1KSAwMDAwLSAwMDAwIiwicGhvdG9QYXRoIjoiaHR0cDovL2xvY2FsaG9zdDo3MDcwL2FwaS9maWxlcy9kb3dubG9hZD9maWxlUGF0aD1wdWJsaWMlMmZBZG1pbmlzdHJhdGlvbiUyZmFjY291bnRzJTJmMDE5ZmE0NjUtMTkyMC03NzcyLWE5NDgtNzZhMDFlOGFiNzZjLnBuZyIsInBvc2l0aW9uIjoiRGVzY29ub2NpZG8iLCJodHRwOi8vc2NoZW1hcy5taWNyb3NvZnQuY29tL3dzLzIwMDgvMDYvaWRlbnRpdHkvY2xhaW1zL3JvbGUiOiJTdXBlclVzdWFyaW8iLCJyb2xlSWQiOiI2OTlkN2NjMS1kMTQzLTQ5ODUtYjU1YS1kMDMwODY0YzY5M2UiLCJleHAiOjE3ODkzNDg3NzgsImlzcyI6Imh0dHBzOi8vbG9jYWxob3N0OjcwNjkiLCJhdWQiOiJodHRwczovL2xvY2FsaG9zdDo0MjAwIn0.7677FBQ4cOpgjVeKfwYg1ThmYcC8g36uP8F4c5M4zDM. @ http://localhost:4200/@fs/D:/repos/luxuryapp-api/appsweb/angular/.angular/cache/22.1.8/luxury-app/vite/deps/@microsoft_signalr.js?v=7ad6e710:308
[     304ms] [INFO] [2026-09-14T00:19:38.297Z] Information: Using HubProtocol 'json'. @ http://localhost:4200/@fs/D:/repos/luxuryapp-api/appsweb/angular/.angular/cache/22.1.8/luxury-app/vite/deps/@microsoft_signalr.js?v=7ad6e710:308
[     306ms] [LOG] %c🔍 [StorageService] Recuperando valor para clave: 'customerId' color: #2196F3; font-style: italic; @ http://localhost:4200/chunk-72LYY77U.js:59
[     306ms] [LOG] %c [CustomerTrace] loadDataForCustomer.response color: #FF9800; font-style: italic; {at: 2026-09-14T00:19:38.298Z, state: Object, storedCustomerId: 019c6bee-028a-70e4-98ea-557b645a3ae0, customerId: 019c6bee-028a-70e4-98ea-557b645a3ae0, success: true} @ http://localhost:4200/chunk-72LYY77U.js:59
[     307ms] [LOG] %c🔍 [StorageService] Recuperando valor para clave: 'customerId' color: #2196F3; font-style: italic; @ http://localhost:4200/chunk-72LYY77U.js:59
[     307ms] [LOG] %c [CustomerTrace] loadDataForCustomer.ready color: #FF9800; font-style: italic; {at: 2026-09-14T00:19:38.299Z, state: Object, storedCustomerId: 019c6bee-028a-70e4-98ea-557b645a3ae0, customerId: 019c6bee-028a-70e4-98ea-557b645a3ae0} @ http://localhost:4200/chunk-72LYY77U.js:59
[     307ms] [LOG] %c✅ [Initializer] State initialization complete. color: green; font-style: italic; @ http://localhost:4200/chunk-72LYY77U.js:59
[     310ms] [LOG] %c🔄 UpdateService: Inicializando servicio de actualizaciones color: blue; font-weight: bold; @ http://localhost:4200/chunk-WEIOKMZ7.js:10
[     310ms] [LOG] %c🔄 UpdateService: ❌ Service Worker NO habilitado color: red; font-weight: bold; @ http://localhost:4200/chunk-WEIOKMZ7.js:22
[     318ms] [LOG] %c🚀 [App] ¡Aplicación iniciada! Soy más ligero y rápido que nunca. color: #673AB7; font-style: italic; @ http://localhost:4200/chunk-72LYY77U.js:59
[     331ms] [LOG] Angular is running in development mode. @ http://localhost:4200/@fs/D:/repos/luxuryapp-api/appsweb/angular/.angular/cache/22.1.8/luxury-app/vite/deps/core-gRj2gSiC.js?v=7d4b588b:9175
[     334ms] [LOG] %cLINK [SignalR] Conexion iniciada con exito. color: green; font-style: italic; @ http://localhost:4200/chunk-72LYY77U.js:59
[     334ms] [LOG] %cSTATE [SignalR] connectionId = '2o4X8Kv6fbYAwAAMWtBZOA' color: green; font-style: italic; @ http://localhost:4200/chunk-72LYY77U.js:59
[     338ms] [LOG] %cUSER [SignalR] Evento ConnectedUser recibido: color: blue; font-style: italic; Bienvenido 63f5fe75-4fbb-4328-a2dd-b7224778752e @ http://localhost:4200/chunk-72LYY77U.js:59
[     613ms] [LOG] %c🎉 [LayoutEmployee] ¡Layout de empleado cargado! Despertando a los gigantes (SignalR, OneSignal...) color: #2196F3; font-style: italic; @ http://localhost:4200/chunk-72LYY77U.js:59
[     613ms] [LOG] %cLINK [SignalR] Construyendo conexion... color: blue; font-style: italic; @ http://localhost:4200/chunk-72LYY77U.js:59
[     614ms] [LOG] %cHEADSET [SignalR] Registrando listeners... color: cyan; font-style: italic; @ http://localhost:4200/chunk-72LYY77U.js:59
[     614ms] [LOG] %cLINK [SignalR] Iniciando conexion... color: blue; font-style: italic; @ http://localhost:4200/chunk-72LYY77U.js:59
[     615ms] [LOG] %cℹ️ [LayoutEmployee] Usuario 63f5fe75-4fbb-4328-a2dd-b7224778752e autenticado. Iniciando OneSignal... color: dodgerblue;font-style: italic @ http://localhost:4200/chunk-72LYY77U.js:72
[     615ms] [LOG] %c... [OneSignal] Esperando que el SDK este listo... color: orange; font-style: italic; @ http://localhost:4200/chunk-72LYY77U.js:59
[     636ms] [LOG] %c🛡️ [JwtInterceptorFn] Auth check completado. Interceptando ruta: color: #FF0000; font-style: italic; http://localhost:7070/api/admin/general-catalogs/work-position-schedule @ http://localhost:4200/chunk-72LYY77U.js:59
[     637ms] [LOG] %c🔍 [StorageService] Recuperando valor para clave: 'customerId' color: #2196F3; font-style: italic; @ http://localhost:4200/chunk-72LYY77U.js:59
[     637ms] [LOG] %c🔍 [StorageService] Recuperando valor para clave: 'customerId' color: #2196F3; font-style: italic; @ http://localhost:4200/chunk-72LYY77U.js:59
[     637ms] [LOG] %c [JwtTrace] request color: #F44336; font-style: italic; {at: 2026-09-14T00:19:38.629Z, url: http://localhost:7070/api/admin/general-catalogs/work-position-schedule, method: GET, appUserId: 63f5fe75-4fbb-4328-a2dd-b7224778752e, storageCustomerId: 019c6bee-028a-70e4-98ea-557b645a3ae0} @ http://localhost:4200/chunk-72LYY77U.js:59
[     747ms] [LOG] %c🛡️ [JwtInterceptorFn] Auth check completado. Interceptando ruta: color: #FF0000; font-style: italic; http://localhost:7070/api/notifications @ http://localhost:4200/chunk-72LYY77U.js:59
[     748ms] [LOG] %c🔍 [StorageService] Recuperando valor para clave: 'customerId' color: #2196F3; font-style: italic; @ http://localhost:4200/chunk-72LYY77U.js:59
[     748ms] [LOG] %c🔍 [StorageService] Recuperando valor para clave: 'customerId' color: #2196F3; font-style: italic; @ http://localhost:4200/chunk-72LYY77U.js:59
[     749ms] [LOG] %c [JwtTrace] request color: #F44336; font-style: italic; {at: 2026-09-14T00:19:38.740Z, url: http://localhost:7070/api/notifications, method: GET, appUserId: 63f5fe75-4fbb-4328-a2dd-b7224778752e, storageCustomerId: 019c6bee-028a-70e4-98ea-557b645a3ae0} @ http://localhost:4200/chunk-72LYY77U.js:59
[     751ms] [LOG] %c🛡️ [JwtInterceptorFn] Auth check completado. Interceptando ruta: color: #FF0000; font-style: italic; http://localhost:7070/api/notifications/unread-count @ http://localhost:4200/chunk-72LYY77U.js:59
[     751ms] [LOG] %c🔍 [StorageService] Recuperando valor para clave: 'customerId' color: #2196F3; font-style: italic; @ http://localhost:4200/chunk-72LYY77U.js:59
[     752ms] [LOG] %c🔍 [StorageService] Recuperando valor para clave: 'customerId' color: #2196F3; font-style: italic; @ http://localhost:4200/chunk-72LYY77U.js:59
[     752ms] [LOG] %c [JwtTrace] request color: #F44336; font-style: italic; {at: 2026-09-14T00:19:38.744Z, url: http://localhost:7070/api/notifications/unread-count, method: GET, appUserId: 63f5fe75-4fbb-4328-a2dd-b7224778752e, storageCustomerId: 019c6bee-028a-70e4-98ea-557b645a3ae0} @ http://localhost:4200/chunk-72LYY77U.js:59
[     769ms] [LOG] %c [MenuTrace] effect.tick color: #9C27B0; font-style: italic; {at: 2026-09-14T00:19:38.761Z, customerId: 019c6bee-028a-70e4-98ea-557b645a3ae0, customerReady: true, applicationUserId: 63f5fe75-4fbb-4328-a2dd-b7224778752e, lastCustomerId: null} @ http://localhost:4200/chunk-72LYY77U.js:59
[     769ms] [LOG] %c [MenuService] Customer data and session are ready. Loading menu... color: green; font-style: italic; @ http://localhost:4200/chunk-72LYY77U.js:59
[     769ms] [LOG] %c [MenuTrace] triggerMenuLoad.start color: #9C27B0; font-style: italic; {at: 2026-09-14T00:19:38.762Z, customerId: 019c6bee-028a-70e4-98ea-557b645a3ae0, customerReady: true, applicationUserId: 63f5fe75-4fbb-4328-a2dd-b7224778752e, lastCustomerId: null} @ http://localhost:4200/chunk-72LYY77U.js:59
[     770ms] [LOG] %c🛡️ [JwtInterceptorFn] Auth check completado. Interceptando ruta: color: #FF0000; font-style: italic; http://localhost:7070/api/menu-items/019c6bee-028a-70e4-98ea-557b645a3ae0 @ http://localhost:4200/chunk-72LYY77U.js:59
[     771ms] [LOG] %c🔍 [StorageService] Recuperando valor para clave: 'customerId' color: #2196F3; font-style: italic; @ http://localhost:4200/chunk-72LYY77U.js:59
[     771ms] [LOG] %c🔍 [StorageService] Recuperando valor para clave: 'customerId' color: #2196F3; font-style: italic; @ http://localhost:4200/chunk-72LYY77U.js:59
[     771ms] [LOG] %c [JwtTrace] request color: #F44336; font-style: italic; {at: 2026-09-14T00:19:38.763Z, url: http://localhost:7070/api/menu-items/019c6bee-028a-70e4-98ea-557b645a3ae0, method: GET, appUserId: 63f5fe75-4fbb-4328-a2dd-b7224778752e, storageCustomerId: 019c6bee-028a-70e4-98ea-557b645a3ae0} @ http://localhost:4200/chunk-72LYY77U.js:59
[     775ms] [LOG] %cok [OneSignal] SDK listo color: green; font-style: italic; @ http://localhost:4200/chunk-72LYY77U.js:59
[     796ms] [ERROR] Failed to load resource: the server responded with a status of 404 (Not Found) @ http://localhost:7070/api/files/download?filePath=public%2fAdministration%2faccounts%2f019fa465-1920-7772-a948-76a01e8ab76c.png:0
[     806ms] [LOG] %c [API SUCCESS]: GET LIST: admin/general-catalogs/work-position-schedule color: teal; font-style: italic; [Object, Object, Object, Object, Object, Object, Object, Object, Object, Object, Object, Object, Object, Object, Object, Object, Object, Object, Object, Object, Object, Object, Object, Object, Object, Object, Object, Object, Object, Object, Object, Object, Object, Object, Object, Object, Object, Object, Object, Object, Object, Object, Object, Object, Object, Object, Object, Object, Object, Object, Object, Object, Object, Object, Object, Object, Object, Object, Object, Object, Object, Object, Object, Object, Object, Object, Object, Object, Object, Object, Object, Object, Object, Object, Object, Object, Object, Object, Object, Object, Object, Object, Object, Object, Object, Object, Object, Object, Object, Object, Object, Object, Object, Object, Object, Object, Object, Object, Object, Object] @ http://localhost:4200/chunk-72LYY77U.js:59
[     808ms] [LOG] %c [API SUCCESS]: GET NoLoading: notifications color: gray; font-style: italic; [Object, Object] @ http://localhost:4200/chunk-72LYY77U.js:59
[     808ms] [LOG] %c [API SUCCESS]: GET NoLoading: notifications/unread-count color: gray; font-style: italic; 2 @ http://localhost:4200/chunk-72LYY77U.js:59
[    1149ms] [LOG] %c [API SUCCESS]: GET LIST: menu-items/019c6bee-028a-70e4-98ea-557b645a3ae0 color: teal; font-style: italic; [Object, Object, Object, Object, Object, Object, Object, Object, Object, Object, Object, Object, Object, Object, Object, Object, Object, Object, Object, Object, Object, Object, Object, Object] @ http://localhost:4200/chunk-72LYY77U.js:59
[    1150ms] [LOG] %c [MenuTrace] fetchMenuItemsFromApi.success color: #9C27B0; font-style: italic; {at: 2026-09-14T00:19:39.142Z, customerId: 019c6bee-028a-70e4-98ea-557b645a3ae0, customerReady: true, applicationUserId: 63f5fe75-4fbb-4328-a2dd-b7224778752e, lastCustomerId: 019c6bee-028a-70e4-98ea-557b645a3ae0} @ http://localhost:4200/chunk-72LYY77U.js:59
[    1150ms] [LOG] %c [MenuTrace] triggerMenuLoad.response color: #9C27B0; font-style: italic; {at: 2026-09-14T00:19:39.143Z, customerId: 019c6bee-028a-70e4-98ea-557b645a3ae0, customerReady: true, applicationUserId: 63f5fe75-4fbb-4328-a2dd-b7224778752e, lastCustomerId: 019c6bee-028a-70e4-98ea-557b645a3ae0} @ http://localhost:4200/chunk-72LYY77U.js:59
[    1188ms] [INFO] [2026-09-14T00:19:39.180Z] Information: WebSocket connected to ws://localhost:7070/ws/notificationHub?id=b1m0141yHjlpLo0CIAiWOg&access_token=eyJhbGciOiJIUzI1NiIsInR5cCI6IkpXVCJ9.eyJzdWIiOiI2M2Y1ZmU3NS00ZmJiLTQzMjgtYTJkZC1iNzIyNDc3ODc1MmUiLCJqdGkiOiIwMWEwOWQ0OC1hMjg0LTc5Y2QtYmI3Zi0yM2NkMjQ3YjI2ODEiLCJpYXQiOjE3ODkzNDUxNzgsIm5hbWUiOiJBZG1pbmlzdHJhZG9yIExCRyIsImVtYWlsIjoiaW5mb0BsdXh1cnlidWlsZGluZy5jb20ubXgiLCJ1c2VybmFtZSI6ImFkbWluIiwiY3VzdG9tZXJJZCI6IjAxOWM2YmVlLTAyOGEtNzBlNC05OGVhLTU1N2I2NDVhM2FlMCIsImN1c3RvbWVyTmFtZSI6IkxVWFVSWSBCVUlMRElORyBHUk9VUCBTQSBERSBDViIsImZpcnN0TmFtZSI6IkFkbWluaXN0cmFkb3IiLCJsYXN0TmFtZSI6IkxCRyIsInBob25lIjoiKDU1KSAwMDAwLSAwMDAwIiwicGhvdG9QYXRoIjoiaHR0cDovL2xvY2FsaG9zdDo3MDcwL2FwaS9maWxlcy9kb3dubG9hZD9maWxlUGF0aD1wdWJsaWMlMmZBZG1pbmlzdHJhdGlvbiUyZmFjY291bnRzJTJmMDE5ZmE0NjUtMTkyMC03NzcyLWE5NDgtNzZhMDFlOGFiNzZjLnBuZyIsInBvc2l0aW9uIjoiRGVzY29ub2NpZG8iLCJodHRwOi8vc2NoZW1hcy5taWNyb3NvZnQuY29tL3dzLzIwMDgvMDYvaWRlbnRpdHkvY2xhaW1zL3JvbGUiOiJTdXBlclVzdWFyaW8iLCJyb2xlSWQiOiI2OTlkN2NjMS1kMTQzLTQ5ODUtYjU1YS1kMDMwODY0YzY5M2UiLCJleHAiOjE3ODkzNDg3NzgsImlzcyI6Imh0dHBzOi8vbG9jYWxob3N0OjcwNjkiLCJhdWQiOiJodHRwczovL2xvY2FsaG9zdDo0MjAwIn0.7677FBQ4cOpgjVeKfwYg1ThmYcC8g36uP8F4c5M4zDM. @ http://localhost:4200/@fs/D:/repos/luxuryapp-api/appsweb/angular/.angular/cache/22.1.8/luxury-app/vite/deps/@microsoft_signalr.js?v=7ad6e710:308
[    1188ms] [INFO] [2026-09-14T00:19:39.180Z] Information: Using HubProtocol 'json'. @ http://localhost:4200/@fs/D:/repos/luxuryapp-api/appsweb/angular/.angular/cache/22.1.8/luxury-app/vite/deps/@microsoft_signalr.js?v=7ad6e710:308
[    1192ms] [LOG] %cLINK [SignalR] Conexion iniciada con exito. color: green; font-style: italic; @ http://localhost:4200/chunk-72LYY77U.js:59
[    1192ms] [LOG] %cSTATE [SignalR] connectionId = 'gdJBhBAZnuge22sqqqNhMA' color: green; font-style: italic; @ http://localhost:4200/chunk-72LYY77U.js:59
[    1194ms] [LOG] %cUSER [SignalR] Evento ConnectedUser recibido: color: blue; font-style: italic; Bienvenido 63f5fe75-4fbb-4328-a2dd-b7224778752e @ http://localhost:4200/chunk-72LYY77U.js:59
[    1261ms] [LOG] %cpkg [OneSignal] Inicializado con App ID: color: teal; font-style: italic; 3d1f1ce3-638f-4a30-b093-ab617baf91a8 @ http://localhost:4200/chunk-72LYY77U.js:59
[    1262ms] [LOG] %cear [OneSignal] Listeners registrados. color: cyan; font-style: italic; @ http://localhost:4200/chunk-72LYY77U.js:59
[    1262ms] [LOG] %cuser [OneSignal] Usuario logueado con ExternalUserId: 63f5fe75-4fbb-4328-a2dd-b7224778752e color: darkslateblue; font-style: italic; @ http://localhost:4200/chunk-72LYY77U.js:59
[    1262ms] [LOG] %csub [OneSignal] Permiso: color: dodgerblue; font-style: italic; false | Suscrito: false @ http://localhost:4200/chunk-72LYY77U.js:59
[    1262ms] [LOG] %cwarn [OneSignal] Usuario no completamente suscrito. color: orange; font-style: italic; @ http://localhost:4200/chunk-72LYY77U.js:59
[  143529ms] [LOG] %c⚠️ [App] Usuario rechazó notificaciones color: orange;font-style: italic @ http://localhost:4200/chunk-72LYY77U.js:72
[  410172ms] [ERROR] [2026-09-14T00:26:28.165Z] Error: Connection disconnected with error 'Error: WebSocket closed with status code: 1006 (no reason given).'. @ http://localhost:4200/@vite/client:524
[  410173ms] [INFO] [2026-09-14T00:26:28.165Z] Information: Connection reconnecting because of error 'Error: WebSocket closed with status code: 1006 (no reason given).'. @ http://localhost:4200/@fs/D:/repos/luxuryapp-api/appsweb/angular/.angular/cache/22.1.8/luxury-app/vite/deps/@microsoft_signalr.js?v=7ad6e710:308
[  410173ms] [LOG] %cWAIT [SignalR] Reintentando... color: orange; font-style: italic; Error: WebSocket closed with status code: 1006 (no reason given).
    at WebSocketTransport._close (http://localhost:4200/@fs/D:/repos/luxuryapp-api/appsweb/angular/.angular/cache/22.1.8/luxury-app/vite/deps/@microsoft_signalr.js?v=7ad6e710:1839:133)
    at webSocket.onclose (http://localhost:4200/@fs/D:/repos/luxuryapp-api/appsweb/angular/.angular/cache/22.1.8/luxury-app/vite/deps/@microsoft_signalr.js?v=7ad6e710:1808:22) @ http://localhost:4200/chunk-72LYY77U.js:59
[  410173ms] [INFO] [2026-09-14T00:26:28.166Z] Information: Reconnect attempt number 1 will start in 2000 ms. @ http://localhost:4200/@fs/D:/repos/luxuryapp-api/appsweb/angular/.angular/cache/22.1.8/luxury-app/vite/deps/@microsoft_signalr.js?v=7ad6e710:308
[  410174ms] [ERROR] [2026-09-14T00:26:28.166Z] Error: Connection disconnected with error 'Error: WebSocket closed with status code: 1006 (no reason given).'. @ http://localhost:4200/@vite/client:524
[  410174ms] [INFO] [2026-09-14T00:26:28.166Z] Information: Connection reconnecting because of error 'Error: WebSocket closed with status code: 1006 (no reason given).'. @ http://localhost:4200/@fs/D:/repos/luxuryapp-api/appsweb/angular/.angular/cache/22.1.8/luxury-app/vite/deps/@microsoft_signalr.js?v=7ad6e710:308
[  410174ms] [LOG] %cWAIT [SignalR] Reintentando... color: orange; font-style: italic; Error: WebSocket closed with status code: 1006 (no reason given).
    at WebSocketTransport._close (http://localhost:4200/@fs/D:/repos/luxuryapp-api/appsweb/angular/.angular/cache/22.1.8/luxury-app/vite/deps/@microsoft_signalr.js?v=7ad6e710:1839:133)
    at webSocket.onclose (http://localhost:4200/@fs/D:/repos/luxuryapp-api/appsweb/angular/.angular/cache/22.1.8/luxury-app/vite/deps/@microsoft_signalr.js?v=7ad6e710:1808:22) @ http://localhost:4200/chunk-72LYY77U.js:59
[  410174ms] [INFO] [2026-09-14T00:26:28.166Z] Information: Reconnect attempt number 1 will start in 2000 ms. @ http://localhost:4200/@fs/D:/repos/luxuryapp-api/appsweb/angular/.angular/cache/22.1.8/luxury-app/vite/deps/@microsoft_signalr.js?v=7ad6e710:308
[  412490ms] [ERROR] Failed to load resource: net::ERR_CONNECTION_RESET @ http://localhost:7070/ws/notificationHub/negotiate?negotiateVersion=1:0
[  412490ms] [WARNING] [2026-09-14T00:26:30.483Z] Warning: Error from HTTP request. TypeError: Failed to fetch. @ http://localhost:4200/@vite/client:524
[  412490ms] [ERROR] [2026-09-14T00:26:30.483Z] Error: Failed to complete negotiation with the server: TypeError: Failed to fetch @ http://localhost:4200/@vite/client:524
[  412491ms] [ERROR] [2026-09-14T00:26:30.483Z] Error: Failed to start the connection: Error: Failed to complete negotiation with the server: TypeError: Failed to fetch @ http://localhost:4200/@vite/client:524
[  412491ms] [INFO] [2026-09-14T00:26:30.483Z] Information: Reconnect attempt failed because of error 'Error: Failed to complete negotiation with the server: TypeError: Failed to fetch'. @ http://localhost:4200/@fs/D:/repos/luxuryapp-api/appsweb/angular/.angular/cache/22.1.8/luxury-app/vite/deps/@microsoft_signalr.js?v=7ad6e710:308
[  412491ms] [INFO] [2026-09-14T00:26:30.483Z] Information: Reconnect attempt number 2 will start in 5000 ms. @ http://localhost:4200/@fs/D:/repos/luxuryapp-api/appsweb/angular/.angular/cache/22.1.8/luxury-app/vite/deps/@microsoft_signalr.js?v=7ad6e710:308
[  412491ms] [ERROR] Failed to load resource: net::ERR_CONNECTION_RESET @ http://localhost:7070/ws/notificationHub/negotiate?negotiateVersion=1:0
[  412491ms] [WARNING] [2026-09-14T00:26:30.484Z] Warning: Error from HTTP request. TypeError: Failed to fetch. @ http://localhost:4200/@vite/client:524
[  412491ms] [ERROR] [2026-09-14T00:26:30.484Z] Error: Failed to complete negotiation with the server: TypeError: Failed to fetch @ http://localhost:4200/@vite/client:524
[  412491ms] [ERROR] [2026-09-14T00:26:30.484Z] Error: Failed to start the connection: Error: Failed to complete negotiation with the server: TypeError: Failed to fetch @ http://localhost:4200/@vite/client:524
[  412491ms] [INFO] [2026-09-14T00:26:30.484Z] Information: Reconnect attempt failed because of error 'Error: Failed to complete negotiation with the server: TypeError: Failed to fetch'. @ http://localhost:4200/@fs/D:/repos/luxuryapp-api/appsweb/angular/.angular/cache/22.1.8/luxury-app/vite/deps/@microsoft_signalr.js?v=7ad6e710:308
[  412491ms] [INFO] [2026-09-14T00:26:30.484Z] Information: Reconnect attempt number 2 will start in 5000 ms. @ http://localhost:4200/@fs/D:/repos/luxuryapp-api/appsweb/angular/.angular/cache/22.1.8/luxury-app/vite/deps/@microsoft_signalr.js?v=7ad6e710:308
[  417819ms] [ERROR] Failed to load resource: net::ERR_CONNECTION_RESET @ http://localhost:7070/ws/notificationHub/negotiate?negotiateVersion=1:0
[  417819ms] [WARNING] [2026-09-14T00:26:35.811Z] Warning: Error from HTTP request. TypeError: Failed to fetch. @ http://localhost:4200/@vite/client:524
[  417819ms] [ERROR] [2026-09-14T00:26:35.812Z] Error: Failed to complete negotiation with the server: TypeError: Failed to fetch @ http://localhost:4200/@vite/client:524
[  417820ms] [ERROR] [2026-09-14T00:26:35.812Z] Error: Failed to start the connection: Error: Failed to complete negotiation with the server: TypeError: Failed to fetch @ http://localhost:4200/@vite/client:524
[  417820ms] [INFO] [2026-09-14T00:26:35.812Z] Information: Reconnect attempt failed because of error 'Error: Failed to complete negotiation with the server: TypeError: Failed to fetch'. @ http://localhost:4200/@fs/D:/repos/luxuryapp-api/appsweb/angular/.angular/cache/22.1.8/luxury-app/vite/deps/@microsoft_signalr.js?v=7ad6e710:308
[  417820ms] [INFO] [2026-09-14T00:26:35.813Z] Information: Reconnect attempt number 3 will start in 10000 ms. @ http://localhost:4200/@fs/D:/repos/luxuryapp-api/appsweb/angular/.angular/cache/22.1.8/luxury-app/vite/deps/@microsoft_signalr.js?v=7ad6e710:308
[  417821ms] [ERROR] Failed to load resource: net::ERR_CONNECTION_RESET @ http://localhost:7070/ws/notificationHub/negotiate?negotiateVersion=1:0
[  417821ms] [WARNING] [2026-09-14T00:26:35.813Z] Warning: Error from HTTP request. TypeError: Failed to fetch. @ http://localhost:4200/@vite/client:524
[  417821ms] [ERROR] [2026-09-14T00:26:35.813Z] Error: Failed to complete negotiation with the server: TypeError: Failed to fetch @ http://localhost:4200/@vite/client:524
[  417821ms] [ERROR] [2026-09-14T00:26:35.814Z] Error: Failed to start the connection: Error: Failed to complete negotiation with the server: TypeError: Failed to fetch @ http://localhost:4200/@vite/client:524
[  417822ms] [INFO] [2026-09-14T00:26:35.814Z] Information: Reconnect attempt failed because of error 'Error: Failed to complete negotiation with the server: TypeError: Failed to fetch'. @ http://localhost:4200/@fs/D:/repos/luxuryapp-api/appsweb/angular/.angular/cache/22.1.8/luxury-app/vite/deps/@microsoft_signalr.js?v=7ad6e710:308
[  417822ms] [INFO] [2026-09-14T00:26:35.814Z] Information: Reconnect attempt number 3 will start in 10000 ms. @ http://localhost:4200/@fs/D:/repos/luxuryapp-api/appsweb/angular/.angular/cache/22.1.8/luxury-app/vite/deps/@microsoft_signalr.js?v=7ad6e710:308
[  428135ms] [ERROR] Failed to load resource: net::ERR_CONNECTION_RESET @ http://localhost:7070/ws/notificationHub/negotiate?negotiateVersion=1:0
[  428135ms] [WARNING] [2026-09-14T00:26:46.128Z] Warning: Error from HTTP request. TypeError: Failed to fetch. @ http://localhost:4200/@vite/client:524
[  428136ms] [ERROR] [2026-09-14T00:26:46.128Z] Error: Failed to complete negotiation with the server: TypeError: Failed to fetch @ http://localhost:4200/@vite/client:524
[  428136ms] [ERROR] [2026-09-14T00:26:46.128Z] Error: Failed to start the connection: Error: Failed to complete negotiation with the server: TypeError: Failed to fetch @ http://localhost:4200/@vite/client:524
[  428136ms] [INFO] [2026-09-14T00:26:46.128Z] Information: Reconnect attempt failed because of error 'Error: Failed to complete negotiation with the server: TypeError: Failed to fetch'. @ http://localhost:4200/@fs/D:/repos/luxuryapp-api/appsweb/angular/.angular/cache/22.1.8/luxury-app/vite/deps/@microsoft_signalr.js?v=7ad6e710:308
[  428136ms] [INFO] [2026-09-14T00:26:46.128Z] Information: Reconnect attempt number 4 will start in 20000 ms. @ http://localhost:4200/@fs/D:/repos/luxuryapp-api/appsweb/angular/.angular/cache/22.1.8/luxury-app/vite/deps/@microsoft_signalr.js?v=7ad6e710:308
[  428136ms] [ERROR] Failed to load resource: net::ERR_CONNECTION_RESET @ http://localhost:7070/ws/notificationHub/negotiate?negotiateVersion=1:0
[  428136ms] [WARNING] [2026-09-14T00:26:46.129Z] Warning: Error from HTTP request. TypeError: Failed to fetch. @ http://localhost:4200/@vite/client:524
[  428136ms] [ERROR] [2026-09-14T00:26:46.129Z] Error: Failed to complete negotiation with the server: TypeError: Failed to fetch @ http://localhost:4200/@vite/client:524
[  428137ms] [ERROR] [2026-09-14T00:26:46.129Z] Error: Failed to start the connection: Error: Failed to complete negotiation with the server: TypeError: Failed to fetch @ http://localhost:4200/@vite/client:524
[  428137ms] [INFO] [2026-09-14T00:26:46.129Z] Information: Reconnect attempt failed because of error 'Error: Failed to complete negotiation with the server: TypeError: Failed to fetch'. @ http://localhost:4200/@fs/D:/repos/luxuryapp-api/appsweb/angular/.angular/cache/22.1.8/luxury-app/vite/deps/@microsoft_signalr.js?v=7ad6e710:308
[  428137ms] [INFO] [2026-09-14T00:26:46.130Z] Information: Reconnect attempt number 4 will start in 20000 ms. @ http://localhost:4200/@fs/D:/repos/luxuryapp-api/appsweb/angular/.angular/cache/22.1.8/luxury-app/vite/deps/@microsoft_signalr.js?v=7ad6e710:308
[  448461ms] [ERROR] Failed to load resource: net::ERR_CONNECTION_RESET @ http://localhost:7070/ws/notificationHub/negotiate?negotiateVersion=1:0
[  448461ms] [WARNING] [2026-09-14T00:27:06.454Z] Warning: Error from HTTP request. TypeError: Failed to fetch. @ http://localhost:4200/@vite/client:524
[  448462ms] [ERROR] [2026-09-14T00:27:06.454Z] Error: Failed to complete negotiation with the server: TypeError: Failed to fetch @ http://localhost:4200/@vite/client:524
[  448462ms] [ERROR] [2026-09-14T00:27:06.455Z] Error: Failed to start the connection: Error: Failed to complete negotiation with the server: TypeError: Failed to fetch @ http://localhost:4200/@vite/client:524
[  448462ms] [INFO] [2026-09-14T00:27:06.455Z] Information: Reconnect attempt failed because of error 'Error: Failed to complete negotiation with the server: TypeError: Failed to fetch'. @ http://localhost:4200/@fs/D:/repos/luxuryapp-api/appsweb/angular/.angular/cache/22.1.8/luxury-app/vite/deps/@microsoft_signalr.js?v=7ad6e710:308
[  448462ms] [INFO] [2026-09-14T00:27:06.455Z] Information: Reconnect retries have been exhausted after 38290 ms and 4 failed attempts. Connection disconnecting. @ http://localhost:4200/@fs/D:/repos/luxuryapp-api/appsweb/angular/.angular/cache/22.1.8/luxury-app/vite/deps/@microsoft_signalr.js?v=7ad6e710:308
[  448463ms] [LOG] %cLINK [SignalR] Conexion cerrada: color: red; font-style: italic; undefined @ http://localhost:4200/chunk-72LYY77U.js:59
[  448464ms] [ERROR] Failed to load resource: net::ERR_CONNECTION_RESET @ http://localhost:7070/ws/notificationHub/negotiate?negotiateVersion=1:0
[  448464ms] [WARNING] [2026-09-14T00:27:06.456Z] Warning: Error from HTTP request. TypeError: Failed to fetch. @ http://localhost:4200/@vite/client:524
[  448464ms] [ERROR] [2026-09-14T00:27:06.457Z] Error: Failed to complete negotiation with the server: TypeError: Failed to fetch @ http://localhost:4200/@vite/client:524
[  448465ms] [ERROR] [2026-09-14T00:27:06.457Z] Error: Failed to start the connection: Error: Failed to complete negotiation with the server: TypeError: Failed to fetch @ http://localhost:4200/@vite/client:524
[  448466ms] [INFO] [2026-09-14T00:27:06.458Z] Information: Reconnect attempt failed because of error 'Error: Failed to complete negotiation with the server: TypeError: Failed to fetch'. @ http://localhost:4200/@fs/D:/repos/luxuryapp-api/appsweb/angular/.angular/cache/22.1.8/luxury-app/vite/deps/@microsoft_signalr.js?v=7ad6e710:308
[  448466ms] [INFO] [2026-09-14T00:27:06.459Z] Information: Reconnect retries have been exhausted after 38293 ms and 4 failed attempts. Connection disconnecting. @ http://localhost:4200/@fs/D:/repos/luxuryapp-api/appsweb/angular/.angular/cache/22.1.8/luxury-app/vite/deps/@microsoft_signalr.js?v=7ad6e710:308
[  448467ms] [LOG] %cLINK [SignalR] Conexion cerrada: color: red; font-style: italic; undefined @ http://localhost:4200/chunk-72LYY77U.js:59
[  730151ms] [ERROR] Failed to load resource: net::ERR_CONNECTION_RESET @ http://localhost:7070/api/files/download?filePath=public%2fadministration%2fcustomer%2f14574da5-a3a4-416f-9e66-2a57bba8bfa4.png:0
[  730154ms] [ERROR] Failed to load resource: net::ERR_CONNECTION_RESET @ http://localhost:7070/api/files/download?filePath=public%2fadministration%2fcustomer%2f69eae3d3-3f8d-4da9-969e-8275c64a141f.jpeg:0
[  730155ms] [ERROR] Failed to load resource: net::ERR_CONNECTION_RESET @ http://localhost:7070/api/files/download?filePath=public%2fadministration%2fcustomer%2f019e04ce-9233-7e4f-abb1-ecbab6c9f891.jpg:0
[  730464ms] [ERROR] Failed to load resource: net::ERR_CONNECTION_RESET @ http://localhost:7070/api/files/download?filePath=public%2fadministration%2fcustomer%2f019e6204-854e-7bf7-a823-575bf7da5ce5.jpeg:0
[  730667ms] [ERROR] Failed to load resource: net::ERR_CONNECTION_RESET @ http://localhost:7070/api/files/download?filePath=public%2fadministration%2fcustomer%2favivia.jpg:0
[  730672ms] [ERROR] Failed to load resource: net::ERR_CONNECTION_RESET @ http://localhost:7070/api/files/download?filePath=public%2fadministration%2fcustomer%2fa0e79b3c-bba0-4174-891b-751c7fc33545.jpeg:0
[  730918ms] [ERROR] Failed to load resource: net::ERR_CONNECTION_RESET @ http://localhost:7070/api/files/download?filePath=public%2fadministration%2fcustomer%2fa09e4209-c9c8-467c-83ac-da04f282a439.jpg:0
[  730979ms] [ERROR] Failed to load resource: net::ERR_CONNECTION_RESET @ http://localhost:7070/api/files/download?filePath=public%2fadministration%2fcustomer%2f019e622c-75c9-7396-b9e6-ae9152d73ebe.jpeg:0
[  731181ms] [ERROR] Failed to load resource: net::ERR_CONNECTION_RESET @ http://localhost:7070/api/files/download?filePath=public%2fadministration%2fcustomer%2f2af03a0d-28fa-4468-8f21-e2d472508e9a.png:0
[ 1432947ms] [LOG] %c📦 [StorageService] Inicializando servicio de almacenamiento local... color: #3F51B5; font-style: italic; @ http://localhost:4200/chunk-72LYY77U.js:59
[ 1432948ms] [LOG] %c [AuthService] Verificando ruta inicial: /admin/work-position-schedules | Es publica: false color: #9C27B0; font-style: italic; @ http://localhost:4200/chunk-72LYY77U.js:59
[ 1432949ms] [LOG] %c [AuthService] Ruta no publica. Intentando login silencioso... color: #009688; font-style: italic; @ http://localhost:4200/chunk-72LYY77U.js:59
[ 1432954ms] [LOG] %c🚀 [Initializer] Starting application state initialization... color: purple; font-style: italic; @ http://localhost:4200/chunk-72LYY77U.js:59
[ 1436458ms] [LOG] %c [AuthService] Token renovado. Actualizando sesion en memoria. color: color: #4CAF50; font-style: italic;; font-style: italic; @ http://localhost:4200/chunk-72LYY77U.js:59
[ 1436459ms] [LOG] %c [AuthTrace] refresh.success.before-set color: #03A9F4; font-style: italic; {at: 2026-09-14T00:43:34.451Z, applicationUserId: 63f5fe75-4fbb-4328-a2dd-b7224778752e, tokenCustomerId: 019c6bee-028a-70e4-98ea-557b645a3ae0, roles: Array(1), customerAccessCount: 10} @ http://localhost:4200/chunk-72LYY77U.js:59
[ 1436459ms] [LOG] %c [AuthTrace] refresh.success.after-set color: #03A9F4; font-style: italic; {at: 2026-09-14T00:43:34.452Z, applicationUserId: 63f5fe75-4fbb-4328-a2dd-b7224778752e, tokenCustomerId: 019c6bee-028a-70e4-98ea-557b645a3ae0, roles: Array(1), customerAccessCount: 10} @ http://localhost:4200/chunk-72LYY77U.js:59
[ 1436460ms] [LOG] %cLINK [SignalR] Construyendo conexion... color: blue; font-style: italic; @ http://localhost:4200/chunk-72LYY77U.js:59
[ 1436462ms] [LOG] %cHEADSET [SignalR] Registrando listeners... color: cyan; font-style: italic; @ http://localhost:4200/chunk-72LYY77U.js:59
[ 1436463ms] [LOG] %cLINK [SignalR] Iniciando conexion... color: blue; font-style: italic; @ http://localhost:4200/chunk-72LYY77U.js:59
[ 1436465ms] [LOG] %c [AuthTrace] trySilentLogin.finalize color: #8BC34A; font-style: italic; {at: 2026-09-14T00:43:34.458Z, isAuthenticated: true} @ http://localhost:4200/chunk-72LYY77U.js:59
[ 1436466ms] [LOG] %c🏢 [Initializer] User session found. Initializing customer state... color: #3F51B5; font-style: italic; @ http://localhost:4200/chunk-72LYY77U.js:59
[ 1436467ms] [LOG] %c🔍 [StorageService] Recuperando valor para clave: 'customerId' color: #2196F3; font-style: italic; @ http://localhost:4200/chunk-72LYY77U.js:59
[ 1436467ms] [LOG] %c [CustomerTrace] initialize.start color: #FF9800; font-style: italic; {at: 2026-09-14T00:43:34.459Z, state: Object, storedCustomerId: 019c6bee-028a-70e4-98ea-557b645a3ae0, tokenCustomerId: 019c6bee-028a-70e4-98ea-557b645a3ae0, customerAccess: Array(10)} @ http://localhost:4200/chunk-72LYY77U.js:59
[ 1436468ms] [LOG] %c🔍 [StorageService] Recuperando valor para clave: 'customerId' color: #2196F3; font-style: italic; @ http://localhost:4200/chunk-72LYY77U.js:59
[ 1436468ms] [LOG] %c🔍 [StorageService] Recuperando valor para clave: 'customerId' color: #2196F3; font-style: italic; @ http://localhost:4200/chunk-72LYY77U.js:59
[ 1436468ms] [LOG] %c [CustomerTrace] initialize.selected-customer color: #FF9800; font-style: italic; {at: 2026-09-14T00:43:34.460Z, state: Object, storedCustomerId: 019c6bee-028a-70e4-98ea-557b645a3ae0, selectedCustomerId: 019c6bee-028a-70e4-98ea-557b645a3ae0} @ http://localhost:4200/chunk-72LYY77U.js:59
[ 1436469ms] [LOG] %c💾 [StorageService] Guardando clave: 'customerId' color: #FF9800; font-style: italic; {value: 019c6bee-028a-70e4-98ea-557b645a3ae0} @ http://localhost:4200/chunk-72LYY77U.js:59
[ 1436470ms] [LOG] %c✅ [StorageService] Clave 'customerId' guardada exitosamente. color: #4CAF50; font-style: italic; @ http://localhost:4200/chunk-72LYY77U.js:59
[ 1436471ms] [LOG] %c🔍 [StorageService] Recuperando valor para clave: 'customerId' color: #2196F3; font-style: italic; @ http://localhost:4200/chunk-72LYY77U.js:59
[ 1436472ms] [LOG] %c [CustomerTrace] loadDataForCustomer.start color: #FF9800; font-style: italic; {at: 2026-09-14T00:43:34.463Z, state: Object, storedCustomerId: 019c6bee-028a-70e4-98ea-557b645a3ae0, customerId: 019c6bee-028a-70e4-98ea-557b645a3ae0} @ http://localhost:4200/chunk-72LYY77U.js:59
[ 1436476ms] [LOG] %c🛡️ [JwtInterceptorFn] Auth check completado. Interceptando ruta: color: #FF0000; font-style: italic; http://localhost:7070/api/customers/019c6bee-028a-70e4-98ea-557b645a3ae0 @ http://localhost:4200/chunk-72LYY77U.js:59
[ 1436477ms] [LOG] %c🔍 [StorageService] Recuperando valor para clave: 'customerId' color: #2196F3; font-style: italic; @ http://localhost:4200/chunk-72LYY77U.js:59
[ 1436478ms] [LOG] %c🔍 [StorageService] Recuperando valor para clave: 'customerId' color: #2196F3; font-style: italic; @ http://localhost:4200/chunk-72LYY77U.js:59
[ 1436480ms] [LOG] %c [JwtTrace] request color: #F44336; font-style: italic; {at: 2026-09-14T00:43:34.471Z, url: http://localhost:7070/api/customers/019c6bee-028a-70e4-98ea-557b645a3ae0, method: GET, appUserId: 63f5fe75-4fbb-4328-a2dd-b7224778752e, storageCustomerId: 019c6bee-028a-70e4-98ea-557b645a3ae0} @ http://localhost:4200/chunk-72LYY77U.js:59
[ 1436595ms] [INFO] [2026-09-14T00:43:34.587Z] Information: WebSocket connected to ws://localhost:7070/ws/notificationHub?id=MkNhp4laweb1s8K1czgAPg&access_token=eyJhbGciOiJIUzI1NiIsInR5cCI6IkpXVCJ9.eyJzdWIiOiI2M2Y1ZmU3NS00ZmJiLTQzMjgtYTJkZC1iNzIyNDc3ODc1MmUiLCJqdGkiOiIwMWEwOWQ1ZS04YjI5LTc4NjYtOGEzOC0zZGY3OTAxYTMwYTgiLCJpYXQiOjE3ODkzNDY2MTQsIm5hbWUiOiJBZG1pbmlzdHJhZG9yIExCRyIsImVtYWlsIjoiaW5mb0BsdXh1cnlidWlsZGluZy5jb20ubXgiLCJ1c2VybmFtZSI6ImFkbWluIiwiY3VzdG9tZXJJZCI6IjAxOWM2YmVlLTAyOGEtNzBlNC05OGVhLTU1N2I2NDVhM2FlMCIsImN1c3RvbWVyTmFtZSI6IkxVWFVSWSBCVUlMRElORyBHUk9VUCBTQSBERSBDViIsImZpcnN0TmFtZSI6IkFkbWluaXN0cmFkb3IiLCJsYXN0TmFtZSI6IkxCRyIsInBob25lIjoiKDU1KSAwMDAwLSAwMDAwIiwicGhvdG9QYXRoIjoiaHR0cDovL2xvY2FsaG9zdDo3MDcwL2FwaS9maWxlcy9kb3dubG9hZD9maWxlUGF0aD1wdWJsaWMlMmZBZG1pbmlzdHJhdGlvbiUyZmFjY291bnRzJTJmMDE5ZmE0NjUtMTkyMC03NzcyLWE5NDgtNzZhMDFlOGFiNzZjLnBuZyIsInBvc2l0aW9uIjoiRGVzY29ub2NpZG8iLCJodHRwOi8vc2NoZW1hcy5taWNyb3NvZnQuY29tL3dzLzIwMDgvMDYvaWRlbnRpdHkvY2xhaW1zL3JvbGUiOiJTdXBlclVzdWFyaW8iLCJyb2xlSWQiOiI2OTlkN2NjMS1kMTQzLTQ5ODUtYjU1YS1kMDMwODY0YzY5M2UiLCJleHAiOjE3ODkzNTAyMTMsImlzcyI6Imh0dHBzOi8vbG9jYWxob3N0OjcwNjkiLCJhdWQiOiJodHRwczovL2xvY2FsaG9zdDo0MjAwIn0.ejAl7S8Nx6M6vtmJne-bCnqBVc_spaWWUYGfxfr12K8. @ http://localhost:4200/@fs/D:/repos/luxuryapp-api/appsweb/angular/.angular/cache/22.1.8/luxury-app/vite/deps/@microsoft_signalr.js?v=7ad6e710:308
[ 1436596ms] [INFO] [2026-09-14T00:43:34.588Z] Information: Using HubProtocol 'json'. @ http://localhost:4200/@fs/D:/repos/luxuryapp-api/appsweb/angular/.angular/cache/22.1.8/luxury-app/vite/deps/@microsoft_signalr.js?v=7ad6e710:308
[ 1436635ms] [LOG] %c🔍 [StorageService] Recuperando valor para clave: 'customerId' color: #2196F3; font-style: italic; @ http://localhost:4200/chunk-72LYY77U.js:59
[ 1436635ms] [LOG] %c [CustomerTrace] loadDataForCustomer.response color: #FF9800; font-style: italic; {at: 2026-09-14T00:43:34.627Z, state: Object, storedCustomerId: 019c6bee-028a-70e4-98ea-557b645a3ae0, customerId: 019c6bee-028a-70e4-98ea-557b645a3ae0, success: true} @ http://localhost:4200/chunk-72LYY77U.js:59
[ 1436636ms] [LOG] %c🔍 [StorageService] Recuperando valor para clave: 'customerId' color: #2196F3; font-style: italic; @ http://localhost:4200/chunk-72LYY77U.js:59
[ 1436636ms] [LOG] %c [CustomerTrace] loadDataForCustomer.ready color: #FF9800; font-style: italic; {at: 2026-09-14T00:43:34.628Z, state: Object, storedCustomerId: 019c6bee-028a-70e4-98ea-557b645a3ae0, customerId: 019c6bee-028a-70e4-98ea-557b645a3ae0} @ http://localhost:4200/chunk-72LYY77U.js:59
[ 1436637ms] [LOG] %c✅ [Initializer] State initialization complete. color: green; font-style: italic; @ http://localhost:4200/chunk-72LYY77U.js:59
[ 1436645ms] [LOG] %c🔄 UpdateService: Inicializando servicio de actualizaciones color: blue; font-weight: bold; @ http://localhost:4200/chunk-WEIOKMZ7.js:10
[ 1436645ms] [LOG] %c🔄 UpdateService: ❌ Service Worker NO habilitado color: red; font-weight: bold; @ http://localhost:4200/chunk-WEIOKMZ7.js:22
[ 1436666ms] [LOG] %c🚀 [App] ¡Aplicación iniciada! Soy más ligero y rápido que nunca. color: #673AB7; font-style: italic; @ http://localhost:4200/chunk-72LYY77U.js:59
[ 1436695ms] [LOG] Angular is running in development mode. @ http://localhost:4200/@fs/D:/repos/luxuryapp-api/appsweb/angular/.angular/cache/22.1.8/luxury-app/vite/deps/core-gRj2gSiC.js?v=7d4b588b:9175
[ 1436707ms] [LOG] %cLINK [SignalR] Conexion iniciada con exito. color: green; font-style: italic; @ http://localhost:4200/chunk-72LYY77U.js:59
[ 1436707ms] [LOG] %cSTATE [SignalR] connectionId = 'UY7RJKQmA2T5Rqx4X18VUw' color: green; font-style: italic; @ http://localhost:4200/chunk-72LYY77U.js:59
[ 1436729ms] [LOG] %cUSER [SignalR] Evento ConnectedUser recibido: color: blue; font-style: italic; Bienvenido 63f5fe75-4fbb-4328-a2dd-b7224778752e @ http://localhost:4200/chunk-72LYY77U.js:59
[ 1437455ms] [LOG] %c🎉 [LayoutEmployee] ¡Layout de empleado cargado! Despertando a los gigantes (SignalR, OneSignal...) color: #2196F3; font-style: italic; @ http://localhost:4200/chunk-72LYY77U.js:59
[ 1437455ms] [LOG] %cLINK [SignalR] Construyendo conexion... color: blue; font-style: italic; @ http://localhost:4200/chunk-72LYY77U.js:59
[ 1437456ms] [LOG] %cHEADSET [SignalR] Registrando listeners... color: cyan; font-style: italic; @ http://localhost:4200/chunk-72LYY77U.js:59
[ 1437456ms] [LOG] %cLINK [SignalR] Iniciando conexion... color: blue; font-style: italic; @ http://localhost:4200/chunk-72LYY77U.js:59
[ 1437457ms] [LOG] %cℹ️ [LayoutEmployee] Usuario 63f5fe75-4fbb-4328-a2dd-b7224778752e autenticado. Iniciando OneSignal... color: dodgerblue;font-style: italic @ http://localhost:4200/chunk-72LYY77U.js:72
[ 1437457ms] [LOG] %c... [OneSignal] Esperando que el SDK este listo... color: orange; font-style: italic; @ http://localhost:4200/chunk-72LYY77U.js:59
[ 1437501ms] [LOG] %c🛡️ [JwtInterceptorFn] Auth check completado. Interceptando ruta: color: #FF0000; font-style: italic; http://localhost:7070/api/admin/general-catalogs/work-position-schedule @ http://localhost:4200/chunk-72LYY77U.js:59
[ 1437503ms] [LOG] %c🔍 [StorageService] Recuperando valor para clave: 'customerId' color: #2196F3; font-style: italic; @ http://localhost:4200/chunk-72LYY77U.js:59
[ 1437504ms] [LOG] %c🔍 [StorageService] Recuperando valor para clave: 'customerId' color: #2196F3; font-style: italic; @ http://localhost:4200/chunk-72LYY77U.js:59
[ 1437505ms] [LOG] %c [JwtTrace] request color: #F44336; font-style: italic; {at: 2026-09-14T00:43:35.496Z, url: http://localhost:7070/api/admin/general-catalogs/work-position-schedule, method: GET, appUserId: 63f5fe75-4fbb-4328-a2dd-b7224778752e, storageCustomerId: 019c6bee-028a-70e4-98ea-557b645a3ae0} @ http://localhost:4200/chunk-72LYY77U.js:59
[ 1437736ms] [LOG] %c🛡️ [JwtInterceptorFn] Auth check completado. Interceptando ruta: color: #FF0000; font-style: italic; http://localhost:7070/api/notifications @ http://localhost:4200/chunk-72LYY77U.js:59
[ 1437739ms] [LOG] %c🔍 [StorageService] Recuperando valor para clave: 'customerId' color: #2196F3; font-style: italic; @ http://localhost:4200/chunk-72LYY77U.js:59
[ 1437741ms] [LOG] %c🔍 [StorageService] Recuperando valor para clave: 'customerId' color: #2196F3; font-style: italic; @ http://localhost:4200/chunk-72LYY77U.js:59
[ 1437742ms] [LOG] %c [JwtTrace] request color: #F44336; font-style: italic; {at: 2026-09-14T00:43:35.733Z, url: http://localhost:7070/api/notifications, method: GET, appUserId: 63f5fe75-4fbb-4328-a2dd-b7224778752e, storageCustomerId: 019c6bee-028a-70e4-98ea-557b645a3ae0} @ http://localhost:4200/chunk-72LYY77U.js:59
[ 1437746ms] [LOG] %c🛡️ [JwtInterceptorFn] Auth check completado. Interceptando ruta: color: #FF0000; font-style: italic; http://localhost:7070/api/notifications/unread-count @ http://localhost:4200/chunk-72LYY77U.js:59
[ 1437748ms] [LOG] %c🔍 [StorageService] Recuperando valor para clave: 'customerId' color: #2196F3; font-style: italic; @ http://localhost:4200/chunk-72LYY77U.js:59
[ 1437749ms] [LOG] %c🔍 [StorageService] Recuperando valor para clave: 'customerId' color: #2196F3; font-style: italic; @ http://localhost:4200/chunk-72LYY77U.js:59
[ 1437750ms] [LOG] %c [JwtTrace] request color: #F44336; font-style: italic; {at: 2026-09-14T00:43:35.741Z, url: http://localhost:7070/api/notifications/unread-count, method: GET, appUserId: 63f5fe75-4fbb-4328-a2dd-b7224778752e, storageCustomerId: 019c6bee-028a-70e4-98ea-557b645a3ae0} @ http://localhost:4200/chunk-72LYY77U.js:59
[ 1437791ms] [LOG] %c [MenuTrace] effect.tick color: #9C27B0; font-style: italic; {at: 2026-09-14T00:43:35.783Z, customerId: 019c6bee-028a-70e4-98ea-557b645a3ae0, customerReady: true, applicationUserId: 63f5fe75-4fbb-4328-a2dd-b7224778752e, lastCustomerId: null} @ http://localhost:4200/chunk-72LYY77U.js:59
[ 1437791ms] [LOG] %c [MenuService] Customer data and session are ready. Loading menu... color: green; font-style: italic; @ http://localhost:4200/chunk-72LYY77U.js:59
[ 1437792ms] [LOG] %c [MenuTrace] triggerMenuLoad.start color: #9C27B0; font-style: italic; {at: 2026-09-14T00:43:35.784Z, customerId: 019c6bee-028a-70e4-98ea-557b645a3ae0, customerReady: true, applicationUserId: 63f5fe75-4fbb-4328-a2dd-b7224778752e, lastCustomerId: null} @ http://localhost:4200/chunk-72LYY77U.js:59
[ 1437793ms] [LOG] %c🛡️ [JwtInterceptorFn] Auth check completado. Interceptando ruta: color: #FF0000; font-style: italic; http://localhost:7070/api/menu-items/019c6bee-028a-70e4-98ea-557b645a3ae0 @ http://localhost:4200/chunk-72LYY77U.js:59
[ 1437794ms] [LOG] %c🔍 [StorageService] Recuperando valor para clave: 'customerId' color: #2196F3; font-style: italic; @ http://localhost:4200/chunk-72LYY77U.js:59
[ 1437794ms] [LOG] %c🔍 [StorageService] Recuperando valor para clave: 'customerId' color: #2196F3; font-style: italic; @ http://localhost:4200/chunk-72LYY77U.js:59
[ 1437795ms] [LOG] %c [JwtTrace] request color: #F44336; font-style: italic; {at: 2026-09-14T00:43:35.787Z, url: http://localhost:7070/api/menu-items/019c6bee-028a-70e4-98ea-557b645a3ae0, method: GET, appUserId: 63f5fe75-4fbb-4328-a2dd-b7224778752e, storageCustomerId: 019c6bee-028a-70e4-98ea-557b645a3ae0} @ http://localhost:4200/chunk-72LYY77U.js:59
[ 1437801ms] [LOG] %cok [OneSignal] SDK listo color: green; font-style: italic; @ http://localhost:4200/chunk-72LYY77U.js:59
[ 1437874ms] [LOG] %c [API SUCCESS]: GET LIST: admin/general-catalogs/work-position-schedule color: teal; font-style: italic; [Object, Object, Object, Object, Object, Object, Object, Object, Object, Object, Object, Object, Object, Object, Object, Object, Object, Object, Object, Object, Object, Object, Object, Object, Object, Object, Object, Object, Object, Object, Object, Object, Object, Object, Object, Object, Object, Object, Object, Object, Object, Object, Object, Object, Object, Object, Object, Object, Object, Object, Object, Object, Object, Object, Object, Object, Object, Object, Object, Object, Object, Object, Object, Object, Object, Object, Object, Object, Object, Object, Object, Object, Object, Object, Object, Object, Object, Object, Object, Object, Object, Object, Object, Object, Object, Object, Object, Object, Object, Object, Object, Object, Object, Object, Object, Object, Object, Object, Object, Object] @ http://localhost:4200/chunk-72LYY77U.js:59
[ 1438627ms] [ERROR] Failed to load resource: the server responded with a status of 404 (Not Found) @ http://localhost:7070/api/files/download?filePath=public%2fAdministration%2faccounts%2f019fa465-1920-7772-a948-76a01e8ab76c.png:0
[ 1438739ms] [LOG] %c [API SUCCESS]: GET NoLoading: notifications/unread-count color: gray; font-style: italic; 2 @ http://localhost:4200/chunk-72LYY77U.js:59
[ 1438740ms] [LOG] %c [API SUCCESS]: GET NoLoading: notifications color: gray; font-style: italic; [Object, Object] @ http://localhost:4200/chunk-72LYY77U.js:59
[ 1438746ms] [LOG] %c [API SUCCESS]: GET LIST: menu-items/019c6bee-028a-70e4-98ea-557b645a3ae0 color: teal; font-style: italic; [Object, Object, Object, Object, Object, Object, Object, Object, Object, Object, Object, Object, Object, Object, Object, Object, Object, Object, Object, Object, Object, Object, Object, Object] @ http://localhost:4200/chunk-72LYY77U.js:59
[ 1438747ms] [LOG] %c [MenuTrace] fetchMenuItemsFromApi.success color: #9C27B0; font-style: italic; {at: 2026-09-14T00:43:36.739Z, customerId: 019c6bee-028a-70e4-98ea-557b645a3ae0, customerReady: true, applicationUserId: 63f5fe75-4fbb-4328-a2dd-b7224778752e, lastCustomerId: 019c6bee-028a-70e4-98ea-557b645a3ae0} @ http://localhost:4200/chunk-72LYY77U.js:59
[ 1438748ms] [LOG] %c [MenuTrace] triggerMenuLoad.response color: #9C27B0; font-style: italic; {at: 2026-09-14T00:43:36.740Z, customerId: 019c6bee-028a-70e4-98ea-557b645a3ae0, customerReady: true, applicationUserId: 63f5fe75-4fbb-4328-a2dd-b7224778752e, lastCustomerId: 019c6bee-028a-70e4-98ea-557b645a3ae0} @ http://localhost:4200/chunk-72LYY77U.js:59
[ 1438798ms] [INFO] [2026-09-14T00:43:36.790Z] Information: WebSocket connected to ws://localhost:7070/ws/notificationHub?id=d4y3K4_A4Jen-UsM7_z2UA&access_token=eyJhbGciOiJIUzI1NiIsInR5cCI6IkpXVCJ9.eyJzdWIiOiI2M2Y1ZmU3NS00ZmJiLTQzMjgtYTJkZC1iNzIyNDc3ODc1MmUiLCJqdGkiOiIwMWEwOWQ1ZS04YjI5LTc4NjYtOGEzOC0zZGY3OTAxYTMwYTgiLCJpYXQiOjE3ODkzNDY2MTQsIm5hbWUiOiJBZG1pbmlzdHJhZG9yIExCRyIsImVtYWlsIjoiaW5mb0BsdXh1cnlidWlsZGluZy5jb20ubXgiLCJ1c2VybmFtZSI6ImFkbWluIiwiY3VzdG9tZXJJZCI6IjAxOWM2YmVlLTAyOGEtNzBlNC05OGVhLTU1N2I2NDVhM2FlMCIsImN1c3RvbWVyTmFtZSI6IkxVWFVSWSBCVUlMRElORyBHUk9VUCBTQSBERSBDViIsImZpcnN0TmFtZSI6IkFkbWluaXN0cmFkb3IiLCJsYXN0TmFtZSI6IkxCRyIsInBob25lIjoiKDU1KSAwMDAwLSAwMDAwIiwicGhvdG9QYXRoIjoiaHR0cDovL2xvY2FsaG9zdDo3MDcwL2FwaS9maWxlcy9kb3dubG9hZD9maWxlUGF0aD1wdWJsaWMlMmZBZG1pbmlzdHJhdGlvbiUyZmFjY291bnRzJTJmMDE5ZmE0NjUtMTkyMC03NzcyLWE5NDgtNzZhMDFlOGFiNzZjLnBuZyIsInBvc2l0aW9uIjoiRGVzY29ub2NpZG8iLCJodHRwOi8vc2NoZW1hcy5taWNyb3NvZnQuY29tL3dzLzIwMDgvMDYvaWRlbnRpdHkvY2xhaW1zL3JvbGUiOiJTdXBlclVzdWFyaW8iLCJyb2xlSWQiOiI2OTlkN2NjMS1kMTQzLTQ5ODUtYjU1YS1kMDMwODY0YzY5M2UiLCJleHAiOjE3ODkzNTAyMTMsImlzcyI6Imh0dHBzOi8vbG9jYWxob3N0OjcwNjkiLCJhdWQiOiJodHRwczovL2xvY2FsaG9zdDo0MjAwIn0.ejAl7S8Nx6M6vtmJne-bCnqBVc_spaWWUYGfxfr12K8. @ http://localhost:4200/@fs/D:/repos/luxuryapp-api/appsweb/angular/.angular/cache/22.1.8/luxury-app/vite/deps/@microsoft_signalr.js?v=7ad6e710:308
[ 1438798ms] [INFO] [2026-09-14T00:43:36.791Z] Information: Using HubProtocol 'json'. @ http://localhost:4200/@fs/D:/repos/luxuryapp-api/appsweb/angular/.angular/cache/22.1.8/luxury-app/vite/deps/@microsoft_signalr.js?v=7ad6e710:308
[ 1438816ms] [LOG] %cLINK [SignalR] Conexion iniciada con exito. color: green; font-style: italic; @ http://localhost:4200/chunk-72LYY77U.js:59
[ 1438816ms] [LOG] %cSTATE [SignalR] connectionId = 'WwaeKd1qLrLW4qCT19Tt9Q' color: green; font-style: italic; @ http://localhost:4200/chunk-72LYY77U.js:59
[ 1438819ms] [LOG] %cUSER [SignalR] Evento ConnectedUser recibido: color: blue; font-style: italic; Bienvenido 63f5fe75-4fbb-4328-a2dd-b7224778752e @ http://localhost:4200/chunk-72LYY77U.js:59
[ 1438904ms] [LOG] %cpkg [OneSignal] Inicializado con App ID: color: teal; font-style: italic; 3d1f1ce3-638f-4a30-b093-ab617baf91a8 @ http://localhost:4200/chunk-72LYY77U.js:59
[ 1438905ms] [LOG] %cear [OneSignal] Listeners registrados. color: cyan; font-style: italic; @ http://localhost:4200/chunk-72LYY77U.js:59
[ 1438905ms] [LOG] %cuser [OneSignal] Usuario logueado con ExternalUserId: 63f5fe75-4fbb-4328-a2dd-b7224778752e color: darkslateblue; font-style: italic; @ http://localhost:4200/chunk-72LYY77U.js:59
[ 1438906ms] [LOG] %csub [OneSignal] Permiso: color: dodgerblue; font-style: italic; false | Suscrito: false @ http://localhost:4200/chunk-72LYY77U.js:59
[ 1438906ms] [LOG] %cwarn [OneSignal] Usuario no completamente suscrito. color: orange; font-style: italic; @ http://localhost:4200/chunk-72LYY77U.js:59
[ 1447945ms] [LOG] %c📦 [StorageService] Inicializando servicio de almacenamiento local... color: #3F51B5; font-style: italic; @ http://localhost:4200/chunk-72LYY77U.js:59
[ 1447947ms] [LOG] %c [AuthService] Verificando ruta inicial: /admin/work-position-schedules | Es publica: false color: #9C27B0; font-style: italic; @ http://localhost:4200/chunk-72LYY77U.js:59
[ 1447947ms] [LOG] %c [AuthService] Ruta no publica. Intentando login silencioso... color: #009688; font-style: italic; @ http://localhost:4200/chunk-72LYY77U.js:59
[ 1447949ms] [LOG] %c🚀 [Initializer] Starting application state initialization... color: purple; font-style: italic; @ http://localhost:4200/chunk-72LYY77U.js:59
[ 1448091ms] [LOG] %c [AuthService] Token renovado. Actualizando sesion en memoria. color: color: #4CAF50; font-style: italic;; font-style: italic; @ http://localhost:4200/chunk-72LYY77U.js:59
[ 1448092ms] [LOG] %c [AuthTrace] refresh.success.before-set color: #03A9F4; font-style: italic; {at: 2026-09-14T00:43:46.084Z, applicationUserId: 63f5fe75-4fbb-4328-a2dd-b7224778752e, tokenCustomerId: 019c6bee-028a-70e4-98ea-557b645a3ae0, roles: Array(1), customerAccessCount: 10} @ http://localhost:4200/chunk-72LYY77U.js:59
[ 1448092ms] [LOG] %c [AuthTrace] refresh.success.after-set color: #03A9F4; font-style: italic; {at: 2026-09-14T00:43:46.085Z, applicationUserId: 63f5fe75-4fbb-4328-a2dd-b7224778752e, tokenCustomerId: 019c6bee-028a-70e4-98ea-557b645a3ae0, roles: Array(1), customerAccessCount: 10} @ http://localhost:4200/chunk-72LYY77U.js:59
[ 1448093ms] [LOG] %cLINK [SignalR] Construyendo conexion... color: blue; font-style: italic; @ http://localhost:4200/chunk-72LYY77U.js:59
[ 1448093ms] [LOG] %cHEADSET [SignalR] Registrando listeners... color: cyan; font-style: italic; @ http://localhost:4200/chunk-72LYY77U.js:59
[ 1448094ms] [LOG] %cLINK [SignalR] Iniciando conexion... color: blue; font-style: italic; @ http://localhost:4200/chunk-72LYY77U.js:59
[ 1448094ms] [LOG] %c [AuthTrace] trySilentLogin.finalize color: #8BC34A; font-style: italic; {at: 2026-09-14T00:43:46.087Z, isAuthenticated: true} @ http://localhost:4200/chunk-72LYY77U.js:59
[ 1448095ms] [LOG] %c🏢 [Initializer] User session found. Initializing customer state... color: #3F51B5; font-style: italic; @ http://localhost:4200/chunk-72LYY77U.js:59
[ 1448096ms] [LOG] %c🔍 [StorageService] Recuperando valor para clave: 'customerId' color: #2196F3; font-style: italic; @ http://localhost:4200/chunk-72LYY77U.js:59
[ 1448097ms] [LOG] %c [CustomerTrace] initialize.start color: #FF9800; font-style: italic; {at: 2026-09-14T00:43:46.088Z, state: Object, storedCustomerId: 019c6bee-028a-70e4-98ea-557b645a3ae0, tokenCustomerId: 019c6bee-028a-70e4-98ea-557b645a3ae0, customerAccess: Array(10)} @ http://localhost:4200/chunk-72LYY77U.js:59
[ 1448097ms] [LOG] %c🔍 [StorageService] Recuperando valor para clave: 'customerId' color: #2196F3; font-style: italic; @ http://localhost:4200/chunk-72LYY77U.js:59
[ 1448098ms] [LOG] %c🔍 [StorageService] Recuperando valor para clave: 'customerId' color: #2196F3; font-style: italic; @ http://localhost:4200/chunk-72LYY77U.js:59
[ 1448099ms] [LOG] %c [CustomerTrace] initialize.selected-customer color: #FF9800; font-style: italic; {at: 2026-09-14T00:43:46.090Z, state: Object, storedCustomerId: 019c6bee-028a-70e4-98ea-557b645a3ae0, selectedCustomerId: 019c6bee-028a-70e4-98ea-557b645a3ae0} @ http://localhost:4200/chunk-72LYY77U.js:59
[ 1448099ms] [LOG] %c💾 [StorageService] Guardando clave: 'customerId' color: #FF9800; font-style: italic; {value: 019c6bee-028a-70e4-98ea-557b645a3ae0} @ http://localhost:4200/chunk-72LYY77U.js:59
[ 1448100ms] [LOG] %c✅ [StorageService] Clave 'customerId' guardada exitosamente. color: #4CAF50; font-style: italic; @ http://localhost:4200/chunk-72LYY77U.js:59
[ 1448101ms] [LOG] %c🔍 [StorageService] Recuperando valor para clave: 'customerId' color: #2196F3; font-style: italic; @ http://localhost:4200/chunk-72LYY77U.js:59
[ 1448101ms] [LOG] %c [CustomerTrace] loadDataForCustomer.start color: #FF9800; font-style: italic; {at: 2026-09-14T00:43:46.093Z, state: Object, storedCustomerId: 019c6bee-028a-70e4-98ea-557b645a3ae0, customerId: 019c6bee-028a-70e4-98ea-557b645a3ae0} @ http://localhost:4200/chunk-72LYY77U.js:59
[ 1448103ms] [LOG] %c🛡️ [JwtInterceptorFn] Auth check completado. Interceptando ruta: color: #FF0000; font-style: italic; http://localhost:7070/api/customers/019c6bee-028a-70e4-98ea-557b645a3ae0 @ http://localhost:4200/chunk-72LYY77U.js:59
[ 1448105ms] [LOG] %c🔍 [StorageService] Recuperando valor para clave: 'customerId' color: #2196F3; font-style: italic; @ http://localhost:4200/chunk-72LYY77U.js:59
[ 1448106ms] [LOG] %c🔍 [StorageService] Recuperando valor para clave: 'customerId' color: #2196F3; font-style: italic; @ http://localhost:4200/chunk-72LYY77U.js:59
[ 1448107ms] [LOG] %c [JwtTrace] request color: #F44336; font-style: italic; {at: 2026-09-14T00:43:46.098Z, url: http://localhost:7070/api/customers/019c6bee-028a-70e4-98ea-557b645a3ae0, method: GET, appUserId: 63f5fe75-4fbb-4328-a2dd-b7224778752e, storageCustomerId: 019c6bee-028a-70e4-98ea-557b645a3ae0} @ http://localhost:4200/chunk-72LYY77U.js:59
[ 1448135ms] [INFO] [2026-09-14T00:43:46.127Z] Information: WebSocket connected to ws://localhost:7070/ws/notificationHub?id=cL-2tGYZRoqfItDRVyk6vg&access_token=eyJhbGciOiJIUzI1NiIsInR5cCI6IkpXVCJ9.eyJzdWIiOiI2M2Y1ZmU3NS00ZmJiLTQzMjgtYTJkZC1iNzIyNDc3ODc1MmUiLCJqdGkiOiIwMWEwOWQ1ZS1iYTEwLTdiOGQtODAyNS1hOWE1YmZmMzdmMDkiLCJpYXQiOjE3ODkzNDY2MjYsIm5hbWUiOiJBZG1pbmlzdHJhZG9yIExCRyIsImVtYWlsIjoiaW5mb0BsdXh1cnlidWlsZGluZy5jb20ubXgiLCJ1c2VybmFtZSI6ImFkbWluIiwiY3VzdG9tZXJJZCI6IjAxOWM2YmVlLTAyOGEtNzBlNC05OGVhLTU1N2I2NDVhM2FlMCIsImN1c3RvbWVyTmFtZSI6IkxVWFVSWSBCVUlMRElORyBHUk9VUCBTQSBERSBDViIsImZpcnN0TmFtZSI6IkFkbWluaXN0cmFkb3IiLCJsYXN0TmFtZSI6IkxCRyIsInBob25lIjoiKDU1KSAwMDAwLSAwMDAwIiwicGhvdG9QYXRoIjoiaHR0cDovL2xvY2FsaG9zdDo3MDcwL2FwaS9maWxlcy9kb3dubG9hZD9maWxlUGF0aD1wdWJsaWMlMmZBZG1pbmlzdHJhdGlvbiUyZmFjY291bnRzJTJmMDE5ZmE0NjUtMTkyMC03NzcyLWE5NDgtNzZhMDFlOGFiNzZjLnBuZyIsInBvc2l0aW9uIjoiRGVzY29ub2NpZG8iLCJodHRwOi8vc2NoZW1hcy5taWNyb3NvZnQuY29tL3dzLzIwMDgvMDYvaWRlbnRpdHkvY2xhaW1zL3JvbGUiOiJTdXBlclVzdWFyaW8iLCJyb2xlSWQiOiI2OTlkN2NjMS1kMTQzLTQ5ODUtYjU1YS1kMDMwODY0YzY5M2UiLCJleHAiOjE3ODkzNTAyMjYsImlzcyI6Imh0dHBzOi8vbG9jYWxob3N0OjcwNjkiLCJhdWQiOiJodHRwczovL2xvY2FsaG9zdDo0MjAwIn0.8-O4CxqGaC0yWsmtRfXGxqaGI3mFlydqqZa3feSsVKo. @ http://localhost:4200/@fs/D:/repos/luxuryapp-api/appsweb/angular/.angular/cache/22.1.8/luxury-app/vite/deps/@microsoft_signalr.js?v=7ad6e710:308
[ 1448135ms] [INFO] [2026-09-14T00:43:46.128Z] Information: Using HubProtocol 'json'. @ http://localhost:4200/@fs/D:/repos/luxuryapp-api/appsweb/angular/.angular/cache/22.1.8/luxury-app/vite/deps/@microsoft_signalr.js?v=7ad6e710:308
[ 1448136ms] [LOG] %c🔍 [StorageService] Recuperando valor para clave: 'customerId' color: #2196F3; font-style: italic; @ http://localhost:4200/chunk-72LYY77U.js:59
[ 1448137ms] [LOG] %c [CustomerTrace] loadDataForCustomer.response color: #FF9800; font-style: italic; {at: 2026-09-14T00:43:46.129Z, state: Object, storedCustomerId: 019c6bee-028a-70e4-98ea-557b645a3ae0, customerId: 019c6bee-028a-70e4-98ea-557b645a3ae0, success: true} @ http://localhost:4200/chunk-72LYY77U.js:59
[ 1448137ms] [LOG] %c🔍 [StorageService] Recuperando valor para clave: 'customerId' color: #2196F3; font-style: italic; @ http://localhost:4200/chunk-72LYY77U.js:59
[ 1448137ms] [LOG] %c [CustomerTrace] loadDataForCustomer.ready color: #FF9800; font-style: italic; {at: 2026-09-14T00:43:46.129Z, state: Object, storedCustomerId: 019c6bee-028a-70e4-98ea-557b645a3ae0, customerId: 019c6bee-028a-70e4-98ea-557b645a3ae0} @ http://localhost:4200/chunk-72LYY77U.js:59
[ 1448138ms] [LOG] %c✅ [Initializer] State initialization complete. color: green; font-style: italic; @ http://localhost:4200/chunk-72LYY77U.js:59
[ 1448141ms] [LOG] %c🔄 UpdateService: Inicializando servicio de actualizaciones color: blue; font-weight: bold; @ http://localhost:4200/chunk-WEIOKMZ7.js:10
[ 1448142ms] [LOG] %c🔄 UpdateService: ❌ Service Worker NO habilitado color: red; font-weight: bold; @ http://localhost:4200/chunk-WEIOKMZ7.js:22
[ 1448153ms] [LOG] %c🚀 [App] ¡Aplicación iniciada! Soy más ligero y rápido que nunca. color: #673AB7; font-style: italic; @ http://localhost:4200/chunk-72LYY77U.js:59
[ 1448173ms] [LOG] Angular is running in development mode. @ http://localhost:4200/@fs/D:/repos/luxuryapp-api/appsweb/angular/.angular/cache/22.1.8/luxury-app/vite/deps/core-gRj2gSiC.js?v=7d4b588b:9175
[ 1448181ms] [LOG] %cLINK [SignalR] Conexion iniciada con exito. color: green; font-style: italic; @ http://localhost:4200/chunk-72LYY77U.js:59
[ 1448182ms] [LOG] %cSTATE [SignalR] connectionId = '1LA_Ef8p1hyGsf6qcKJxqw' color: green; font-style: italic; @ http://localhost:4200/chunk-72LYY77U.js:59
[ 1448182ms] [LOG] %cUSER [SignalR] Evento ConnectedUser recibido: color: blue; font-style: italic; Bienvenido 63f5fe75-4fbb-4328-a2dd-b7224778752e @ http://localhost:4200/chunk-72LYY77U.js:59
[ 1449551ms] [LOG] %c🎉 [LayoutEmployee] ¡Layout de empleado cargado! Despertando a los gigantes (SignalR, OneSignal...) color: #2196F3; font-style: italic; @ http://localhost:4200/chunk-72LYY77U.js:59
[ 1449552ms] [LOG] %cLINK [SignalR] Construyendo conexion... color: blue; font-style: italic; @ http://localhost:4200/chunk-72LYY77U.js:59
[ 1449552ms] [LOG] %cHEADSET [SignalR] Registrando listeners... color: cyan; font-style: italic; @ http://localhost:4200/chunk-72LYY77U.js:59
[ 1449553ms] [LOG] %cLINK [SignalR] Iniciando conexion... color: blue; font-style: italic; @ http://localhost:4200/chunk-72LYY77U.js:59
[ 1449553ms] [LOG] %cℹ️ [LayoutEmployee] Usuario 63f5fe75-4fbb-4328-a2dd-b7224778752e autenticado. Iniciando OneSignal... color: dodgerblue;font-style: italic @ http://localhost:4200/chunk-72LYY77U.js:72
[ 1449554ms] [LOG] %c... [OneSignal] Esperando que el SDK este listo... color: orange; font-style: italic; @ http://localhost:4200/chunk-72LYY77U.js:59
[ 1449587ms] [LOG] %c🛡️ [JwtInterceptorFn] Auth check completado. Interceptando ruta: color: #FF0000; font-style: italic; http://localhost:7070/api/admin/general-catalogs/work-position-schedule @ http://localhost:4200/chunk-72LYY77U.js:59
[ 1449589ms] [LOG] %c🔍 [StorageService] Recuperando valor para clave: 'customerId' color: #2196F3; font-style: italic; @ http://localhost:4200/chunk-72LYY77U.js:59
[ 1449590ms] [LOG] %c🔍 [StorageService] Recuperando valor para clave: 'customerId' color: #2196F3; font-style: italic; @ http://localhost:4200/chunk-72LYY77U.js:59
[ 1449592ms] [LOG] %c [JwtTrace] request color: #F44336; font-style: italic; {at: 2026-09-14T00:43:47.582Z, url: http://localhost:7070/api/admin/general-catalogs/work-position-schedule, method: GET, appUserId: 63f5fe75-4fbb-4328-a2dd-b7224778752e, storageCustomerId: 019c6bee-028a-70e4-98ea-557b645a3ae0} @ http://localhost:4200/chunk-72LYY77U.js:59
[ 1449814ms] [LOG] %c🛡️ [JwtInterceptorFn] Auth check completado. Interceptando ruta: color: #FF0000; font-style: italic; http://localhost:7070/api/notifications @ http://localhost:4200/chunk-72LYY77U.js:59
[ 1449816ms] [LOG] %c🔍 [StorageService] Recuperando valor para clave: 'customerId' color: #2196F3; font-style: italic; @ http://localhost:4200/chunk-72LYY77U.js:59
[ 1449818ms] [LOG] %c🔍 [StorageService] Recuperando valor para clave: 'customerId' color: #2196F3; font-style: italic; @ http://localhost:4200/chunk-72LYY77U.js:59
[ 1449819ms] [LOG] %c [JwtTrace] request color: #F44336; font-style: italic; {at: 2026-09-14T00:43:47.810Z, url: http://localhost:7070/api/notifications, method: GET, appUserId: 63f5fe75-4fbb-4328-a2dd-b7224778752e, storageCustomerId: 019c6bee-028a-70e4-98ea-557b645a3ae0} @ http://localhost:4200/chunk-72LYY77U.js:59
[ 1449824ms] [LOG] %c🛡️ [JwtInterceptorFn] Auth check completado. Interceptando ruta: color: #FF0000; font-style: italic; http://localhost:7070/api/notifications/unread-count @ http://localhost:4200/chunk-72LYY77U.js:59
[ 1449825ms] [LOG] %c🔍 [StorageService] Recuperando valor para clave: 'customerId' color: #2196F3; font-style: italic; @ http://localhost:4200/chunk-72LYY77U.js:59
[ 1449827ms] [LOG] %c🔍 [StorageService] Recuperando valor para clave: 'customerId' color: #2196F3; font-style: italic; @ http://localhost:4200/chunk-72LYY77U.js:59
[ 1449828ms] [LOG] %c [JwtTrace] request color: #F44336; font-style: italic; {at: 2026-09-14T00:43:47.819Z, url: http://localhost:7070/api/notifications/unread-count, method: GET, appUserId: 63f5fe75-4fbb-4328-a2dd-b7224778752e, storageCustomerId: 019c6bee-028a-70e4-98ea-557b645a3ae0} @ http://localhost:4200/chunk-72LYY77U.js:59
[ 1449864ms] [LOG] %c [MenuTrace] effect.tick color: #9C27B0; font-style: italic; {at: 2026-09-14T00:43:47.856Z, customerId: 019c6bee-028a-70e4-98ea-557b645a3ae0, customerReady: true, applicationUserId: 63f5fe75-4fbb-4328-a2dd-b7224778752e, lastCustomerId: null} @ http://localhost:4200/chunk-72LYY77U.js:59
[ 1449865ms] [LOG] %c [MenuService] Customer data and session are ready. Loading menu... color: green; font-style: italic; @ http://localhost:4200/chunk-72LYY77U.js:59
[ 1449866ms] [LOG] %c [MenuTrace] triggerMenuLoad.start color: #9C27B0; font-style: italic; {at: 2026-09-14T00:43:47.858Z, customerId: 019c6bee-028a-70e4-98ea-557b645a3ae0, customerReady: true, applicationUserId: 63f5fe75-4fbb-4328-a2dd-b7224778752e, lastCustomerId: null} @ http://localhost:4200/chunk-72LYY77U.js:59
[ 1449867ms] [LOG] %c🛡️ [JwtInterceptorFn] Auth check completado. Interceptando ruta: color: #FF0000; font-style: italic; http://localhost:7070/api/menu-items/019c6bee-028a-70e4-98ea-557b645a3ae0 @ http://localhost:4200/chunk-72LYY77U.js:59
[ 1449868ms] [LOG] %c🔍 [StorageService] Recuperando valor para clave: 'customerId' color: #2196F3; font-style: italic; @ http://localhost:4200/chunk-72LYY77U.js:59
[ 1449870ms] [LOG] %c🔍 [StorageService] Recuperando valor para clave: 'customerId' color: #2196F3; font-style: italic; @ http://localhost:4200/chunk-72LYY77U.js:59
[ 1449870ms] [LOG] %c [JwtTrace] request color: #F44336; font-style: italic; {at: 2026-09-14T00:43:47.862Z, url: http://localhost:7070/api/menu-items/019c6bee-028a-70e4-98ea-557b645a3ae0, method: GET, appUserId: 63f5fe75-4fbb-4328-a2dd-b7224778752e, storageCustomerId: 019c6bee-028a-70e4-98ea-557b645a3ae0} @ http://localhost:4200/chunk-72LYY77U.js:59
[ 1449877ms] [LOG] %cok [OneSignal] SDK listo color: green; font-style: italic; @ http://localhost:4200/chunk-72LYY77U.js:59
[ 1450115ms] [LOG] %c [API SUCCESS]: GET NoLoading: notifications/unread-count color: gray; font-style: italic; 2 @ http://localhost:4200/chunk-72LYY77U.js:59
[ 1450116ms] [LOG] %c [API SUCCESS]: GET NoLoading: notifications color: gray; font-style: italic; [Object, Object] @ http://localhost:4200/chunk-72LYY77U.js:59
[ 1450136ms] [LOG] %c [API SUCCESS]: GET LIST: admin/general-catalogs/work-position-schedule color: teal; font-style: italic; [Object, Object, Object, Object, Object, Object, Object, Object, Object, Object, Object, Object, Object, Object, Object, Object, Object, Object, Object, Object, Object, Object, Object, Object, Object, Object, Object, Object, Object, Object, Object, Object, Object, Object, Object, Object, Object, Object, Object, Object, Object, Object, Object, Object, Object, Object, Object, Object, Object, Object, Object, Object, Object, Object, Object, Object, Object, Object, Object, Object, Object, Object, Object, Object, Object, Object, Object, Object, Object, Object, Object, Object, Object, Object, Object, Object, Object, Object, Object, Object, Object, Object, Object, Object, Object, Object, Object, Object, Object, Object, Object, Object, Object, Object, Object, Object, Object, Object, Object, Object] @ http://localhost:4200/chunk-72LYY77U.js:59
[ 1450880ms] [ERROR] Failed to load resource: the server responded with a status of 404 (Not Found) @ http://localhost:7070/api/files/download?filePath=public%2fAdministration%2faccounts%2f019fa465-1920-7772-a948-76a01e8ab76c.png:0
[ 1450994ms] [LOG] %c [API SUCCESS]: GET LIST: menu-items/019c6bee-028a-70e4-98ea-557b645a3ae0 color: teal; font-style: italic; [Object, Object, Object, Object, Object, Object, Object, Object, Object, Object, Object, Object, Object, Object, Object, Object, Object, Object, Object, Object, Object, Object, Object, Object] @ http://localhost:4200/chunk-72LYY77U.js:59
[ 1450994ms] [LOG] %c [MenuTrace] fetchMenuItemsFromApi.success color: #9C27B0; font-style: italic; {at: 2026-09-14T00:43:48.987Z, customerId: 019c6bee-028a-70e4-98ea-557b645a3ae0, customerReady: true, applicationUserId: 63f5fe75-4fbb-4328-a2dd-b7224778752e, lastCustomerId: 019c6bee-028a-70e4-98ea-557b645a3ae0} @ http://localhost:4200/chunk-72LYY77U.js:59
[ 1450995ms] [LOG] %c [MenuTrace] triggerMenuLoad.response color: #9C27B0; font-style: italic; {at: 2026-09-14T00:43:48.987Z, customerId: 019c6bee-028a-70e4-98ea-557b645a3ae0, customerReady: true, applicationUserId: 63f5fe75-4fbb-4328-a2dd-b7224778752e, lastCustomerId: 019c6bee-028a-70e4-98ea-557b645a3ae0} @ http://localhost:4200/chunk-72LYY77U.js:59
[ 1450996ms] [INFO] [2026-09-14T00:43:48.988Z] Information: WebSocket connected to ws://localhost:7070/ws/notificationHub?id=QpsdyBeyAYDzvPhCC6spWQ&access_token=eyJhbGciOiJIUzI1NiIsInR5cCI6IkpXVCJ9.eyJzdWIiOiI2M2Y1ZmU3NS00ZmJiLTQzMjgtYTJkZC1iNzIyNDc3ODc1MmUiLCJqdGkiOiIwMWEwOWQ1ZS1iYTEwLTdiOGQtODAyNS1hOWE1YmZmMzdmMDkiLCJpYXQiOjE3ODkzNDY2MjYsIm5hbWUiOiJBZG1pbmlzdHJhZG9yIExCRyIsImVtYWlsIjoiaW5mb0BsdXh1cnlidWlsZGluZy5jb20ubXgiLCJ1c2VybmFtZSI6ImFkbWluIiwiY3VzdG9tZXJJZCI6IjAxOWM2YmVlLTAyOGEtNzBlNC05OGVhLTU1N2I2NDVhM2FlMCIsImN1c3RvbWVyTmFtZSI6IkxVWFVSWSBCVUlMRElORyBHUk9VUCBTQSBERSBDViIsImZpcnN0TmFtZSI6IkFkbWluaXN0cmFkb3IiLCJsYXN0TmFtZSI6IkxCRyIsInBob25lIjoiKDU1KSAwMDAwLSAwMDAwIiwicGhvdG9QYXRoIjoiaHR0cDovL2xvY2FsaG9zdDo3MDcwL2FwaS9maWxlcy9kb3dubG9hZD9maWxlUGF0aD1wdWJsaWMlMmZBZG1pbmlzdHJhdGlvbiUyZmFjY291bnRzJTJmMDE5ZmE0NjUtMTkyMC03NzcyLWE5NDgtNzZhMDFlOGFiNzZjLnBuZyIsInBvc2l0aW9uIjoiRGVzY29ub2NpZG8iLCJodHRwOi8vc2NoZW1hcy5taWNyb3NvZnQuY29tL3dzLzIwMDgvMDYvaWRlbnRpdHkvY2xhaW1zL3JvbGUiOiJTdXBlclVzdWFyaW8iLCJyb2xlSWQiOiI2OTlkN2NjMS1kMTQzLTQ5ODUtYjU1YS1kMDMwODY0YzY5M2UiLCJleHAiOjE3ODkzNTAyMjYsImlzcyI6Imh0dHBzOi8vbG9jYWxob3N0OjcwNjkiLCJhdWQiOiJodHRwczovL2xvY2FsaG9zdDo0MjAwIn0.8-O4CxqGaC0yWsmtRfXGxqaGI3mFlydqqZa3feSsVKo. @ http://localhost:4200/@fs/D:/repos/luxuryapp-api/appsweb/angular/.angular/cache/22.1.8/luxury-app/vite/deps/@microsoft_signalr.js?v=7ad6e710:308
[ 1450998ms] [INFO] [2026-09-14T00:43:48.990Z] Information: Using HubProtocol 'json'. @ http://localhost:4200/@fs/D:/repos/luxuryapp-api/appsweb/angular/.angular/cache/22.1.8/luxury-app/vite/deps/@microsoft_signalr.js?v=7ad6e710:308
[ 1451053ms] [LOG] %cUSER [SignalR] Evento ConnectedUser recibido: color: blue; font-style: italic; Bienvenido 63f5fe75-4fbb-4328-a2dd-b7224778752e @ http://localhost:4200/chunk-72LYY77U.js:59
[ 1451054ms] [LOG] %cLINK [SignalR] Conexion iniciada con exito. color: green; font-style: italic; @ http://localhost:4200/chunk-72LYY77U.js:59
[ 1451054ms] [LOG] %cSTATE [SignalR] connectionId = 'U8eiCziIQW4DOzBKfLhbCg' color: green; font-style: italic; @ http://localhost:4200/chunk-72LYY77U.js:59
[ 1451222ms] [LOG] %cpkg [OneSignal] Inicializado con App ID: color: teal; font-style: italic; 3d1f1ce3-638f-4a30-b093-ab617baf91a8 @ http://localhost:4200/chunk-72LYY77U.js:59
[ 1451222ms] [LOG] %cear [OneSignal] Listeners registrados. color: cyan; font-style: italic; @ http://localhost:4200/chunk-72LYY77U.js:59
[ 1451222ms] [LOG] %cuser [OneSignal] Usuario logueado con ExternalUserId: 63f5fe75-4fbb-4328-a2dd-b7224778752e color: darkslateblue; font-style: italic; @ http://localhost:4200/chunk-72LYY77U.js:59
[ 1451225ms] [LOG] %csub [OneSignal] Permiso: color: dodgerblue; font-style: italic; false | Suscrito: false @ http://localhost:4200/chunk-72LYY77U.js:59
[ 1451225ms] [LOG] %cwarn [OneSignal] Usuario no completamente suscrito. color: orange; font-style: italic; @ http://localhost:4200/chunk-72LYY77U.js:59
[ 2145017ms] [LOG] [vite] server connection lost. Polling for restart... @ http://localhost:4200/@vite/client:992
[ 2267758ms] [LOG] %c📦 [StorageService] Inicializando servicio de almacenamiento local... color: #3F51B5; font-style: italic; @ http://localhost:4200/chunk-72LYY77U.js:59
[ 2267761ms] [LOG] %c [AuthService] Verificando ruta inicial: /admin/work-position-schedules | Es publica: false color: #9C27B0; font-style: italic; @ http://localhost:4200/chunk-72LYY77U.js:59
[ 2267761ms] [LOG] %c [AuthService] Ruta no publica. Intentando login silencioso... color: #009688; font-style: italic; @ http://localhost:4200/chunk-72LYY77U.js:59
[ 2267768ms] [LOG] %c🚀 [Initializer] Starting application state initialization... color: purple; font-style: italic; @ http://localhost:4200/chunk-72LYY77U.js:59
[ 2269204ms] [LOG] %c [AuthService] Token renovado. Actualizando sesion en memoria. color: color: #4CAF50; font-style: italic;; font-style: italic; @ http://localhost:4200/chunk-72LYY77U.js:59
[ 2269205ms] [LOG] %c [AuthTrace] refresh.success.before-set color: #03A9F4; font-style: italic; {at: 2026-09-14T00:57:27.197Z, applicationUserId: 63f5fe75-4fbb-4328-a2dd-b7224778752e, tokenCustomerId: 019c6bee-028a-70e4-98ea-557b645a3ae0, roles: Array(1), customerAccessCount: 10} @ http://localhost:4200/chunk-72LYY77U.js:59
[ 2269205ms] [LOG] %c [AuthTrace] refresh.success.after-set color: #03A9F4; font-style: italic; {at: 2026-09-14T00:57:27.198Z, applicationUserId: 63f5fe75-4fbb-4328-a2dd-b7224778752e, tokenCustomerId: 019c6bee-028a-70e4-98ea-557b645a3ae0, roles: Array(1), customerAccessCount: 10} @ http://localhost:4200/chunk-72LYY77U.js:59
[ 2269206ms] [LOG] %cLINK [SignalR] Construyendo conexion... color: blue; font-style: italic; @ http://localhost:4200/chunk-72LYY77U.js:59
[ 2269207ms] [LOG] %cHEADSET [SignalR] Registrando listeners... color: cyan; font-style: italic; @ http://localhost:4200/chunk-72LYY77U.js:59
[ 2269207ms] [LOG] %cLINK [SignalR] Iniciando conexion... color: blue; font-style: italic; @ http://localhost:4200/chunk-72LYY77U.js:59
[ 2269209ms] [LOG] %c [AuthTrace] trySilentLogin.finalize color: #8BC34A; font-style: italic; {at: 2026-09-14T00:57:27.201Z, isAuthenticated: true} @ http://localhost:4200/chunk-72LYY77U.js:59
[ 2269210ms] [LOG] %c🏢 [Initializer] User session found. Initializing customer state... color: #3F51B5; font-style: italic; @ http://localhost:4200/chunk-72LYY77U.js:59
[ 2269210ms] [LOG] %c🔍 [StorageService] Recuperando valor para clave: 'customerId' color: #2196F3; font-style: italic; @ http://localhost:4200/chunk-72LYY77U.js:59
[ 2269211ms] [LOG] %c [CustomerTrace] initialize.start color: #FF9800; font-style: italic; {at: 2026-09-14T00:57:27.203Z, state: Object, storedCustomerId: 019c6bee-028a-70e4-98ea-557b645a3ae0, tokenCustomerId: 019c6bee-028a-70e4-98ea-557b645a3ae0, customerAccess: Array(10)} @ http://localhost:4200/chunk-72LYY77U.js:59
[ 2269211ms] [LOG] %c🔍 [StorageService] Recuperando valor para clave: 'customerId' color: #2196F3; font-style: italic; @ http://localhost:4200/chunk-72LYY77U.js:59
[ 2269211ms] [LOG] %c🔍 [StorageService] Recuperando valor para clave: 'customerId' color: #2196F3; font-style: italic; @ http://localhost:4200/chunk-72LYY77U.js:59
[ 2269211ms] [LOG] %c [CustomerTrace] initialize.selected-customer color: #FF9800; font-style: italic; {at: 2026-09-14T00:57:27.204Z, state: Object, storedCustomerId: 019c6bee-028a-70e4-98ea-557b645a3ae0, selectedCustomerId: 019c6bee-028a-70e4-98ea-557b645a3ae0} @ http://localhost:4200/chunk-72LYY77U.js:59
[ 2269212ms] [LOG] %c💾 [StorageService] Guardando clave: 'customerId' color: #FF9800; font-style: italic; {value: 019c6bee-028a-70e4-98ea-557b645a3ae0} @ http://localhost:4200/chunk-72LYY77U.js:59
[ 2269212ms] [LOG] %c✅ [StorageService] Clave 'customerId' guardada exitosamente. color: #4CAF50; font-style: italic; @ http://localhost:4200/chunk-72LYY77U.js:59
[ 2269213ms] [LOG] %c🔍 [StorageService] Recuperando valor para clave: 'customerId' color: #2196F3; font-style: italic; @ http://localhost:4200/chunk-72LYY77U.js:59
[ 2269213ms] [LOG] %c [CustomerTrace] loadDataForCustomer.start color: #FF9800; font-style: italic; {at: 2026-09-14T00:57:27.205Z, state: Object, storedCustomerId: 019c6bee-028a-70e4-98ea-557b645a3ae0, customerId: 019c6bee-028a-70e4-98ea-557b645a3ae0} @ http://localhost:4200/chunk-72LYY77U.js:59
[ 2269215ms] [LOG] %c🛡️ [JwtInterceptorFn] Auth check completado. Interceptando ruta: color: #FF0000; font-style: italic; http://localhost:7070/api/customers/019c6bee-028a-70e4-98ea-557b645a3ae0 @ http://localhost:4200/chunk-72LYY77U.js:59
[ 2269216ms] [LOG] %c🔍 [StorageService] Recuperando valor para clave: 'customerId' color: #2196F3; font-style: italic; @ http://localhost:4200/chunk-72LYY77U.js:59
[ 2269216ms] [LOG] %c🔍 [StorageService] Recuperando valor para clave: 'customerId' color: #2196F3; font-style: italic; @ http://localhost:4200/chunk-72LYY77U.js:59
[ 2269219ms] [LOG] %c [JwtTrace] request color: #F44336; font-style: italic; {at: 2026-09-14T00:57:27.209Z, url: http://localhost:7070/api/customers/019c6bee-028a-70e4-98ea-557b645a3ae0, method: GET, appUserId: 63f5fe75-4fbb-4328-a2dd-b7224778752e, storageCustomerId: 019c6bee-028a-70e4-98ea-557b645a3ae0} @ http://localhost:4200/chunk-72LYY77U.js:59
[ 2269251ms] [INFO] [2026-09-14T00:57:27.243Z] Information: WebSocket connected to ws://localhost:7070/ws/notificationHub?id=6eJBXnGU3zv2rCAEJa9mDA&access_token=eyJhbGciOiJIUzI1NiIsInR5cCI6IkpXVCJ9.eyJzdWIiOiI2M2Y1ZmU3NS00ZmJiLTQzMjgtYTJkZC1iNzIyNDc3ODc1MmUiLCJqdGkiOiIwMWEwOWQ2Yi00MTVjLTc3ZDgtYjkwMi04YjBkMDdmODI2YTAiLCJpYXQiOjE3ODkzNDc0NDcsIm5hbWUiOiJBZG1pbmlzdHJhZG9yIExCRyIsImVtYWlsIjoiaW5mb0BsdXh1cnlidWlsZGluZy5jb20ubXgiLCJ1c2VybmFtZSI6ImFkbWluIiwiY3VzdG9tZXJJZCI6IjAxOWM2YmVlLTAyOGEtNzBlNC05OGVhLTU1N2I2NDVhM2FlMCIsImN1c3RvbWVyTmFtZSI6IkxVWFVSWSBCVUlMRElORyBHUk9VUCBTQSBERSBDViIsImZpcnN0TmFtZSI6IkFkbWluaXN0cmFkb3IiLCJsYXN0TmFtZSI6IkxCRyIsInBob25lIjoiKDU1KSAwMDAwLSAwMDAwIiwicGhvdG9QYXRoIjoiaHR0cDovL2xvY2FsaG9zdDo3MDcwL2FwaS9maWxlcy9kb3dubG9hZD9maWxlUGF0aD1wdWJsaWMlMmZBZG1pbmlzdHJhdGlvbiUyZmFjY291bnRzJTJmMDE5ZmE0NjUtMTkyMC03NzcyLWE5NDgtNzZhMDFlOGFiNzZjLnBuZyIsInBvc2l0aW9uIjoiRGVzY29ub2NpZG8iLCJodHRwOi8vc2NoZW1hcy5taWNyb3NvZnQuY29tL3dzLzIwMDgvMDYvaWRlbnRpdHkvY2xhaW1zL3JvbGUiOiJTdXBlclVzdWFyaW8iLCJyb2xlSWQiOiI2OTlkN2NjMS1kMTQzLTQ5ODUtYjU1YS1kMDMwODY0YzY5M2UiLCJleHAiOjE3ODkzNTEwNDcsImlzcyI6Imh0dHBzOi8vbG9jYWxob3N0OjcwNjkiLCJhdWQiOiJodHRwczovL2xvY2FsaG9zdDo0MjAwIn0.TNpUkYZM4_EsxvfkeB66tzDnEG2aZH27w1oJ0ie-nbU. @ http://localhost:4200/@fs/D:/repos/luxuryapp-api/appsweb/angular/.angular/cache/22.1.8/luxury-app/vite/deps/@microsoft_signalr.js?v=1b527642:308
[ 2269253ms] [INFO] [2026-09-14T00:57:27.245Z] Information: Using HubProtocol 'json'. @ http://localhost:4200/@fs/D:/repos/luxuryapp-api/appsweb/angular/.angular/cache/22.1.8/luxury-app/vite/deps/@microsoft_signalr.js?v=1b527642:308
[ 2269255ms] [LOG] %cLINK [SignalR] Conexion iniciada con exito. color: green; font-style: italic; @ http://localhost:4200/chunk-72LYY77U.js:59
[ 2269255ms] [LOG] %cSTATE [SignalR] connectionId = 'Ju_j1z5dGhLiFVT1Swur5g' color: green; font-style: italic; @ http://localhost:4200/chunk-72LYY77U.js:59
[ 2269258ms] [LOG] %cUSER [SignalR] Evento ConnectedUser recibido: color: blue; font-style: italic; Bienvenido 63f5fe75-4fbb-4328-a2dd-b7224778752e @ http://localhost:4200/chunk-72LYY77U.js:59
[ 2269260ms] [LOG] %c🔍 [StorageService] Recuperando valor para clave: 'customerId' color: #2196F3; font-style: italic; @ http://localhost:4200/chunk-72LYY77U.js:59
[ 2269260ms] [LOG] %c [CustomerTrace] loadDataForCustomer.response color: #FF9800; font-style: italic; {at: 2026-09-14T00:57:27.252Z, state: Object, storedCustomerId: 019c6bee-028a-70e4-98ea-557b645a3ae0, customerId: 019c6bee-028a-70e4-98ea-557b645a3ae0, success: true} @ http://localhost:4200/chunk-72LYY77U.js:59
[ 2269261ms] [LOG] %c🔍 [StorageService] Recuperando valor para clave: 'customerId' color: #2196F3; font-style: italic; @ http://localhost:4200/chunk-72LYY77U.js:59
[ 2269261ms] [LOG] %c [CustomerTrace] loadDataForCustomer.ready color: #FF9800; font-style: italic; {at: 2026-09-14T00:57:27.253Z, state: Object, storedCustomerId: 019c6bee-028a-70e4-98ea-557b645a3ae0, customerId: 019c6bee-028a-70e4-98ea-557b645a3ae0} @ http://localhost:4200/chunk-72LYY77U.js:59
[ 2269262ms] [LOG] %c✅ [Initializer] State initialization complete. color: green; font-style: italic; @ http://localhost:4200/chunk-72LYY77U.js:59
[ 2283796ms] [LOG] %c🔄 UpdateService: Inicializando servicio de actualizaciones color: blue; font-weight: bold; @ http://localhost:4200/chunk-WEIOKMZ7.js:10
[ 2283796ms] [LOG] %c🔄 UpdateService: ❌ Service Worker NO habilitado color: red; font-weight: bold; @ http://localhost:4200/chunk-WEIOKMZ7.js:22
[ 2283828ms] [LOG] %c🚀 [App] ¡Aplicación iniciada! Soy más ligero y rápido que nunca. color: #673AB7; font-style: italic; @ http://localhost:4200/chunk-72LYY77U.js:59
[ 2283865ms] [LOG] Angular is running in development mode. @ http://localhost:4200/@fs/D:/repos/luxuryapp-api/appsweb/angular/.angular/cache/22.1.8/luxury-app/vite/deps/core-gRj2gSiC.js?v=72229873:9175
[ 2285435ms] [LOG] %c🎉 [LayoutEmployee] ¡Layout de empleado cargado! Despertando a los gigantes (SignalR, OneSignal...) color: #2196F3; font-style: italic; @ http://localhost:4200/chunk-72LYY77U.js:59
[ 2285436ms] [LOG] %cLINK [SignalR] Construyendo conexion... color: blue; font-style: italic; @ http://localhost:4200/chunk-72LYY77U.js:59
[ 2285436ms] [LOG] %cHEADSET [SignalR] Registrando listeners... color: cyan; font-style: italic; @ http://localhost:4200/chunk-72LYY77U.js:59
[ 2285439ms] [LOG] %cLINK [SignalR] Iniciando conexion... color: blue; font-style: italic; @ http://localhost:4200/chunk-72LYY77U.js:59
[ 2285441ms] [LOG] %cℹ️ [LayoutEmployee] Usuario 63f5fe75-4fbb-4328-a2dd-b7224778752e autenticado. Iniciando OneSignal... color: dodgerblue;font-style: italic @ http://localhost:4200/chunk-72LYY77U.js:72
[ 2285442ms] [LOG] %c... [OneSignal] Esperando que el SDK este listo... color: orange; font-style: italic; @ http://localhost:4200/chunk-72LYY77U.js:59
[ 2285497ms] [LOG] %c🛡️ [JwtInterceptorFn] Auth check completado. Interceptando ruta: color: #FF0000; font-style: italic; http://localhost:7070/api/admin/general-catalogs/work-position-schedule @ http://localhost:4200/chunk-72LYY77U.js:59
[ 2285498ms] [LOG] %c🔍 [StorageService] Recuperando valor para clave: 'customerId' color: #2196F3; font-style: italic; @ http://localhost:4200/chunk-72LYY77U.js:59
[ 2285499ms] [LOG] %c🔍 [StorageService] Recuperando valor para clave: 'customerId' color: #2196F3; font-style: italic; @ http://localhost:4200/chunk-72LYY77U.js:59
[ 2285500ms] [LOG] %c [JwtTrace] request color: #F44336; font-style: italic; {at: 2026-09-14T00:57:43.492Z, url: http://localhost:7070/api/admin/general-catalogs/work-position-schedule, method: GET, appUserId: 63f5fe75-4fbb-4328-a2dd-b7224778752e, storageCustomerId: 019c6bee-028a-70e4-98ea-557b645a3ae0} @ http://localhost:4200/chunk-72LYY77U.js:59
[ 2285801ms] [LOG] %c🛡️ [JwtInterceptorFn] Auth check completado. Interceptando ruta: color: #FF0000; font-style: italic; http://localhost:7070/api/notifications @ http://localhost:4200/chunk-72LYY77U.js:59
[ 2285802ms] [LOG] %c🔍 [StorageService] Recuperando valor para clave: 'customerId' color: #2196F3; font-style: italic; @ http://localhost:4200/chunk-72LYY77U.js:59
[ 2285803ms] [LOG] %c🔍 [StorageService] Recuperando valor para clave: 'customerId' color: #2196F3; font-style: italic; @ http://localhost:4200/chunk-72LYY77U.js:59
[ 2285805ms] [LOG] %c [JwtTrace] request color: #F44336; font-style: italic; {at: 2026-09-14T00:57:43.795Z, url: http://localhost:7070/api/notifications, method: GET, appUserId: 63f5fe75-4fbb-4328-a2dd-b7224778752e, storageCustomerId: 019c6bee-028a-70e4-98ea-557b645a3ae0} @ http://localhost:4200/chunk-72LYY77U.js:59
[ 2285808ms] [LOG] %c🛡️ [JwtInterceptorFn] Auth check completado. Interceptando ruta: color: #FF0000; font-style: italic; http://localhost:7070/api/notifications/unread-count @ http://localhost:4200/chunk-72LYY77U.js:59
[ 2285809ms] [LOG] %c🔍 [StorageService] Recuperando valor para clave: 'customerId' color: #2196F3; font-style: italic; @ http://localhost:4200/chunk-72LYY77U.js:59
[ 2285810ms] [LOG] %c🔍 [StorageService] Recuperando valor para clave: 'customerId' color: #2196F3; font-style: italic; @ http://localhost:4200/chunk-72LYY77U.js:59
[ 2285811ms] [LOG] %c [JwtTrace] request color: #F44336; font-style: italic; {at: 2026-09-14T00:57:43.802Z, url: http://localhost:7070/api/notifications/unread-count, method: GET, appUserId: 63f5fe75-4fbb-4328-a2dd-b7224778752e, storageCustomerId: 019c6bee-028a-70e4-98ea-557b645a3ae0} @ http://localhost:4200/chunk-72LYY77U.js:59
[ 2285856ms] [LOG] %c [MenuTrace] effect.tick color: #9C27B0; font-style: italic; {at: 2026-09-14T00:57:43.848Z, customerId: 019c6bee-028a-70e4-98ea-557b645a3ae0, customerReady: true, applicationUserId: 63f5fe75-4fbb-4328-a2dd-b7224778752e, lastCustomerId: null} @ http://localhost:4200/chunk-72LYY77U.js:59
[ 2285857ms] [LOG] %c [MenuService] Customer data and session are ready. Loading menu... color: green; font-style: italic; @ http://localhost:4200/chunk-72LYY77U.js:59
[ 2285857ms] [LOG] %c [MenuTrace] triggerMenuLoad.start color: #9C27B0; font-style: italic; {at: 2026-09-14T00:57:43.850Z, customerId: 019c6bee-028a-70e4-98ea-557b645a3ae0, customerReady: true, applicationUserId: 63f5fe75-4fbb-4328-a2dd-b7224778752e, lastCustomerId: null} @ http://localhost:4200/chunk-72LYY77U.js:59
[ 2285859ms] [LOG] %c🛡️ [JwtInterceptorFn] Auth check completado. Interceptando ruta: color: #FF0000; font-style: italic; http://localhost:7070/api/menu-items/019c6bee-028a-70e4-98ea-557b645a3ae0 @ http://localhost:4200/chunk-72LYY77U.js:59
[ 2285861ms] [LOG] %c🔍 [StorageService] Recuperando valor para clave: 'customerId' color: #2196F3; font-style: italic; @ http://localhost:4200/chunk-72LYY77U.js:59
[ 2285861ms] [LOG] %c🔍 [StorageService] Recuperando valor para clave: 'customerId' color: #2196F3; font-style: italic; @ http://localhost:4200/chunk-72LYY77U.js:59
[ 2285863ms] [LOG] %c [JwtTrace] request color: #F44336; font-style: italic; {at: 2026-09-14T00:57:43.854Z, url: http://localhost:7070/api/menu-items/019c6bee-028a-70e4-98ea-557b645a3ae0, method: GET, appUserId: 63f5fe75-4fbb-4328-a2dd-b7224778752e, storageCustomerId: 019c6bee-028a-70e4-98ea-557b645a3ae0} @ http://localhost:4200/chunk-72LYY77U.js:59
[ 2285873ms] [LOG] %cok [OneSignal] SDK listo color: green; font-style: italic; @ http://localhost:4200/chunk-72LYY77U.js:59
[ 2286085ms] [LOG] %c [API SUCCESS]: GET NoLoading: notifications/unread-count color: gray; font-style: italic; 2 @ http://localhost:4200/chunk-72LYY77U.js:59
[ 2286116ms] [INFO] [2026-09-14T00:57:44.109Z] Information: WebSocket connected to ws://localhost:7070/ws/notificationHub?id=bL9akye_rt6ED4B69yEiyA&access_token=eyJhbGciOiJIUzI1NiIsInR5cCI6IkpXVCJ9.eyJzdWIiOiI2M2Y1ZmU3NS00ZmJiLTQzMjgtYTJkZC1iNzIyNDc3ODc1MmUiLCJqdGkiOiIwMWEwOWQ2Yi00MTVjLTc3ZDgtYjkwMi04YjBkMDdmODI2YTAiLCJpYXQiOjE3ODkzNDc0NDcsIm5hbWUiOiJBZG1pbmlzdHJhZG9yIExCRyIsImVtYWlsIjoiaW5mb0BsdXh1cnlidWlsZGluZy5jb20ubXgiLCJ1c2VybmFtZSI6ImFkbWluIiwiY3VzdG9tZXJJZCI6IjAxOWM2YmVlLTAyOGEtNzBlNC05OGVhLTU1N2I2NDVhM2FlMCIsImN1c3RvbWVyTmFtZSI6IkxVWFVSWSBCVUlMRElORyBHUk9VUCBTQSBERSBDViIsImZpcnN0TmFtZSI6IkFkbWluaXN0cmFkb3IiLCJsYXN0TmFtZSI6IkxCRyIsInBob25lIjoiKDU1KSAwMDAwLSAwMDAwIiwicGhvdG9QYXRoIjoiaHR0cDovL2xvY2FsaG9zdDo3MDcwL2FwaS9maWxlcy9kb3dubG9hZD9maWxlUGF0aD1wdWJsaWMlMmZBZG1pbmlzdHJhdGlvbiUyZmFjY291bnRzJTJmMDE5ZmE0NjUtMTkyMC03NzcyLWE5NDgtNzZhMDFlOGFiNzZjLnBuZyIsInBvc2l0aW9uIjoiRGVzY29ub2NpZG8iLCJodHRwOi8vc2NoZW1hcy5taWNyb3NvZnQuY29tL3dzLzIwMDgvMDYvaWRlbnRpdHkvY2xhaW1zL3JvbGUiOiJTdXBlclVzdWFyaW8iLCJyb2xlSWQiOiI2OTlkN2NjMS1kMTQzLTQ5ODUtYjU1YS1kMDMwODY0YzY5M2UiLCJleHAiOjE3ODkzNTEwNDcsImlzcyI6Imh0dHBzOi8vbG9jYWxob3N0OjcwNjkiLCJhdWQiOiJodHRwczovL2xvY2FsaG9zdDo0MjAwIn0.TNpUkYZM4_EsxvfkeB66tzDnEG2aZH27w1oJ0ie-nbU. @ http://localhost:4200/@fs/D:/repos/luxuryapp-api/appsweb/angular/.angular/cache/22.1.8/luxury-app/vite/deps/@microsoft_signalr.js?v=1b527642:308
[ 2286117ms] [INFO] [2026-09-14T00:57:44.109Z] Information: Using HubProtocol 'json'. @ http://localhost:4200/@fs/D:/repos/luxuryapp-api/appsweb/angular/.angular/cache/22.1.8/luxury-app/vite/deps/@microsoft_signalr.js?v=1b527642:308
[ 2286120ms] [LOG] %cLINK [SignalR] Conexion iniciada con exito. color: green; font-style: italic; @ http://localhost:4200/chunk-72LYY77U.js:59
[ 2286120ms] [LOG] %cSTATE [SignalR] connectionId = 'Vbev4FIhedH5y6MGqx5cMQ' color: green; font-style: italic; @ http://localhost:4200/chunk-72LYY77U.js:59
[ 2286121ms] [LOG] %cpkg [OneSignal] Inicializado con App ID: color: teal; font-style: italic; 3d1f1ce3-638f-4a30-b093-ab617baf91a8 @ http://localhost:4200/chunk-72LYY77U.js:59
[ 2286121ms] [LOG] %cear [OneSignal] Listeners registrados. color: cyan; font-style: italic; @ http://localhost:4200/chunk-72LYY77U.js:59
[ 2286122ms] [LOG] %cuser [OneSignal] Usuario logueado con ExternalUserId: 63f5fe75-4fbb-4328-a2dd-b7224778752e color: darkslateblue; font-style: italic; @ http://localhost:4200/chunk-72LYY77U.js:59
[ 2286123ms] [LOG] %csub [OneSignal] Permiso: color: dodgerblue; font-style: italic; false | Suscrito: false @ http://localhost:4200/chunk-72LYY77U.js:59
[ 2286123ms] [LOG] %cwarn [OneSignal] Usuario no completamente suscrito. color: orange; font-style: italic; @ http://localhost:4200/chunk-72LYY77U.js:59
[ 2286124ms] [LOG] %cUSER [SignalR] Evento ConnectedUser recibido: color: blue; font-style: italic; Bienvenido 63f5fe75-4fbb-4328-a2dd-b7224778752e @ http://localhost:4200/chunk-72LYY77U.js:59
[ 2286131ms] [LOG] %c [API SUCCESS]: GET LIST: admin/general-catalogs/work-position-schedule color: teal; font-style: italic; [Object, Object, Object, Object, Object, Object, Object, Object, Object, Object, Object, Object, Object, Object, Object, Object, Object, Object, Object, Object, Object, Object, Object, Object, Object, Object, Object, Object, Object, Object, Object, Object, Object, Object, Object, Object, Object, Object, Object, Object, Object, Object, Object, Object, Object, Object, Object, Object, Object, Object, Object, Object, Object, Object, Object, Object, Object, Object, Object, Object, Object, Object, Object, Object, Object, Object, Object, Object, Object, Object, Object, Object, Object, Object, Object, Object, Object, Object, Object, Object, Object, Object, Object, Object, Object, Object, Object, Object, Object, Object, Object, Object, Object, Object, Object, Object, Object, Object, Object, Object] @ http://localhost:4200/chunk-72LYY77U.js:59
[ 2286542ms] [ERROR] Failed to load resource: the server responded with a status of 404 (Not Found) @ http://localhost:7070/api/files/download?filePath=public%2fAdministration%2faccounts%2f019fa465-1920-7772-a948-76a01e8ab76c.png:0
[ 2286598ms] [LOG] %c [API SUCCESS]: GET NoLoading: notifications color: gray; font-style: italic; [Object, Object] @ http://localhost:4200/chunk-72LYY77U.js:59
[ 2286599ms] [LOG] %c [API SUCCESS]: GET LIST: menu-items/019c6bee-028a-70e4-98ea-557b645a3ae0 color: teal; font-style: italic; [Object, Object, Object, Object, Object, Object, Object, Object, Object, Object, Object, Object, Object, Object, Object, Object, Object, Object, Object, Object, Object, Object, Object, Object] @ http://localhost:4200/chunk-72LYY77U.js:59
[ 2286600ms] [LOG] %c [MenuTrace] fetchMenuItemsFromApi.success color: #9C27B0; font-style: italic; {at: 2026-09-14T00:57:44.593Z, customerId: 019c6bee-028a-70e4-98ea-557b645a3ae0, customerReady: true, applicationUserId: 63f5fe75-4fbb-4328-a2dd-b7224778752e, lastCustomerId: 019c6bee-028a-70e4-98ea-557b645a3ae0} @ http://localhost:4200/chunk-72LYY77U.js:59
[ 2286600ms] [LOG] %c [MenuTrace] triggerMenuLoad.response color: #9C27B0; font-style: italic; {at: 2026-09-14T00:57:44.593Z, customerId: 019c6bee-028a-70e4-98ea-557b645a3ae0, customerReady: true, applicationUserId: 63f5fe75-4fbb-4328-a2dd-b7224778752e, lastCustomerId: 019c6bee-028a-70e4-98ea-557b645a3ae0} @ http://localhost:4200/chunk-72LYY77U.js:59
[ 2714917ms] [LOG] %c📦 [StorageService] Inicializando servicio de almacenamiento local... color: #3F51B5; font-style: italic; @ http://localhost:4200/chunk-72LYY77U.js:59
[ 2714919ms] [LOG] %c [AuthService] Verificando ruta inicial: /admin/work-position-schedules | Es publica: false color: #9C27B0; font-style: italic; @ http://localhost:4200/chunk-72LYY77U.js:59
[ 2714920ms] [LOG] %c [AuthService] Ruta no publica. Intentando login silencioso... color: #009688; font-style: italic; @ http://localhost:4200/chunk-72LYY77U.js:59
[ 2714924ms] [LOG] %c🚀 [Initializer] Starting application state initialization... color: purple; font-style: italic; @ http://localhost:4200/chunk-72LYY77U.js:59
[ 2715870ms] [LOG] %c [AuthService] Token renovado. Actualizando sesion en memoria. color: color: #4CAF50; font-style: italic;; font-style: italic; @ http://localhost:4200/chunk-72LYY77U.js:59
[ 2715870ms] [LOG] %c [AuthTrace] refresh.success.before-set color: #03A9F4; font-style: italic; {at: 2026-09-14T01:04:53.862Z, applicationUserId: 63f5fe75-4fbb-4328-a2dd-b7224778752e, tokenCustomerId: 019c6bee-028a-70e4-98ea-557b645a3ae0, roles: Array(1), customerAccessCount: 10} @ http://localhost:4200/chunk-72LYY77U.js:59
[ 2715871ms] [LOG] %c [AuthTrace] refresh.success.after-set color: #03A9F4; font-style: italic; {at: 2026-09-14T01:04:53.863Z, applicationUserId: 63f5fe75-4fbb-4328-a2dd-b7224778752e, tokenCustomerId: 019c6bee-028a-70e4-98ea-557b645a3ae0, roles: Array(1), customerAccessCount: 10} @ http://localhost:4200/chunk-72LYY77U.js:59
[ 2715871ms] [LOG] %cLINK [SignalR] Construyendo conexion... color: blue; font-style: italic; @ http://localhost:4200/chunk-72LYY77U.js:59
[ 2715871ms] [LOG] %cHEADSET [SignalR] Registrando listeners... color: cyan; font-style: italic; @ http://localhost:4200/chunk-72LYY77U.js:59
[ 2715872ms] [LOG] %cLINK [SignalR] Iniciando conexion... color: blue; font-style: italic; @ http://localhost:4200/chunk-72LYY77U.js:59
[ 2715872ms] [LOG] %c [AuthTrace] trySilentLogin.finalize color: #8BC34A; font-style: italic; {at: 2026-09-14T01:04:53.865Z, isAuthenticated: true} @ http://localhost:4200/chunk-72LYY77U.js:59
[ 2715874ms] [LOG] %c🏢 [Initializer] User session found. Initializing customer state... color: #3F51B5; font-style: italic; @ http://localhost:4200/chunk-72LYY77U.js:59
[ 2715875ms] [LOG] %c🔍 [StorageService] Recuperando valor para clave: 'customerId' color: #2196F3; font-style: italic; @ http://localhost:4200/chunk-72LYY77U.js:59
[ 2715876ms] [LOG] %c [CustomerTrace] initialize.start color: #FF9800; font-style: italic; {at: 2026-09-14T01:04:53.867Z, state: Object, storedCustomerId: 019c6bee-028a-70e4-98ea-557b645a3ae0, tokenCustomerId: 019c6bee-028a-70e4-98ea-557b645a3ae0, customerAccess: Array(10)} @ http://localhost:4200/chunk-72LYY77U.js:59
[ 2715876ms] [LOG] %c🔍 [StorageService] Recuperando valor para clave: 'customerId' color: #2196F3; font-style: italic; @ http://localhost:4200/chunk-72LYY77U.js:59
[ 2715877ms] [LOG] %c🔍 [StorageService] Recuperando valor para clave: 'customerId' color: #2196F3; font-style: italic; @ http://localhost:4200/chunk-72LYY77U.js:59
[ 2715877ms] [LOG] %c [CustomerTrace] initialize.selected-customer color: #FF9800; font-style: italic; {at: 2026-09-14T01:04:53.869Z, state: Object, storedCustomerId: 019c6bee-028a-70e4-98ea-557b645a3ae0, selectedCustomerId: 019c6bee-028a-70e4-98ea-557b645a3ae0} @ http://localhost:4200/chunk-72LYY77U.js:59
[ 2715878ms] [LOG] %c💾 [StorageService] Guardando clave: 'customerId' color: #FF9800; font-style: italic; {value: 019c6bee-028a-70e4-98ea-557b645a3ae0} @ http://localhost:4200/chunk-72LYY77U.js:59
[ 2715878ms] [LOG] %c✅ [StorageService] Clave 'customerId' guardada exitosamente. color: #4CAF50; font-style: italic; @ http://localhost:4200/chunk-72LYY77U.js:59
[ 2715879ms] [LOG] %c🔍 [StorageService] Recuperando valor para clave: 'customerId' color: #2196F3; font-style: italic; @ http://localhost:4200/chunk-72LYY77U.js:59
[ 2715879ms] [LOG] %c [CustomerTrace] loadDataForCustomer.start color: #FF9800; font-style: italic; {at: 2026-09-14T01:04:53.871Z, state: Object, storedCustomerId: 019c6bee-028a-70e4-98ea-557b645a3ae0, customerId: 019c6bee-028a-70e4-98ea-557b645a3ae0} @ http://localhost:4200/chunk-72LYY77U.js:59
[ 2715881ms] [LOG] %c🛡️ [JwtInterceptorFn] Auth check completado. Interceptando ruta: color: #FF0000; font-style: italic; http://localhost:7070/api/customers/019c6bee-028a-70e4-98ea-557b645a3ae0 @ http://localhost:4200/chunk-72LYY77U.js:59
[ 2715883ms] [LOG] %c🔍 [StorageService] Recuperando valor para clave: 'customerId' color: #2196F3; font-style: italic; @ http://localhost:4200/chunk-72LYY77U.js:59
[ 2715883ms] [LOG] %c🔍 [StorageService] Recuperando valor para clave: 'customerId' color: #2196F3; font-style: italic; @ http://localhost:4200/chunk-72LYY77U.js:59
[ 2715884ms] [LOG] %c [JwtTrace] request color: #F44336; font-style: italic; {at: 2026-09-14T01:04:53.876Z, url: http://localhost:7070/api/customers/019c6bee-028a-70e4-98ea-557b645a3ae0, method: GET, appUserId: 63f5fe75-4fbb-4328-a2dd-b7224778752e, storageCustomerId: 019c6bee-028a-70e4-98ea-557b645a3ae0} @ http://localhost:4200/chunk-72LYY77U.js:59
[ 2715909ms] [INFO] [2026-09-14T01:04:53.901Z] Information: WebSocket connected to ws://localhost:7070/ws/notificationHub?id=NIBbJdaWK9UgH7cGS8lj1w&access_token=eyJhbGciOiJIUzI1NiIsInR5cCI6IkpXVCJ9.eyJzdWIiOiI2M2Y1ZmU3NS00ZmJiLTQzMjgtYTJkZC1iNzIyNDc3ODc1MmUiLCJqdGkiOiIwMWEwOWQ3Mi0xMjEyLTcwMzQtODNkMC0wNGRiZjczZTgxZGMiLCJpYXQiOjE3ODkzNDc4OTMsIm5hbWUiOiJBZG1pbmlzdHJhZG9yIExCRyIsImVtYWlsIjoiaW5mb0BsdXh1cnlidWlsZGluZy5jb20ubXgiLCJ1c2VybmFtZSI6ImFkbWluIiwiY3VzdG9tZXJJZCI6IjAxOWM2YmVlLTAyOGEtNzBlNC05OGVhLTU1N2I2NDVhM2FlMCIsImN1c3RvbWVyTmFtZSI6IkxVWFVSWSBCVUlMRElORyBHUk9VUCBTQSBERSBDViIsImZpcnN0TmFtZSI6IkFkbWluaXN0cmFkb3IiLCJsYXN0TmFtZSI6IkxCRyIsInBob25lIjoiKDU1KSAwMDAwLSAwMDAwIiwicGhvdG9QYXRoIjoiaHR0cDovL2xvY2FsaG9zdDo3MDcwL2FwaS9maWxlcy9kb3dubG9hZD9maWxlUGF0aD1wdWJsaWMlMmZBZG1pbmlzdHJhdGlvbiUyZmFjY291bnRzJTJmMDE5ZmE0NjUtMTkyMC03NzcyLWE5NDgtNzZhMDFlOGFiNzZjLnBuZyIsInBvc2l0aW9uIjoiRGVzY29ub2NpZG8iLCJodHRwOi8vc2NoZW1hcy5taWNyb3NvZnQuY29tL3dzLzIwMDgvMDYvaWRlbnRpdHkvY2xhaW1zL3JvbGUiOiJTdXBlclVzdWFyaW8iLCJyb2xlSWQiOiI2OTlkN2NjMS1kMTQzLTQ5ODUtYjU1YS1kMDMwODY0YzY5M2UiLCJleHAiOjE3ODkzNTE0OTMsImlzcyI6Imh0dHBzOi8vbG9jYWxob3N0OjcwNjkiLCJhdWQiOiJodHRwczovL2xvY2FsaG9zdDo0MjAwIn0.-r07bfO8Ab1TwC1bKU_07ggg9uCuXzWL6KDugVTx37c. @ http://localhost:4200/@fs/D:/repos/luxuryapp-api/appsweb/angular/.angular/cache/22.1.8/luxury-app/vite/deps/@microsoft_signalr.js?v=1b527642:308
[ 2715910ms] [INFO] [2026-09-14T01:04:53.902Z] Information: Using HubProtocol 'json'. @ http://localhost:4200/@fs/D:/repos/luxuryapp-api/appsweb/angular/.angular/cache/22.1.8/luxury-app/vite/deps/@microsoft_signalr.js?v=1b527642:308
[ 2715912ms] [LOG] %c🔍 [StorageService] Recuperando valor para clave: 'customerId' color: #2196F3; font-style: italic; @ http://localhost:4200/chunk-72LYY77U.js:59
[ 2715912ms] [LOG] %c [CustomerTrace] loadDataForCustomer.response color: #FF9800; font-style: italic; {at: 2026-09-14T01:04:53.904Z, state: Object, storedCustomerId: 019c6bee-028a-70e4-98ea-557b645a3ae0, customerId: 019c6bee-028a-70e4-98ea-557b645a3ae0, success: true} @ http://localhost:4200/chunk-72LYY77U.js:59
[ 2715913ms] [LOG] %c🔍 [StorageService] Recuperando valor para clave: 'customerId' color: #2196F3; font-style: italic; @ http://localhost:4200/chunk-72LYY77U.js:59
[ 2715913ms] [LOG] %c [CustomerTrace] loadDataForCustomer.ready color: #FF9800; font-style: italic; {at: 2026-09-14T01:04:53.905Z, state: Object, storedCustomerId: 019c6bee-028a-70e4-98ea-557b645a3ae0, customerId: 019c6bee-028a-70e4-98ea-557b645a3ae0} @ http://localhost:4200/chunk-72LYY77U.js:59
[ 2715913ms] [LOG] %c✅ [Initializer] State initialization complete. color: green; font-style: italic; @ http://localhost:4200/chunk-72LYY77U.js:59
[ 2715917ms] [LOG] %c🔄 UpdateService: Inicializando servicio de actualizaciones color: blue; font-weight: bold; @ http://localhost:4200/chunk-WEIOKMZ7.js:10
[ 2715917ms] [LOG] %c🔄 UpdateService: ❌ Service Worker NO habilitado color: red; font-weight: bold; @ http://localhost:4200/chunk-WEIOKMZ7.js:22
[ 2715930ms] [LOG] %c🚀 [App] ¡Aplicación iniciada! Soy más ligero y rápido que nunca. color: #673AB7; font-style: italic; @ http://localhost:4200/chunk-72LYY77U.js:59
[ 2715956ms] [LOG] Angular is running in development mode. @ http://localhost:4200/@fs/D:/repos/luxuryapp-api/appsweb/angular/.angular/cache/22.1.8/luxury-app/vite/deps/core-gRj2gSiC.js?v=72229873:9175
[ 2715968ms] [LOG] %cLINK [SignalR] Conexion iniciada con exito. color: green; font-style: italic; @ http://localhost:4200/chunk-72LYY77U.js:59
[ 2715969ms] [LOG] %cSTATE [SignalR] connectionId = '-iF14EjdTnLPBQLTQCoWZA' color: green; font-style: italic; @ http://localhost:4200/chunk-72LYY77U.js:59
[ 2715969ms] [LOG] %cUSER [SignalR] Evento ConnectedUser recibido: color: blue; font-style: italic; Bienvenido 63f5fe75-4fbb-4328-a2dd-b7224778752e @ http://localhost:4200/chunk-72LYY77U.js:59
[ 2716722ms] [LOG] %c🎉 [LayoutEmployee] ¡Layout de empleado cargado! Despertando a los gigantes (SignalR, OneSignal...) color: #2196F3; font-style: italic; @ http://localhost:4200/chunk-72LYY77U.js:59
[ 2716723ms] [LOG] %cLINK [SignalR] Construyendo conexion... color: blue; font-style: italic; @ http://localhost:4200/chunk-72LYY77U.js:59
[ 2716723ms] [LOG] %cHEADSET [SignalR] Registrando listeners... color: cyan; font-style: italic; @ http://localhost:4200/chunk-72LYY77U.js:59
[ 2716723ms] [LOG] %cLINK [SignalR] Iniciando conexion... color: blue; font-style: italic; @ http://localhost:4200/chunk-72LYY77U.js:59
[ 2716724ms] [LOG] %cℹ️ [LayoutEmployee] Usuario 63f5fe75-4fbb-4328-a2dd-b7224778752e autenticado. Iniciando OneSignal... color: dodgerblue;font-style: italic @ http://localhost:4200/chunk-72LYY77U.js:72
[ 2716724ms] [LOG] %c... [OneSignal] Esperando que el SDK este listo... color: orange; font-style: italic; @ http://localhost:4200/chunk-72LYY77U.js:59
[ 2716756ms] [LOG] %c🛡️ [JwtInterceptorFn] Auth check completado. Interceptando ruta: color: #FF0000; font-style: italic; http://localhost:7070/api/admin/general-catalogs/work-position-schedule @ http://localhost:4200/chunk-72LYY77U.js:59
[ 2716759ms] [LOG] %c🔍 [StorageService] Recuperando valor para clave: 'customerId' color: #2196F3; font-style: italic; @ http://localhost:4200/chunk-72LYY77U.js:59
[ 2716763ms] [LOG] %c🔍 [StorageService] Recuperando valor para clave: 'customerId' color: #2196F3; font-style: italic; @ http://localhost:4200/chunk-72LYY77U.js:59
[ 2716765ms] [LOG] %c [JwtTrace] request color: #F44336; font-style: italic; {at: 2026-09-14T01:04:54.755Z, url: http://localhost:7070/api/admin/general-catalogs/work-position-schedule, method: GET, appUserId: 63f5fe75-4fbb-4328-a2dd-b7224778752e, storageCustomerId: 019c6bee-028a-70e4-98ea-557b645a3ae0} @ http://localhost:4200/chunk-72LYY77U.js:59
[ 2716936ms] [LOG] %c🛡️ [JwtInterceptorFn] Auth check completado. Interceptando ruta: color: #FF0000; font-style: italic; http://localhost:7070/api/notifications @ http://localhost:4200/chunk-72LYY77U.js:59
[ 2716937ms] [LOG] %c🔍 [StorageService] Recuperando valor para clave: 'customerId' color: #2196F3; font-style: italic; @ http://localhost:4200/chunk-72LYY77U.js:59
[ 2716938ms] [LOG] %c🔍 [StorageService] Recuperando valor para clave: 'customerId' color: #2196F3; font-style: italic; @ http://localhost:4200/chunk-72LYY77U.js:59
[ 2716939ms] [LOG] %c [JwtTrace] request color: #F44336; font-style: italic; {at: 2026-09-14T01:04:54.930Z, url: http://localhost:7070/api/notifications, method: GET, appUserId: 63f5fe75-4fbb-4328-a2dd-b7224778752e, storageCustomerId: 019c6bee-028a-70e4-98ea-557b645a3ae0} @ http://localhost:4200/chunk-72LYY77U.js:59
[ 2716942ms] [LOG] %c🛡️ [JwtInterceptorFn] Auth check completado. Interceptando ruta: color: #FF0000; font-style: italic; http://localhost:7070/api/notifications/unread-count @ http://localhost:4200/chunk-72LYY77U.js:59
[ 2716943ms] [LOG] %c🔍 [StorageService] Recuperando valor para clave: 'customerId' color: #2196F3; font-style: italic; @ http://localhost:4200/chunk-72LYY77U.js:59
[ 2716944ms] [LOG] %c🔍 [StorageService] Recuperando valor para clave: 'customerId' color: #2196F3; font-style: italic; @ http://localhost:4200/chunk-72LYY77U.js:59
[ 2716945ms] [LOG] %c [JwtTrace] request color: #F44336; font-style: italic; {at: 2026-09-14T01:04:54.936Z, url: http://localhost:7070/api/notifications/unread-count, method: GET, appUserId: 63f5fe75-4fbb-4328-a2dd-b7224778752e, storageCustomerId: 019c6bee-028a-70e4-98ea-557b645a3ae0} @ http://localhost:4200/chunk-72LYY77U.js:59
[ 2716980ms] [LOG] %c [MenuTrace] effect.tick color: #9C27B0; font-style: italic; {at: 2026-09-14T01:04:54.972Z, customerId: 019c6bee-028a-70e4-98ea-557b645a3ae0, customerReady: true, applicationUserId: 63f5fe75-4fbb-4328-a2dd-b7224778752e, lastCustomerId: null} @ http://localhost:4200/chunk-72LYY77U.js:59
[ 2716980ms] [LOG] %c [MenuService] Customer data and session are ready. Loading menu... color: green; font-style: italic; @ http://localhost:4200/chunk-72LYY77U.js:59
[ 2716981ms] [LOG] %c [MenuTrace] triggerMenuLoad.start color: #9C27B0; font-style: italic; {at: 2026-09-14T01:04:54.973Z, customerId: 019c6bee-028a-70e4-98ea-557b645a3ae0, customerReady: true, applicationUserId: 63f5fe75-4fbb-4328-a2dd-b7224778752e, lastCustomerId: null} @ http://localhost:4200/chunk-72LYY77U.js:59
[ 2716982ms] [LOG] %c🛡️ [JwtInterceptorFn] Auth check completado. Interceptando ruta: color: #FF0000; font-style: italic; http://localhost:7070/api/menu-items/019c6bee-028a-70e4-98ea-557b645a3ae0 @ http://localhost:4200/chunk-72LYY77U.js:59
[ 2716982ms] [LOG] %c🔍 [StorageService] Recuperando valor para clave: 'customerId' color: #2196F3; font-style: italic; @ http://localhost:4200/chunk-72LYY77U.js:59
[ 2716984ms] [LOG] %c🔍 [StorageService] Recuperando valor para clave: 'customerId' color: #2196F3; font-style: italic; @ http://localhost:4200/chunk-72LYY77U.js:59
[ 2716984ms] [LOG] %c [JwtTrace] request color: #F44336; font-style: italic; {at: 2026-09-14T01:04:54.976Z, url: http://localhost:7070/api/menu-items/019c6bee-028a-70e4-98ea-557b645a3ae0, method: GET, appUserId: 63f5fe75-4fbb-4328-a2dd-b7224778752e, storageCustomerId: 019c6bee-028a-70e4-98ea-557b645a3ae0} @ http://localhost:4200/chunk-72LYY77U.js:59
[ 2716989ms] [LOG] %cok [OneSignal] SDK listo color: green; font-style: italic; @ http://localhost:4200/chunk-72LYY77U.js:59
[ 2717027ms] [ERROR] Failed to load resource: the server responded with a status of 404 (Not Found) @ http://localhost:7070/api/files/download?filePath=public%2fAdministration%2faccounts%2f019fa465-1920-7772-a948-76a01e8ab76c.png:0
[ 2717061ms] [LOG] %c [API SUCCESS]: GET LIST: admin/general-catalogs/work-position-schedule color: teal; font-style: italic; [Object, Object, Object, Object, Object, Object, Object, Object, Object, Object, Object, Object, Object, Object, Object, Object, Object, Object, Object, Object, Object, Object, Object, Object, Object, Object, Object, Object, Object, Object, Object, Object, Object, Object, Object, Object, Object, Object, Object, Object, Object, Object, Object, Object, Object, Object, Object, Object, Object, Object, Object, Object, Object, Object, Object, Object, Object, Object, Object, Object, Object, Object, Object, Object, Object, Object, Object, Object, Object, Object, Object, Object, Object, Object, Object, Object, Object, Object, Object, Object, Object, Object, Object, Object, Object, Object, Object, Object, Object, Object, Object, Object, Object, Object, Object, Object, Object, Object, Object, Object] @ http://localhost:4200/chunk-72LYY77U.js:59
[ 2717062ms] [LOG] %c [API SUCCESS]: GET NoLoading: notifications color: gray; font-style: italic; [Object, Object] @ http://localhost:4200/chunk-72LYY77U.js:59
[ 2717063ms] [LOG] %c [API SUCCESS]: GET NoLoading: notifications/unread-count color: gray; font-style: italic; 2 @ http://localhost:4200/chunk-72LYY77U.js:59
[ 2717673ms] [LOG] %c [API SUCCESS]: GET LIST: menu-items/019c6bee-028a-70e4-98ea-557b645a3ae0 color: teal; font-style: italic; [Object, Object, Object, Object, Object, Object, Object, Object, Object, Object, Object, Object, Object, Object, Object, Object, Object, Object, Object, Object, Object, Object, Object, Object] @ http://localhost:4200/chunk-72LYY77U.js:59
[ 2717674ms] [LOG] %c [MenuTrace] fetchMenuItemsFromApi.success color: #9C27B0; font-style: italic; {at: 2026-09-14T01:04:55.666Z, customerId: 019c6bee-028a-70e4-98ea-557b645a3ae0, customerReady: true, applicationUserId: 63f5fe75-4fbb-4328-a2dd-b7224778752e, lastCustomerId: 019c6bee-028a-70e4-98ea-557b645a3ae0} @ http://localhost:4200/chunk-72LYY77U.js:59
[ 2717674ms] [LOG] %c [MenuTrace] triggerMenuLoad.response color: #9C27B0; font-style: italic; {at: 2026-09-14T01:04:55.667Z, customerId: 019c6bee-028a-70e4-98ea-557b645a3ae0, customerReady: true, applicationUserId: 63f5fe75-4fbb-4328-a2dd-b7224778752e, lastCustomerId: 019c6bee-028a-70e4-98ea-557b645a3ae0} @ http://localhost:4200/chunk-72LYY77U.js:59
[ 2717750ms] [INFO] [2026-09-14T01:04:55.742Z] Information: WebSocket connected to ws://localhost:7070/ws/notificationHub?id=5XvaAlOeTuqMK4HgVZByyg&access_token=eyJhbGciOiJIUzI1NiIsInR5cCI6IkpXVCJ9.eyJzdWIiOiI2M2Y1ZmU3NS00ZmJiLTQzMjgtYTJkZC1iNzIyNDc3ODc1MmUiLCJqdGkiOiIwMWEwOWQ3Mi0xMjEyLTcwMzQtODNkMC0wNGRiZjczZTgxZGMiLCJpYXQiOjE3ODkzNDc4OTMsIm5hbWUiOiJBZG1pbmlzdHJhZG9yIExCRyIsImVtYWlsIjoiaW5mb0BsdXh1cnlidWlsZGluZy5jb20ubXgiLCJ1c2VybmFtZSI6ImFkbWluIiwiY3VzdG9tZXJJZCI6IjAxOWM2YmVlLTAyOGEtNzBlNC05OGVhLTU1N2I2NDVhM2FlMCIsImN1c3RvbWVyTmFtZSI6IkxVWFVSWSBCVUlMRElORyBHUk9VUCBTQSBERSBDViIsImZpcnN0TmFtZSI6IkFkbWluaXN0cmFkb3IiLCJsYXN0TmFtZSI6IkxCRyIsInBob25lIjoiKDU1KSAwMDAwLSAwMDAwIiwicGhvdG9QYXRoIjoiaHR0cDovL2xvY2FsaG9zdDo3MDcwL2FwaS9maWxlcy9kb3dubG9hZD9maWxlUGF0aD1wdWJsaWMlMmZBZG1pbmlzdHJhdGlvbiUyZmFjY291bnRzJTJmMDE5ZmE0NjUtMTkyMC03NzcyLWE5NDgtNzZhMDFlOGFiNzZjLnBuZyIsInBvc2l0aW9uIjoiRGVzY29ub2NpZG8iLCJodHRwOi8vc2NoZW1hcy5taWNyb3NvZnQuY29tL3dzLzIwMDgvMDYvaWRlbnRpdHkvY2xhaW1zL3JvbGUiOiJTdXBlclVzdWFyaW8iLCJyb2xlSWQiOiI2OTlkN2NjMS1kMTQzLTQ5ODUtYjU1YS1kMDMwODY0YzY5M2UiLCJleHAiOjE3ODkzNTE0OTMsImlzcyI6Imh0dHBzOi8vbG9jYWxob3N0OjcwNjkiLCJhdWQiOiJodHRwczovL2xvY2FsaG9zdDo0MjAwIn0.-r07bfO8Ab1TwC1bKU_07ggg9uCuXzWL6KDugVTx37c. @ http://localhost:4200/@fs/D:/repos/luxuryapp-api/appsweb/angular/.angular/cache/22.1.8/luxury-app/vite/deps/@microsoft_signalr.js?v=1b527642:308
[ 2717750ms] [INFO] [2026-09-14T01:04:55.743Z] Information: Using HubProtocol 'json'. @ http://localhost:4200/@fs/D:/repos/luxuryapp-api/appsweb/angular/.angular/cache/22.1.8/luxury-app/vite/deps/@microsoft_signalr.js?v=1b527642:308
[ 2717759ms] [LOG] %cLINK [SignalR] Conexion iniciada con exito. color: green; font-style: italic; @ http://localhost:4200/chunk-72LYY77U.js:59
[ 2717759ms] [LOG] %cSTATE [SignalR] connectionId = 'FCBjjRzVr6NbLF3EkjvS-g' color: green; font-style: italic; @ http://localhost:4200/chunk-72LYY77U.js:59
[ 2717760ms] [LOG] %cUSER [SignalR] Evento ConnectedUser recibido: color: blue; font-style: italic; Bienvenido 63f5fe75-4fbb-4328-a2dd-b7224778752e @ http://localhost:4200/chunk-72LYY77U.js:59
[ 2717881ms] [LOG] %cpkg [OneSignal] Inicializado con App ID: color: teal; font-style: italic; 3d1f1ce3-638f-4a30-b093-ab617baf91a8 @ http://localhost:4200/chunk-72LYY77U.js:59
[ 2717881ms] [LOG] %cear [OneSignal] Listeners registrados. color: cyan; font-style: italic; @ http://localhost:4200/chunk-72LYY77U.js:59
[ 2717881ms] [LOG] %cuser [OneSignal] Usuario logueado con ExternalUserId: 63f5fe75-4fbb-4328-a2dd-b7224778752e color: darkslateblue; font-style: italic; @ http://localhost:4200/chunk-72LYY77U.js:59
[ 2717882ms] [LOG] %csub [OneSignal] Permiso: color: dodgerblue; font-style: italic; false | Suscrito: false @ http://localhost:4200/chunk-72LYY77U.js:59
[ 2717882ms] [LOG] %cwarn [OneSignal] Usuario no completamente suscrito. color: orange; font-style: italic; @ http://localhost:4200/chunk-72LYY77U.js:59
[ 2974282ms] [LOG] %c📦 [StorageService] Inicializando servicio de almacenamiento local... color: #3F51B5; font-style: italic; @ http://localhost:4200/chunk-72LYY77U.js:59
[ 2974284ms] [LOG] %c [AuthService] Verificando ruta inicial: /admin/work-position-schedules | Es publica: false color: #9C27B0; font-style: italic; @ http://localhost:4200/chunk-72LYY77U.js:59
[ 2974284ms] [LOG] %c [AuthService] Ruta no publica. Intentando login silencioso... color: #009688; font-style: italic; @ http://localhost:4200/chunk-72LYY77U.js:59
[ 2974288ms] [LOG] %c🚀 [Initializer] Starting application state initialization... color: purple; font-style: italic; @ http://localhost:4200/chunk-72LYY77U.js:59
[ 2974403ms] [LOG] %c [AuthService] Token renovado. Actualizando sesion en memoria. color: color: #4CAF50; font-style: italic;; font-style: italic; @ http://localhost:4200/chunk-72LYY77U.js:59
[ 2974403ms] [LOG] %c [AuthTrace] refresh.success.before-set color: #03A9F4; font-style: italic; {at: 2026-09-14T01:09:12.396Z, applicationUserId: 63f5fe75-4fbb-4328-a2dd-b7224778752e, tokenCustomerId: 019c6bee-028a-70e4-98ea-557b645a3ae0, roles: Array(1), customerAccessCount: 10} @ http://localhost:4200/chunk-72LYY77U.js:59
[ 2974404ms] [LOG] %c [AuthTrace] refresh.success.after-set color: #03A9F4; font-style: italic; {at: 2026-09-14T01:09:12.396Z, applicationUserId: 63f5fe75-4fbb-4328-a2dd-b7224778752e, tokenCustomerId: 019c6bee-028a-70e4-98ea-557b645a3ae0, roles: Array(1), customerAccessCount: 10} @ http://localhost:4200/chunk-72LYY77U.js:59
[ 2974404ms] [LOG] %cLINK [SignalR] Construyendo conexion... color: blue; font-style: italic; @ http://localhost:4200/chunk-72LYY77U.js:59
[ 2974405ms] [LOG] %cHEADSET [SignalR] Registrando listeners... color: cyan; font-style: italic; @ http://localhost:4200/chunk-72LYY77U.js:59
[ 2974405ms] [LOG] %cLINK [SignalR] Iniciando conexion... color: blue; font-style: italic; @ http://localhost:4200/chunk-72LYY77U.js:59
[ 2974406ms] [LOG] %c [AuthTrace] trySilentLogin.finalize color: #8BC34A; font-style: italic; {at: 2026-09-14T01:09:12.398Z, isAuthenticated: true} @ http://localhost:4200/chunk-72LYY77U.js:59
[ 2974406ms] [LOG] %c🏢 [Initializer] User session found. Initializing customer state... color: #3F51B5; font-style: italic; @ http://localhost:4200/chunk-72LYY77U.js:59
[ 2974407ms] [LOG] %c🔍 [StorageService] Recuperando valor para clave: 'customerId' color: #2196F3; font-style: italic; @ http://localhost:4200/chunk-72LYY77U.js:59
[ 2974407ms] [LOG] %c [CustomerTrace] initialize.start color: #FF9800; font-style: italic; {at: 2026-09-14T01:09:12.399Z, state: Object, storedCustomerId: 019c6bee-028a-70e4-98ea-557b645a3ae0, tokenCustomerId: 019c6bee-028a-70e4-98ea-557b645a3ae0, customerAccess: Array(10)} @ http://localhost:4200/chunk-72LYY77U.js:59
[ 2974408ms] [LOG] %c🔍 [StorageService] Recuperando valor para clave: 'customerId' color: #2196F3; font-style: italic; @ http://localhost:4200/chunk-72LYY77U.js:59
[ 2974409ms] [LOG] %c🔍 [StorageService] Recuperando valor para clave: 'customerId' color: #2196F3; font-style: italic; @ http://localhost:4200/chunk-72LYY77U.js:59
[ 2974410ms] [LOG] %c [CustomerTrace] initialize.selected-customer color: #FF9800; font-style: italic; {at: 2026-09-14T01:09:12.401Z, state: Object, storedCustomerId: 019c6bee-028a-70e4-98ea-557b645a3ae0, selectedCustomerId: 019c6bee-028a-70e4-98ea-557b645a3ae0} @ http://localhost:4200/chunk-72LYY77U.js:59
[ 2974410ms] [LOG] %c💾 [StorageService] Guardando clave: 'customerId' color: #FF9800; font-style: italic; {value: 019c6bee-028a-70e4-98ea-557b645a3ae0} @ http://localhost:4200/chunk-72LYY77U.js:59
[ 2974411ms] [LOG] %c✅ [StorageService] Clave 'customerId' guardada exitosamente. color: #4CAF50; font-style: italic; @ http://localhost:4200/chunk-72LYY77U.js:59
[ 2974412ms] [LOG] %c🔍 [StorageService] Recuperando valor para clave: 'customerId' color: #2196F3; font-style: italic; @ http://localhost:4200/chunk-72LYY77U.js:59
[ 2974413ms] [LOG] %c [CustomerTrace] loadDataForCustomer.start color: #FF9800; font-style: italic; {at: 2026-09-14T01:09:12.404Z, state: Object, storedCustomerId: 019c6bee-028a-70e4-98ea-557b645a3ae0, customerId: 019c6bee-028a-70e4-98ea-557b645a3ae0} @ http://localhost:4200/chunk-72LYY77U.js:59
[ 2974415ms] [LOG] %c🛡️ [JwtInterceptorFn] Auth check completado. Interceptando ruta: color: #FF0000; font-style: italic; http://localhost:7070/api/customers/019c6bee-028a-70e4-98ea-557b645a3ae0 @ http://localhost:4200/chunk-72LYY77U.js:59
[ 2974417ms] [LOG] %c🔍 [StorageService] Recuperando valor para clave: 'customerId' color: #2196F3; font-style: italic; @ http://localhost:4200/chunk-72LYY77U.js:59
[ 2974417ms] [LOG] %c🔍 [StorageService] Recuperando valor para clave: 'customerId' color: #2196F3; font-style: italic; @ http://localhost:4200/chunk-72LYY77U.js:59
[ 2974418ms] [LOG] %c [JwtTrace] request color: #F44336; font-style: italic; {at: 2026-09-14T01:09:12.410Z, url: http://localhost:7070/api/customers/019c6bee-028a-70e4-98ea-557b645a3ae0, method: GET, appUserId: 63f5fe75-4fbb-4328-a2dd-b7224778752e, storageCustomerId: 019c6bee-028a-70e4-98ea-557b645a3ae0} @ http://localhost:4200/chunk-72LYY77U.js:59
[ 2974435ms] [LOG] %c🔍 [StorageService] Recuperando valor para clave: 'customerId' color: #2196F3; font-style: italic; @ http://localhost:4200/chunk-72LYY77U.js:59
[ 2974435ms] [LOG] %c [CustomerTrace] loadDataForCustomer.response color: #FF9800; font-style: italic; {at: 2026-09-14T01:09:12.427Z, state: Object, storedCustomerId: 019c6bee-028a-70e4-98ea-557b645a3ae0, customerId: 019c6bee-028a-70e4-98ea-557b645a3ae0, success: true} @ http://localhost:4200/chunk-72LYY77U.js:59
[ 2974435ms] [LOG] %c🔍 [StorageService] Recuperando valor para clave: 'customerId' color: #2196F3; font-style: italic; @ http://localhost:4200/chunk-72LYY77U.js:59
[ 2974436ms] [LOG] %c [CustomerTrace] loadDataForCustomer.ready color: #FF9800; font-style: italic; {at: 2026-09-14T01:09:12.428Z, state: Object, storedCustomerId: 019c6bee-028a-70e4-98ea-557b645a3ae0, customerId: 019c6bee-028a-70e4-98ea-557b645a3ae0} @ http://localhost:4200/chunk-72LYY77U.js:59
[ 2974436ms] [LOG] %c✅ [Initializer] State initialization complete. color: green; font-style: italic; @ http://localhost:4200/chunk-72LYY77U.js:59
[ 2974439ms] [LOG] %c🔄 UpdateService: Inicializando servicio de actualizaciones color: blue; font-weight: bold; @ http://localhost:4200/chunk-WEIOKMZ7.js:10
[ 2974439ms] [LOG] %c🔄 UpdateService: ❌ Service Worker NO habilitado color: red; font-weight: bold; @ http://localhost:4200/chunk-WEIOKMZ7.js:22
[ 2974452ms] [LOG] %c🚀 [App] ¡Aplicación iniciada! Soy más ligero y rápido que nunca. color: #673AB7; font-style: italic; @ http://localhost:4200/chunk-72LYY77U.js:59
[ 2974469ms] [LOG] Angular is running in development mode. @ http://localhost:4200/@fs/D:/repos/luxuryapp-api/appsweb/angular/.angular/cache/22.1.8/luxury-app/vite/deps/core-gRj2gSiC.js?v=72229873:9175
[ 2974477ms] [INFO] [2026-09-14T01:09:12.470Z] Information: WebSocket connected to ws://localhost:7070/ws/notificationHub?id=CM_TKkbRP76VwnmI0GoDOA&access_token=eyJhbGciOiJIUzI1NiIsInR5cCI6IkpXVCJ9.eyJzdWIiOiI2M2Y1ZmU3NS00ZmJiLTQzMjgtYTJkZC1iNzIyNDc3ODc1MmUiLCJqdGkiOiIwMWEwOWQ3Ni0wNDJlLTdjYTctYjdjMC05ZWM1ZTU0MmNmOGUiLCJpYXQiOjE3ODkzNDgxNTIsIm5hbWUiOiJBZG1pbmlzdHJhZG9yIExCRyIsImVtYWlsIjoiaW5mb0BsdXh1cnlidWlsZGluZy5jb20ubXgiLCJ1c2VybmFtZSI6ImFkbWluIiwiY3VzdG9tZXJJZCI6IjAxOWM2YmVlLTAyOGEtNzBlNC05OGVhLTU1N2I2NDVhM2FlMCIsImN1c3RvbWVyTmFtZSI6IkxVWFVSWSBCVUlMRElORyBHUk9VUCBTQSBERSBDViIsImZpcnN0TmFtZSI6IkFkbWluaXN0cmFkb3IiLCJsYXN0TmFtZSI6IkxCRyIsInBob25lIjoiKDU1KSAwMDAwLSAwMDAwIiwicGhvdG9QYXRoIjoiaHR0cDovL2xvY2FsaG9zdDo3MDcwL2FwaS9maWxlcy9kb3dubG9hZD9maWxlUGF0aD1wdWJsaWMlMmZBZG1pbmlzdHJhdGlvbiUyZmFjY291bnRzJTJmMDE5ZmE0NjUtMTkyMC03NzcyLWE5NDgtNzZhMDFlOGFiNzZjLnBuZyIsInBvc2l0aW9uIjoiRGVzY29ub2NpZG8iLCJodHRwOi8vc2NoZW1hcy5taWNyb3NvZnQuY29tL3dzLzIwMDgvMDYvaWRlbnRpdHkvY2xhaW1zL3JvbGUiOiJTdXBlclVzdWFyaW8iLCJyb2xlSWQiOiI2OTlkN2NjMS1kMTQzLTQ5ODUtYjU1YS1kMDMwODY0YzY5M2UiLCJleHAiOjE3ODkzNTE3NTIsImlzcyI6Imh0dHBzOi8vbG9jYWxob3N0OjcwNjkiLCJhdWQiOiJodHRwczovL2xvY2FsaG9zdDo0MjAwIn0.Hw4fP2jqDJsKJxwqQg5RaQBYHkSbVz3gfO14yEMeXS8. @ http://localhost:4200/@fs/D:/repos/luxuryapp-api/appsweb/angular/.angular/cache/22.1.8/luxury-app/vite/deps/@microsoft_signalr.js?v=1b527642:308
[ 2974478ms] [INFO] [2026-09-14T01:09:12.471Z] Information: Using HubProtocol 'json'. @ http://localhost:4200/@fs/D:/repos/luxuryapp-api/appsweb/angular/.angular/cache/22.1.8/luxury-app/vite/deps/@microsoft_signalr.js?v=1b527642:308
[ 2974480ms] [LOG] %cLINK [SignalR] Conexion iniciada con exito. color: green; font-style: italic; @ http://localhost:4200/chunk-72LYY77U.js:59
[ 2974480ms] [LOG] %cSTATE [SignalR] connectionId = 'KcoD4RWL3B9z6H4_D6jz6g' color: green; font-style: italic; @ http://localhost:4200/chunk-72LYY77U.js:59
[ 2974481ms] [LOG] %cUSER [SignalR] Evento ConnectedUser recibido: color: blue; font-style: italic; Bienvenido 63f5fe75-4fbb-4328-a2dd-b7224778752e @ http://localhost:4200/chunk-72LYY77U.js:59
[ 2975095ms] [LOG] %c🎉 [LayoutEmployee] ¡Layout de empleado cargado! Despertando a los gigantes (SignalR, OneSignal...) color: #2196F3; font-style: italic; @ http://localhost:4200/chunk-72LYY77U.js:59
[ 2975096ms] [LOG] %cLINK [SignalR] Construyendo conexion... color: blue; font-style: italic; @ http://localhost:4200/chunk-72LYY77U.js:59
[ 2975096ms] [LOG] %cHEADSET [SignalR] Registrando listeners... color: cyan; font-style: italic; @ http://localhost:4200/chunk-72LYY77U.js:59
[ 2975097ms] [LOG] %cLINK [SignalR] Iniciando conexion... color: blue; font-style: italic; @ http://localhost:4200/chunk-72LYY77U.js:59
[ 2975097ms] [LOG] %cℹ️ [LayoutEmployee] Usuario 63f5fe75-4fbb-4328-a2dd-b7224778752e autenticado. Iniciando OneSignal... color: dodgerblue;font-style: italic @ http://localhost:4200/chunk-72LYY77U.js:72
[ 2975097ms] [LOG] %c... [OneSignal] Esperando que el SDK este listo... color: orange; font-style: italic; @ http://localhost:4200/chunk-72LYY77U.js:59
[ 2975125ms] [LOG] %c🛡️ [JwtInterceptorFn] Auth check completado. Interceptando ruta: color: #FF0000; font-style: italic; http://localhost:7070/api/admin/general-catalogs/work-position-schedule @ http://localhost:4200/chunk-72LYY77U.js:59
[ 2975127ms] [LOG] %c🔍 [StorageService] Recuperando valor para clave: 'customerId' color: #2196F3; font-style: italic; @ http://localhost:4200/chunk-72LYY77U.js:59
[ 2975128ms] [LOG] %c🔍 [StorageService] Recuperando valor para clave: 'customerId' color: #2196F3; font-style: italic; @ http://localhost:4200/chunk-72LYY77U.js:59
[ 2975128ms] [LOG] %c [JwtTrace] request color: #F44336; font-style: italic; {at: 2026-09-14T01:09:13.120Z, url: http://localhost:7070/api/admin/general-catalogs/work-position-schedule, method: GET, appUserId: 63f5fe75-4fbb-4328-a2dd-b7224778752e, storageCustomerId: 019c6bee-028a-70e4-98ea-557b645a3ae0} @ http://localhost:4200/chunk-72LYY77U.js:59
[ 2975271ms] [LOG] %c🛡️ [JwtInterceptorFn] Auth check completado. Interceptando ruta: color: #FF0000; font-style: italic; http://localhost:7070/api/notifications @ http://localhost:4200/chunk-72LYY77U.js:59
[ 2975272ms] [LOG] %c🔍 [StorageService] Recuperando valor para clave: 'customerId' color: #2196F3; font-style: italic; @ http://localhost:4200/chunk-72LYY77U.js:59
[ 2975274ms] [LOG] %c🔍 [StorageService] Recuperando valor para clave: 'customerId' color: #2196F3; font-style: italic; @ http://localhost:4200/chunk-72LYY77U.js:59
[ 2975275ms] [LOG] %c [JwtTrace] request color: #F44336; font-style: italic; {at: 2026-09-14T01:09:13.266Z, url: http://localhost:7070/api/notifications, method: GET, appUserId: 63f5fe75-4fbb-4328-a2dd-b7224778752e, storageCustomerId: 019c6bee-028a-70e4-98ea-557b645a3ae0} @ http://localhost:4200/chunk-72LYY77U.js:59
[ 2975280ms] [LOG] %c🛡️ [JwtInterceptorFn] Auth check completado. Interceptando ruta: color: #FF0000; font-style: italic; http://localhost:7070/api/notifications/unread-count @ http://localhost:4200/chunk-72LYY77U.js:59
[ 2975281ms] [LOG] %c🔍 [StorageService] Recuperando valor para clave: 'customerId' color: #2196F3; font-style: italic; @ http://localhost:4200/chunk-72LYY77U.js:59
[ 2975282ms] [LOG] %c🔍 [StorageService] Recuperando valor para clave: 'customerId' color: #2196F3; font-style: italic; @ http://localhost:4200/chunk-72LYY77U.js:59
[ 2975283ms] [LOG] %c [JwtTrace] request color: #F44336; font-style: italic; {at: 2026-09-14T01:09:13.274Z, url: http://localhost:7070/api/notifications/unread-count, method: GET, appUserId: 63f5fe75-4fbb-4328-a2dd-b7224778752e, storageCustomerId: 019c6bee-028a-70e4-98ea-557b645a3ae0} @ http://localhost:4200/chunk-72LYY77U.js:59
[ 2975311ms] [LOG] %c [MenuTrace] effect.tick color: #9C27B0; font-style: italic; {at: 2026-09-14T01:09:13.304Z, customerId: 019c6bee-028a-70e4-98ea-557b645a3ae0, customerReady: true, applicationUserId: 63f5fe75-4fbb-4328-a2dd-b7224778752e, lastCustomerId: null} @ http://localhost:4200/chunk-72LYY77U.js:59
[ 2975313ms] [LOG] %c [MenuService] Customer data and session are ready. Loading menu... color: green; font-style: italic; @ http://localhost:4200/chunk-72LYY77U.js:59
[ 2975313ms] [LOG] %c [MenuTrace] triggerMenuLoad.start color: #9C27B0; font-style: italic; {at: 2026-09-14T01:09:13.305Z, customerId: 019c6bee-028a-70e4-98ea-557b645a3ae0, customerReady: true, applicationUserId: 63f5fe75-4fbb-4328-a2dd-b7224778752e, lastCustomerId: null} @ http://localhost:4200/chunk-72LYY77U.js:59
[ 2975314ms] [LOG] %c🛡️ [JwtInterceptorFn] Auth check completado. Interceptando ruta: color: #FF0000; font-style: italic; http://localhost:7070/api/menu-items/019c6bee-028a-70e4-98ea-557b645a3ae0 @ http://localhost:4200/chunk-72LYY77U.js:59
[ 2975314ms] [LOG] %c🔍 [StorageService] Recuperando valor para clave: 'customerId' color: #2196F3; font-style: italic; @ http://localhost:4200/chunk-72LYY77U.js:59
[ 2975315ms] [LOG] %c🔍 [StorageService] Recuperando valor para clave: 'customerId' color: #2196F3; font-style: italic; @ http://localhost:4200/chunk-72LYY77U.js:59
[ 2975315ms] [LOG] %c [JwtTrace] request color: #F44336; font-style: italic; {at: 2026-09-14T01:09:13.307Z, url: http://localhost:7070/api/menu-items/019c6bee-028a-70e4-98ea-557b645a3ae0, method: GET, appUserId: 63f5fe75-4fbb-4328-a2dd-b7224778752e, storageCustomerId: 019c6bee-028a-70e4-98ea-557b645a3ae0} @ http://localhost:4200/chunk-72LYY77U.js:59
[ 2975321ms] [LOG] %cok [OneSignal] SDK listo color: green; font-style: italic; @ http://localhost:4200/chunk-72LYY77U.js:59
[ 2975404ms] [LOG] %c [API SUCCESS]: GET LIST: admin/general-catalogs/work-position-schedule color: teal; font-style: italic; [Object, Object, Object, Object, Object, Object, Object, Object, Object, Object, Object, Object, Object, Object, Object, Object, Object, Object, Object, Object, Object, Object, Object, Object, Object, Object, Object, Object, Object, Object, Object, Object, Object, Object, Object, Object, Object, Object, Object, Object, Object, Object, Object, Object, Object, Object, Object, Object, Object, Object, Object, Object, Object, Object, Object, Object, Object, Object, Object, Object, Object, Object, Object, Object, Object, Object, Object, Object, Object, Object, Object, Object, Object, Object, Object, Object, Object, Object, Object, Object, Object, Object, Object, Object, Object, Object, Object, Object, Object, Object, Object, Object, Object, Object, Object, Object, Object, Object, Object, Object] @ http://localhost:4200/chunk-72LYY77U.js:59
[ 2975406ms] [LOG] %c [API SUCCESS]: GET NoLoading: notifications color: gray; font-style: italic; [Object, Object] @ http://localhost:4200/chunk-72LYY77U.js:59
[ 2975407ms] [LOG] %c [API SUCCESS]: GET NoLoading: notifications/unread-count color: gray; font-style: italic; 2 @ http://localhost:4200/chunk-72LYY77U.js:59
[ 2975873ms] [ERROR] Failed to load resource: the server responded with a status of 404 (Not Found) @ http://localhost:7070/api/files/download?filePath=public%2fAdministration%2faccounts%2f019fa465-1920-7772-a948-76a01e8ab76c.png:0
[ 2975939ms] [LOG] %c [API SUCCESS]: GET LIST: menu-items/019c6bee-028a-70e4-98ea-557b645a3ae0 color: teal; font-style: italic; [Object, Object, Object, Object, Object, Object, Object, Object, Object, Object, Object, Object, Object, Object, Object, Object, Object, Object, Object, Object, Object, Object, Object, Object] @ http://localhost:4200/chunk-72LYY77U.js:59
[ 2975940ms] [LOG] %c [MenuTrace] fetchMenuItemsFromApi.success color: #9C27B0; font-style: italic; {at: 2026-09-14T01:09:13.932Z, customerId: 019c6bee-028a-70e4-98ea-557b645a3ae0, customerReady: true, applicationUserId: 63f5fe75-4fbb-4328-a2dd-b7224778752e, lastCustomerId: 019c6bee-028a-70e4-98ea-557b645a3ae0} @ http://localhost:4200/chunk-72LYY77U.js:59
[ 2975941ms] [LOG] %c [MenuTrace] triggerMenuLoad.response color: #9C27B0; font-style: italic; {at: 2026-09-14T01:09:13.933Z, customerId: 019c6bee-028a-70e4-98ea-557b645a3ae0, customerReady: true, applicationUserId: 63f5fe75-4fbb-4328-a2dd-b7224778752e, lastCustomerId: 019c6bee-028a-70e4-98ea-557b645a3ae0} @ http://localhost:4200/chunk-72LYY77U.js:59
[ 2976042ms] [INFO] [2026-09-14T01:09:14.035Z] Information: WebSocket connected to ws://localhost:7070/ws/notificationHub?id=2zvpRyd-EIY3xPPlTNAwXA&access_token=eyJhbGciOiJIUzI1NiIsInR5cCI6IkpXVCJ9.eyJzdWIiOiI2M2Y1ZmU3NS00ZmJiLTQzMjgtYTJkZC1iNzIyNDc3ODc1MmUiLCJqdGkiOiIwMWEwOWQ3Ni0wNDJlLTdjYTctYjdjMC05ZWM1ZTU0MmNmOGUiLCJpYXQiOjE3ODkzNDgxNTIsIm5hbWUiOiJBZG1pbmlzdHJhZG9yIExCRyIsImVtYWlsIjoiaW5mb0BsdXh1cnlidWlsZGluZy5jb20ubXgiLCJ1c2VybmFtZSI6ImFkbWluIiwiY3VzdG9tZXJJZCI6IjAxOWM2YmVlLTAyOGEtNzBlNC05OGVhLTU1N2I2NDVhM2FlMCIsImN1c3RvbWVyTmFtZSI6IkxVWFVSWSBCVUlMRElORyBHUk9VUCBTQSBERSBDViIsImZpcnN0TmFtZSI6IkFkbWluaXN0cmFkb3IiLCJsYXN0TmFtZSI6IkxCRyIsInBob25lIjoiKDU1KSAwMDAwLSAwMDAwIiwicGhvdG9QYXRoIjoiaHR0cDovL2xvY2FsaG9zdDo3MDcwL2FwaS9maWxlcy9kb3dubG9hZD9maWxlUGF0aD1wdWJsaWMlMmZBZG1pbmlzdHJhdGlvbiUyZmFjY291bnRzJTJmMDE5ZmE0NjUtMTkyMC03NzcyLWE5NDgtNzZhMDFlOGFiNzZjLnBuZyIsInBvc2l0aW9uIjoiRGVzY29ub2NpZG8iLCJodHRwOi8vc2NoZW1hcy5taWNyb3NvZnQuY29tL3dzLzIwMDgvMDYvaWRlbnRpdHkvY2xhaW1zL3JvbGUiOiJTdXBlclVzdWFyaW8iLCJyb2xlSWQiOiI2OTlkN2NjMS1kMTQzLTQ5ODUtYjU1YS1kMDMwODY0YzY5M2UiLCJleHAiOjE3ODkzNTE3NTIsImlzcyI6Imh0dHBzOi8vbG9jYWxob3N0OjcwNjkiLCJhdWQiOiJodHRwczovL2xvY2FsaG9zdDo0MjAwIn0.Hw4fP2jqDJsKJxwqQg5RaQBYHkSbVz3gfO14yEMeXS8. @ http://localhost:4200/@fs/D:/repos/luxuryapp-api/appsweb/angular/.angular/cache/22.1.8/luxury-app/vite/deps/@microsoft_signalr.js?v=1b527642:308
[ 2976044ms] [INFO] [2026-09-14T01:09:14.036Z] Information: Using HubProtocol 'json'. @ http://localhost:4200/@fs/D:/repos/luxuryapp-api/appsweb/angular/.angular/cache/22.1.8/luxury-app/vite/deps/@microsoft_signalr.js?v=1b527642:308
[ 2976051ms] [LOG] %cLINK [SignalR] Conexion iniciada con exito. color: green; font-style: italic; @ http://localhost:4200/chunk-72LYY77U.js:59
[ 2976051ms] [LOG] %cSTATE [SignalR] connectionId = 'ds8ALdatrucxyYbtBIrssQ' color: green; font-style: italic; @ http://localhost:4200/chunk-72LYY77U.js:59
[ 2976053ms] [LOG] %cUSER [SignalR] Evento ConnectedUser recibido: color: blue; font-style: italic; Bienvenido 63f5fe75-4fbb-4328-a2dd-b7224778752e @ http://localhost:4200/chunk-72LYY77U.js:59
[ 2976164ms] [LOG] %cpkg [OneSignal] Inicializado con App ID: color: teal; font-style: italic; 3d1f1ce3-638f-4a30-b093-ab617baf91a8 @ http://localhost:4200/chunk-72LYY77U.js:59
[ 2976164ms] [LOG] %cear [OneSignal] Listeners registrados. color: cyan; font-style: italic; @ http://localhost:4200/chunk-72LYY77U.js:59
[ 2976164ms] [LOG] %cuser [OneSignal] Usuario logueado con ExternalUserId: 63f5fe75-4fbb-4328-a2dd-b7224778752e color: darkslateblue; font-style: italic; @ http://localhost:4200/chunk-72LYY77U.js:59
[ 2976165ms] [LOG] %csub [OneSignal] Permiso: color: dodgerblue; font-style: italic; false | Suscrito: false @ http://localhost:4200/chunk-72LYY77U.js:59
[ 2976165ms] [LOG] %cwarn [OneSignal] Usuario no completamente suscrito. color: orange; font-style: italic; @ http://localhost:4200/chunk-72LYY77U.js:59
[ 2986251ms] [LOG] %c📦 [StorageService] Inicializando servicio de almacenamiento local... color: #3F51B5; font-style: italic; @ http://localhost:4200/chunk-72LYY77U.js:59
[ 2986253ms] [LOG] %c [AuthService] Verificando ruta inicial: /admin/work-position-schedules | Es publica: false color: #9C27B0; font-style: italic; @ http://localhost:4200/chunk-72LYY77U.js:59
[ 2986253ms] [LOG] %c [AuthService] Ruta no publica. Intentando login silencioso... color: #009688; font-style: italic; @ http://localhost:4200/chunk-72LYY77U.js:59
[ 2986255ms] [LOG] %c🚀 [Initializer] Starting application state initialization... color: purple; font-style: italic; @ http://localhost:4200/chunk-72LYY77U.js:59
[ 2986342ms] [LOG] %c [AuthService] Token renovado. Actualizando sesion en memoria. color: color: #4CAF50; font-style: italic;; font-style: italic; @ http://localhost:4200/chunk-72LYY77U.js:59
[ 2986343ms] [LOG] %c [AuthTrace] refresh.success.before-set color: #03A9F4; font-style: italic; {at: 2026-09-14T01:09:24.335Z, applicationUserId: 63f5fe75-4fbb-4328-a2dd-b7224778752e, tokenCustomerId: 019c6bee-028a-70e4-98ea-557b645a3ae0, roles: Array(1), customerAccessCount: 10} @ http://localhost:4200/chunk-72LYY77U.js:59
[ 2986343ms] [LOG] %c [AuthTrace] refresh.success.after-set color: #03A9F4; font-style: italic; {at: 2026-09-14T01:09:24.336Z, applicationUserId: 63f5fe75-4fbb-4328-a2dd-b7224778752e, tokenCustomerId: 019c6bee-028a-70e4-98ea-557b645a3ae0, roles: Array(1), customerAccessCount: 10} @ http://localhost:4200/chunk-72LYY77U.js:59
[ 2986344ms] [LOG] %cLINK [SignalR] Construyendo conexion... color: blue; font-style: italic; @ http://localhost:4200/chunk-72LYY77U.js:59
[ 2986344ms] [LOG] %cHEADSET [SignalR] Registrando listeners... color: cyan; font-style: italic; @ http://localhost:4200/chunk-72LYY77U.js:59
[ 2986344ms] [LOG] %cLINK [SignalR] Iniciando conexion... color: blue; font-style: italic; @ http://localhost:4200/chunk-72LYY77U.js:59
[ 2986345ms] [LOG] %c [AuthTrace] trySilentLogin.finalize color: #8BC34A; font-style: italic; {at: 2026-09-14T01:09:24.337Z, isAuthenticated: true} @ http://localhost:4200/chunk-72LYY77U.js:59
[ 2986345ms] [LOG] %c🏢 [Initializer] User session found. Initializing customer state... color: #3F51B5; font-style: italic; @ http://localhost:4200/chunk-72LYY77U.js:59
[ 2986346ms] [LOG] %c🔍 [StorageService] Recuperando valor para clave: 'customerId' color: #2196F3; font-style: italic; @ http://localhost:4200/chunk-72LYY77U.js:59
[ 2986346ms] [LOG] %c [CustomerTrace] initialize.start color: #FF9800; font-style: italic; {at: 2026-09-14T01:09:24.338Z, state: Object, storedCustomerId: 019c6bee-028a-70e4-98ea-557b645a3ae0, tokenCustomerId: 019c6bee-028a-70e4-98ea-557b645a3ae0, customerAccess: Array(10)} @ http://localhost:4200/chunk-72LYY77U.js:59
[ 2986347ms] [LOG] %c🔍 [StorageService] Recuperando valor para clave: 'customerId' color: #2196F3; font-style: italic; @ http://localhost:4200/chunk-72LYY77U.js:59
[ 2986347ms] [LOG] %c🔍 [StorageService] Recuperando valor para clave: 'customerId' color: #2196F3; font-style: italic; @ http://localhost:4200/chunk-72LYY77U.js:59
[ 2986347ms] [LOG] %c [CustomerTrace] initialize.selected-customer color: #FF9800; font-style: italic; {at: 2026-09-14T01:09:24.339Z, state: Object, storedCustomerId: 019c6bee-028a-70e4-98ea-557b645a3ae0, selectedCustomerId: 019c6bee-028a-70e4-98ea-557b645a3ae0} @ http://localhost:4200/chunk-72LYY77U.js:59
[ 2986348ms] [LOG] %c💾 [StorageService] Guardando clave: 'customerId' color: #FF9800; font-style: italic; {value: 019c6bee-028a-70e4-98ea-557b645a3ae0} @ http://localhost:4200/chunk-72LYY77U.js:59
[ 2986348ms] [LOG] %c✅ [StorageService] Clave 'customerId' guardada exitosamente. color: #4CAF50; font-style: italic; @ http://localhost:4200/chunk-72LYY77U.js:59
[ 2986348ms] [LOG] %c🔍 [StorageService] Recuperando valor para clave: 'customerId' color: #2196F3; font-style: italic; @ http://localhost:4200/chunk-72LYY77U.js:59
[ 2986349ms] [LOG] %c [CustomerTrace] loadDataForCustomer.start color: #FF9800; font-style: italic; {at: 2026-09-14T01:09:24.341Z, state: Object, storedCustomerId: 019c6bee-028a-70e4-98ea-557b645a3ae0, customerId: 019c6bee-028a-70e4-98ea-557b645a3ae0} @ http://localhost:4200/chunk-72LYY77U.js:59
[ 2986350ms] [LOG] %c🛡️ [JwtInterceptorFn] Auth check completado. Interceptando ruta: color: #FF0000; font-style: italic; http://localhost:7070/api/customers/019c6bee-028a-70e4-98ea-557b645a3ae0 @ http://localhost:4200/chunk-72LYY77U.js:59
[ 2986351ms] [LOG] %c🔍 [StorageService] Recuperando valor para clave: 'customerId' color: #2196F3; font-style: italic; @ http://localhost:4200/chunk-72LYY77U.js:59
[ 2986352ms] [LOG] %c🔍 [StorageService] Recuperando valor para clave: 'customerId' color: #2196F3; font-style: italic; @ http://localhost:4200/chunk-72LYY77U.js:59
[ 2986353ms] [LOG] %c [JwtTrace] request color: #F44336; font-style: italic; {at: 2026-09-14T01:09:24.344Z, url: http://localhost:7070/api/customers/019c6bee-028a-70e4-98ea-557b645a3ae0, method: GET, appUserId: 63f5fe75-4fbb-4328-a2dd-b7224778752e, storageCustomerId: 019c6bee-028a-70e4-98ea-557b645a3ae0} @ http://localhost:4200/chunk-72LYY77U.js:59
[ 2986367ms] [INFO] [2026-09-14T01:09:24.359Z] Information: WebSocket connected to ws://localhost:7070/ws/notificationHub?id=Ue7C3Dr0JfL2dCy4DqzpnA&access_token=eyJhbGciOiJIUzI1NiIsInR5cCI6IkpXVCJ9.eyJzdWIiOiI2M2Y1ZmU3NS00ZmJiLTQzMjgtYTJkZC1iNzIyNDc3ODc1MmUiLCJqdGkiOiIwMWEwOWQ3Ni0zMmQ1LTdmYzgtYmJmNS0yYmRhNzZmNmQzMzIiLCJpYXQiOjE3ODkzNDgxNjQsIm5hbWUiOiJBZG1pbmlzdHJhZG9yIExCRyIsImVtYWlsIjoiaW5mb0BsdXh1cnlidWlsZGluZy5jb20ubXgiLCJ1c2VybmFtZSI6ImFkbWluIiwiY3VzdG9tZXJJZCI6IjAxOWM2YmVlLTAyOGEtNzBlNC05OGVhLTU1N2I2NDVhM2FlMCIsImN1c3RvbWVyTmFtZSI6IkxVWFVSWSBCVUlMRElORyBHUk9VUCBTQSBERSBDViIsImZpcnN0TmFtZSI6IkFkbWluaXN0cmFkb3IiLCJsYXN0TmFtZSI6IkxCRyIsInBob25lIjoiKDU1KSAwMDAwLSAwMDAwIiwicGhvdG9QYXRoIjoiaHR0cDovL2xvY2FsaG9zdDo3MDcwL2FwaS9maWxlcy9kb3dubG9hZD9maWxlUGF0aD1wdWJsaWMlMmZBZG1pbmlzdHJhdGlvbiUyZmFjY291bnRzJTJmMDE5ZmE0NjUtMTkyMC03NzcyLWE5NDgtNzZhMDFlOGFiNzZjLnBuZyIsInBvc2l0aW9uIjoiRGVzY29ub2NpZG8iLCJodHRwOi8vc2NoZW1hcy5taWNyb3NvZnQuY29tL3dzLzIwMDgvMDYvaWRlbnRpdHkvY2xhaW1zL3JvbGUiOiJTdXBlclVzdWFyaW8iLCJyb2xlSWQiOiI2OTlkN2NjMS1kMTQzLTQ5ODUtYjU1YS1kMDMwODY0YzY5M2UiLCJleHAiOjE3ODkzNTE3NjQsImlzcyI6Imh0dHBzOi8vbG9jYWxob3N0OjcwNjkiLCJhdWQiOiJodHRwczovL2xvY2FsaG9zdDo0MjAwIn0.EL13m0UjNtj9JueBBjNyuhp8gqwx0KyJsaYw7kaO6qA. @ http://localhost:4200/@fs/D:/repos/luxuryapp-api/appsweb/angular/.angular/cache/22.1.8/luxury-app/vite/deps/@microsoft_signalr.js?v=1b527642:308
[ 2986367ms] [INFO] [2026-09-14T01:09:24.360Z] Information: Using HubProtocol 'json'. @ http://localhost:4200/@fs/D:/repos/luxuryapp-api/appsweb/angular/.angular/cache/22.1.8/luxury-app/vite/deps/@microsoft_signalr.js?v=1b527642:308
[ 2986369ms] [LOG] %c🔍 [StorageService] Recuperando valor para clave: 'customerId' color: #2196F3; font-style: italic; @ http://localhost:4200/chunk-72LYY77U.js:59
[ 2986369ms] [LOG] %c [CustomerTrace] loadDataForCustomer.response color: #FF9800; font-style: italic; {at: 2026-09-14T01:09:24.361Z, state: Object, storedCustomerId: 019c6bee-028a-70e4-98ea-557b645a3ae0, customerId: 019c6bee-028a-70e4-98ea-557b645a3ae0, success: true} @ http://localhost:4200/chunk-72LYY77U.js:59
[ 2986369ms] [LOG] %c🔍 [StorageService] Recuperando valor para clave: 'customerId' color: #2196F3; font-style: italic; @ http://localhost:4200/chunk-72LYY77U.js:59
[ 2986369ms] [LOG] %c [CustomerTrace] loadDataForCustomer.ready color: #FF9800; font-style: italic; {at: 2026-09-14T01:09:24.362Z, state: Object, storedCustomerId: 019c6bee-028a-70e4-98ea-557b645a3ae0, customerId: 019c6bee-028a-70e4-98ea-557b645a3ae0} @ http://localhost:4200/chunk-72LYY77U.js:59
[ 2986370ms] [LOG] %c✅ [Initializer] State initialization complete. color: green; font-style: italic; @ http://localhost:4200/chunk-72LYY77U.js:59
[ 2986373ms] [LOG] %c🔄 UpdateService: Inicializando servicio de actualizaciones color: blue; font-weight: bold; @ http://localhost:4200/chunk-WEIOKMZ7.js:10
[ 2986373ms] [LOG] %c🔄 UpdateService: ❌ Service Worker NO habilitado color: red; font-weight: bold; @ http://localhost:4200/chunk-WEIOKMZ7.js:22
[ 2986383ms] [LOG] %c🚀 [App] ¡Aplicación iniciada! Soy más ligero y rápido que nunca. color: #673AB7; font-style: italic; @ http://localhost:4200/chunk-72LYY77U.js:59
[ 2986398ms] [LOG] Angular is running in development mode. @ http://localhost:4200/@fs/D:/repos/luxuryapp-api/appsweb/angular/.angular/cache/22.1.8/luxury-app/vite/deps/core-gRj2gSiC.js?v=72229873:9175
[ 2986400ms] [LOG] %cLINK [SignalR] Conexion iniciada con exito. color: green; font-style: italic; @ http://localhost:4200/chunk-72LYY77U.js:59
[ 2986401ms] [LOG] %cSTATE [SignalR] connectionId = '_rc_2XwdzWc2rGW0F4WZEg' color: green; font-style: italic; @ http://localhost:4200/chunk-72LYY77U.js:59
[ 2986405ms] [LOG] %cUSER [SignalR] Evento ConnectedUser recibido: color: blue; font-style: italic; Bienvenido 63f5fe75-4fbb-4328-a2dd-b7224778752e @ http://localhost:4200/chunk-72LYY77U.js:59
[ 2986738ms] [LOG] %c🎉 [LayoutEmployee] ¡Layout de empleado cargado! Despertando a los gigantes (SignalR, OneSignal...) color: #2196F3; font-style: italic; @ http://localhost:4200/chunk-72LYY77U.js:59
[ 2986738ms] [LOG] %cLINK [SignalR] Construyendo conexion... color: blue; font-style: italic; @ http://localhost:4200/chunk-72LYY77U.js:59
[ 2986739ms] [LOG] %cHEADSET [SignalR] Registrando listeners... color: cyan; font-style: italic; @ http://localhost:4200/chunk-72LYY77U.js:59
[ 2986739ms] [LOG] %cLINK [SignalR] Iniciando conexion... color: blue; font-style: italic; @ http://localhost:4200/chunk-72LYY77U.js:59
[ 2986740ms] [LOG] %cℹ️ [LayoutEmployee] Usuario 63f5fe75-4fbb-4328-a2dd-b7224778752e autenticado. Iniciando OneSignal... color: dodgerblue;font-style: italic @ http://localhost:4200/chunk-72LYY77U.js:72
[ 2986740ms] [LOG] %c... [OneSignal] Esperando que el SDK este listo... color: orange; font-style: italic; @ http://localhost:4200/chunk-72LYY77U.js:59
[ 2986762ms] [LOG] %c🛡️ [JwtInterceptorFn] Auth check completado. Interceptando ruta: color: #FF0000; font-style: italic; http://localhost:7070/api/admin/general-catalogs/work-position-schedule @ http://localhost:4200/chunk-72LYY77U.js:59
[ 2986763ms] [LOG] %c🔍 [StorageService] Recuperando valor para clave: 'customerId' color: #2196F3; font-style: italic; @ http://localhost:4200/chunk-72LYY77U.js:59
[ 2986764ms] [LOG] %c🔍 [StorageService] Recuperando valor para clave: 'customerId' color: #2196F3; font-style: italic; @ http://localhost:4200/chunk-72LYY77U.js:59
[ 2986765ms] [LOG] %c [JwtTrace] request color: #F44336; font-style: italic; {at: 2026-09-14T01:09:24.756Z, url: http://localhost:7070/api/admin/general-catalogs/work-position-schedule, method: GET, appUserId: 63f5fe75-4fbb-4328-a2dd-b7224778752e, storageCustomerId: 019c6bee-028a-70e4-98ea-557b645a3ae0} @ http://localhost:4200/chunk-72LYY77U.js:59
[ 2986959ms] [LOG] %c🛡️ [JwtInterceptorFn] Auth check completado. Interceptando ruta: color: #FF0000; font-style: italic; http://localhost:7070/api/notifications @ http://localhost:4200/chunk-72LYY77U.js:59
[ 2986961ms] [LOG] %c🔍 [StorageService] Recuperando valor para clave: 'customerId' color: #2196F3; font-style: italic; @ http://localhost:4200/chunk-72LYY77U.js:59
[ 2986963ms] [LOG] %c🔍 [StorageService] Recuperando valor para clave: 'customerId' color: #2196F3; font-style: italic; @ http://localhost:4200/chunk-72LYY77U.js:59
[ 2986964ms] [LOG] %c [JwtTrace] request color: #F44336; font-style: italic; {at: 2026-09-14T01:09:24.955Z, url: http://localhost:7070/api/notifications, method: GET, appUserId: 63f5fe75-4fbb-4328-a2dd-b7224778752e, storageCustomerId: 019c6bee-028a-70e4-98ea-557b645a3ae0} @ http://localhost:4200/chunk-72LYY77U.js:59
[ 2986969ms] [LOG] %c🛡️ [JwtInterceptorFn] Auth check completado. Interceptando ruta: color: #FF0000; font-style: italic; http://localhost:7070/api/notifications/unread-count @ http://localhost:4200/chunk-72LYY77U.js:59
[ 2986971ms] [LOG] %c🔍 [StorageService] Recuperando valor para clave: 'customerId' color: #2196F3; font-style: italic; @ http://localhost:4200/chunk-72LYY77U.js:59
[ 2986971ms] [LOG] %c🔍 [StorageService] Recuperando valor para clave: 'customerId' color: #2196F3; font-style: italic; @ http://localhost:4200/chunk-72LYY77U.js:59
[ 2986972ms] [LOG] %c [JwtTrace] request color: #F44336; font-style: italic; {at: 2026-09-14T01:09:24.964Z, url: http://localhost:7070/api/notifications/unread-count, method: GET, appUserId: 63f5fe75-4fbb-4328-a2dd-b7224778752e, storageCustomerId: 019c6bee-028a-70e4-98ea-557b645a3ae0} @ http://localhost:4200/chunk-72LYY77U.js:59
[ 2987001ms] [LOG] %c [MenuTrace] effect.tick color: #9C27B0; font-style: italic; {at: 2026-09-14T01:09:24.993Z, customerId: 019c6bee-028a-70e4-98ea-557b645a3ae0, customerReady: true, applicationUserId: 63f5fe75-4fbb-4328-a2dd-b7224778752e, lastCustomerId: null} @ http://localhost:4200/chunk-72LYY77U.js:59
[ 2987002ms] [LOG] %c [MenuService] Customer data and session are ready. Loading menu... color: green; font-style: italic; @ http://localhost:4200/chunk-72LYY77U.js:59
[ 2987002ms] [LOG] %c [MenuTrace] triggerMenuLoad.start color: #9C27B0; font-style: italic; {at: 2026-09-14T01:09:24.995Z, customerId: 019c6bee-028a-70e4-98ea-557b645a3ae0, customerReady: true, applicationUserId: 63f5fe75-4fbb-4328-a2dd-b7224778752e, lastCustomerId: null} @ http://localhost:4200/chunk-72LYY77U.js:59
[ 2987003ms] [LOG] %c🛡️ [JwtInterceptorFn] Auth check completado. Interceptando ruta: color: #FF0000; font-style: italic; http://localhost:7070/api/menu-items/019c6bee-028a-70e4-98ea-557b645a3ae0 @ http://localhost:4200/chunk-72LYY77U.js:59
[ 2987004ms] [LOG] %c🔍 [StorageService] Recuperando valor para clave: 'customerId' color: #2196F3; font-style: italic; @ http://localhost:4200/chunk-72LYY77U.js:59
[ 2987005ms] [LOG] %c🔍 [StorageService] Recuperando valor para clave: 'customerId' color: #2196F3; font-style: italic; @ http://localhost:4200/chunk-72LYY77U.js:59
[ 2987006ms] [LOG] %c [JwtTrace] request color: #F44336; font-style: italic; {at: 2026-09-14T01:09:24.997Z, url: http://localhost:7070/api/menu-items/019c6bee-028a-70e4-98ea-557b645a3ae0, method: GET, appUserId: 63f5fe75-4fbb-4328-a2dd-b7224778752e, storageCustomerId: 019c6bee-028a-70e4-98ea-557b645a3ae0} @ http://localhost:4200/chunk-72LYY77U.js:59
[ 2987014ms] [LOG] %cok [OneSignal] SDK listo color: green; font-style: italic; @ http://localhost:4200/chunk-72LYY77U.js:59
[ 2987046ms] [ERROR] Failed to load resource: the server responded with a status of 404 (Not Found) @ http://localhost:7070/api/files/download?filePath=public%2fAdministration%2faccounts%2f019fa465-1920-7772-a948-76a01e8ab76c.png:0
[ 2987091ms] [LOG] %c [API SUCCESS]: GET LIST: admin/general-catalogs/work-position-schedule color: teal; font-style: italic; [Object, Object, Object, Object, Object, Object, Object, Object, Object, Object, Object, Object, Object, Object, Object, Object, Object, Object, Object, Object, Object, Object, Object, Object, Object, Object, Object, Object, Object, Object, Object, Object, Object, Object, Object, Object, Object, Object, Object, Object, Object, Object, Object, Object, Object, Object, Object, Object, Object, Object, Object, Object, Object, Object, Object, Object, Object, Object, Object, Object, Object, Object, Object, Object, Object, Object, Object, Object, Object, Object, Object, Object, Object, Object, Object, Object, Object, Object, Object, Object, Object, Object, Object, Object, Object, Object, Object, Object, Object, Object, Object, Object, Object, Object, Object, Object, Object, Object, Object, Object] @ http://localhost:4200/chunk-72LYY77U.js:59
[ 2987093ms] [LOG] %c [API SUCCESS]: GET NoLoading: notifications color: gray; font-style: italic; [Object, Object] @ http://localhost:4200/chunk-72LYY77U.js:59
[ 2987094ms] [LOG] %c [API SUCCESS]: GET NoLoading: notifications/unread-count color: gray; font-style: italic; 2 @ http://localhost:4200/chunk-72LYY77U.js:59
[ 2987096ms] [LOG] %c [API SUCCESS]: GET LIST: menu-items/019c6bee-028a-70e4-98ea-557b645a3ae0 color: teal; font-style: italic; [Object, Object, Object, Object, Object, Object, Object, Object, Object, Object, Object, Object, Object, Object, Object, Object, Object, Object, Object, Object, Object, Object, Object, Object] @ http://localhost:4200/chunk-72LYY77U.js:59
[ 2987096ms] [LOG] %c [MenuTrace] fetchMenuItemsFromApi.success color: #9C27B0; font-style: italic; {at: 2026-09-14T01:09:25.089Z, customerId: 019c6bee-028a-70e4-98ea-557b645a3ae0, customerReady: true, applicationUserId: 63f5fe75-4fbb-4328-a2dd-b7224778752e, lastCustomerId: 019c6bee-028a-70e4-98ea-557b645a3ae0} @ http://localhost:4200/chunk-72LYY77U.js:59
[ 2987096ms] [LOG] %c [MenuTrace] triggerMenuLoad.response color: #9C27B0; font-style: italic; {at: 2026-09-14T01:09:25.089Z, customerId: 019c6bee-028a-70e4-98ea-557b645a3ae0, customerReady: true, applicationUserId: 63f5fe75-4fbb-4328-a2dd-b7224778752e, lastCustomerId: 019c6bee-028a-70e4-98ea-557b645a3ae0} @ http://localhost:4200/chunk-72LYY77U.js:59
[ 2987645ms] [INFO] [2026-09-14T01:09:25.637Z] Information: WebSocket connected to ws://localhost:7070/ws/notificationHub?id=GzMmzGdetjceKZGX_tQWhA&access_token=eyJhbGciOiJIUzI1NiIsInR5cCI6IkpXVCJ9.eyJzdWIiOiI2M2Y1ZmU3NS00ZmJiLTQzMjgtYTJkZC1iNzIyNDc3ODc1MmUiLCJqdGkiOiIwMWEwOWQ3Ni0zMmQ1LTdmYzgtYmJmNS0yYmRhNzZmNmQzMzIiLCJpYXQiOjE3ODkzNDgxNjQsIm5hbWUiOiJBZG1pbmlzdHJhZG9yIExCRyIsImVtYWlsIjoiaW5mb0BsdXh1cnlidWlsZGluZy5jb20ubXgiLCJ1c2VybmFtZSI6ImFkbWluIiwiY3VzdG9tZXJJZCI6IjAxOWM2YmVlLTAyOGEtNzBlNC05OGVhLTU1N2I2NDVhM2FlMCIsImN1c3RvbWVyTmFtZSI6IkxVWFVSWSBCVUlMRElORyBHUk9VUCBTQSBERSBDViIsImZpcnN0TmFtZSI6IkFkbWluaXN0cmFkb3IiLCJsYXN0TmFtZSI6IkxCRyIsInBob25lIjoiKDU1KSAwMDAwLSAwMDAwIiwicGhvdG9QYXRoIjoiaHR0cDovL2xvY2FsaG9zdDo3MDcwL2FwaS9maWxlcy9kb3dubG9hZD9maWxlUGF0aD1wdWJsaWMlMmZBZG1pbmlzdHJhdGlvbiUyZmFjY291bnRzJTJmMDE5ZmE0NjUtMTkyMC03NzcyLWE5NDgtNzZhMDFlOGFiNzZjLnBuZyIsInBvc2l0aW9uIjoiRGVzY29ub2NpZG8iLCJodHRwOi8vc2NoZW1hcy5taWNyb3NvZnQuY29tL3dzLzIwMDgvMDYvaWRlbnRpdHkvY2xhaW1zL3JvbGUiOiJTdXBlclVzdWFyaW8iLCJyb2xlSWQiOiI2OTlkN2NjMS1kMTQzLTQ5ODUtYjU1YS1kMDMwODY0YzY5M2UiLCJleHAiOjE3ODkzNTE3NjQsImlzcyI6Imh0dHBzOi8vbG9jYWxob3N0OjcwNjkiLCJhdWQiOiJodHRwczovL2xvY2FsaG9zdDo0MjAwIn0.EL13m0UjNtj9JueBBjNyuhp8gqwx0KyJsaYw7kaO6qA. @ http://localhost:4200/@fs/D:/repos/luxuryapp-api/appsweb/angular/.angular/cache/22.1.8/luxury-app/vite/deps/@microsoft_signalr.js?v=1b527642:308
[ 2987646ms] [INFO] [2026-09-14T01:09:25.638Z] Information: Using HubProtocol 'json'. @ http://localhost:4200/@fs/D:/repos/luxuryapp-api/appsweb/angular/.angular/cache/22.1.8/luxury-app/vite/deps/@microsoft_signalr.js?v=1b527642:308
[ 2987650ms] [LOG] %cLINK [SignalR] Conexion iniciada con exito. color: green; font-style: italic; @ http://localhost:4200/chunk-72LYY77U.js:59
[ 2987650ms] [LOG] %cSTATE [SignalR] connectionId = 'aM8X26GRp0q7z_ol3lfLXQ' color: green; font-style: italic; @ http://localhost:4200/chunk-72LYY77U.js:59
[ 2987652ms] [LOG] %cUSER [SignalR] Evento ConnectedUser recibido: color: blue; font-style: italic; Bienvenido 63f5fe75-4fbb-4328-a2dd-b7224778752e @ http://localhost:4200/chunk-72LYY77U.js:59
[ 2987828ms] [LOG] %cpkg [OneSignal] Inicializado con App ID: color: teal; font-style: italic; 3d1f1ce3-638f-4a30-b093-ab617baf91a8 @ http://localhost:4200/chunk-72LYY77U.js:59
[ 2987828ms] [LOG] %cear [OneSignal] Listeners registrados. color: cyan; font-style: italic; @ http://localhost:4200/chunk-72LYY77U.js:59
[ 2987828ms] [LOG] %cuser [OneSignal] Usuario logueado con ExternalUserId: 63f5fe75-4fbb-4328-a2dd-b7224778752e color: darkslateblue; font-style: italic; @ http://localhost:4200/chunk-72LYY77U.js:59
[ 2987829ms] [LOG] %csub [OneSignal] Permiso: color: dodgerblue; font-style: italic; false | Suscrito: false @ http://localhost:4200/chunk-72LYY77U.js:59
[ 2987829ms] [LOG] %cwarn [OneSignal] Usuario no completamente suscrito. color: orange; font-style: italic; @ http://localhost:4200/chunk-72LYY77U.js:59
[ 3032283ms] [LOG] %c📦 [StorageService] Inicializando servicio de almacenamiento local... color: #3F51B5; font-style: italic; @ http://localhost:4200/chunk-R7L45CMG.js:59
[ 3032283ms] [LOG] %c [AuthService] Verificando ruta inicial: /admin/work-position-schedules | Es publica: false color: #9C27B0; font-style: italic; @ http://localhost:4200/chunk-R7L45CMG.js:59
[ 3032283ms] [LOG] %c [AuthService] Ruta no publica. Intentando login silencioso... color: #009688; font-style: italic; @ http://localhost:4200/chunk-R7L45CMG.js:59
[ 3032287ms] [LOG] %c🚀 [Initializer] Starting application state initialization... color: purple; font-style: italic; @ http://localhost:4200/chunk-R7L45CMG.js:59
[ 3032419ms] [LOG] %c [AuthService] Token renovado. Actualizando sesion en memoria. color: color: #4CAF50; font-style: italic;; font-style: italic; @ http://localhost:4200/chunk-R7L45CMG.js:59
[ 3032420ms] [LOG] %c [AuthTrace] refresh.success.before-set color: #03A9F4; font-style: italic; {at: 2026-09-14T01:10:10.412Z, applicationUserId: 63f5fe75-4fbb-4328-a2dd-b7224778752e, tokenCustomerId: 019c6bee-028a-70e4-98ea-557b645a3ae0, roles: Array(1), customerAccessCount: 10} @ http://localhost:4200/chunk-R7L45CMG.js:59
[ 3032420ms] [LOG] %c [AuthTrace] refresh.success.after-set color: #03A9F4; font-style: italic; {at: 2026-09-14T01:10:10.412Z, applicationUserId: 63f5fe75-4fbb-4328-a2dd-b7224778752e, tokenCustomerId: 019c6bee-028a-70e4-98ea-557b645a3ae0, roles: Array(1), customerAccessCount: 10} @ http://localhost:4200/chunk-R7L45CMG.js:59
[ 3032421ms] [LOG] %cLINK [SignalR] Construyendo conexion... color: blue; font-style: italic; @ http://localhost:4200/chunk-R7L45CMG.js:59
[ 3032421ms] [LOG] %cHEADSET [SignalR] Registrando listeners... color: cyan; font-style: italic; @ http://localhost:4200/chunk-R7L45CMG.js:59
[ 3032422ms] [LOG] %cLINK [SignalR] Iniciando conexion... color: blue; font-style: italic; @ http://localhost:4200/chunk-R7L45CMG.js:59
[ 3032422ms] [LOG] %c [AuthTrace] trySilentLogin.finalize color: #8BC34A; font-style: italic; {at: 2026-09-14T01:10:10.415Z, isAuthenticated: true} @ http://localhost:4200/chunk-R7L45CMG.js:59
[ 3032423ms] [LOG] %c🏢 [Initializer] User session found. Initializing customer state... color: #3F51B5; font-style: italic; @ http://localhost:4200/chunk-R7L45CMG.js:59
[ 3032424ms] [LOG] %c🔍 [StorageService] Recuperando valor para clave: 'customerId' color: #2196F3; font-style: italic; @ http://localhost:4200/chunk-R7L45CMG.js:59
[ 3032424ms] [LOG] %c [CustomerTrace] initialize.start color: #FF9800; font-style: italic; {at: 2026-09-14T01:10:10.416Z, state: Object, storedCustomerId: 019c6bee-028a-70e4-98ea-557b645a3ae0, tokenCustomerId: 019c6bee-028a-70e4-98ea-557b645a3ae0, customerAccess: Array(10)} @ http://localhost:4200/chunk-R7L45CMG.js:59
[ 3032425ms] [LOG] %c🔍 [StorageService] Recuperando valor para clave: 'customerId' color: #2196F3; font-style: italic; @ http://localhost:4200/chunk-R7L45CMG.js:59
[ 3032425ms] [LOG] %c🔍 [StorageService] Recuperando valor para clave: 'customerId' color: #2196F3; font-style: italic; @ http://localhost:4200/chunk-R7L45CMG.js:59
[ 3032426ms] [LOG] %c [CustomerTrace] initialize.selected-customer color: #FF9800; font-style: italic; {at: 2026-09-14T01:10:10.418Z, state: Object, storedCustomerId: 019c6bee-028a-70e4-98ea-557b645a3ae0, selectedCustomerId: 019c6bee-028a-70e4-98ea-557b645a3ae0} @ http://localhost:4200/chunk-R7L45CMG.js:59
[ 3032427ms] [LOG] %c💾 [StorageService] Guardando clave: 'customerId' color: #FF9800; font-style: italic; {value: 019c6bee-028a-70e4-98ea-557b645a3ae0} @ http://localhost:4200/chunk-R7L45CMG.js:59
[ 3032427ms] [LOG] %c✅ [StorageService] Clave 'customerId' guardada exitosamente. color: #4CAF50; font-style: italic; @ http://localhost:4200/chunk-R7L45CMG.js:59
[ 3032428ms] [LOG] %c🔍 [StorageService] Recuperando valor para clave: 'customerId' color: #2196F3; font-style: italic; @ http://localhost:4200/chunk-R7L45CMG.js:59
[ 3032428ms] [LOG] %c [CustomerTrace] loadDataForCustomer.start color: #FF9800; font-style: italic; {at: 2026-09-14T01:10:10.420Z, state: Object, storedCustomerId: 019c6bee-028a-70e4-98ea-557b645a3ae0, customerId: 019c6bee-028a-70e4-98ea-557b645a3ae0} @ http://localhost:4200/chunk-R7L45CMG.js:59
[ 3032429ms] [LOG] %c🛡️ [JwtInterceptorFn] Auth check completado. Interceptando ruta: color: #FF0000; font-style: italic; http://localhost:7070/api/customers/019c6bee-028a-70e4-98ea-557b645a3ae0 @ http://localhost:4200/chunk-R7L45CMG.js:59
[ 3032430ms] [LOG] %c🔍 [StorageService] Recuperando valor para clave: 'customerId' color: #2196F3; font-style: italic; @ http://localhost:4200/chunk-R7L45CMG.js:59
[ 3032431ms] [LOG] %c🔍 [StorageService] Recuperando valor para clave: 'customerId' color: #2196F3; font-style: italic; @ http://localhost:4200/chunk-R7L45CMG.js:59
[ 3032431ms] [LOG] %c [JwtTrace] request color: #F44336; font-style: italic; {at: 2026-09-14T01:10:10.423Z, url: http://localhost:7070/api/customers/019c6bee-028a-70e4-98ea-557b645a3ae0, method: GET, appUserId: 63f5fe75-4fbb-4328-a2dd-b7224778752e, storageCustomerId: 019c6bee-028a-70e4-98ea-557b645a3ae0} @ http://localhost:4200/chunk-R7L45CMG.js:59
[ 3032445ms] [INFO] [2026-09-14T01:10:10.438Z] Information: WebSocket connected to ws://localhost:7070/ws/notificationHub?id=qZYC_p2qVNQl4yUfJlWdrw&access_token=eyJhbGciOiJIUzI1NiIsInR5cCI6IkpXVCJ9.eyJzdWIiOiI2M2Y1ZmU3NS00ZmJiLTQzMjgtYTJkZC1iNzIyNDc3ODc1MmUiLCJqdGkiOiIwMWEwOWQ3Ni1lNmM3LTczZmItYWNiYi1mMGY2YjA0YzJjMWMiLCJpYXQiOjE3ODkzNDgyMTAsIm5hbWUiOiJBZG1pbmlzdHJhZG9yIExCRyIsImVtYWlsIjoiaW5mb0BsdXh1cnlidWlsZGluZy5jb20ubXgiLCJ1c2VybmFtZSI6ImFkbWluIiwiY3VzdG9tZXJJZCI6IjAxOWM2YmVlLTAyOGEtNzBlNC05OGVhLTU1N2I2NDVhM2FlMCIsImN1c3RvbWVyTmFtZSI6IkxVWFVSWSBCVUlMRElORyBHUk9VUCBTQSBERSBDViIsImZpcnN0TmFtZSI6IkFkbWluaXN0cmFkb3IiLCJsYXN0TmFtZSI6IkxCRyIsInBob25lIjoiKDU1KSAwMDAwLSAwMDAwIiwicGhvdG9QYXRoIjoiaHR0cDovL2xvY2FsaG9zdDo3MDcwL2FwaS9maWxlcy9kb3dubG9hZD9maWxlUGF0aD1wdWJsaWMlMmZBZG1pbmlzdHJhdGlvbiUyZmFjY291bnRzJTJmMDE5ZmE0NjUtMTkyMC03NzcyLWE5NDgtNzZhMDFlOGFiNzZjLnBuZyIsInBvc2l0aW9uIjoiRGVzY29ub2NpZG8iLCJodHRwOi8vc2NoZW1hcy5taWNyb3NvZnQuY29tL3dzLzIwMDgvMDYvaWRlbnRpdHkvY2xhaW1zL3JvbGUiOiJTdXBlclVzdWFyaW8iLCJyb2xlSWQiOiI2OTlkN2NjMS1kMTQzLTQ5ODUtYjU1YS1kMDMwODY0YzY5M2UiLCJleHAiOjE3ODkzNTE4MTAsImlzcyI6Imh0dHBzOi8vbG9jYWxob3N0OjcwNjkiLCJhdWQiOiJodHRwczovL2xvY2FsaG9zdDo0MjAwIn0.xbZkDfuvTtO53v_CkESHLkZoKTaHS4l6K-j3nUjPDDM. @ http://localhost:4200/@fs/D:/repos/luxuryapp-api/appsweb/angular/.angular/cache/22.1.8/luxury-app/vite/deps/@microsoft_signalr.js?v=1b527642:308
[ 3032446ms] [INFO] [2026-09-14T01:10:10.438Z] Information: Using HubProtocol 'json'. @ http://localhost:4200/@fs/D:/repos/luxuryapp-api/appsweb/angular/.angular/cache/22.1.8/luxury-app/vite/deps/@microsoft_signalr.js?v=1b527642:308
[ 3032447ms] [LOG] %cLINK [SignalR] Conexion iniciada con exito. color: green; font-style: italic; @ http://localhost:4200/chunk-R7L45CMG.js:59
[ 3032447ms] [LOG] %cSTATE [SignalR] connectionId = 'HywN4uz_vT-a46r7BrIt5w' color: green; font-style: italic; @ http://localhost:4200/chunk-R7L45CMG.js:59
[ 3032447ms] [LOG] %cUSER [SignalR] Evento ConnectedUser recibido: color: blue; font-style: italic; Bienvenido 63f5fe75-4fbb-4328-a2dd-b7224778752e @ http://localhost:4200/chunk-R7L45CMG.js:59
[ 3032450ms] [LOG] %c🔍 [StorageService] Recuperando valor para clave: 'customerId' color: #2196F3; font-style: italic; @ http://localhost:4200/chunk-R7L45CMG.js:59
[ 3032451ms] [LOG] %c [CustomerTrace] loadDataForCustomer.response color: #FF9800; font-style: italic; {at: 2026-09-14T01:10:10.443Z, state: Object, storedCustomerId: 019c6bee-028a-70e4-98ea-557b645a3ae0, customerId: 019c6bee-028a-70e4-98ea-557b645a3ae0, success: true} @ http://localhost:4200/chunk-R7L45CMG.js:59
[ 3032451ms] [LOG] %c🔍 [StorageService] Recuperando valor para clave: 'customerId' color: #2196F3; font-style: italic; @ http://localhost:4200/chunk-R7L45CMG.js:59
[ 3032451ms] [LOG] %c [CustomerTrace] loadDataForCustomer.ready color: #FF9800; font-style: italic; {at: 2026-09-14T01:10:10.443Z, state: Object, storedCustomerId: 019c6bee-028a-70e4-98ea-557b645a3ae0, customerId: 019c6bee-028a-70e4-98ea-557b645a3ae0} @ http://localhost:4200/chunk-R7L45CMG.js:59
[ 3032452ms] [LOG] %c✅ [Initializer] State initialization complete. color: green; font-style: italic; @ http://localhost:4200/chunk-R7L45CMG.js:59
[ 3032454ms] [LOG] %c🔄 UpdateService: Inicializando servicio de actualizaciones color: blue; font-weight: bold; @ http://localhost:4200/chunk-WEIOKMZ7.js:10
[ 3032454ms] [LOG] %c🔄 UpdateService: ❌ Service Worker NO habilitado color: red; font-weight: bold; @ http://localhost:4200/chunk-WEIOKMZ7.js:22
[ 3032464ms] [LOG] %c🚀 [App] ¡Aplicación iniciada! Soy más ligero y rápido que nunca. color: #673AB7; font-style: italic; @ http://localhost:4200/chunk-R7L45CMG.js:59
[ 3032473ms] [LOG] Angular is running in development mode. @ http://localhost:4200/@fs/D:/repos/luxuryapp-api/appsweb/angular/.angular/cache/22.1.8/luxury-app/vite/deps/core-gRj2gSiC.js?v=72229873:9175
[ 3032725ms] [LOG] %c🎉 [LayoutEmployee] ¡Layout de empleado cargado! Despertando a los gigantes (SignalR, OneSignal...) color: #2196F3; font-style: italic; @ http://localhost:4200/chunk-R7L45CMG.js:59
[ 3032725ms] [LOG] %cLINK [SignalR] Construyendo conexion... color: blue; font-style: italic; @ http://localhost:4200/chunk-R7L45CMG.js:59
[ 3032726ms] [LOG] %cHEADSET [SignalR] Registrando listeners... color: cyan; font-style: italic; @ http://localhost:4200/chunk-R7L45CMG.js:59
[ 3032726ms] [LOG] %cLINK [SignalR] Iniciando conexion... color: blue; font-style: italic; @ http://localhost:4200/chunk-R7L45CMG.js:59
[ 3032727ms] [LOG] %cℹ️ [LayoutEmployee] Usuario 63f5fe75-4fbb-4328-a2dd-b7224778752e autenticado. Iniciando OneSignal... color: dodgerblue;font-style: italic @ http://localhost:4200/chunk-R7L45CMG.js:72
[ 3032728ms] [LOG] %c... [OneSignal] Esperando que el SDK este listo... color: orange; font-style: italic; @ http://localhost:4200/chunk-R7L45CMG.js:59
[ 3032754ms] [LOG] %c🛡️ [JwtInterceptorFn] Auth check completado. Interceptando ruta: color: #FF0000; font-style: italic; http://localhost:7070/api/admin/general-catalogs/work-position-schedule @ http://localhost:4200/chunk-R7L45CMG.js:59
[ 3032755ms] [LOG] %c🔍 [StorageService] Recuperando valor para clave: 'customerId' color: #2196F3; font-style: italic; @ http://localhost:4200/chunk-R7L45CMG.js:59
[ 3032755ms] [LOG] %c🔍 [StorageService] Recuperando valor para clave: 'customerId' color: #2196F3; font-style: italic; @ http://localhost:4200/chunk-R7L45CMG.js:59
[ 3032756ms] [LOG] %c [JwtTrace] request color: #F44336; font-style: italic; {at: 2026-09-14T01:10:10.748Z, url: http://localhost:7070/api/admin/general-catalogs/work-position-schedule, method: GET, appUserId: 63f5fe75-4fbb-4328-a2dd-b7224778752e, storageCustomerId: 019c6bee-028a-70e4-98ea-557b645a3ae0} @ http://localhost:4200/chunk-R7L45CMG.js:59
[ 3032911ms] [LOG] %c🛡️ [JwtInterceptorFn] Auth check completado. Interceptando ruta: color: #FF0000; font-style: italic; http://localhost:7070/api/notifications @ http://localhost:4200/chunk-R7L45CMG.js:59
[ 3032912ms] [LOG] %c🔍 [StorageService] Recuperando valor para clave: 'customerId' color: #2196F3; font-style: italic; @ http://localhost:4200/chunk-R7L45CMG.js:59
[ 3032913ms] [LOG] %c🔍 [StorageService] Recuperando valor para clave: 'customerId' color: #2196F3; font-style: italic; @ http://localhost:4200/chunk-R7L45CMG.js:59
[ 3032914ms] [LOG] %c [JwtTrace] request color: #F44336; font-style: italic; {at: 2026-09-14T01:10:10.905Z, url: http://localhost:7070/api/notifications, method: GET, appUserId: 63f5fe75-4fbb-4328-a2dd-b7224778752e, storageCustomerId: 019c6bee-028a-70e4-98ea-557b645a3ae0} @ http://localhost:4200/chunk-R7L45CMG.js:59
[ 3032918ms] [LOG] %c🛡️ [JwtInterceptorFn] Auth check completado. Interceptando ruta: color: #FF0000; font-style: italic; http://localhost:7070/api/notifications/unread-count @ http://localhost:4200/chunk-R7L45CMG.js:59
[ 3032919ms] [LOG] %c🔍 [StorageService] Recuperando valor para clave: 'customerId' color: #2196F3; font-style: italic; @ http://localhost:4200/chunk-R7L45CMG.js:59
[ 3032920ms] [LOG] %c🔍 [StorageService] Recuperando valor para clave: 'customerId' color: #2196F3; font-style: italic; @ http://localhost:4200/chunk-R7L45CMG.js:59
[ 3032921ms] [LOG] %c [JwtTrace] request color: #F44336; font-style: italic; {at: 2026-09-14T01:10:10.912Z, url: http://localhost:7070/api/notifications/unread-count, method: GET, appUserId: 63f5fe75-4fbb-4328-a2dd-b7224778752e, storageCustomerId: 019c6bee-028a-70e4-98ea-557b645a3ae0} @ http://localhost:4200/chunk-R7L45CMG.js:59
[ 3032950ms] [LOG] %c [MenuTrace] effect.tick color: #9C27B0; font-style: italic; {at: 2026-09-14T01:10:10.942Z, customerId: 019c6bee-028a-70e4-98ea-557b645a3ae0, customerReady: true, applicationUserId: 63f5fe75-4fbb-4328-a2dd-b7224778752e, lastCustomerId: null} @ http://localhost:4200/chunk-R7L45CMG.js:59
[ 3032951ms] [LOG] %c [MenuService] Customer data and session are ready. Loading menu... color: green; font-style: italic; @ http://localhost:4200/chunk-R7L45CMG.js:59
[ 3032951ms] [LOG] %c [MenuTrace] triggerMenuLoad.start color: #9C27B0; font-style: italic; {at: 2026-09-14T01:10:10.944Z, customerId: 019c6bee-028a-70e4-98ea-557b645a3ae0, customerReady: true, applicationUserId: 63f5fe75-4fbb-4328-a2dd-b7224778752e, lastCustomerId: null} @ http://localhost:4200/chunk-R7L45CMG.js:59
[ 3032953ms] [LOG] %c🛡️ [JwtInterceptorFn] Auth check completado. Interceptando ruta: color: #FF0000; font-style: italic; http://localhost:7070/api/menu-items/019c6bee-028a-70e4-98ea-557b645a3ae0 @ http://localhost:4200/chunk-R7L45CMG.js:59
[ 3032953ms] [LOG] %c🔍 [StorageService] Recuperando valor para clave: 'customerId' color: #2196F3; font-style: italic; @ http://localhost:4200/chunk-R7L45CMG.js:59
[ 3032955ms] [LOG] %c🔍 [StorageService] Recuperando valor para clave: 'customerId' color: #2196F3; font-style: italic; @ http://localhost:4200/chunk-R7L45CMG.js:59
[ 3032957ms] [LOG] %c [JwtTrace] request color: #F44336; font-style: italic; {at: 2026-09-14T01:10:10.947Z, url: http://localhost:7070/api/menu-items/019c6bee-028a-70e4-98ea-557b645a3ae0, method: GET, appUserId: 63f5fe75-4fbb-4328-a2dd-b7224778752e, storageCustomerId: 019c6bee-028a-70e4-98ea-557b645a3ae0} @ http://localhost:4200/chunk-R7L45CMG.js:59
[ 3032965ms] [LOG] %cok [OneSignal] SDK listo color: green; font-style: italic; @ http://localhost:4200/chunk-R7L45CMG.js:59
[ 3033032ms] [LOG] %c [API SUCCESS]: GET LIST: admin/general-catalogs/work-position-schedule color: teal; font-style: italic; [Object, Object, Object, Object, Object, Object, Object, Object, Object, Object, Object, Object, Object, Object, Object, Object, Object, Object, Object, Object, Object, Object, Object, Object, Object, Object, Object, Object, Object, Object, Object, Object, Object, Object, Object, Object, Object, Object, Object, Object, Object, Object, Object, Object, Object, Object, Object, Object, Object, Object, Object, Object, Object, Object, Object, Object, Object, Object, Object, Object, Object, Object, Object, Object, Object, Object, Object, Object, Object, Object, Object, Object, Object, Object, Object, Object, Object, Object, Object, Object, Object, Object, Object, Object, Object, Object, Object, Object, Object, Object, Object, Object, Object, Object, Object, Object, Object, Object, Object, Object] @ http://localhost:4200/chunk-R7L45CMG.js:59
[ 3033034ms] [LOG] %c [API SUCCESS]: GET NoLoading: notifications color: gray; font-style: italic; [Object, Object] @ http://localhost:4200/chunk-R7L45CMG.js:59
[ 3033035ms] [LOG] %c [API SUCCESS]: GET NoLoading: notifications/unread-count color: gray; font-style: italic; 2 @ http://localhost:4200/chunk-R7L45CMG.js:59
[ 3033571ms] [ERROR] Failed to load resource: the server responded with a status of 404 (Not Found) @ http://localhost:7070/api/files/download?filePath=public%2fAdministration%2faccounts%2f019fa465-1920-7772-a948-76a01e8ab76c.png:0
[ 3033662ms] [LOG] %c [API SUCCESS]: GET LIST: menu-items/019c6bee-028a-70e4-98ea-557b645a3ae0 color: teal; font-style: italic; [Object, Object, Object, Object, Object, Object, Object, Object, Object, Object, Object, Object, Object, Object, Object, Object, Object, Object, Object, Object, Object, Object, Object, Object] @ http://localhost:4200/chunk-R7L45CMG.js:59
[ 3033663ms] [LOG] %c [MenuTrace] fetchMenuItemsFromApi.success color: #9C27B0; font-style: italic; {at: 2026-09-14T01:10:11.655Z, customerId: 019c6bee-028a-70e4-98ea-557b645a3ae0, customerReady: true, applicationUserId: 63f5fe75-4fbb-4328-a2dd-b7224778752e, lastCustomerId: 019c6bee-028a-70e4-98ea-557b645a3ae0} @ http://localhost:4200/chunk-R7L45CMG.js:59
[ 3033663ms] [LOG] %c [MenuTrace] triggerMenuLoad.response color: #9C27B0; font-style: italic; {at: 2026-09-14T01:10:11.656Z, customerId: 019c6bee-028a-70e4-98ea-557b645a3ae0, customerReady: true, applicationUserId: 63f5fe75-4fbb-4328-a2dd-b7224778752e, lastCustomerId: 019c6bee-028a-70e4-98ea-557b645a3ae0} @ http://localhost:4200/chunk-R7L45CMG.js:59
[ 3033743ms] [INFO] [2026-09-14T01:10:11.736Z] Information: WebSocket connected to ws://localhost:7070/ws/notificationHub?id=DxpaVr8pqi4fdDUOTqA6DA&access_token=eyJhbGciOiJIUzI1NiIsInR5cCI6IkpXVCJ9.eyJzdWIiOiI2M2Y1ZmU3NS00ZmJiLTQzMjgtYTJkZC1iNzIyNDc3ODc1MmUiLCJqdGkiOiIwMWEwOWQ3Ni1lNmM3LTczZmItYWNiYi1mMGY2YjA0YzJjMWMiLCJpYXQiOjE3ODkzNDgyMTAsIm5hbWUiOiJBZG1pbmlzdHJhZG9yIExCRyIsImVtYWlsIjoiaW5mb0BsdXh1cnlidWlsZGluZy5jb20ubXgiLCJ1c2VybmFtZSI6ImFkbWluIiwiY3VzdG9tZXJJZCI6IjAxOWM2YmVlLTAyOGEtNzBlNC05OGVhLTU1N2I2NDVhM2FlMCIsImN1c3RvbWVyTmFtZSI6IkxVWFVSWSBCVUlMRElORyBHUk9VUCBTQSBERSBDViIsImZpcnN0TmFtZSI6IkFkbWluaXN0cmFkb3IiLCJsYXN0TmFtZSI6IkxCRyIsInBob25lIjoiKDU1KSAwMDAwLSAwMDAwIiwicGhvdG9QYXRoIjoiaHR0cDovL2xvY2FsaG9zdDo3MDcwL2FwaS9maWxlcy9kb3dubG9hZD9maWxlUGF0aD1wdWJsaWMlMmZBZG1pbmlzdHJhdGlvbiUyZmFjY291bnRzJTJmMDE5ZmE0NjUtMTkyMC03NzcyLWE5NDgtNzZhMDFlOGFiNzZjLnBuZyIsInBvc2l0aW9uIjoiRGVzY29ub2NpZG8iLCJodHRwOi8vc2NoZW1hcy5taWNyb3NvZnQuY29tL3dzLzIwMDgvMDYvaWRlbnRpdHkvY2xhaW1zL3JvbGUiOiJTdXBlclVzdWFyaW8iLCJyb2xlSWQiOiI2OTlkN2NjMS1kMTQzLTQ5ODUtYjU1YS1kMDMwODY0YzY5M2UiLCJleHAiOjE3ODkzNTE4MTAsImlzcyI6Imh0dHBzOi8vbG9jYWxob3N0OjcwNjkiLCJhdWQiOiJodHRwczovL2xvY2FsaG9zdDo0MjAwIn0.xbZkDfuvTtO53v_CkESHLkZoKTaHS4l6K-j3nUjPDDM. @ http://localhost:4200/@fs/D:/repos/luxuryapp-api/appsweb/angular/.angular/cache/22.1.8/luxury-app/vite/deps/@microsoft_signalr.js?v=1b527642:308
[ 3033744ms] [INFO] [2026-09-14T01:10:11.736Z] Information: Using HubProtocol 'json'. @ http://localhost:4200/@fs/D:/repos/luxuryapp-api/appsweb/angular/.angular/cache/22.1.8/luxury-app/vite/deps/@microsoft_signalr.js?v=1b527642:308
[ 3033754ms] [LOG] %cLINK [SignalR] Conexion iniciada con exito. color: green; font-style: italic; @ http://localhost:4200/chunk-R7L45CMG.js:59
[ 3033754ms] [LOG] %cSTATE [SignalR] connectionId = '-AWoQrWX4M-rLH0H-fxtvg' color: green; font-style: italic; @ http://localhost:4200/chunk-R7L45CMG.js:59
[ 3033770ms] [LOG] %cUSER [SignalR] Evento ConnectedUser recibido: color: blue; font-style: italic; Bienvenido 63f5fe75-4fbb-4328-a2dd-b7224778752e @ http://localhost:4200/chunk-R7L45CMG.js:59
[ 3033895ms] [LOG] %cpkg [OneSignal] Inicializado con App ID: color: teal; font-style: italic; 3d1f1ce3-638f-4a30-b093-ab617baf91a8 @ http://localhost:4200/chunk-R7L45CMG.js:59
[ 3033896ms] [LOG] %cear [OneSignal] Listeners registrados. color: cyan; font-style: italic; @ http://localhost:4200/chunk-R7L45CMG.js:59
[ 3033896ms] [LOG] %cuser [OneSignal] Usuario logueado con ExternalUserId: 63f5fe75-4fbb-4328-a2dd-b7224778752e color: darkslateblue; font-style: italic; @ http://localhost:4200/chunk-R7L45CMG.js:59
[ 3033897ms] [LOG] %csub [OneSignal] Permiso: color: dodgerblue; font-style: italic; false | Suscrito: false @ http://localhost:4200/chunk-R7L45CMG.js:59
[ 3033897ms] [LOG] %cwarn [OneSignal] Usuario no completamente suscrito. color: orange; font-style: italic; @ http://localhost:4200/chunk-R7L45CMG.js:59
[ 3041199ms] [LOG] %c📦 [StorageService] Inicializando servicio de almacenamiento local... color: #3F51B5; font-style: italic; @ http://localhost:4200/chunk-R7L45CMG.js:59
[ 3041201ms] [LOG] %c [AuthService] Verificando ruta inicial: /admin/work-position-schedules | Es publica: false color: #9C27B0; font-style: italic; @ http://localhost:4200/chunk-R7L45CMG.js:59
[ 3041201ms] [LOG] %c [AuthService] Ruta no publica. Intentando login silencioso... color: #009688; font-style: italic; @ http://localhost:4200/chunk-R7L45CMG.js:59
[ 3041204ms] [LOG] %c🚀 [Initializer] Starting application state initialization... color: purple; font-style: italic; @ http://localhost:4200/chunk-R7L45CMG.js:59
[ 3041302ms] [LOG] %c [AuthService] Token renovado. Actualizando sesion en memoria. color: color: #4CAF50; font-style: italic;; font-style: italic; @ http://localhost:4200/chunk-R7L45CMG.js:59
[ 3041302ms] [LOG] %c [AuthTrace] refresh.success.before-set color: #03A9F4; font-style: italic; {at: 2026-09-14T01:10:19.295Z, applicationUserId: 63f5fe75-4fbb-4328-a2dd-b7224778752e, tokenCustomerId: 019c6bee-028a-70e4-98ea-557b645a3ae0, roles: Array(1), customerAccessCount: 10} @ http://localhost:4200/chunk-R7L45CMG.js:59
[ 3041303ms] [LOG] %c [AuthTrace] refresh.success.after-set color: #03A9F4; font-style: italic; {at: 2026-09-14T01:10:19.295Z, applicationUserId: 63f5fe75-4fbb-4328-a2dd-b7224778752e, tokenCustomerId: 019c6bee-028a-70e4-98ea-557b645a3ae0, roles: Array(1), customerAccessCount: 10} @ http://localhost:4200/chunk-R7L45CMG.js:59
[ 3041303ms] [LOG] %cLINK [SignalR] Construyendo conexion... color: blue; font-style: italic; @ http://localhost:4200/chunk-R7L45CMG.js:59
[ 3041303ms] [LOG] %cHEADSET [SignalR] Registrando listeners... color: cyan; font-style: italic; @ http://localhost:4200/chunk-R7L45CMG.js:59
[ 3041303ms] [LOG] %cLINK [SignalR] Iniciando conexion... color: blue; font-style: italic; @ http://localhost:4200/chunk-R7L45CMG.js:59
[ 3041304ms] [LOG] %c [AuthTrace] trySilentLogin.finalize color: #8BC34A; font-style: italic; {at: 2026-09-14T01:10:19.296Z, isAuthenticated: true} @ http://localhost:4200/chunk-R7L45CMG.js:59
[ 3041305ms] [LOG] %c🏢 [Initializer] User session found. Initializing customer state... color: #3F51B5; font-style: italic; @ http://localhost:4200/chunk-R7L45CMG.js:59
[ 3041306ms] [LOG] %c🔍 [StorageService] Recuperando valor para clave: 'customerId' color: #2196F3; font-style: italic; @ http://localhost:4200/chunk-R7L45CMG.js:59
[ 3041307ms] [LOG] %c [CustomerTrace] initialize.start color: #FF9800; font-style: italic; {at: 2026-09-14T01:10:19.298Z, state: Object, storedCustomerId: 019c6bee-028a-70e4-98ea-557b645a3ae0, tokenCustomerId: 019c6bee-028a-70e4-98ea-557b645a3ae0, customerAccess: Array(10)} @ http://localhost:4200/chunk-R7L45CMG.js:59
[ 3041307ms] [LOG] %c🔍 [StorageService] Recuperando valor para clave: 'customerId' color: #2196F3; font-style: italic; @ http://localhost:4200/chunk-R7L45CMG.js:59
[ 3041308ms] [LOG] %c🔍 [StorageService] Recuperando valor para clave: 'customerId' color: #2196F3; font-style: italic; @ http://localhost:4200/chunk-R7L45CMG.js:59
[ 3041309ms] [LOG] %c [CustomerTrace] initialize.selected-customer color: #FF9800; font-style: italic; {at: 2026-09-14T01:10:19.301Z, state: Object, storedCustomerId: 019c6bee-028a-70e4-98ea-557b645a3ae0, selectedCustomerId: 019c6bee-028a-70e4-98ea-557b645a3ae0} @ http://localhost:4200/chunk-R7L45CMG.js:59
[ 3041309ms] [LOG] %c💾 [StorageService] Guardando clave: 'customerId' color: #FF9800; font-style: italic; {value: 019c6bee-028a-70e4-98ea-557b645a3ae0} @ http://localhost:4200/chunk-R7L45CMG.js:59
[ 3041310ms] [LOG] %c✅ [StorageService] Clave 'customerId' guardada exitosamente. color: #4CAF50; font-style: italic; @ http://localhost:4200/chunk-R7L45CMG.js:59
[ 3041311ms] [LOG] %c🔍 [StorageService] Recuperando valor para clave: 'customerId' color: #2196F3; font-style: italic; @ http://localhost:4200/chunk-R7L45CMG.js:59
[ 3041311ms] [LOG] %c [CustomerTrace] loadDataForCustomer.start color: #FF9800; font-style: italic; {at: 2026-09-14T01:10:19.303Z, state: Object, storedCustomerId: 019c6bee-028a-70e4-98ea-557b645a3ae0, customerId: 019c6bee-028a-70e4-98ea-557b645a3ae0} @ http://localhost:4200/chunk-R7L45CMG.js:59
[ 3041314ms] [LOG] %c🛡️ [JwtInterceptorFn] Auth check completado. Interceptando ruta: color: #FF0000; font-style: italic; http://localhost:7070/api/customers/019c6bee-028a-70e4-98ea-557b645a3ae0 @ http://localhost:4200/chunk-R7L45CMG.js:59
[ 3041315ms] [LOG] %c🔍 [StorageService] Recuperando valor para clave: 'customerId' color: #2196F3; font-style: italic; @ http://localhost:4200/chunk-R7L45CMG.js:59
[ 3041316ms] [LOG] %c🔍 [StorageService] Recuperando valor para clave: 'customerId' color: #2196F3; font-style: italic; @ http://localhost:4200/chunk-R7L45CMG.js:59
[ 3041317ms] [LOG] %c [JwtTrace] request color: #F44336; font-style: italic; {at: 2026-09-14T01:10:19.308Z, url: http://localhost:7070/api/customers/019c6bee-028a-70e4-98ea-557b645a3ae0, method: GET, appUserId: 63f5fe75-4fbb-4328-a2dd-b7224778752e, storageCustomerId: 019c6bee-028a-70e4-98ea-557b645a3ae0} @ http://localhost:4200/chunk-R7L45CMG.js:59
[ 3041337ms] [LOG] %c🔍 [StorageService] Recuperando valor para clave: 'customerId' color: #2196F3; font-style: italic; @ http://localhost:4200/chunk-R7L45CMG.js:59
[ 3041337ms] [LOG] %c [CustomerTrace] loadDataForCustomer.response color: #FF9800; font-style: italic; {at: 2026-09-14T01:10:19.329Z, state: Object, storedCustomerId: 019c6bee-028a-70e4-98ea-557b645a3ae0, customerId: 019c6bee-028a-70e4-98ea-557b645a3ae0, success: true} @ http://localhost:4200/chunk-R7L45CMG.js:59
[ 3041338ms] [LOG] %c🔍 [StorageService] Recuperando valor para clave: 'customerId' color: #2196F3; font-style: italic; @ http://localhost:4200/chunk-R7L45CMG.js:59
[ 3041338ms] [LOG] %c [CustomerTrace] loadDataForCustomer.ready color: #FF9800; font-style: italic; {at: 2026-09-14T01:10:19.330Z, state: Object, storedCustomerId: 019c6bee-028a-70e4-98ea-557b645a3ae0, customerId: 019c6bee-028a-70e4-98ea-557b645a3ae0} @ http://localhost:4200/chunk-R7L45CMG.js:59
[ 3041338ms] [LOG] %c✅ [Initializer] State initialization complete. color: green; font-style: italic; @ http://localhost:4200/chunk-R7L45CMG.js:59
[ 3041341ms] [LOG] %c🔄 UpdateService: Inicializando servicio de actualizaciones color: blue; font-weight: bold; @ http://localhost:4200/chunk-WEIOKMZ7.js:10
[ 3041342ms] [LOG] %c🔄 UpdateService: ❌ Service Worker NO habilitado color: red; font-weight: bold; @ http://localhost:4200/chunk-WEIOKMZ7.js:22
[ 3041352ms] [LOG] %c🚀 [App] ¡Aplicación iniciada! Soy más ligero y rápido que nunca. color: #673AB7; font-style: italic; @ http://localhost:4200/chunk-R7L45CMG.js:59
[ 3041366ms] [LOG] Angular is running in development mode. @ http://localhost:4200/@fs/D:/repos/luxuryapp-api/appsweb/angular/.angular/cache/22.1.8/luxury-app/vite/deps/core-gRj2gSiC.js?v=72229873:9175
[ 3041369ms] [INFO] [2026-09-14T01:10:19.362Z] Information: WebSocket connected to ws://localhost:7070/ws/notificationHub?id=k-lA9hE-Venw_bentoLFLQ&access_token=eyJhbGciOiJIUzI1NiIsInR5cCI6IkpXVCJ9.eyJzdWIiOiI2M2Y1ZmU3NS00ZmJiLTQzMjgtYTJkZC1iNzIyNDc3ODc1MmUiLCJqdGkiOiIwMWEwOWQ3Ny0wOTU4LTczYzItYWNkNS0yYTdhNmZiMWFiMmQiLCJpYXQiOjE3ODkzNDgyMTksIm5hbWUiOiJBZG1pbmlzdHJhZG9yIExCRyIsImVtYWlsIjoiaW5mb0BsdXh1cnlidWlsZGluZy5jb20ubXgiLCJ1c2VybmFtZSI6ImFkbWluIiwiY3VzdG9tZXJJZCI6IjAxOWM2YmVlLTAyOGEtNzBlNC05OGVhLTU1N2I2NDVhM2FlMCIsImN1c3RvbWVyTmFtZSI6IkxVWFVSWSBCVUlMRElORyBHUk9VUCBTQSBERSBDViIsImZpcnN0TmFtZSI6IkFkbWluaXN0cmFkb3IiLCJsYXN0TmFtZSI6IkxCRyIsInBob25lIjoiKDU1KSAwMDAwLSAwMDAwIiwicGhvdG9QYXRoIjoiaHR0cDovL2xvY2FsaG9zdDo3MDcwL2FwaS9maWxlcy9kb3dubG9hZD9maWxlUGF0aD1wdWJsaWMlMmZBZG1pbmlzdHJhdGlvbiUyZmFjY291bnRzJTJmMDE5ZmE0NjUtMTkyMC03NzcyLWE5NDgtNzZhMDFlOGFiNzZjLnBuZyIsInBvc2l0aW9uIjoiRGVzY29ub2NpZG8iLCJodHRwOi8vc2NoZW1hcy5taWNyb3NvZnQuY29tL3dzLzIwMDgvMDYvaWRlbnRpdHkvY2xhaW1zL3JvbGUiOiJTdXBlclVzdWFyaW8iLCJyb2xlSWQiOiI2OTlkN2NjMS1kMTQzLTQ5ODUtYjU1YS1kMDMwODY0YzY5M2UiLCJleHAiOjE3ODkzNTE4MTksImlzcyI6Imh0dHBzOi8vbG9jYWxob3N0OjcwNjkiLCJhdWQiOiJodHRwczovL2xvY2FsaG9zdDo0MjAwIn0.WnLxkjnmqSg3MqxNX9pVh0kId4DH-d08Qu8r13X9lSs. @ http://localhost:4200/@fs/D:/repos/luxuryapp-api/appsweb/angular/.angular/cache/22.1.8/luxury-app/vite/deps/@microsoft_signalr.js?v=1b527642:308
[ 3041369ms] [INFO] [2026-09-14T01:10:19.362Z] Information: Using HubProtocol 'json'. @ http://localhost:4200/@fs/D:/repos/luxuryapp-api/appsweb/angular/.angular/cache/22.1.8/luxury-app/vite/deps/@microsoft_signalr.js?v=1b527642:308
[ 3041375ms] [LOG] %cLINK [SignalR] Conexion iniciada con exito. color: green; font-style: italic; @ http://localhost:4200/chunk-R7L45CMG.js:59
[ 3041376ms] [LOG] %cSTATE [SignalR] connectionId = 'jIdS9ycv6f3PD0NjkNVGtA' color: green; font-style: italic; @ http://localhost:4200/chunk-R7L45CMG.js:59
[ 3041376ms] [LOG] %cUSER [SignalR] Evento ConnectedUser recibido: color: blue; font-style: italic; Bienvenido 63f5fe75-4fbb-4328-a2dd-b7224778752e @ http://localhost:4200/chunk-R7L45CMG.js:59
[ 3041626ms] [LOG] %c🎉 [LayoutEmployee] ¡Layout de empleado cargado! Despertando a los gigantes (SignalR, OneSignal...) color: #2196F3; font-style: italic; @ http://localhost:4200/chunk-R7L45CMG.js:59
[ 3041627ms] [LOG] %cLINK [SignalR] Construyendo conexion... color: blue; font-style: italic; @ http://localhost:4200/chunk-R7L45CMG.js:59
[ 3041627ms] [LOG] %cHEADSET [SignalR] Registrando listeners... color: cyan; font-style: italic; @ http://localhost:4200/chunk-R7L45CMG.js:59
[ 3041627ms] [LOG] %cLINK [SignalR] Iniciando conexion... color: blue; font-style: italic; @ http://localhost:4200/chunk-R7L45CMG.js:59
[ 3041628ms] [LOG] %cℹ️ [LayoutEmployee] Usuario 63f5fe75-4fbb-4328-a2dd-b7224778752e autenticado. Iniciando OneSignal... color: dodgerblue;font-style: italic @ http://localhost:4200/chunk-R7L45CMG.js:72
[ 3041628ms] [LOG] %c... [OneSignal] Esperando que el SDK este listo... color: orange; font-style: italic; @ http://localhost:4200/chunk-R7L45CMG.js:59
[ 3041646ms] [LOG] %c🛡️ [JwtInterceptorFn] Auth check completado. Interceptando ruta: color: #FF0000; font-style: italic; http://localhost:7070/api/admin/general-catalogs/work-position-schedule @ http://localhost:4200/chunk-R7L45CMG.js:59
[ 3041647ms] [LOG] %c🔍 [StorageService] Recuperando valor para clave: 'customerId' color: #2196F3; font-style: italic; @ http://localhost:4200/chunk-R7L45CMG.js:59
[ 3041648ms] [LOG] %c🔍 [StorageService] Recuperando valor para clave: 'customerId' color: #2196F3; font-style: italic; @ http://localhost:4200/chunk-R7L45CMG.js:59
[ 3041648ms] [LOG] %c [JwtTrace] request color: #F44336; font-style: italic; {at: 2026-09-14T01:10:19.640Z, url: http://localhost:7070/api/admin/general-catalogs/work-position-schedule, method: GET, appUserId: 63f5fe75-4fbb-4328-a2dd-b7224778752e, storageCustomerId: 019c6bee-028a-70e4-98ea-557b645a3ae0} @ http://localhost:4200/chunk-R7L45CMG.js:59
[ 3041755ms] [LOG] %c🛡️ [JwtInterceptorFn] Auth check completado. Interceptando ruta: color: #FF0000; font-style: italic; http://localhost:7070/api/notifications @ http://localhost:4200/chunk-R7L45CMG.js:59
[ 3041756ms] [LOG] %c🔍 [StorageService] Recuperando valor para clave: 'customerId' color: #2196F3; font-style: italic; @ http://localhost:4200/chunk-R7L45CMG.js:59
[ 3041757ms] [LOG] %c🔍 [StorageService] Recuperando valor para clave: 'customerId' color: #2196F3; font-style: italic; @ http://localhost:4200/chunk-R7L45CMG.js:59
[ 3041757ms] [LOG] %c [JwtTrace] request color: #F44336; font-style: italic; {at: 2026-09-14T01:10:19.749Z, url: http://localhost:7070/api/notifications, method: GET, appUserId: 63f5fe75-4fbb-4328-a2dd-b7224778752e, storageCustomerId: 019c6bee-028a-70e4-98ea-557b645a3ae0} @ http://localhost:4200/chunk-R7L45CMG.js:59
[ 3041759ms] [LOG] %c🛡️ [JwtInterceptorFn] Auth check completado. Interceptando ruta: color: #FF0000; font-style: italic; http://localhost:7070/api/notifications/unread-count @ http://localhost:4200/chunk-R7L45CMG.js:59
[ 3041760ms] [LOG] %c🔍 [StorageService] Recuperando valor para clave: 'customerId' color: #2196F3; font-style: italic; @ http://localhost:4200/chunk-R7L45CMG.js:59
[ 3041761ms] [LOG] %c🔍 [StorageService] Recuperando valor para clave: 'customerId' color: #2196F3; font-style: italic; @ http://localhost:4200/chunk-R7L45CMG.js:59
[ 3041762ms] [LOG] %c [JwtTrace] request color: #F44336; font-style: italic; {at: 2026-09-14T01:10:19.753Z, url: http://localhost:7070/api/notifications/unread-count, method: GET, appUserId: 63f5fe75-4fbb-4328-a2dd-b7224778752e, storageCustomerId: 019c6bee-028a-70e4-98ea-557b645a3ae0} @ http://localhost:4200/chunk-R7L45CMG.js:59
[ 3041786ms] [LOG] %c [MenuTrace] effect.tick color: #9C27B0; font-style: italic; {at: 2026-09-14T01:10:19.778Z, customerId: 019c6bee-028a-70e4-98ea-557b645a3ae0, customerReady: true, applicationUserId: 63f5fe75-4fbb-4328-a2dd-b7224778752e, lastCustomerId: null} @ http://localhost:4200/chunk-R7L45CMG.js:59
[ 3041786ms] [LOG] %c [MenuService] Customer data and session are ready. Loading menu... color: green; font-style: italic; @ http://localhost:4200/chunk-R7L45CMG.js:59
[ 3041786ms] [LOG] %c [MenuTrace] triggerMenuLoad.start color: #9C27B0; font-style: italic; {at: 2026-09-14T01:10:19.779Z, customerId: 019c6bee-028a-70e4-98ea-557b645a3ae0, customerReady: true, applicationUserId: 63f5fe75-4fbb-4328-a2dd-b7224778752e, lastCustomerId: null} @ http://localhost:4200/chunk-R7L45CMG.js:59
[ 3041787ms] [LOG] %c🛡️ [JwtInterceptorFn] Auth check completado. Interceptando ruta: color: #FF0000; font-style: italic; http://localhost:7070/api/menu-items/019c6bee-028a-70e4-98ea-557b645a3ae0 @ http://localhost:4200/chunk-R7L45CMG.js:59
[ 3041788ms] [LOG] %c🔍 [StorageService] Recuperando valor para clave: 'customerId' color: #2196F3; font-style: italic; @ http://localhost:4200/chunk-R7L45CMG.js:59
[ 3041788ms] [LOG] %c🔍 [StorageService] Recuperando valor para clave: 'customerId' color: #2196F3; font-style: italic; @ http://localhost:4200/chunk-R7L45CMG.js:59
[ 3041788ms] [LOG] %c [JwtTrace] request color: #F44336; font-style: italic; {at: 2026-09-14T01:10:19.780Z, url: http://localhost:7070/api/menu-items/019c6bee-028a-70e4-98ea-557b645a3ae0, method: GET, appUserId: 63f5fe75-4fbb-4328-a2dd-b7224778752e, storageCustomerId: 019c6bee-028a-70e4-98ea-557b645a3ae0} @ http://localhost:4200/chunk-R7L45CMG.js:59
[ 3041792ms] [LOG] %cok [OneSignal] SDK listo color: green; font-style: italic; @ http://localhost:4200/chunk-R7L45CMG.js:59
[ 3041821ms] [ERROR] Failed to load resource: the server responded with a status of 404 (Not Found) @ http://localhost:7070/api/files/download?filePath=public%2fAdministration%2faccounts%2f019fa465-1920-7772-a948-76a01e8ab76c.png:0
[ 3041855ms] [LOG] %c [API SUCCESS]: GET LIST: admin/general-catalogs/work-position-schedule color: teal; font-style: italic; [Object, Object, Object, Object, Object, Object, Object, Object, Object, Object, Object, Object, Object, Object, Object, Object, Object, Object, Object, Object, Object, Object, Object, Object, Object, Object, Object, Object, Object, Object, Object, Object, Object, Object, Object, Object, Object, Object, Object, Object, Object, Object, Object, Object, Object, Object, Object, Object, Object, Object, Object, Object, Object, Object, Object, Object, Object, Object, Object, Object, Object, Object, Object, Object, Object, Object, Object, Object, Object, Object, Object, Object, Object, Object, Object, Object, Object, Object, Object, Object, Object, Object, Object, Object, Object, Object, Object, Object, Object, Object, Object, Object, Object, Object, Object, Object, Object, Object, Object, Object] @ http://localhost:4200/chunk-R7L45CMG.js:59
[ 3041857ms] [LOG] %c [API SUCCESS]: GET NoLoading: notifications color: gray; font-style: italic; [Object, Object] @ http://localhost:4200/chunk-R7L45CMG.js:59
[ 3041858ms] [LOG] %c [API SUCCESS]: GET NoLoading: notifications/unread-count color: gray; font-style: italic; 2 @ http://localhost:4200/chunk-R7L45CMG.js:59
[ 3041859ms] [LOG] %c [API SUCCESS]: GET LIST: menu-items/019c6bee-028a-70e4-98ea-557b645a3ae0 color: teal; font-style: italic; [Object, Object, Object, Object, Object, Object, Object, Object, Object, Object, Object, Object, Object, Object, Object, Object, Object, Object, Object, Object, Object, Object, Object, Object] @ http://localhost:4200/chunk-R7L45CMG.js:59
[ 3041860ms] [LOG] %c [MenuTrace] fetchMenuItemsFromApi.success color: #9C27B0; font-style: italic; {at: 2026-09-14T01:10:19.852Z, customerId: 019c6bee-028a-70e4-98ea-557b645a3ae0, customerReady: true, applicationUserId: 63f5fe75-4fbb-4328-a2dd-b7224778752e, lastCustomerId: 019c6bee-028a-70e4-98ea-557b645a3ae0} @ http://localhost:4200/chunk-R7L45CMG.js:59
[ 3041860ms] [LOG] %c [MenuTrace] triggerMenuLoad.response color: #9C27B0; font-style: italic; {at: 2026-09-14T01:10:19.853Z, customerId: 019c6bee-028a-70e4-98ea-557b645a3ae0, customerReady: true, applicationUserId: 63f5fe75-4fbb-4328-a2dd-b7224778752e, lastCustomerId: 019c6bee-028a-70e4-98ea-557b645a3ae0} @ http://localhost:4200/chunk-R7L45CMG.js:59
[ 3042247ms] [INFO] [2026-09-14T01:10:20.240Z] Information: WebSocket connected to ws://localhost:7070/ws/notificationHub?id=0YGLoZAAXbBXLiVSgP2lRw&access_token=eyJhbGciOiJIUzI1NiIsInR5cCI6IkpXVCJ9.eyJzdWIiOiI2M2Y1ZmU3NS00ZmJiLTQzMjgtYTJkZC1iNzIyNDc3ODc1MmUiLCJqdGkiOiIwMWEwOWQ3Ny0wOTU4LTczYzItYWNkNS0yYTdhNmZiMWFiMmQiLCJpYXQiOjE3ODkzNDgyMTksIm5hbWUiOiJBZG1pbmlzdHJhZG9yIExCRyIsImVtYWlsIjoiaW5mb0BsdXh1cnlidWlsZGluZy5jb20ubXgiLCJ1c2VybmFtZSI6ImFkbWluIiwiY3VzdG9tZXJJZCI6IjAxOWM2YmVlLTAyOGEtNzBlNC05OGVhLTU1N2I2NDVhM2FlMCIsImN1c3RvbWVyTmFtZSI6IkxVWFVSWSBCVUlMRElORyBHUk9VUCBTQSBERSBDViIsImZpcnN0TmFtZSI6IkFkbWluaXN0cmFkb3IiLCJsYXN0TmFtZSI6IkxCRyIsInBob25lIjoiKDU1KSAwMDAwLSAwMDAwIiwicGhvdG9QYXRoIjoiaHR0cDovL2xvY2FsaG9zdDo3MDcwL2FwaS9maWxlcy9kb3dubG9hZD9maWxlUGF0aD1wdWJsaWMlMmZBZG1pbmlzdHJhdGlvbiUyZmFjY291bnRzJTJmMDE5ZmE0NjUtMTkyMC03NzcyLWE5NDgtNzZhMDFlOGFiNzZjLnBuZyIsInBvc2l0aW9uIjoiRGVzY29ub2NpZG8iLCJodHRwOi8vc2NoZW1hcy5taWNyb3NvZnQuY29tL3dzLzIwMDgvMDYvaWRlbnRpdHkvY2xhaW1zL3JvbGUiOiJTdXBlclVzdWFyaW8iLCJyb2xlSWQiOiI2OTlkN2NjMS1kMTQzLTQ5ODUtYjU1YS1kMDMwODY0YzY5M2UiLCJleHAiOjE3ODkzNTE4MTksImlzcyI6Imh0dHBzOi8vbG9jYWxob3N0OjcwNjkiLCJhdWQiOiJodHRwczovL2xvY2FsaG9zdDo0MjAwIn0.WnLxkjnmqSg3MqxNX9pVh0kId4DH-d08Qu8r13X9lSs. @ http://localhost:4200/@fs/D:/repos/luxuryapp-api/appsweb/angular/.angular/cache/22.1.8/luxury-app/vite/deps/@microsoft_signalr.js?v=1b527642:308
[ 3042248ms] [INFO] [2026-09-14T01:10:20.240Z] Information: Using HubProtocol 'json'. @ http://localhost:4200/@fs/D:/repos/luxuryapp-api/appsweb/angular/.angular/cache/22.1.8/luxury-app/vite/deps/@microsoft_signalr.js?v=1b527642:308
[ 3042251ms] [LOG] %cLINK [SignalR] Conexion iniciada con exito. color: green; font-style: italic; @ http://localhost:4200/chunk-R7L45CMG.js:59
[ 3042251ms] [LOG] %cSTATE [SignalR] connectionId = '9jkKa3Kt-qrHXh7mzYr1kg' color: green; font-style: italic; @ http://localhost:4200/chunk-R7L45CMG.js:59
[ 3042253ms] [LOG] %cUSER [SignalR] Evento ConnectedUser recibido: color: blue; font-style: italic; Bienvenido 63f5fe75-4fbb-4328-a2dd-b7224778752e @ http://localhost:4200/chunk-R7L45CMG.js:59
[ 3042391ms] [LOG] %cpkg [OneSignal] Inicializado con App ID: color: teal; font-style: italic; 3d1f1ce3-638f-4a30-b093-ab617baf91a8 @ http://localhost:4200/chunk-R7L45CMG.js:59
[ 3042391ms] [LOG] %cear [OneSignal] Listeners registrados. color: cyan; font-style: italic; @ http://localhost:4200/chunk-R7L45CMG.js:59
[ 3042391ms] [LOG] %cuser [OneSignal] Usuario logueado con ExternalUserId: 63f5fe75-4fbb-4328-a2dd-b7224778752e color: darkslateblue; font-style: italic; @ http://localhost:4200/chunk-R7L45CMG.js:59
[ 3042392ms] [LOG] %csub [OneSignal] Permiso: color: dodgerblue; font-style: italic; false | Suscrito: false @ http://localhost:4200/chunk-R7L45CMG.js:59
[ 3042392ms] [LOG] %cwarn [OneSignal] Usuario no completamente suscrito. color: orange; font-style: italic; @ http://localhost:4200/chunk-R7L45CMG.js:59
[ 3056219ms] [LOG] %c📦 [StorageService] Inicializando servicio de almacenamiento local... color: #3F51B5; font-style: italic; @ http://localhost:4200/chunk-R7L45CMG.js:59
[ 3056220ms] [LOG] %c [AuthService] Verificando ruta inicial: /admin/work-position-schedules | Es publica: false color: #9C27B0; font-style: italic; @ http://localhost:4200/chunk-R7L45CMG.js:59
[ 3056220ms] [LOG] %c [AuthService] Ruta no publica. Intentando login silencioso... color: #009688; font-style: italic; @ http://localhost:4200/chunk-R7L45CMG.js:59
[ 3056222ms] [LOG] %c🚀 [Initializer] Starting application state initialization... color: purple; font-style: italic; @ http://localhost:4200/chunk-R7L45CMG.js:59
[ 3056331ms] [LOG] %c [AuthService] Token renovado. Actualizando sesion en memoria. color: color: #4CAF50; font-style: italic;; font-style: italic; @ http://localhost:4200/chunk-R7L45CMG.js:59
[ 3056331ms] [LOG] %c [AuthTrace] refresh.success.before-set color: #03A9F4; font-style: italic; {at: 2026-09-14T01:10:34.324Z, applicationUserId: 63f5fe75-4fbb-4328-a2dd-b7224778752e, tokenCustomerId: 019c6bee-028a-70e4-98ea-557b645a3ae0, roles: Array(1), customerAccessCount: 10} @ http://localhost:4200/chunk-R7L45CMG.js:59
[ 3056332ms] [LOG] %c [AuthTrace] refresh.success.after-set color: #03A9F4; font-style: italic; {at: 2026-09-14T01:10:34.324Z, applicationUserId: 63f5fe75-4fbb-4328-a2dd-b7224778752e, tokenCustomerId: 019c6bee-028a-70e4-98ea-557b645a3ae0, roles: Array(1), customerAccessCount: 10} @ http://localhost:4200/chunk-R7L45CMG.js:59
[ 3056332ms] [LOG] %cLINK [SignalR] Construyendo conexion... color: blue; font-style: italic; @ http://localhost:4200/chunk-R7L45CMG.js:59
[ 3056333ms] [LOG] %cHEADSET [SignalR] Registrando listeners... color: cyan; font-style: italic; @ http://localhost:4200/chunk-R7L45CMG.js:59
[ 3056333ms] [LOG] %cLINK [SignalR] Iniciando conexion... color: blue; font-style: italic; @ http://localhost:4200/chunk-R7L45CMG.js:59
[ 3056334ms] [LOG] %c [AuthTrace] trySilentLogin.finalize color: #8BC34A; font-style: italic; {at: 2026-09-14T01:10:34.326Z, isAuthenticated: true} @ http://localhost:4200/chunk-R7L45CMG.js:59
[ 3056335ms] [LOG] %c🏢 [Initializer] User session found. Initializing customer state... color: #3F51B5; font-style: italic; @ http://localhost:4200/chunk-R7L45CMG.js:59
[ 3056335ms] [LOG] %c🔍 [StorageService] Recuperando valor para clave: 'customerId' color: #2196F3; font-style: italic; @ http://localhost:4200/chunk-R7L45CMG.js:59
[ 3056336ms] [LOG] %c [CustomerTrace] initialize.start color: #FF9800; font-style: italic; {at: 2026-09-14T01:10:34.328Z, state: Object, storedCustomerId: 019c6bee-028a-70e4-98ea-557b645a3ae0, tokenCustomerId: 019c6bee-028a-70e4-98ea-557b645a3ae0, customerAccess: Array(10)} @ http://localhost:4200/chunk-R7L45CMG.js:59
[ 3056337ms] [LOG] %c🔍 [StorageService] Recuperando valor para clave: 'customerId' color: #2196F3; font-style: italic; @ http://localhost:4200/chunk-R7L45CMG.js:59
[ 3056337ms] [LOG] %c🔍 [StorageService] Recuperando valor para clave: 'customerId' color: #2196F3; font-style: italic; @ http://localhost:4200/chunk-R7L45CMG.js:59
[ 3056338ms] [LOG] %c [CustomerTrace] initialize.selected-customer color: #FF9800; font-style: italic; {at: 2026-09-14T01:10:34.329Z, state: Object, storedCustomerId: 019c6bee-028a-70e4-98ea-557b645a3ae0, selectedCustomerId: 019c6bee-028a-70e4-98ea-557b645a3ae0} @ http://localhost:4200/chunk-R7L45CMG.js:59
[ 3056338ms] [LOG] %c💾 [StorageService] Guardando clave: 'customerId' color: #FF9800; font-style: italic; {value: 019c6bee-028a-70e4-98ea-557b645a3ae0} @ http://localhost:4200/chunk-R7L45CMG.js:59
[ 3056339ms] [LOG] %c✅ [StorageService] Clave 'customerId' guardada exitosamente. color: #4CAF50; font-style: italic; @ http://localhost:4200/chunk-R7L45CMG.js:59
[ 3056339ms] [LOG] %c🔍 [StorageService] Recuperando valor para clave: 'customerId' color: #2196F3; font-style: italic; @ http://localhost:4200/chunk-R7L45CMG.js:59
[ 3056339ms] [LOG] %c [CustomerTrace] loadDataForCustomer.start color: #FF9800; font-style: italic; {at: 2026-09-14T01:10:34.331Z, state: Object, storedCustomerId: 019c6bee-028a-70e4-98ea-557b645a3ae0, customerId: 019c6bee-028a-70e4-98ea-557b645a3ae0} @ http://localhost:4200/chunk-R7L45CMG.js:59
[ 3056341ms] [LOG] %c🛡️ [JwtInterceptorFn] Auth check completado. Interceptando ruta: color: #FF0000; font-style: italic; http://localhost:7070/api/customers/019c6bee-028a-70e4-98ea-557b645a3ae0 @ http://localhost:4200/chunk-R7L45CMG.js:59
[ 3056343ms] [LOG] %c🔍 [StorageService] Recuperando valor para clave: 'customerId' color: #2196F3; font-style: italic; @ http://localhost:4200/chunk-R7L45CMG.js:59
[ 3056343ms] [LOG] %c🔍 [StorageService] Recuperando valor para clave: 'customerId' color: #2196F3; font-style: italic; @ http://localhost:4200/chunk-R7L45CMG.js:59
[ 3056344ms] [LOG] %c [JwtTrace] request color: #F44336; font-style: italic; {at: 2026-09-14T01:10:34.336Z, url: http://localhost:7070/api/customers/019c6bee-028a-70e4-98ea-557b645a3ae0, method: GET, appUserId: 63f5fe75-4fbb-4328-a2dd-b7224778752e, storageCustomerId: 019c6bee-028a-70e4-98ea-557b645a3ae0} @ http://localhost:4200/chunk-R7L45CMG.js:59
[ 3056359ms] [INFO] [2026-09-14T01:10:34.351Z] Information: WebSocket connected to ws://localhost:7070/ws/notificationHub?id=diQ8IUeRHMqUJuSEuSOR1Q&access_token=eyJhbGciOiJIUzI1NiIsInR5cCI6IkpXVCJ9.eyJzdWIiOiI2M2Y1ZmU3NS00ZmJiLTQzMjgtYTJkZC1iNzIyNDc3ODc1MmUiLCJqdGkiOiIwMWEwOWQ3Ny00NDMwLTc5NDUtYTAxMy03NzRjOTBhYjg0NWUiLCJpYXQiOjE3ODkzNDgyMzQsIm5hbWUiOiJBZG1pbmlzdHJhZG9yIExCRyIsImVtYWlsIjoiaW5mb0BsdXh1cnlidWlsZGluZy5jb20ubXgiLCJ1c2VybmFtZSI6ImFkbWluIiwiY3VzdG9tZXJJZCI6IjAxOWM2YmVlLTAyOGEtNzBlNC05OGVhLTU1N2I2NDVhM2FlMCIsImN1c3RvbWVyTmFtZSI6IkxVWFVSWSBCVUlMRElORyBHUk9VUCBTQSBERSBDViIsImZpcnN0TmFtZSI6IkFkbWluaXN0cmFkb3IiLCJsYXN0TmFtZSI6IkxCRyIsInBob25lIjoiKDU1KSAwMDAwLSAwMDAwIiwicGhvdG9QYXRoIjoiaHR0cDovL2xvY2FsaG9zdDo3MDcwL2FwaS9maWxlcy9kb3dubG9hZD9maWxlUGF0aD1wdWJsaWMlMmZBZG1pbmlzdHJhdGlvbiUyZmFjY291bnRzJTJmMDE5ZmE0NjUtMTkyMC03NzcyLWE5NDgtNzZhMDFlOGFiNzZjLnBuZyIsInBvc2l0aW9uIjoiRGVzY29ub2NpZG8iLCJodHRwOi8vc2NoZW1hcy5taWNyb3NvZnQuY29tL3dzLzIwMDgvMDYvaWRlbnRpdHkvY2xhaW1zL3JvbGUiOiJTdXBlclVzdWFyaW8iLCJyb2xlSWQiOiI2OTlkN2NjMS1kMTQzLTQ5ODUtYjU1YS1kMDMwODY0YzY5M2UiLCJleHAiOjE3ODkzNTE4MzQsImlzcyI6Imh0dHBzOi8vbG9jYWxob3N0OjcwNjkiLCJhdWQiOiJodHRwczovL2xvY2FsaG9zdDo0MjAwIn0.EzQ-cZ62YWHkAF8QrU-eZzCrYgj7DiUZVO8DNlDKlzg. @ http://localhost:4200/@fs/D:/repos/luxuryapp-api/appsweb/angular/.angular/cache/22.1.8/luxury-app/vite/deps/@microsoft_signalr.js?v=1b527642:308
[ 3056360ms] [INFO] [2026-09-14T01:10:34.352Z] Information: Using HubProtocol 'json'. @ http://localhost:4200/@fs/D:/repos/luxuryapp-api/appsweb/angular/.angular/cache/22.1.8/luxury-app/vite/deps/@microsoft_signalr.js?v=1b527642:308
[ 3056363ms] [LOG] %cLINK [SignalR] Conexion iniciada con exito. color: green; font-style: italic; @ http://localhost:4200/chunk-R7L45CMG.js:59
[ 3056363ms] [LOG] %cSTATE [SignalR] connectionId = 'HJTGyclu9KPVJalNL57CcA' color: green; font-style: italic; @ http://localhost:4200/chunk-R7L45CMG.js:59
[ 3056364ms] [LOG] %cUSER [SignalR] Evento ConnectedUser recibido: color: blue; font-style: italic; Bienvenido 63f5fe75-4fbb-4328-a2dd-b7224778752e @ http://localhost:4200/chunk-R7L45CMG.js:59
[ 3056366ms] [LOG] %c🔍 [StorageService] Recuperando valor para clave: 'customerId' color: #2196F3; font-style: italic; @ http://localhost:4200/chunk-R7L45CMG.js:59
[ 3056366ms] [LOG] %c [CustomerTrace] loadDataForCustomer.response color: #FF9800; font-style: italic; {at: 2026-09-14T01:10:34.358Z, state: Object, storedCustomerId: 019c6bee-028a-70e4-98ea-557b645a3ae0, customerId: 019c6bee-028a-70e4-98ea-557b645a3ae0, success: true} @ http://localhost:4200/chunk-R7L45CMG.js:59
[ 3056366ms] [LOG] %c🔍 [StorageService] Recuperando valor para clave: 'customerId' color: #2196F3; font-style: italic; @ http://localhost:4200/chunk-R7L45CMG.js:59
[ 3056367ms] [LOG] %c [CustomerTrace] loadDataForCustomer.ready color: #FF9800; font-style: italic; {at: 2026-09-14T01:10:34.359Z, state: Object, storedCustomerId: 019c6bee-028a-70e4-98ea-557b645a3ae0, customerId: 019c6bee-028a-70e4-98ea-557b645a3ae0} @ http://localhost:4200/chunk-R7L45CMG.js:59
[ 3056367ms] [LOG] %c✅ [Initializer] State initialization complete. color: green; font-style: italic; @ http://localhost:4200/chunk-R7L45CMG.js:59
[ 3056370ms] [LOG] %c🔄 UpdateService: Inicializando servicio de actualizaciones color: blue; font-weight: bold; @ http://localhost:4200/chunk-WEIOKMZ7.js:10
[ 3056370ms] [LOG] %c🔄 UpdateService: ❌ Service Worker NO habilitado color: red; font-weight: bold; @ http://localhost:4200/chunk-WEIOKMZ7.js:22
[ 3056383ms] [LOG] %c🚀 [App] ¡Aplicación iniciada! Soy más ligero y rápido que nunca. color: #673AB7; font-style: italic; @ http://localhost:4200/chunk-R7L45CMG.js:59
[ 3056396ms] [LOG] Angular is running in development mode. @ http://localhost:4200/@fs/D:/repos/luxuryapp-api/appsweb/angular/.angular/cache/22.1.8/luxury-app/vite/deps/core-gRj2gSiC.js?v=72229873:9175
[ 3056676ms] [LOG] %c🎉 [LayoutEmployee] ¡Layout de empleado cargado! Despertando a los gigantes (SignalR, OneSignal...) color: #2196F3; font-style: italic; @ http://localhost:4200/chunk-R7L45CMG.js:59
[ 3056677ms] [LOG] %cLINK [SignalR] Construyendo conexion... color: blue; font-style: italic; @ http://localhost:4200/chunk-R7L45CMG.js:59
[ 3056678ms] [LOG] %cHEADSET [SignalR] Registrando listeners... color: cyan; font-style: italic; @ http://localhost:4200/chunk-R7L45CMG.js:59
[ 3056679ms] [LOG] %cLINK [SignalR] Iniciando conexion... color: blue; font-style: italic; @ http://localhost:4200/chunk-R7L45CMG.js:59
[ 3056679ms] [LOG] %cℹ️ [LayoutEmployee] Usuario 63f5fe75-4fbb-4328-a2dd-b7224778752e autenticado. Iniciando OneSignal... color: dodgerblue;font-style: italic @ http://localhost:4200/chunk-R7L45CMG.js:72
[ 3056680ms] [LOG] %c... [OneSignal] Esperando que el SDK este listo... color: orange; font-style: italic; @ http://localhost:4200/chunk-R7L45CMG.js:59
[ 3056701ms] [LOG] %c🛡️ [JwtInterceptorFn] Auth check completado. Interceptando ruta: color: #FF0000; font-style: italic; http://localhost:7070/api/admin/general-catalogs/work-position-schedule @ http://localhost:4200/chunk-R7L45CMG.js:59
[ 3056702ms] [LOG] %c🔍 [StorageService] Recuperando valor para clave: 'customerId' color: #2196F3; font-style: italic; @ http://localhost:4200/chunk-R7L45CMG.js:59
[ 3056702ms] [LOG] %c🔍 [StorageService] Recuperando valor para clave: 'customerId' color: #2196F3; font-style: italic; @ http://localhost:4200/chunk-R7L45CMG.js:59
[ 3056703ms] [LOG] %c [JwtTrace] request color: #F44336; font-style: italic; {at: 2026-09-14T01:10:34.694Z, url: http://localhost:7070/api/admin/general-catalogs/work-position-schedule, method: GET, appUserId: 63f5fe75-4fbb-4328-a2dd-b7224778752e, storageCustomerId: 019c6bee-028a-70e4-98ea-557b645a3ae0} @ http://localhost:4200/chunk-R7L45CMG.js:59
[ 3056814ms] [LOG] %c🛡️ [JwtInterceptorFn] Auth check completado. Interceptando ruta: color: #FF0000; font-style: italic; http://localhost:7070/api/notifications @ http://localhost:4200/chunk-R7L45CMG.js:59
[ 3056816ms] [LOG] %c🔍 [StorageService] Recuperando valor para clave: 'customerId' color: #2196F3; font-style: italic; @ http://localhost:4200/chunk-R7L45CMG.js:59
[ 3056817ms] [LOG] %c🔍 [StorageService] Recuperando valor para clave: 'customerId' color: #2196F3; font-style: italic; @ http://localhost:4200/chunk-R7L45CMG.js:59
[ 3056818ms] [LOG] %c [JwtTrace] request color: #F44336; font-style: italic; {at: 2026-09-14T01:10:34.809Z, url: http://localhost:7070/api/notifications, method: GET, appUserId: 63f5fe75-4fbb-4328-a2dd-b7224778752e, storageCustomerId: 019c6bee-028a-70e4-98ea-557b645a3ae0} @ http://localhost:4200/chunk-R7L45CMG.js:59
[ 3056821ms] [LOG] %c🛡️ [JwtInterceptorFn] Auth check completado. Interceptando ruta: color: #FF0000; font-style: italic; http://localhost:7070/api/notifications/unread-count @ http://localhost:4200/chunk-R7L45CMG.js:59
[ 3056823ms] [LOG] %c🔍 [StorageService] Recuperando valor para clave: 'customerId' color: #2196F3; font-style: italic; @ http://localhost:4200/chunk-R7L45CMG.js:59
[ 3056824ms] [LOG] %c🔍 [StorageService] Recuperando valor para clave: 'customerId' color: #2196F3; font-style: italic; @ http://localhost:4200/chunk-R7L45CMG.js:59
[ 3056825ms] [LOG] %c [JwtTrace] request color: #F44336; font-style: italic; {at: 2026-09-14T01:10:34.816Z, url: http://localhost:7070/api/notifications/unread-count, method: GET, appUserId: 63f5fe75-4fbb-4328-a2dd-b7224778752e, storageCustomerId: 019c6bee-028a-70e4-98ea-557b645a3ae0} @ http://localhost:4200/chunk-R7L45CMG.js:59
[ 3056849ms] [LOG] %c [MenuTrace] effect.tick color: #9C27B0; font-style: italic; {at: 2026-09-14T01:10:34.841Z, customerId: 019c6bee-028a-70e4-98ea-557b645a3ae0, customerReady: true, applicationUserId: 63f5fe75-4fbb-4328-a2dd-b7224778752e, lastCustomerId: null} @ http://localhost:4200/chunk-R7L45CMG.js:59
[ 3056849ms] [LOG] %c [MenuService] Customer data and session are ready. Loading menu... color: green; font-style: italic; @ http://localhost:4200/chunk-R7L45CMG.js:59
[ 3056849ms] [LOG] %c [MenuTrace] triggerMenuLoad.start color: #9C27B0; font-style: italic; {at: 2026-09-14T01:10:34.842Z, customerId: 019c6bee-028a-70e4-98ea-557b645a3ae0, customerReady: true, applicationUserId: 63f5fe75-4fbb-4328-a2dd-b7224778752e, lastCustomerId: null} @ http://localhost:4200/chunk-R7L45CMG.js:59
[ 3056850ms] [LOG] %c🛡️ [JwtInterceptorFn] Auth check completado. Interceptando ruta: color: #FF0000; font-style: italic; http://localhost:7070/api/menu-items/019c6bee-028a-70e4-98ea-557b645a3ae0 @ http://localhost:4200/chunk-R7L45CMG.js:59
[ 3056850ms] [LOG] %c🔍 [StorageService] Recuperando valor para clave: 'customerId' color: #2196F3; font-style: italic; @ http://localhost:4200/chunk-R7L45CMG.js:59
[ 3056850ms] [LOG] %c🔍 [StorageService] Recuperando valor para clave: 'customerId' color: #2196F3; font-style: italic; @ http://localhost:4200/chunk-R7L45CMG.js:59
[ 3056851ms] [LOG] %c [JwtTrace] request color: #F44336; font-style: italic; {at: 2026-09-14T01:10:34.843Z, url: http://localhost:7070/api/menu-items/019c6bee-028a-70e4-98ea-557b645a3ae0, method: GET, appUserId: 63f5fe75-4fbb-4328-a2dd-b7224778752e, storageCustomerId: 019c6bee-028a-70e4-98ea-557b645a3ae0} @ http://localhost:4200/chunk-R7L45CMG.js:59
[ 3056853ms] [LOG] %cok [OneSignal] SDK listo color: green; font-style: italic; @ http://localhost:4200/chunk-R7L45CMG.js:59
[ 3056880ms] [ERROR] Failed to load resource: the server responded with a status of 404 (Not Found) @ http://localhost:7070/api/files/download?filePath=public%2fAdministration%2faccounts%2f019fa465-1920-7772-a948-76a01e8ab76c.png:0
[ 3056913ms] [LOG] %c [API SUCCESS]: GET LIST: admin/general-catalogs/work-position-schedule color: teal; font-style: italic; [Object, Object, Object, Object, Object, Object, Object, Object, Object, Object, Object, Object, Object, Object, Object, Object, Object, Object, Object, Object, Object, Object, Object, Object, Object, Object, Object, Object, Object, Object, Object, Object, Object, Object, Object, Object, Object, Object, Object, Object, Object, Object, Object, Object, Object, Object, Object, Object, Object, Object, Object, Object, Object, Object, Object, Object, Object, Object, Object, Object, Object, Object, Object, Object, Object, Object, Object, Object, Object, Object, Object, Object, Object, Object, Object, Object, Object, Object, Object, Object, Object, Object, Object, Object, Object, Object, Object, Object, Object, Object, Object, Object, Object, Object, Object, Object, Object, Object, Object, Object] @ http://localhost:4200/chunk-R7L45CMG.js:59
[ 3056914ms] [LOG] %c [API SUCCESS]: GET NoLoading: notifications color: gray; font-style: italic; [Object, Object] @ http://localhost:4200/chunk-R7L45CMG.js:59
[ 3056915ms] [LOG] %c [API SUCCESS]: GET NoLoading: notifications/unread-count color: gray; font-style: italic; 2 @ http://localhost:4200/chunk-R7L45CMG.js:59
[ 3056916ms] [LOG] %c [API SUCCESS]: GET LIST: menu-items/019c6bee-028a-70e4-98ea-557b645a3ae0 color: teal; font-style: italic; [Object, Object, Object, Object, Object, Object, Object, Object, Object, Object, Object, Object, Object, Object, Object, Object, Object, Object, Object, Object, Object, Object, Object, Object] @ http://localhost:4200/chunk-R7L45CMG.js:59
[ 3056916ms] [LOG] %c [MenuTrace] fetchMenuItemsFromApi.success color: #9C27B0; font-style: italic; {at: 2026-09-14T01:10:34.908Z, customerId: 019c6bee-028a-70e4-98ea-557b645a3ae0, customerReady: true, applicationUserId: 63f5fe75-4fbb-4328-a2dd-b7224778752e, lastCustomerId: 019c6bee-028a-70e4-98ea-557b645a3ae0} @ http://localhost:4200/chunk-R7L45CMG.js:59
[ 3056916ms] [LOG] %c [MenuTrace] triggerMenuLoad.response color: #9C27B0; font-style: italic; {at: 2026-09-14T01:10:34.909Z, customerId: 019c6bee-028a-70e4-98ea-557b645a3ae0, customerReady: true, applicationUserId: 63f5fe75-4fbb-4328-a2dd-b7224778752e, lastCustomerId: 019c6bee-028a-70e4-98ea-557b645a3ae0} @ http://localhost:4200/chunk-R7L45CMG.js:59
[ 3057384ms] [INFO] [2026-09-14T01:10:35.376Z] Information: WebSocket connected to ws://localhost:7070/ws/notificationHub?id=23zLT-XvZnsENav7ZfKB_g&access_token=eyJhbGciOiJIUzI1NiIsInR5cCI6IkpXVCJ9.eyJzdWIiOiI2M2Y1ZmU3NS00ZmJiLTQzMjgtYTJkZC1iNzIyNDc3ODc1MmUiLCJqdGkiOiIwMWEwOWQ3Ny00NDMwLTc5NDUtYTAxMy03NzRjOTBhYjg0NWUiLCJpYXQiOjE3ODkzNDgyMzQsIm5hbWUiOiJBZG1pbmlzdHJhZG9yIExCRyIsImVtYWlsIjoiaW5mb0BsdXh1cnlidWlsZGluZy5jb20ubXgiLCJ1c2VybmFtZSI6ImFkbWluIiwiY3VzdG9tZXJJZCI6IjAxOWM2YmVlLTAyOGEtNzBlNC05OGVhLTU1N2I2NDVhM2FlMCIsImN1c3RvbWVyTmFtZSI6IkxVWFVSWSBCVUlMRElORyBHUk9VUCBTQSBERSBDViIsImZpcnN0TmFtZSI6IkFkbWluaXN0cmFkb3IiLCJsYXN0TmFtZSI6IkxCRyIsInBob25lIjoiKDU1KSAwMDAwLSAwMDAwIiwicGhvdG9QYXRoIjoiaHR0cDovL2xvY2FsaG9zdDo3MDcwL2FwaS9maWxlcy9kb3dubG9hZD9maWxlUGF0aD1wdWJsaWMlMmZBZG1pbmlzdHJhdGlvbiUyZmFjY291bnRzJTJmMDE5ZmE0NjUtMTkyMC03NzcyLWE5NDgtNzZhMDFlOGFiNzZjLnBuZyIsInBvc2l0aW9uIjoiRGVzY29ub2NpZG8iLCJodHRwOi8vc2NoZW1hcy5taWNyb3NvZnQuY29tL3dzLzIwMDgvMDYvaWRlbnRpdHkvY2xhaW1zL3JvbGUiOiJTdXBlclVzdWFyaW8iLCJyb2xlSWQiOiI2OTlkN2NjMS1kMTQzLTQ5ODUtYjU1YS1kMDMwODY0YzY5M2UiLCJleHAiOjE3ODkzNTE4MzQsImlzcyI6Imh0dHBzOi8vbG9jYWxob3N0OjcwNjkiLCJhdWQiOiJodHRwczovL2xvY2FsaG9zdDo0MjAwIn0.EzQ-cZ62YWHkAF8QrU-eZzCrYgj7DiUZVO8DNlDKlzg. @ http://localhost:4200/@fs/D:/repos/luxuryapp-api/appsweb/angular/.angular/cache/22.1.8/luxury-app/vite/deps/@microsoft_signalr.js?v=1b527642:308
[ 3057384ms] [INFO] [2026-09-14T01:10:35.377Z] Information: Using HubProtocol 'json'. @ http://localhost:4200/@fs/D:/repos/luxuryapp-api/appsweb/angular/.angular/cache/22.1.8/luxury-app/vite/deps/@microsoft_signalr.js?v=1b527642:308
[ 3057388ms] [LOG] %cLINK [SignalR] Conexion iniciada con exito. color: green; font-style: italic; @ http://localhost:4200/chunk-R7L45CMG.js:59
[ 3057388ms] [LOG] %cSTATE [SignalR] connectionId = 'rkZGMHHelNB81Ibd0EU2xQ' color: green; font-style: italic; @ http://localhost:4200/chunk-R7L45CMG.js:59
[ 3057389ms] [LOG] %cUSER [SignalR] Evento ConnectedUser recibido: color: blue; font-style: italic; Bienvenido 63f5fe75-4fbb-4328-a2dd-b7224778752e @ http://localhost:4200/chunk-R7L45CMG.js:59
[ 3057505ms] [LOG] %cpkg [OneSignal] Inicializado con App ID: color: teal; font-style: italic; 3d1f1ce3-638f-4a30-b093-ab617baf91a8 @ http://localhost:4200/chunk-R7L45CMG.js:59
[ 3057505ms] [LOG] %cear [OneSignal] Listeners registrados. color: cyan; font-style: italic; @ http://localhost:4200/chunk-R7L45CMG.js:59
[ 3057505ms] [LOG] %cuser [OneSignal] Usuario logueado con ExternalUserId: 63f5fe75-4fbb-4328-a2dd-b7224778752e color: darkslateblue; font-style: italic; @ http://localhost:4200/chunk-R7L45CMG.js:59
[ 3057506ms] [LOG] %csub [OneSignal] Permiso: color: dodgerblue; font-style: italic; false | Suscrito: false @ http://localhost:4200/chunk-R7L45CMG.js:59
[ 3057506ms] [LOG] %cwarn [OneSignal] Usuario no completamente suscrito. color: orange; font-style: italic; @ http://localhost:4200/chunk-R7L45CMG.js:59
[ 3133134ms] [LOG] %c📦 [StorageService] Inicializando servicio de almacenamiento local... color: #3F51B5; font-style: italic; @ http://localhost:4200/chunk-R7L45CMG.js:59
[ 3133136ms] [LOG] %c [AuthService] Verificando ruta inicial: /admin/work-position-schedules | Es publica: false color: #9C27B0; font-style: italic; @ http://localhost:4200/chunk-R7L45CMG.js:59
[ 3133136ms] [LOG] %c [AuthService] Ruta no publica. Intentando login silencioso... color: #009688; font-style: italic; @ http://localhost:4200/chunk-R7L45CMG.js:59
[ 3133138ms] [LOG] %c🚀 [Initializer] Starting application state initialization... color: purple; font-style: italic; @ http://localhost:4200/chunk-R7L45CMG.js:59
[ 3133332ms] [LOG] %c [AuthService] Token renovado. Actualizando sesion en memoria. color: color: #4CAF50; font-style: italic;; font-style: italic; @ http://localhost:4200/chunk-R7L45CMG.js:59
[ 3133333ms] [LOG] %c [AuthTrace] refresh.success.before-set color: #03A9F4; font-style: italic; {at: 2026-09-14T01:11:51.325Z, applicationUserId: 63f5fe75-4fbb-4328-a2dd-b7224778752e, tokenCustomerId: 019c6bee-028a-70e4-98ea-557b645a3ae0, roles: Array(1), customerAccessCount: 10} @ http://localhost:4200/chunk-R7L45CMG.js:59
[ 3133333ms] [LOG] %c [AuthTrace] refresh.success.after-set color: #03A9F4; font-style: italic; {at: 2026-09-14T01:11:51.325Z, applicationUserId: 63f5fe75-4fbb-4328-a2dd-b7224778752e, tokenCustomerId: 019c6bee-028a-70e4-98ea-557b645a3ae0, roles: Array(1), customerAccessCount: 10} @ http://localhost:4200/chunk-R7L45CMG.js:59
[ 3133333ms] [LOG] %cLINK [SignalR] Construyendo conexion... color: blue; font-style: italic; @ http://localhost:4200/chunk-R7L45CMG.js:59
[ 3133334ms] [LOG] %cHEADSET [SignalR] Registrando listeners... color: cyan; font-style: italic; @ http://localhost:4200/chunk-R7L45CMG.js:59
[ 3133334ms] [LOG] %cLINK [SignalR] Iniciando conexion... color: blue; font-style: italic; @ http://localhost:4200/chunk-R7L45CMG.js:59
[ 3133334ms] [LOG] %c [AuthTrace] trySilentLogin.finalize color: #8BC34A; font-style: italic; {at: 2026-09-14T01:11:51.327Z, isAuthenticated: true} @ http://localhost:4200/chunk-R7L45CMG.js:59
[ 3133335ms] [LOG] %c🏢 [Initializer] User session found. Initializing customer state... color: #3F51B5; font-style: italic; @ http://localhost:4200/chunk-R7L45CMG.js:59
[ 3133335ms] [LOG] %c🔍 [StorageService] Recuperando valor para clave: 'customerId' color: #2196F3; font-style: italic; @ http://localhost:4200/chunk-R7L45CMG.js:59
[ 3133335ms] [LOG] %c [CustomerTrace] initialize.start color: #FF9800; font-style: italic; {at: 2026-09-14T01:11:51.327Z, state: Object, storedCustomerId: 019c6bee-028a-70e4-98ea-557b645a3ae0, tokenCustomerId: 019c6bee-028a-70e4-98ea-557b645a3ae0, customerAccess: Array(10)} @ http://localhost:4200/chunk-R7L45CMG.js:59
[ 3133336ms] [LOG] %c🔍 [StorageService] Recuperando valor para clave: 'customerId' color: #2196F3; font-style: italic; @ http://localhost:4200/chunk-R7L45CMG.js:59
[ 3133336ms] [LOG] %c🔍 [StorageService] Recuperando valor para clave: 'customerId' color: #2196F3; font-style: italic; @ http://localhost:4200/chunk-R7L45CMG.js:59
[ 3133336ms] [LOG] %c [CustomerTrace] initialize.selected-customer color: #FF9800; font-style: italic; {at: 2026-09-14T01:11:51.329Z, state: Object, storedCustomerId: 019c6bee-028a-70e4-98ea-557b645a3ae0, selectedCustomerId: 019c6bee-028a-70e4-98ea-557b645a3ae0} @ http://localhost:4200/chunk-R7L45CMG.js:59
[ 3133337ms] [LOG] %c💾 [StorageService] Guardando clave: 'customerId' color: #FF9800; font-style: italic; {value: 019c6bee-028a-70e4-98ea-557b645a3ae0} @ http://localhost:4200/chunk-R7L45CMG.js:59
[ 3133337ms] [LOG] %c✅ [StorageService] Clave 'customerId' guardada exitosamente. color: #4CAF50; font-style: italic; @ http://localhost:4200/chunk-R7L45CMG.js:59
[ 3133337ms] [LOG] %c🔍 [StorageService] Recuperando valor para clave: 'customerId' color: #2196F3; font-style: italic; @ http://localhost:4200/chunk-R7L45CMG.js:59
[ 3133337ms] [LOG] %c [CustomerTrace] loadDataForCustomer.start color: #FF9800; font-style: italic; {at: 2026-09-14T01:11:51.330Z, state: Object, storedCustomerId: 019c6bee-028a-70e4-98ea-557b645a3ae0, customerId: 019c6bee-028a-70e4-98ea-557b645a3ae0} @ http://localhost:4200/chunk-R7L45CMG.js:59
[ 3133339ms] [LOG] %c🛡️ [JwtInterceptorFn] Auth check completado. Interceptando ruta: color: #FF0000; font-style: italic; http://localhost:7070/api/customers/019c6bee-028a-70e4-98ea-557b645a3ae0 @ http://localhost:4200/chunk-R7L45CMG.js:59
[ 3133341ms] [LOG] %c🔍 [StorageService] Recuperando valor para clave: 'customerId' color: #2196F3; font-style: italic; @ http://localhost:4200/chunk-R7L45CMG.js:59
[ 3133342ms] [LOG] %c🔍 [StorageService] Recuperando valor para clave: 'customerId' color: #2196F3; font-style: italic; @ http://localhost:4200/chunk-R7L45CMG.js:59
[ 3133342ms] [LOG] %c [JwtTrace] request color: #F44336; font-style: italic; {at: 2026-09-14T01:11:51.334Z, url: http://localhost:7070/api/customers/019c6bee-028a-70e4-98ea-557b645a3ae0, method: GET, appUserId: 63f5fe75-4fbb-4328-a2dd-b7224778752e, storageCustomerId: 019c6bee-028a-70e4-98ea-557b645a3ae0} @ http://localhost:4200/chunk-R7L45CMG.js:59
[ 3133375ms] [INFO] [2026-09-14T01:11:51.367Z] Information: WebSocket connected to ws://localhost:7070/ws/notificationHub?id=I8t8J04LYDcUSbOymlJ7lw&access_token=eyJhbGciOiJIUzI1NiIsInR5cCI6IkpXVCJ9.eyJzdWIiOiI2M2Y1ZmU3NS00ZmJiLTQzMjgtYTJkZC1iNzIyNDc3ODc1MmUiLCJqdGkiOiIwMWEwOWQ3OC03MGZhLTc1MmMtOThkNy03NmE5NWNiZDk1MTAiLCJpYXQiOjE3ODkzNDgzMTEsIm5hbWUiOiJBZG1pbmlzdHJhZG9yIExCRyIsImVtYWlsIjoiaW5mb0BsdXh1cnlidWlsZGluZy5jb20ubXgiLCJ1c2VybmFtZSI6ImFkbWluIiwiY3VzdG9tZXJJZCI6IjAxOWM2YmVlLTAyOGEtNzBlNC05OGVhLTU1N2I2NDVhM2FlMCIsImN1c3RvbWVyTmFtZSI6IkxVWFVSWSBCVUlMRElORyBHUk9VUCBTQSBERSBDViIsImZpcnN0TmFtZSI6IkFkbWluaXN0cmFkb3IiLCJsYXN0TmFtZSI6IkxCRyIsInBob25lIjoiKDU1KSAwMDAwLSAwMDAwIiwicGhvdG9QYXRoIjoiaHR0cDovL2xvY2FsaG9zdDo3MDcwL2FwaS9maWxlcy9kb3dubG9hZD9maWxlUGF0aD1wdWJsaWMlMmZBZG1pbmlzdHJhdGlvbiUyZmFjY291bnRzJTJmMDE5ZmE0NjUtMTkyMC03NzcyLWE5NDgtNzZhMDFlOGFiNzZjLnBuZyIsInBvc2l0aW9uIjoiRGVzY29ub2NpZG8iLCJodHRwOi8vc2NoZW1hcy5taWNyb3NvZnQuY29tL3dzLzIwMDgvMDYvaWRlbnRpdHkvY2xhaW1zL3JvbGUiOiJTdXBlclVzdWFyaW8iLCJyb2xlSWQiOiI2OTlkN2NjMS1kMTQzLTQ5ODUtYjU1YS1kMDMwODY0YzY5M2UiLCJleHAiOjE3ODkzNTE5MTEsImlzcyI6Imh0dHBzOi8vbG9jYWxob3N0OjcwNjkiLCJhdWQiOiJodHRwczovL2xvY2FsaG9zdDo0MjAwIn0.P5e1RZdsZ1ztbyj5hx2Ihjdjsyv48DHQ2_Qjg7lnKAI. @ http://localhost:4200/@fs/D:/repos/luxuryapp-api/appsweb/angular/.angular/cache/22.1.8/luxury-app/vite/deps/@microsoft_signalr.js?v=1b527642:308
[ 3133376ms] [INFO] [2026-09-14T01:11:51.368Z] Information: Using HubProtocol 'json'. @ http://localhost:4200/@fs/D:/repos/luxuryapp-api/appsweb/angular/.angular/cache/22.1.8/luxury-app/vite/deps/@microsoft_signalr.js?v=1b527642:308
[ 3133377ms] [LOG] %c🔍 [StorageService] Recuperando valor para clave: 'customerId' color: #2196F3; font-style: italic; @ http://localhost:4200/chunk-R7L45CMG.js:59
[ 3133378ms] [LOG] %c [CustomerTrace] loadDataForCustomer.response color: #FF9800; font-style: italic; {at: 2026-09-14T01:11:51.370Z, state: Object, storedCustomerId: 019c6bee-028a-70e4-98ea-557b645a3ae0, customerId: 019c6bee-028a-70e4-98ea-557b645a3ae0, success: true} @ http://localhost:4200/chunk-R7L45CMG.js:59
[ 3133378ms] [LOG] %c🔍 [StorageService] Recuperando valor para clave: 'customerId' color: #2196F3; font-style: italic; @ http://localhost:4200/chunk-R7L45CMG.js:59
[ 3133378ms] [LOG] %c [CustomerTrace] loadDataForCustomer.ready color: #FF9800; font-style: italic; {at: 2026-09-14T01:11:51.371Z, state: Object, storedCustomerId: 019c6bee-028a-70e4-98ea-557b645a3ae0, customerId: 019c6bee-028a-70e4-98ea-557b645a3ae0} @ http://localhost:4200/chunk-R7L45CMG.js:59
[ 3133379ms] [LOG] %c✅ [Initializer] State initialization complete. color: green; font-style: italic; @ http://localhost:4200/chunk-R7L45CMG.js:59
[ 3133383ms] [LOG] %c🔄 UpdateService: Inicializando servicio de actualizaciones color: blue; font-weight: bold; @ http://localhost:4200/chunk-WEIOKMZ7.js:10
[ 3133383ms] [LOG] %c🔄 UpdateService: ❌ Service Worker NO habilitado color: red; font-weight: bold; @ http://localhost:4200/chunk-WEIOKMZ7.js:22
[ 3133396ms] [LOG] %c🚀 [App] ¡Aplicación iniciada! Soy más ligero y rápido que nunca. color: #673AB7; font-style: italic; @ http://localhost:4200/chunk-R7L45CMG.js:59
[ 3133412ms] [LOG] Angular is running in development mode. @ http://localhost:4200/@fs/D:/repos/luxuryapp-api/appsweb/angular/.angular/cache/22.1.8/luxury-app/vite/deps/core-gRj2gSiC.js?v=72229873:9175
[ 3133420ms] [LOG] %cLINK [SignalR] Conexion iniciada con exito. color: green; font-style: italic; @ http://localhost:4200/chunk-R7L45CMG.js:59
[ 3133420ms] [LOG] %cSTATE [SignalR] connectionId = 'gMq9FcbuWcObzxPY9WSmWA' color: green; font-style: italic; @ http://localhost:4200/chunk-R7L45CMG.js:59
[ 3133421ms] [LOG] %cUSER [SignalR] Evento ConnectedUser recibido: color: blue; font-style: italic; Bienvenido 63f5fe75-4fbb-4328-a2dd-b7224778752e @ http://localhost:4200/chunk-R7L45CMG.js:59
[ 3133727ms] [LOG] %c🎉 [LayoutEmployee] ¡Layout de empleado cargado! Despertando a los gigantes (SignalR, OneSignal...) color: #2196F3; font-style: italic; @ http://localhost:4200/chunk-R7L45CMG.js:59
[ 3133727ms] [LOG] %cLINK [SignalR] Construyendo conexion... color: blue; font-style: italic; @ http://localhost:4200/chunk-R7L45CMG.js:59
[ 3133728ms] [LOG] %cHEADSET [SignalR] Registrando listeners... color: cyan; font-style: italic; @ http://localhost:4200/chunk-R7L45CMG.js:59
[ 3133729ms] [LOG] %cLINK [SignalR] Iniciando conexion... color: blue; font-style: italic; @ http://localhost:4200/chunk-R7L45CMG.js:59
[ 3133729ms] [LOG] %cℹ️ [LayoutEmployee] Usuario 63f5fe75-4fbb-4328-a2dd-b7224778752e autenticado. Iniciando OneSignal... color: dodgerblue;font-style: italic @ http://localhost:4200/chunk-R7L45CMG.js:72
[ 3133730ms] [LOG] %c... [OneSignal] Esperando que el SDK este listo... color: orange; font-style: italic; @ http://localhost:4200/chunk-R7L45CMG.js:59
[ 3133760ms] [LOG] %c🛡️ [JwtInterceptorFn] Auth check completado. Interceptando ruta: color: #FF0000; font-style: italic; http://localhost:7070/api/admin/general-catalogs/work-position-schedule @ http://localhost:4200/chunk-R7L45CMG.js:59
[ 3133762ms] [LOG] %c🔍 [StorageService] Recuperando valor para clave: 'customerId' color: #2196F3; font-style: italic; @ http://localhost:4200/chunk-R7L45CMG.js:59
[ 3133763ms] [LOG] %c🔍 [StorageService] Recuperando valor para clave: 'customerId' color: #2196F3; font-style: italic; @ http://localhost:4200/chunk-R7L45CMG.js:59
[ 3133764ms] [LOG] %c [JwtTrace] request color: #F44336; font-style: italic; {at: 2026-09-14T01:11:51.755Z, url: http://localhost:7070/api/admin/general-catalogs/work-position-schedule, method: GET, appUserId: 63f5fe75-4fbb-4328-a2dd-b7224778752e, storageCustomerId: 019c6bee-028a-70e4-98ea-557b645a3ae0} @ http://localhost:4200/chunk-R7L45CMG.js:59
[ 3133880ms] [LOG] %c🛡️ [JwtInterceptorFn] Auth check completado. Interceptando ruta: color: #FF0000; font-style: italic; http://localhost:7070/api/notifications @ http://localhost:4200/chunk-R7L45CMG.js:59
[ 3133881ms] [LOG] %c🔍 [StorageService] Recuperando valor para clave: 'customerId' color: #2196F3; font-style: italic; @ http://localhost:4200/chunk-R7L45CMG.js:59
[ 3133882ms] [LOG] %c🔍 [StorageService] Recuperando valor para clave: 'customerId' color: #2196F3; font-style: italic; @ http://localhost:4200/chunk-R7L45CMG.js:59
[ 3133883ms] [LOG] %c [JwtTrace] request color: #F44336; font-style: italic; {at: 2026-09-14T01:11:51.874Z, url: http://localhost:7070/api/notifications, method: GET, appUserId: 63f5fe75-4fbb-4328-a2dd-b7224778752e, storageCustomerId: 019c6bee-028a-70e4-98ea-557b645a3ae0} @ http://localhost:4200/chunk-R7L45CMG.js:59
[ 3133885ms] [LOG] %c🛡️ [JwtInterceptorFn] Auth check completado. Interceptando ruta: color: #FF0000; font-style: italic; http://localhost:7070/api/notifications/unread-count @ http://localhost:4200/chunk-R7L45CMG.js:59
[ 3133886ms] [LOG] %c🔍 [StorageService] Recuperando valor para clave: 'customerId' color: #2196F3; font-style: italic; @ http://localhost:4200/chunk-R7L45CMG.js:59
[ 3133887ms] [LOG] %c🔍 [StorageService] Recuperando valor para clave: 'customerId' color: #2196F3; font-style: italic; @ http://localhost:4200/chunk-R7L45CMG.js:59
[ 3133888ms] [LOG] %c [JwtTrace] request color: #F44336; font-style: italic; {at: 2026-09-14T01:11:51.879Z, url: http://localhost:7070/api/notifications/unread-count, method: GET, appUserId: 63f5fe75-4fbb-4328-a2dd-b7224778752e, storageCustomerId: 019c6bee-028a-70e4-98ea-557b645a3ae0} @ http://localhost:4200/chunk-R7L45CMG.js:59
[ 3133915ms] [LOG] %c [MenuTrace] effect.tick color: #9C27B0; font-style: italic; {at: 2026-09-14T01:11:51.908Z, customerId: 019c6bee-028a-70e4-98ea-557b645a3ae0, customerReady: true, applicationUserId: 63f5fe75-4fbb-4328-a2dd-b7224778752e, lastCustomerId: null} @ http://localhost:4200/chunk-R7L45CMG.js:59
[ 3133916ms] [LOG] %c [MenuService] Customer data and session are ready. Loading menu... color: green; font-style: italic; @ http://localhost:4200/chunk-R7L45CMG.js:59
[ 3133916ms] [LOG] %c [MenuTrace] triggerMenuLoad.start color: #9C27B0; font-style: italic; {at: 2026-09-14T01:11:51.909Z, customerId: 019c6bee-028a-70e4-98ea-557b645a3ae0, customerReady: true, applicationUserId: 63f5fe75-4fbb-4328-a2dd-b7224778752e, lastCustomerId: null} @ http://localhost:4200/chunk-R7L45CMG.js:59
[ 3133917ms] [LOG] %c🛡️ [JwtInterceptorFn] Auth check completado. Interceptando ruta: color: #FF0000; font-style: italic; http://localhost:7070/api/menu-items/019c6bee-028a-70e4-98ea-557b645a3ae0 @ http://localhost:4200/chunk-R7L45CMG.js:59
[ 3133918ms] [LOG] %c🔍 [StorageService] Recuperando valor para clave: 'customerId' color: #2196F3; font-style: italic; @ http://localhost:4200/chunk-R7L45CMG.js:59
[ 3133918ms] [LOG] %c🔍 [StorageService] Recuperando valor para clave: 'customerId' color: #2196F3; font-style: italic; @ http://localhost:4200/chunk-R7L45CMG.js:59
[ 3133919ms] [LOG] %c [JwtTrace] request color: #F44336; font-style: italic; {at: 2026-09-14T01:11:51.911Z, url: http://localhost:7070/api/menu-items/019c6bee-028a-70e4-98ea-557b645a3ae0, method: GET, appUserId: 63f5fe75-4fbb-4328-a2dd-b7224778752e, storageCustomerId: 019c6bee-028a-70e4-98ea-557b645a3ae0} @ http://localhost:4200/chunk-R7L45CMG.js:59
[ 3133927ms] [LOG] %cok [OneSignal] SDK listo color: green; font-style: italic; @ http://localhost:4200/chunk-R7L45CMG.js:59
[ 3133958ms] [ERROR] Failed to load resource: the server responded with a status of 404 (Not Found) @ http://localhost:7070/api/files/download?filePath=public%2fAdministration%2faccounts%2f019fa465-1920-7772-a948-76a01e8ab76c.png:0
[ 3134018ms] [LOG] %c [API SUCCESS]: GET LIST: admin/general-catalogs/work-position-schedule color: teal; font-style: italic; [Object, Object, Object, Object, Object, Object, Object, Object, Object, Object, Object, Object, Object, Object, Object, Object, Object, Object, Object, Object, Object, Object, Object, Object, Object, Object, Object, Object, Object, Object, Object, Object, Object, Object, Object, Object, Object, Object, Object, Object, Object, Object, Object, Object, Object, Object, Object, Object, Object, Object, Object, Object, Object, Object, Object, Object, Object, Object, Object, Object, Object, Object, Object, Object, Object, Object, Object, Object, Object, Object, Object, Object, Object, Object, Object, Object, Object, Object, Object, Object, Object, Object, Object, Object, Object, Object, Object, Object, Object, Object, Object, Object, Object, Object, Object, Object, Object, Object, Object, Object] @ http://localhost:4200/chunk-R7L45CMG.js:59
[ 3134019ms] [LOG] %c [API SUCCESS]: GET NoLoading: notifications color: gray; font-style: italic; [Object, Object] @ http://localhost:4200/chunk-R7L45CMG.js:59
[ 3134020ms] [LOG] %c [API SUCCESS]: GET NoLoading: notifications/unread-count color: gray; font-style: italic; 2 @ http://localhost:4200/chunk-R7L45CMG.js:59
[ 3134396ms] [LOG] %c [API SUCCESS]: GET LIST: menu-items/019c6bee-028a-70e4-98ea-557b645a3ae0 color: teal; font-style: italic; [Object, Object, Object, Object, Object, Object, Object, Object, Object, Object, Object, Object, Object, Object, Object, Object, Object, Object, Object, Object, Object, Object, Object, Object] @ http://localhost:4200/chunk-R7L45CMG.js:59
[ 3134397ms] [LOG] %c [MenuTrace] fetchMenuItemsFromApi.success color: #9C27B0; font-style: italic; {at: 2026-09-14T01:11:52.389Z, customerId: 019c6bee-028a-70e4-98ea-557b645a3ae0, customerReady: true, applicationUserId: 63f5fe75-4fbb-4328-a2dd-b7224778752e, lastCustomerId: 019c6bee-028a-70e4-98ea-557b645a3ae0} @ http://localhost:4200/chunk-R7L45CMG.js:59
[ 3134397ms] [LOG] %c [MenuTrace] triggerMenuLoad.response color: #9C27B0; font-style: italic; {at: 2026-09-14T01:11:52.390Z, customerId: 019c6bee-028a-70e4-98ea-557b645a3ae0, customerReady: true, applicationUserId: 63f5fe75-4fbb-4328-a2dd-b7224778752e, lastCustomerId: 019c6bee-028a-70e4-98ea-557b645a3ae0} @ http://localhost:4200/chunk-R7L45CMG.js:59
[ 3134461ms] [INFO] [2026-09-14T01:11:52.453Z] Information: WebSocket connected to ws://localhost:7070/ws/notificationHub?id=SOsYSCIv45HbCdfodRRt6g&access_token=eyJhbGciOiJIUzI1NiIsInR5cCI6IkpXVCJ9.eyJzdWIiOiI2M2Y1ZmU3NS00ZmJiLTQzMjgtYTJkZC1iNzIyNDc3ODc1MmUiLCJqdGkiOiIwMWEwOWQ3OC03MGZhLTc1MmMtOThkNy03NmE5NWNiZDk1MTAiLCJpYXQiOjE3ODkzNDgzMTEsIm5hbWUiOiJBZG1pbmlzdHJhZG9yIExCRyIsImVtYWlsIjoiaW5mb0BsdXh1cnlidWlsZGluZy5jb20ubXgiLCJ1c2VybmFtZSI6ImFkbWluIiwiY3VzdG9tZXJJZCI6IjAxOWM2YmVlLTAyOGEtNzBlNC05OGVhLTU1N2I2NDVhM2FlMCIsImN1c3RvbWVyTmFtZSI6IkxVWFVSWSBCVUlMRElORyBHUk9VUCBTQSBERSBDViIsImZpcnN0TmFtZSI6IkFkbWluaXN0cmFkb3IiLCJsYXN0TmFtZSI6IkxCRyIsInBob25lIjoiKDU1KSAwMDAwLSAwMDAwIiwicGhvdG9QYXRoIjoiaHR0cDovL2xvY2FsaG9zdDo3MDcwL2FwaS9maWxlcy9kb3dubG9hZD9maWxlUGF0aD1wdWJsaWMlMmZBZG1pbmlzdHJhdGlvbiUyZmFjY291bnRzJTJmMDE5ZmE0NjUtMTkyMC03NzcyLWE5NDgtNzZhMDFlOGFiNzZjLnBuZyIsInBvc2l0aW9uIjoiRGVzY29ub2NpZG8iLCJodHRwOi8vc2NoZW1hcy5taWNyb3NvZnQuY29tL3dzLzIwMDgvMDYvaWRlbnRpdHkvY2xhaW1zL3JvbGUiOiJTdXBlclVzdWFyaW8iLCJyb2xlSWQiOiI2OTlkN2NjMS1kMTQzLTQ5ODUtYjU1YS1kMDMwODY0YzY5M2UiLCJleHAiOjE3ODkzNTE5MTEsImlzcyI6Imh0dHBzOi8vbG9jYWxob3N0OjcwNjkiLCJhdWQiOiJodHRwczovL2xvY2FsaG9zdDo0MjAwIn0.P5e1RZdsZ1ztbyj5hx2Ihjdjsyv48DHQ2_Qjg7lnKAI. @ http://localhost:4200/@fs/D:/repos/luxuryapp-api/appsweb/angular/.angular/cache/22.1.8/luxury-app/vite/deps/@microsoft_signalr.js?v=1b527642:308
[ 3134461ms] [INFO] [2026-09-14T01:11:52.454Z] Information: Using HubProtocol 'json'. @ http://localhost:4200/@fs/D:/repos/luxuryapp-api/appsweb/angular/.angular/cache/22.1.8/luxury-app/vite/deps/@microsoft_signalr.js?v=1b527642:308
[ 3134468ms] [LOG] %cLINK [SignalR] Conexion iniciada con exito. color: green; font-style: italic; @ http://localhost:4200/chunk-R7L45CMG.js:59
[ 3134468ms] [LOG] %cSTATE [SignalR] connectionId = 'NFFfSPKyHElt9QkpLQMR5g' color: green; font-style: italic; @ http://localhost:4200/chunk-R7L45CMG.js:59
[ 3134470ms] [LOG] %cUSER [SignalR] Evento ConnectedUser recibido: color: blue; font-style: italic; Bienvenido 63f5fe75-4fbb-4328-a2dd-b7224778752e @ http://localhost:4200/chunk-R7L45CMG.js:59
[ 3134588ms] [LOG] %cpkg [OneSignal] Inicializado con App ID: color: teal; font-style: italic; 3d1f1ce3-638f-4a30-b093-ab617baf91a8 @ http://localhost:4200/chunk-R7L45CMG.js:59
[ 3134589ms] [LOG] %cear [OneSignal] Listeners registrados. color: cyan; font-style: italic; @ http://localhost:4200/chunk-R7L45CMG.js:59
[ 3134589ms] [LOG] %cuser [OneSignal] Usuario logueado con ExternalUserId: 63f5fe75-4fbb-4328-a2dd-b7224778752e color: darkslateblue; font-style: italic; @ http://localhost:4200/chunk-R7L45CMG.js:59
[ 3134590ms] [LOG] %csub [OneSignal] Permiso: color: dodgerblue; font-style: italic; false | Suscrito: false @ http://localhost:4200/chunk-R7L45CMG.js:59
[ 3134591ms] [LOG] %cwarn [OneSignal] Usuario no completamente suscrito. color: orange; font-style: italic; @ http://localhost:4200/chunk-R7L45CMG.js:59
[ 3337524ms] [LOG] %c📦 [StorageService] Inicializando servicio de almacenamiento local... color: #3F51B5; font-style: italic; @ http://localhost:4200/chunk-R7L45CMG.js:59
[ 3337527ms] [LOG] %c [AuthService] Verificando ruta inicial: /admin/work-position-schedules | Es publica: false color: #9C27B0; font-style: italic; @ http://localhost:4200/chunk-R7L45CMG.js:59
[ 3337527ms] [LOG] %c [AuthService] Ruta no publica. Intentando login silencioso... color: #009688; font-style: italic; @ http://localhost:4200/chunk-R7L45CMG.js:59
[ 3337531ms] [LOG] %c🚀 [Initializer] Starting application state initialization... color: purple; font-style: italic; @ http://localhost:4200/chunk-R7L45CMG.js:59
[ 3338013ms] [LOG] %c [AuthService] Token renovado. Actualizando sesion en memoria. color: color: #4CAF50; font-style: italic;; font-style: italic; @ http://localhost:4200/chunk-R7L45CMG.js:59
[ 3338014ms] [LOG] %c [AuthTrace] refresh.success.before-set color: #03A9F4; font-style: italic; {at: 2026-09-14T01:15:16.006Z, applicationUserId: 63f5fe75-4fbb-4328-a2dd-b7224778752e, tokenCustomerId: 019c6bee-028a-70e4-98ea-557b645a3ae0, roles: Array(1), customerAccessCount: 10} @ http://localhost:4200/chunk-R7L45CMG.js:59
[ 3338014ms] [LOG] %c [AuthTrace] refresh.success.after-set color: #03A9F4; font-style: italic; {at: 2026-09-14T01:15:16.007Z, applicationUserId: 63f5fe75-4fbb-4328-a2dd-b7224778752e, tokenCustomerId: 019c6bee-028a-70e4-98ea-557b645a3ae0, roles: Array(1), customerAccessCount: 10} @ http://localhost:4200/chunk-R7L45CMG.js:59
[ 3338015ms] [LOG] %cLINK [SignalR] Construyendo conexion... color: blue; font-style: italic; @ http://localhost:4200/chunk-R7L45CMG.js:59
[ 3338015ms] [LOG] %cHEADSET [SignalR] Registrando listeners... color: cyan; font-style: italic; @ http://localhost:4200/chunk-R7L45CMG.js:59
[ 3338016ms] [LOG] %cLINK [SignalR] Iniciando conexion... color: blue; font-style: italic; @ http://localhost:4200/chunk-R7L45CMG.js:59
[ 3338016ms] [LOG] %c [AuthTrace] trySilentLogin.finalize color: #8BC34A; font-style: italic; {at: 2026-09-14T01:15:16.009Z, isAuthenticated: true} @ http://localhost:4200/chunk-R7L45CMG.js:59
[ 3338017ms] [LOG] %c🏢 [Initializer] User session found. Initializing customer state... color: #3F51B5; font-style: italic; @ http://localhost:4200/chunk-R7L45CMG.js:59
[ 3338018ms] [LOG] %c🔍 [StorageService] Recuperando valor para clave: 'customerId' color: #2196F3; font-style: italic; @ http://localhost:4200/chunk-R7L45CMG.js:59
[ 3338019ms] [LOG] %c [CustomerTrace] initialize.start color: #FF9800; font-style: italic; {at: 2026-09-14T01:15:16.010Z, state: Object, storedCustomerId: 019c6bee-028a-70e4-98ea-557b645a3ae0, tokenCustomerId: 019c6bee-028a-70e4-98ea-557b645a3ae0, customerAccess: Array(10)} @ http://localhost:4200/chunk-R7L45CMG.js:59
[ 3338019ms] [LOG] %c🔍 [StorageService] Recuperando valor para clave: 'customerId' color: #2196F3; font-style: italic; @ http://localhost:4200/chunk-R7L45CMG.js:59
[ 3338020ms] [LOG] %c🔍 [StorageService] Recuperando valor para clave: 'customerId' color: #2196F3; font-style: italic; @ http://localhost:4200/chunk-R7L45CMG.js:59
[ 3338020ms] [LOG] %c [CustomerTrace] initialize.selected-customer color: #FF9800; font-style: italic; {at: 2026-09-14T01:15:16.012Z, state: Object, storedCustomerId: 019c6bee-028a-70e4-98ea-557b645a3ae0, selectedCustomerId: 019c6bee-028a-70e4-98ea-557b645a3ae0} @ http://localhost:4200/chunk-R7L45CMG.js:59
[ 3338021ms] [LOG] %c💾 [StorageService] Guardando clave: 'customerId' color: #FF9800; font-style: italic; {value: 019c6bee-028a-70e4-98ea-557b645a3ae0} @ http://localhost:4200/chunk-R7L45CMG.js:59
[ 3338022ms] [LOG] %c✅ [StorageService] Clave 'customerId' guardada exitosamente. color: #4CAF50; font-style: italic; @ http://localhost:4200/chunk-R7L45CMG.js:59
[ 3338022ms] [LOG] %c🔍 [StorageService] Recuperando valor para clave: 'customerId' color: #2196F3; font-style: italic; @ http://localhost:4200/chunk-R7L45CMG.js:59
[ 3338023ms] [LOG] %c [CustomerTrace] loadDataForCustomer.start color: #FF9800; font-style: italic; {at: 2026-09-14T01:15:16.014Z, state: Object, storedCustomerId: 019c6bee-028a-70e4-98ea-557b645a3ae0, customerId: 019c6bee-028a-70e4-98ea-557b645a3ae0} @ http://localhost:4200/chunk-R7L45CMG.js:59
[ 3338026ms] [LOG] %c🛡️ [JwtInterceptorFn] Auth check completado. Interceptando ruta: color: #FF0000; font-style: italic; http://localhost:7070/api/customers/019c6bee-028a-70e4-98ea-557b645a3ae0 @ http://localhost:4200/chunk-R7L45CMG.js:59
[ 3338029ms] [LOG] %c🔍 [StorageService] Recuperando valor para clave: 'customerId' color: #2196F3; font-style: italic; @ http://localhost:4200/chunk-R7L45CMG.js:59
[ 3338030ms] [LOG] %c🔍 [StorageService] Recuperando valor para clave: 'customerId' color: #2196F3; font-style: italic; @ http://localhost:4200/chunk-R7L45CMG.js:59
[ 3338032ms] [LOG] %c [JwtTrace] request color: #F44336; font-style: italic; {at: 2026-09-14T01:15:16.022Z, url: http://localhost:7070/api/customers/019c6bee-028a-70e4-98ea-557b645a3ae0, method: GET, appUserId: 63f5fe75-4fbb-4328-a2dd-b7224778752e, storageCustomerId: 019c6bee-028a-70e4-98ea-557b645a3ae0} @ http://localhost:4200/chunk-R7L45CMG.js:59
[ 3338063ms] [INFO] [2026-09-14T01:15:16.056Z] Information: WebSocket connected to ws://localhost:7070/ws/notificationHub?id=SWYzu63i-h0sYH00dobHQQ&access_token=eyJhbGciOiJIUzI1NiIsInR5cCI6IkpXVCJ9.eyJzdWIiOiI2M2Y1ZmU3NS00ZmJiLTQzMjgtYTJkZC1iNzIyNDc3ODc1MmUiLCJqdGkiOiIwMWEwOWQ3Yi05MDE2LTczMDAtOTMzNi0xY2Q3NGUzOGY3ZmIiLCJpYXQiOjE3ODkzNDg1MTUsIm5hbWUiOiJBZG1pbmlzdHJhZG9yIExCRyIsImVtYWlsIjoiaW5mb0BsdXh1cnlidWlsZGluZy5jb20ubXgiLCJ1c2VybmFtZSI6ImFkbWluIiwiY3VzdG9tZXJJZCI6IjAxOWM2YmVlLTAyOGEtNzBlNC05OGVhLTU1N2I2NDVhM2FlMCIsImN1c3RvbWVyTmFtZSI6IkxVWFVSWSBCVUlMRElORyBHUk9VUCBTQSBERSBDViIsImZpcnN0TmFtZSI6IkFkbWluaXN0cmFkb3IiLCJsYXN0TmFtZSI6IkxCRyIsInBob25lIjoiKDU1KSAwMDAwLSAwMDAwIiwicGhvdG9QYXRoIjoiaHR0cDovL2xvY2FsaG9zdDo3MDcwL2FwaS9maWxlcy9kb3dubG9hZD9maWxlUGF0aD1wdWJsaWMlMmZBZG1pbmlzdHJhdGlvbiUyZmFjY291bnRzJTJmMDE5ZmE0NjUtMTkyMC03NzcyLWE5NDgtNzZhMDFlOGFiNzZjLnBuZyIsInBvc2l0aW9uIjoiRGVzY29ub2NpZG8iLCJodHRwOi8vc2NoZW1hcy5taWNyb3NvZnQuY29tL3dzLzIwMDgvMDYvaWRlbnRpdHkvY2xhaW1zL3JvbGUiOiJTdXBlclVzdWFyaW8iLCJyb2xlSWQiOiI2OTlkN2NjMS1kMTQzLTQ5ODUtYjU1YS1kMDMwODY0YzY5M2UiLCJleHAiOjE3ODkzNTIxMTUsImlzcyI6Imh0dHBzOi8vbG9jYWxob3N0OjcwNjkiLCJhdWQiOiJodHRwczovL2xvY2FsaG9zdDo0MjAwIn0.AtFkMVin2MPiw7NNZkHAhQex-anqCviCIWke5ZiaZNo. @ http://localhost:4200/@fs/D:/repos/luxuryapp-api/appsweb/angular/.angular/cache/22.1.8/luxury-app/vite/deps/@microsoft_signalr.js?v=1b527642:308
[ 3338064ms] [INFO] [2026-09-14T01:15:16.057Z] Information: Using HubProtocol 'json'. @ http://localhost:4200/@fs/D:/repos/luxuryapp-api/appsweb/angular/.angular/cache/22.1.8/luxury-app/vite/deps/@microsoft_signalr.js?v=1b527642:308
[ 3338067ms] [LOG] %c🔍 [StorageService] Recuperando valor para clave: 'customerId' color: #2196F3; font-style: italic; @ http://localhost:4200/chunk-R7L45CMG.js:59
[ 3338068ms] [LOG] %c [CustomerTrace] loadDataForCustomer.response color: #FF9800; font-style: italic; {at: 2026-09-14T01:15:16.060Z, state: Object, storedCustomerId: 019c6bee-028a-70e4-98ea-557b645a3ae0, customerId: 019c6bee-028a-70e4-98ea-557b645a3ae0, success: true} @ http://localhost:4200/chunk-R7L45CMG.js:59
[ 3338069ms] [LOG] %c🔍 [StorageService] Recuperando valor para clave: 'customerId' color: #2196F3; font-style: italic; @ http://localhost:4200/chunk-R7L45CMG.js:59
[ 3338069ms] [LOG] %c [CustomerTrace] loadDataForCustomer.ready color: #FF9800; font-style: italic; {at: 2026-09-14T01:15:16.061Z, state: Object, storedCustomerId: 019c6bee-028a-70e4-98ea-557b645a3ae0, customerId: 019c6bee-028a-70e4-98ea-557b645a3ae0} @ http://localhost:4200/chunk-R7L45CMG.js:59
[ 3338070ms] [LOG] %c✅ [Initializer] State initialization complete. color: green; font-style: italic; @ http://localhost:4200/chunk-R7L45CMG.js:59
[ 3338074ms] [LOG] %c🔄 UpdateService: Inicializando servicio de actualizaciones color: blue; font-weight: bold; @ http://localhost:4200/chunk-WEIOKMZ7.js:10
[ 3338075ms] [LOG] %c🔄 UpdateService: ❌ Service Worker NO habilitado color: red; font-weight: bold; @ http://localhost:4200/chunk-WEIOKMZ7.js:22
[ 3338097ms] [LOG] %c🚀 [App] ¡Aplicación iniciada! Soy más ligero y rápido que nunca. color: #673AB7; font-style: italic; @ http://localhost:4200/chunk-R7L45CMG.js:59
[ 3338118ms] [LOG] Angular is running in development mode. @ http://localhost:4200/@fs/D:/repos/luxuryapp-api/appsweb/angular/.angular/cache/22.1.8/luxury-app/vite/deps/core-gRj2gSiC.js?v=72229873:9175
[ 3338127ms] [LOG] %cLINK [SignalR] Conexion iniciada con exito. color: green; font-style: italic; @ http://localhost:4200/chunk-R7L45CMG.js:59
[ 3338127ms] [LOG] %cSTATE [SignalR] connectionId = 'hvL2c-gzEg1U-GWI67onrQ' color: green; font-style: italic; @ http://localhost:4200/chunk-R7L45CMG.js:59
[ 3338128ms] [LOG] %cUSER [SignalR] Evento ConnectedUser recibido: color: blue; font-style: italic; Bienvenido 63f5fe75-4fbb-4328-a2dd-b7224778752e @ http://localhost:4200/chunk-R7L45CMG.js:59
[ 3338668ms] [LOG] %c🎉 [LayoutEmployee] ¡Layout de empleado cargado! Despertando a los gigantes (SignalR, OneSignal...) color: #2196F3; font-style: italic; @ http://localhost:4200/chunk-R7L45CMG.js:59
[ 3338668ms] [LOG] %cLINK [SignalR] Construyendo conexion... color: blue; font-style: italic; @ http://localhost:4200/chunk-R7L45CMG.js:59
[ 3338669ms] [LOG] %cHEADSET [SignalR] Registrando listeners... color: cyan; font-style: italic; @ http://localhost:4200/chunk-R7L45CMG.js:59
[ 3338669ms] [LOG] %cLINK [SignalR] Iniciando conexion... color: blue; font-style: italic; @ http://localhost:4200/chunk-R7L45CMG.js:59
[ 3338670ms] [LOG] %cℹ️ [LayoutEmployee] Usuario 63f5fe75-4fbb-4328-a2dd-b7224778752e autenticado. Iniciando OneSignal... color: dodgerblue;font-style: italic @ http://localhost:4200/chunk-R7L45CMG.js:72
[ 3338671ms] [LOG] %c... [OneSignal] Esperando que el SDK este listo... color: orange; font-style: italic; @ http://localhost:4200/chunk-R7L45CMG.js:59
[ 3338699ms] [LOG] %c🛡️ [JwtInterceptorFn] Auth check completado. Interceptando ruta: color: #FF0000; font-style: italic; http://localhost:7070/api/admin/general-catalogs/work-position-schedule @ http://localhost:4200/chunk-R7L45CMG.js:59
[ 3338700ms] [LOG] %c🔍 [StorageService] Recuperando valor para clave: 'customerId' color: #2196F3; font-style: italic; @ http://localhost:4200/chunk-R7L45CMG.js:59
[ 3338702ms] [LOG] %c🔍 [StorageService] Recuperando valor para clave: 'customerId' color: #2196F3; font-style: italic; @ http://localhost:4200/chunk-R7L45CMG.js:59
[ 3338703ms] [LOG] %c [JwtTrace] request color: #F44336; font-style: italic; {at: 2026-09-14T01:15:16.694Z, url: http://localhost:7070/api/admin/general-catalogs/work-position-schedule, method: GET, appUserId: 63f5fe75-4fbb-4328-a2dd-b7224778752e, storageCustomerId: 019c6bee-028a-70e4-98ea-557b645a3ae0} @ http://localhost:4200/chunk-R7L45CMG.js:59
[ 3338871ms] [LOG] %c🛡️ [JwtInterceptorFn] Auth check completado. Interceptando ruta: color: #FF0000; font-style: italic; http://localhost:7070/api/notifications @ http://localhost:4200/chunk-R7L45CMG.js:59
[ 3338873ms] [LOG] %c🔍 [StorageService] Recuperando valor para clave: 'customerId' color: #2196F3; font-style: italic; @ http://localhost:4200/chunk-R7L45CMG.js:59
[ 3338874ms] [LOG] %c🔍 [StorageService] Recuperando valor para clave: 'customerId' color: #2196F3; font-style: italic; @ http://localhost:4200/chunk-R7L45CMG.js:59
[ 3338875ms] [LOG] %c [JwtTrace] request color: #F44336; font-style: italic; {at: 2026-09-14T01:15:16.866Z, url: http://localhost:7070/api/notifications, method: GET, appUserId: 63f5fe75-4fbb-4328-a2dd-b7224778752e, storageCustomerId: 019c6bee-028a-70e4-98ea-557b645a3ae0} @ http://localhost:4200/chunk-R7L45CMG.js:59
[ 3338879ms] [LOG] %c🛡️ [JwtInterceptorFn] Auth check completado. Interceptando ruta: color: #FF0000; font-style: italic; http://localhost:7070/api/notifications/unread-count @ http://localhost:4200/chunk-R7L45CMG.js:59
[ 3338880ms] [LOG] %c🔍 [StorageService] Recuperando valor para clave: 'customerId' color: #2196F3; font-style: italic; @ http://localhost:4200/chunk-R7L45CMG.js:59
[ 3338881ms] [LOG] %c🔍 [StorageService] Recuperando valor para clave: 'customerId' color: #2196F3; font-style: italic; @ http://localhost:4200/chunk-R7L45CMG.js:59
[ 3338882ms] [LOG] %c [JwtTrace] request color: #F44336; font-style: italic; {at: 2026-09-14T01:15:16.873Z, url: http://localhost:7070/api/notifications/unread-count, method: GET, appUserId: 63f5fe75-4fbb-4328-a2dd-b7224778752e, storageCustomerId: 019c6bee-028a-70e4-98ea-557b645a3ae0} @ http://localhost:4200/chunk-R7L45CMG.js:59
[ 3338914ms] [LOG] %c [MenuTrace] effect.tick color: #9C27B0; font-style: italic; {at: 2026-09-14T01:15:16.907Z, customerId: 019c6bee-028a-70e4-98ea-557b645a3ae0, customerReady: true, applicationUserId: 63f5fe75-4fbb-4328-a2dd-b7224778752e, lastCustomerId: null} @ http://localhost:4200/chunk-R7L45CMG.js:59
[ 3338915ms] [LOG] %c [MenuService] Customer data and session are ready. Loading menu... color: green; font-style: italic; @ http://localhost:4200/chunk-R7L45CMG.js:59
[ 3338916ms] [LOG] %c [MenuTrace] triggerMenuLoad.start color: #9C27B0; font-style: italic; {at: 2026-09-14T01:15:16.908Z, customerId: 019c6bee-028a-70e4-98ea-557b645a3ae0, customerReady: true, applicationUserId: 63f5fe75-4fbb-4328-a2dd-b7224778752e, lastCustomerId: null} @ http://localhost:4200/chunk-R7L45CMG.js:59
[ 3338917ms] [LOG] %c🛡️ [JwtInterceptorFn] Auth check completado. Interceptando ruta: color: #FF0000; font-style: italic; http://localhost:7070/api/menu-items/019c6bee-028a-70e4-98ea-557b645a3ae0 @ http://localhost:4200/chunk-R7L45CMG.js:59
[ 3338918ms] [LOG] %c🔍 [StorageService] Recuperando valor para clave: 'customerId' color: #2196F3; font-style: italic; @ http://localhost:4200/chunk-R7L45CMG.js:59
[ 3338918ms] [LOG] %c🔍 [StorageService] Recuperando valor para clave: 'customerId' color: #2196F3; font-style: italic; @ http://localhost:4200/chunk-R7L45CMG.js:59
[ 3338919ms] [LOG] %c [JwtTrace] request color: #F44336; font-style: italic; {at: 2026-09-14T01:15:16.911Z, url: http://localhost:7070/api/menu-items/019c6bee-028a-70e4-98ea-557b645a3ae0, method: GET, appUserId: 63f5fe75-4fbb-4328-a2dd-b7224778752e, storageCustomerId: 019c6bee-028a-70e4-98ea-557b645a3ae0} @ http://localhost:4200/chunk-R7L45CMG.js:59
[ 3338926ms] [LOG] %cok [OneSignal] SDK listo color: green; font-style: italic; @ http://localhost:4200/chunk-R7L45CMG.js:59
[ 3338957ms] [ERROR] Failed to load resource: the server responded with a status of 404 (Not Found) @ http://localhost:7070/api/files/download?filePath=public%2fAdministration%2faccounts%2f019fa465-1920-7772-a948-76a01e8ab76c.png:0
[ 3339000ms] [LOG] %c [API SUCCESS]: GET LIST: admin/general-catalogs/work-position-schedule color: teal; font-style: italic; [Object, Object, Object, Object, Object, Object, Object, Object, Object, Object, Object, Object, Object, Object, Object, Object, Object, Object, Object, Object, Object, Object, Object, Object, Object, Object, Object, Object, Object, Object, Object, Object, Object, Object, Object, Object, Object, Object, Object, Object, Object, Object, Object, Object, Object, Object, Object, Object, Object, Object, Object, Object, Object, Object, Object, Object, Object, Object, Object, Object, Object, Object, Object, Object, Object, Object, Object, Object, Object, Object, Object, Object, Object, Object, Object, Object, Object, Object, Object, Object, Object, Object, Object, Object, Object, Object, Object, Object, Object, Object, Object, Object, Object, Object, Object, Object, Object, Object, Object, Object] @ http://localhost:4200/chunk-R7L45CMG.js:59
[ 3339002ms] [LOG] %c [API SUCCESS]: GET NoLoading: notifications color: gray; font-style: italic; [Object, Object] @ http://localhost:4200/chunk-R7L45CMG.js:59
[ 3339003ms] [LOG] %c [API SUCCESS]: GET NoLoading: notifications/unread-count color: gray; font-style: italic; 2 @ http://localhost:4200/chunk-R7L45CMG.js:59
[ 3339565ms] [LOG] %c [API SUCCESS]: GET LIST: menu-items/019c6bee-028a-70e4-98ea-557b645a3ae0 color: teal; font-style: italic; [Object, Object, Object, Object, Object, Object, Object, Object, Object, Object, Object, Object, Object, Object, Object, Object, Object, Object, Object, Object, Object, Object, Object, Object] @ http://localhost:4200/chunk-R7L45CMG.js:59
[ 3339566ms] [LOG] %c [MenuTrace] fetchMenuItemsFromApi.success color: #9C27B0; font-style: italic; {at: 2026-09-14T01:15:17.558Z, customerId: 019c6bee-028a-70e4-98ea-557b645a3ae0, customerReady: true, applicationUserId: 63f5fe75-4fbb-4328-a2dd-b7224778752e, lastCustomerId: 019c6bee-028a-70e4-98ea-557b645a3ae0} @ http://localhost:4200/chunk-R7L45CMG.js:59
[ 3339566ms] [LOG] %c [MenuTrace] triggerMenuLoad.response color: #9C27B0; font-style: italic; {at: 2026-09-14T01:15:17.559Z, customerId: 019c6bee-028a-70e4-98ea-557b645a3ae0, customerReady: true, applicationUserId: 63f5fe75-4fbb-4328-a2dd-b7224778752e, lastCustomerId: 019c6bee-028a-70e4-98ea-557b645a3ae0} @ http://localhost:4200/chunk-R7L45CMG.js:59
[ 3339632ms] [INFO] [2026-09-14T01:15:17.624Z] Information: WebSocket connected to ws://localhost:7070/ws/notificationHub?id=nkQX4OukKsKLcJ5le-kp4g&access_token=eyJhbGciOiJIUzI1NiIsInR5cCI6IkpXVCJ9.eyJzdWIiOiI2M2Y1ZmU3NS00ZmJiLTQzMjgtYTJkZC1iNzIyNDc3ODc1MmUiLCJqdGkiOiIwMWEwOWQ3Yi05MDE2LTczMDAtOTMzNi0xY2Q3NGUzOGY3ZmIiLCJpYXQiOjE3ODkzNDg1MTUsIm5hbWUiOiJBZG1pbmlzdHJhZG9yIExCRyIsImVtYWlsIjoiaW5mb0BsdXh1cnlidWlsZGluZy5jb20ubXgiLCJ1c2VybmFtZSI6ImFkbWluIiwiY3VzdG9tZXJJZCI6IjAxOWM2YmVlLTAyOGEtNzBlNC05OGVhLTU1N2I2NDVhM2FlMCIsImN1c3RvbWVyTmFtZSI6IkxVWFVSWSBCVUlMRElORyBHUk9VUCBTQSBERSBDViIsImZpcnN0TmFtZSI6IkFkbWluaXN0cmFkb3IiLCJsYXN0TmFtZSI6IkxCRyIsInBob25lIjoiKDU1KSAwMDAwLSAwMDAwIiwicGhvdG9QYXRoIjoiaHR0cDovL2xvY2FsaG9zdDo3MDcwL2FwaS9maWxlcy9kb3dubG9hZD9maWxlUGF0aD1wdWJsaWMlMmZBZG1pbmlzdHJhdGlvbiUyZmFjY291bnRzJTJmMDE5ZmE0NjUtMTkyMC03NzcyLWE5NDgtNzZhMDFlOGFiNzZjLnBuZyIsInBvc2l0aW9uIjoiRGVzY29ub2NpZG8iLCJodHRwOi8vc2NoZW1hcy5taWNyb3NvZnQuY29tL3dzLzIwMDgvMDYvaWRlbnRpdHkvY2xhaW1zL3JvbGUiOiJTdXBlclVzdWFyaW8iLCJyb2xlSWQiOiI2OTlkN2NjMS1kMTQzLTQ5ODUtYjU1YS1kMDMwODY0YzY5M2UiLCJleHAiOjE3ODkzNTIxMTUsImlzcyI6Imh0dHBzOi8vbG9jYWxob3N0OjcwNjkiLCJhdWQiOiJodHRwczovL2xvY2FsaG9zdDo0MjAwIn0.AtFkMVin2MPiw7NNZkHAhQex-anqCviCIWke5ZiaZNo. @ http://localhost:4200/@fs/D:/repos/luxuryapp-api/appsweb/angular/.angular/cache/22.1.8/luxury-app/vite/deps/@microsoft_signalr.js?v=1b527642:308
[ 3339633ms] [INFO] [2026-09-14T01:15:17.625Z] Information: Using HubProtocol 'json'. @ http://localhost:4200/@fs/D:/repos/luxuryapp-api/appsweb/angular/.angular/cache/22.1.8/luxury-app/vite/deps/@microsoft_signalr.js?v=1b527642:308
[ 3339674ms] [LOG] %cLINK [SignalR] Conexion iniciada con exito. color: green; font-style: italic; @ http://localhost:4200/chunk-R7L45CMG.js:59
[ 3339674ms] [LOG] %cSTATE [SignalR] connectionId = 'Mx2bSoH4HV7qOInHqlXhDQ' color: green; font-style: italic; @ http://localhost:4200/chunk-R7L45CMG.js:59
[ 3339750ms] [LOG] %cUSER [SignalR] Evento ConnectedUser recibido: color: blue; font-style: italic; Bienvenido 63f5fe75-4fbb-4328-a2dd-b7224778752e @ http://localhost:4200/chunk-R7L45CMG.js:59
[ 3339872ms] [LOG] %cpkg [OneSignal] Inicializado con App ID: color: teal; font-style: italic; 3d1f1ce3-638f-4a30-b093-ab617baf91a8 @ http://localhost:4200/chunk-R7L45CMG.js:59
[ 3339873ms] [LOG] %cear [OneSignal] Listeners registrados. color: cyan; font-style: italic; @ http://localhost:4200/chunk-R7L45CMG.js:59
[ 3339873ms] [LOG] %cuser [OneSignal] Usuario logueado con ExternalUserId: 63f5fe75-4fbb-4328-a2dd-b7224778752e color: darkslateblue; font-style: italic; @ http://localhost:4200/chunk-R7L45CMG.js:59
[ 3339874ms] [LOG] %csub [OneSignal] Permiso: color: dodgerblue; font-style: italic; false | Suscrito: false @ http://localhost:4200/chunk-R7L45CMG.js:59
[ 3339874ms] [LOG] %cwarn [OneSignal] Usuario no completamente suscrito. color: orange; font-style: italic; @ http://localhost:4200/chunk-R7L45CMG.js:59
[ 3838354ms] [LOG] %c📦 [StorageService] Inicializando servicio de almacenamiento local... color: #3F51B5; font-style: italic; @ http://localhost:4200/chunk-R7L45CMG.js:59
[ 3838356ms] [LOG] %c [AuthService] Verificando ruta inicial: /admin/work-position-schedules | Es publica: false color: #9C27B0; font-style: italic; @ http://localhost:4200/chunk-R7L45CMG.js:59
[ 3838356ms] [LOG] %c [AuthService] Ruta no publica. Intentando login silencioso... color: #009688; font-style: italic; @ http://localhost:4200/chunk-R7L45CMG.js:59
[ 3838360ms] [LOG] %c🚀 [Initializer] Starting application state initialization... color: purple; font-style: italic; @ http://localhost:4200/chunk-R7L45CMG.js:59
[ 3840042ms] [LOG] %c [AuthService] Token renovado. Actualizando sesion en memoria. color: color: #4CAF50; font-style: italic;; font-style: italic; @ http://localhost:4200/chunk-R7L45CMG.js:59
[ 3840042ms] [LOG] %c [AuthTrace] refresh.success.before-set color: #03A9F4; font-style: italic; {at: 2026-09-14T01:23:38.035Z, applicationUserId: 63f5fe75-4fbb-4328-a2dd-b7224778752e, tokenCustomerId: 019c6bee-028a-70e4-98ea-557b645a3ae0, roles: Array(1), customerAccessCount: 10} @ http://localhost:4200/chunk-R7L45CMG.js:59
[ 3840043ms] [LOG] %c [AuthTrace] refresh.success.after-set color: #03A9F4; font-style: italic; {at: 2026-09-14T01:23:38.035Z, applicationUserId: 63f5fe75-4fbb-4328-a2dd-b7224778752e, tokenCustomerId: 019c6bee-028a-70e4-98ea-557b645a3ae0, roles: Array(1), customerAccessCount: 10} @ http://localhost:4200/chunk-R7L45CMG.js:59
[ 3840044ms] [LOG] %cLINK [SignalR] Construyendo conexion... color: blue; font-style: italic; @ http://localhost:4200/chunk-R7L45CMG.js:59
[ 3840046ms] [LOG] %cHEADSET [SignalR] Registrando listeners... color: cyan; font-style: italic; @ http://localhost:4200/chunk-R7L45CMG.js:59
[ 3840046ms] [LOG] %cLINK [SignalR] Iniciando conexion... color: blue; font-style: italic; @ http://localhost:4200/chunk-R7L45CMG.js:59
[ 3840047ms] [LOG] %c [AuthTrace] trySilentLogin.finalize color: #8BC34A; font-style: italic; {at: 2026-09-14T01:23:38.040Z, isAuthenticated: true} @ http://localhost:4200/chunk-R7L45CMG.js:59
[ 3840048ms] [LOG] %c🏢 [Initializer] User session found. Initializing customer state... color: #3F51B5; font-style: italic; @ http://localhost:4200/chunk-R7L45CMG.js:59
[ 3840049ms] [LOG] %c🔍 [StorageService] Recuperando valor para clave: 'customerId' color: #2196F3; font-style: italic; @ http://localhost:4200/chunk-R7L45CMG.js:59
[ 3840050ms] [LOG] %c [CustomerTrace] initialize.start color: #FF9800; font-style: italic; {at: 2026-09-14T01:23:38.041Z, state: Object, storedCustomerId: 019c6bee-028a-70e4-98ea-557b645a3ae0, tokenCustomerId: 019c6bee-028a-70e4-98ea-557b645a3ae0, customerAccess: Array(10)} @ http://localhost:4200/chunk-R7L45CMG.js:59
[ 3840050ms] [LOG] %c🔍 [StorageService] Recuperando valor para clave: 'customerId' color: #2196F3; font-style: italic; @ http://localhost:4200/chunk-R7L45CMG.js:59
[ 3840051ms] [LOG] %c🔍 [StorageService] Recuperando valor para clave: 'customerId' color: #2196F3; font-style: italic; @ http://localhost:4200/chunk-R7L45CMG.js:59
[ 3840051ms] [LOG] %c [CustomerTrace] initialize.selected-customer color: #FF9800; font-style: italic; {at: 2026-09-14T01:23:38.043Z, state: Object, storedCustomerId: 019c6bee-028a-70e4-98ea-557b645a3ae0, selectedCustomerId: 019c6bee-028a-70e4-98ea-557b645a3ae0} @ http://localhost:4200/chunk-R7L45CMG.js:59
[ 3840052ms] [LOG] %c💾 [StorageService] Guardando clave: 'customerId' color: #FF9800; font-style: italic; {value: 019c6bee-028a-70e4-98ea-557b645a3ae0} @ http://localhost:4200/chunk-R7L45CMG.js:59
[ 3840052ms] [LOG] %c✅ [StorageService] Clave 'customerId' guardada exitosamente. color: #4CAF50; font-style: italic; @ http://localhost:4200/chunk-R7L45CMG.js:59
[ 3840053ms] [LOG] %c🔍 [StorageService] Recuperando valor para clave: 'customerId' color: #2196F3; font-style: italic; @ http://localhost:4200/chunk-R7L45CMG.js:59
[ 3840053ms] [LOG] %c [CustomerTrace] loadDataForCustomer.start color: #FF9800; font-style: italic; {at: 2026-09-14T01:23:38.045Z, state: Object, storedCustomerId: 019c6bee-028a-70e4-98ea-557b645a3ae0, customerId: 019c6bee-028a-70e4-98ea-557b645a3ae0} @ http://localhost:4200/chunk-R7L45CMG.js:59
[ 3840056ms] [LOG] %c🛡️ [JwtInterceptorFn] Auth check completado. Interceptando ruta: color: #FF0000; font-style: italic; http://localhost:7070/api/customers/019c6bee-028a-70e4-98ea-557b645a3ae0 @ http://localhost:4200/chunk-R7L45CMG.js:59
[ 3840057ms] [LOG] %c🔍 [StorageService] Recuperando valor para clave: 'customerId' color: #2196F3; font-style: italic; @ http://localhost:4200/chunk-R7L45CMG.js:59
[ 3840058ms] [LOG] %c🔍 [StorageService] Recuperando valor para clave: 'customerId' color: #2196F3; font-style: italic; @ http://localhost:4200/chunk-R7L45CMG.js:59
[ 3840059ms] [LOG] %c [JwtTrace] request color: #F44336; font-style: italic; {at: 2026-09-14T01:23:38.050Z, url: http://localhost:7070/api/customers/019c6bee-028a-70e4-98ea-557b645a3ae0, method: GET, appUserId: 63f5fe75-4fbb-4328-a2dd-b7224778752e, storageCustomerId: 019c6bee-028a-70e4-98ea-557b645a3ae0} @ http://localhost:4200/chunk-R7L45CMG.js:59
[ 3840081ms] [INFO] [2026-09-14T01:23:38.073Z] Information: WebSocket connected to ws://localhost:7070/ws/notificationHub?id=qUKo1l2A2wVLo26jghOGYw&access_token=eyJhbGciOiJIUzI1NiIsInR5cCI6IkpXVCJ9.eyJzdWIiOiI2M2Y1ZmU3NS00ZmJiLTQzMjgtYTJkZC1iNzIyNDc3ODc1MmUiLCJqdGkiOiIwMWEwOWQ4My0zOTg5LTdiY2UtYjM2MS1hOTQyYzBkNTIzZWUiLCJpYXQiOjE3ODkzNDkwMTcsIm5hbWUiOiJBZG1pbmlzdHJhZG9yIExCRyIsImVtYWlsIjoiaW5mb0BsdXh1cnlidWlsZGluZy5jb20ubXgiLCJ1c2VybmFtZSI6ImFkbWluIiwiY3VzdG9tZXJJZCI6IjAxOWM2YmVlLTAyOGEtNzBlNC05OGVhLTU1N2I2NDVhM2FlMCIsImN1c3RvbWVyTmFtZSI6IkxVWFVSWSBCVUlMRElORyBHUk9VUCBTQSBERSBDViIsImZpcnN0TmFtZSI6IkFkbWluaXN0cmFkb3IiLCJsYXN0TmFtZSI6IkxCRyIsInBob25lIjoiKDU1KSAwMDAwLSAwMDAwIiwicGhvdG9QYXRoIjoiaHR0cDovL2xvY2FsaG9zdDo3MDcwL2FwaS9maWxlcy9kb3dubG9hZD9maWxlUGF0aD1wdWJsaWMlMmZBZG1pbmlzdHJhdGlvbiUyZmFjY291bnRzJTJmMDE5ZmE0NjUtMTkyMC03NzcyLWE5NDgtNzZhMDFlOGFiNzZjLnBuZyIsInBvc2l0aW9uIjoiRGVzY29ub2NpZG8iLCJodHRwOi8vc2NoZW1hcy5taWNyb3NvZnQuY29tL3dzLzIwMDgvMDYvaWRlbnRpdHkvY2xhaW1zL3JvbGUiOiJTdXBlclVzdWFyaW8iLCJyb2xlSWQiOiI2OTlkN2NjMS1kMTQzLTQ5ODUtYjU1YS1kMDMwODY0YzY5M2UiLCJleHAiOjE3ODkzNTI2MTcsImlzcyI6Imh0dHBzOi8vbG9jYWxob3N0OjcwNjkiLCJhdWQiOiJodHRwczovL2xvY2FsaG9zdDo0MjAwIn0.wUQc8a5pvvBxNHLYWt7cl5C-DPXqdh4vKnc0fWxoz08. @ http://localhost:4200/@fs/D:/repos/luxuryapp-api/appsweb/angular/.angular/cache/22.1.8/luxury-app/vite/deps/@microsoft_signalr.js?v=1b527642:308
[ 3840082ms] [INFO] [2026-09-14T01:23:38.074Z] Information: Using HubProtocol 'json'. @ http://localhost:4200/@fs/D:/repos/luxuryapp-api/appsweb/angular/.angular/cache/22.1.8/luxury-app/vite/deps/@microsoft_signalr.js?v=1b527642:308
[ 3840085ms] [LOG] %cLINK [SignalR] Conexion iniciada con exito. color: green; font-style: italic; @ http://localhost:4200/chunk-R7L45CMG.js:59
[ 3840085ms] [LOG] %cSTATE [SignalR] connectionId = 'SxN81l_Ohsr3T9-FmU2Xcg' color: green; font-style: italic; @ http://localhost:4200/chunk-R7L45CMG.js:59
[ 3840086ms] [LOG] %c🔍 [StorageService] Recuperando valor para clave: 'customerId' color: #2196F3; font-style: italic; @ http://localhost:4200/chunk-R7L45CMG.js:59
[ 3840087ms] [LOG] %c [CustomerTrace] loadDataForCustomer.response color: #FF9800; font-style: italic; {at: 2026-09-14T01:23:38.079Z, state: Object, storedCustomerId: 019c6bee-028a-70e4-98ea-557b645a3ae0, customerId: 019c6bee-028a-70e4-98ea-557b645a3ae0, success: true} @ http://localhost:4200/chunk-R7L45CMG.js:59
[ 3840088ms] [LOG] %c🔍 [StorageService] Recuperando valor para clave: 'customerId' color: #2196F3; font-style: italic; @ http://localhost:4200/chunk-R7L45CMG.js:59
[ 3840088ms] [LOG] %c [CustomerTrace] loadDataForCustomer.ready color: #FF9800; font-style: italic; {at: 2026-09-14T01:23:38.080Z, state: Object, storedCustomerId: 019c6bee-028a-70e4-98ea-557b645a3ae0, customerId: 019c6bee-028a-70e4-98ea-557b645a3ae0} @ http://localhost:4200/chunk-R7L45CMG.js:59
[ 3840089ms] [LOG] %c✅ [Initializer] State initialization complete. color: green; font-style: italic; @ http://localhost:4200/chunk-R7L45CMG.js:59
[ 3840100ms] [LOG] %c🔄 UpdateService: Inicializando servicio de actualizaciones color: blue; font-weight: bold; @ http://localhost:4200/chunk-WEIOKMZ7.js:10
[ 3840100ms] [LOG] %c🔄 UpdateService: ❌ Service Worker NO habilitado color: red; font-weight: bold; @ http://localhost:4200/chunk-WEIOKMZ7.js:22
[ 3840118ms] [LOG] %c🚀 [App] ¡Aplicación iniciada! Soy más ligero y rápido que nunca. color: #673AB7; font-style: italic; @ http://localhost:4200/chunk-R7L45CMG.js:59
[ 3840140ms] [LOG] Angular is running in development mode. @ http://localhost:4200/@fs/D:/repos/luxuryapp-api/appsweb/angular/.angular/cache/22.1.8/luxury-app/vite/deps/core-gRj2gSiC.js?v=72229873:9175
[ 3840149ms] [LOG] %cUSER [SignalR] Evento ConnectedUser recibido: color: blue; font-style: italic; Bienvenido 63f5fe75-4fbb-4328-a2dd-b7224778752e @ http://localhost:4200/chunk-R7L45CMG.js:59
[ 3840590ms] [LOG] %c🎉 [LayoutEmployee] ¡Layout de empleado cargado! Despertando a los gigantes (SignalR, OneSignal...) color: #2196F3; font-style: italic; @ http://localhost:4200/chunk-R7L45CMG.js:59
[ 3840590ms] [LOG] %cLINK [SignalR] Construyendo conexion... color: blue; font-style: italic; @ http://localhost:4200/chunk-R7L45CMG.js:59
[ 3840591ms] [LOG] %cHEADSET [SignalR] Registrando listeners... color: cyan; font-style: italic; @ http://localhost:4200/chunk-R7L45CMG.js:59
[ 3840592ms] [LOG] %cLINK [SignalR] Iniciando conexion... color: blue; font-style: italic; @ http://localhost:4200/chunk-R7L45CMG.js:59
[ 3840593ms] [LOG] %cℹ️ [LayoutEmployee] Usuario 63f5fe75-4fbb-4328-a2dd-b7224778752e autenticado. Iniciando OneSignal... color: dodgerblue;font-style: italic @ http://localhost:4200/chunk-R7L45CMG.js:72
[ 3840593ms] [LOG] %c... [OneSignal] Esperando que el SDK este listo... color: orange; font-style: italic; @ http://localhost:4200/chunk-R7L45CMG.js:59
[ 3840631ms] [LOG] %c🛡️ [JwtInterceptorFn] Auth check completado. Interceptando ruta: color: #FF0000; font-style: italic; http://localhost:7070/api/admin/general-catalogs/work-position-schedule @ http://localhost:4200/chunk-R7L45CMG.js:59
[ 3840632ms] [LOG] %c🔍 [StorageService] Recuperando valor para clave: 'customerId' color: #2196F3; font-style: italic; @ http://localhost:4200/chunk-R7L45CMG.js:59
[ 3840633ms] [LOG] %c🔍 [StorageService] Recuperando valor para clave: 'customerId' color: #2196F3; font-style: italic; @ http://localhost:4200/chunk-R7L45CMG.js:59
[ 3840634ms] [LOG] %c [JwtTrace] request color: #F44336; font-style: italic; {at: 2026-09-14T01:23:38.625Z, url: http://localhost:7070/api/admin/general-catalogs/work-position-schedule, method: GET, appUserId: 63f5fe75-4fbb-4328-a2dd-b7224778752e, storageCustomerId: 019c6bee-028a-70e4-98ea-557b645a3ae0} @ http://localhost:4200/chunk-R7L45CMG.js:59
[ 3840867ms] [LOG] %c🛡️ [JwtInterceptorFn] Auth check completado. Interceptando ruta: color: #FF0000; font-style: italic; http://localhost:7070/api/notifications @ http://localhost:4200/chunk-R7L45CMG.js:59
[ 3840869ms] [LOG] %c🔍 [StorageService] Recuperando valor para clave: 'customerId' color: #2196F3; font-style: italic; @ http://localhost:4200/chunk-R7L45CMG.js:59
[ 3840871ms] [LOG] %c🔍 [StorageService] Recuperando valor para clave: 'customerId' color: #2196F3; font-style: italic; @ http://localhost:4200/chunk-R7L45CMG.js:59
[ 3840872ms] [LOG] %c [JwtTrace] request color: #F44336; font-style: italic; {at: 2026-09-14T01:23:38.863Z, url: http://localhost:7070/api/notifications, method: GET, appUserId: 63f5fe75-4fbb-4328-a2dd-b7224778752e, storageCustomerId: 019c6bee-028a-70e4-98ea-557b645a3ae0} @ http://localhost:4200/chunk-R7L45CMG.js:59
[ 3840877ms] [LOG] %c🛡️ [JwtInterceptorFn] Auth check completado. Interceptando ruta: color: #FF0000; font-style: italic; http://localhost:7070/api/notifications/unread-count @ http://localhost:4200/chunk-R7L45CMG.js:59
[ 3840878ms] [LOG] %c🔍 [StorageService] Recuperando valor para clave: 'customerId' color: #2196F3; font-style: italic; @ http://localhost:4200/chunk-R7L45CMG.js:59
[ 3840880ms] [LOG] %c🔍 [StorageService] Recuperando valor para clave: 'customerId' color: #2196F3; font-style: italic; @ http://localhost:4200/chunk-R7L45CMG.js:59
[ 3840881ms] [LOG] %c [JwtTrace] request color: #F44336; font-style: italic; {at: 2026-09-14T01:23:38.872Z, url: http://localhost:7070/api/notifications/unread-count, method: GET, appUserId: 63f5fe75-4fbb-4328-a2dd-b7224778752e, storageCustomerId: 019c6bee-028a-70e4-98ea-557b645a3ae0} @ http://localhost:4200/chunk-R7L45CMG.js:59
[ 3840920ms] [LOG] %c [MenuTrace] effect.tick color: #9C27B0; font-style: italic; {at: 2026-09-14T01:23:38.912Z, customerId: 019c6bee-028a-70e4-98ea-557b645a3ae0, customerReady: true, applicationUserId: 63f5fe75-4fbb-4328-a2dd-b7224778752e, lastCustomerId: null} @ http://localhost:4200/chunk-R7L45CMG.js:59
[ 3840920ms] [LOG] %c [MenuService] Customer data and session are ready. Loading menu... color: green; font-style: italic; @ http://localhost:4200/chunk-R7L45CMG.js:59
[ 3840921ms] [LOG] %c [MenuTrace] triggerMenuLoad.start color: #9C27B0; font-style: italic; {at: 2026-09-14T01:23:38.913Z, customerId: 019c6bee-028a-70e4-98ea-557b645a3ae0, customerReady: true, applicationUserId: 63f5fe75-4fbb-4328-a2dd-b7224778752e, lastCustomerId: null} @ http://localhost:4200/chunk-R7L45CMG.js:59
[ 3840922ms] [LOG] %c🛡️ [JwtInterceptorFn] Auth check completado. Interceptando ruta: color: #FF0000; font-style: italic; http://localhost:7070/api/menu-items/019c6bee-028a-70e4-98ea-557b645a3ae0 @ http://localhost:4200/chunk-R7L45CMG.js:59
[ 3840922ms] [LOG] %c🔍 [StorageService] Recuperando valor para clave: 'customerId' color: #2196F3; font-style: italic; @ http://localhost:4200/chunk-R7L45CMG.js:59
[ 3840923ms] [LOG] %c🔍 [StorageService] Recuperando valor para clave: 'customerId' color: #2196F3; font-style: italic; @ http://localhost:4200/chunk-R7L45CMG.js:59
[ 3840924ms] [LOG] %c [JwtTrace] request color: #F44336; font-style: italic; {at: 2026-09-14T01:23:38.915Z, url: http://localhost:7070/api/menu-items/019c6bee-028a-70e4-98ea-557b645a3ae0, method: GET, appUserId: 63f5fe75-4fbb-4328-a2dd-b7224778752e, storageCustomerId: 019c6bee-028a-70e4-98ea-557b645a3ae0} @ http://localhost:4200/chunk-R7L45CMG.js:59
[ 3840943ms] [LOG] %cok [OneSignal] SDK listo color: green; font-style: italic; @ http://localhost:4200/chunk-R7L45CMG.js:59
[ 3841170ms] [INFO] [2026-09-14T01:23:39.163Z] Information: WebSocket connected to ws://localhost:7070/ws/notificationHub?id=QemW8-7LfTzcluZYBRNG8A&access_token=eyJhbGciOiJIUzI1NiIsInR5cCI6IkpXVCJ9.eyJzdWIiOiI2M2Y1ZmU3NS00ZmJiLTQzMjgtYTJkZC1iNzIyNDc3ODc1MmUiLCJqdGkiOiIwMWEwOWQ4My0zOTg5LTdiY2UtYjM2MS1hOTQyYzBkNTIzZWUiLCJpYXQiOjE3ODkzNDkwMTcsIm5hbWUiOiJBZG1pbmlzdHJhZG9yIExCRyIsImVtYWlsIjoiaW5mb0BsdXh1cnlidWlsZGluZy5jb20ubXgiLCJ1c2VybmFtZSI6ImFkbWluIiwiY3VzdG9tZXJJZCI6IjAxOWM2YmVlLTAyOGEtNzBlNC05OGVhLTU1N2I2NDVhM2FlMCIsImN1c3RvbWVyTmFtZSI6IkxVWFVSWSBCVUlMRElORyBHUk9VUCBTQSBERSBDViIsImZpcnN0TmFtZSI6IkFkbWluaXN0cmFkb3IiLCJsYXN0TmFtZSI6IkxCRyIsInBob25lIjoiKDU1KSAwMDAwLSAwMDAwIiwicGhvdG9QYXRoIjoiaHR0cDovL2xvY2FsaG9zdDo3MDcwL2FwaS9maWxlcy9kb3dubG9hZD9maWxlUGF0aD1wdWJsaWMlMmZBZG1pbmlzdHJhdGlvbiUyZmFjY291bnRzJTJmMDE5ZmE0NjUtMTkyMC03NzcyLWE5NDgtNzZhMDFlOGFiNzZjLnBuZyIsInBvc2l0aW9uIjoiRGVzY29ub2NpZG8iLCJodHRwOi8vc2NoZW1hcy5taWNyb3NvZnQuY29tL3dzLzIwMDgvMDYvaWRlbnRpdHkvY2xhaW1zL3JvbGUiOiJTdXBlclVzdWFyaW8iLCJyb2xlSWQiOiI2OTlkN2NjMS1kMTQzLTQ5ODUtYjU1YS1kMDMwODY0YzY5M2UiLCJleHAiOjE3ODkzNTI2MTcsImlzcyI6Imh0dHBzOi8vbG9jYWxob3N0OjcwNjkiLCJhdWQiOiJodHRwczovL2xvY2FsaG9zdDo0MjAwIn0.wUQc8a5pvvBxNHLYWt7cl5C-DPXqdh4vKnc0fWxoz08. @ http://localhost:4200/@fs/D:/repos/luxuryapp-api/appsweb/angular/.angular/cache/22.1.8/luxury-app/vite/deps/@microsoft_signalr.js?v=1b527642:308
[ 3841171ms] [INFO] [2026-09-14T01:23:39.164Z] Information: Using HubProtocol 'json'. @ http://localhost:4200/@fs/D:/repos/luxuryapp-api/appsweb/angular/.angular/cache/22.1.8/luxury-app/vite/deps/@microsoft_signalr.js?v=1b527642:308
[ 3841185ms] [LOG] %c [API SUCCESS]: GET NoLoading: notifications color: gray; font-style: italic; [Object, Object] @ http://localhost:4200/chunk-R7L45CMG.js:59
[ 3841186ms] [LOG] %cUSER [SignalR] Evento ConnectedUser recibido: color: blue; font-style: italic; Bienvenido 63f5fe75-4fbb-4328-a2dd-b7224778752e @ http://localhost:4200/chunk-R7L45CMG.js:59
[ 3841187ms] [LOG] %cLINK [SignalR] Conexion iniciada con exito. color: green; font-style: italic; @ http://localhost:4200/chunk-R7L45CMG.js:59
[ 3841188ms] [LOG] %cSTATE [SignalR] connectionId = 'MJTB_E4u6b-Jr3ISdrWSUQ' color: green; font-style: italic; @ http://localhost:4200/chunk-R7L45CMG.js:59
[ 3841359ms] [LOG] %cpkg [OneSignal] Inicializado con App ID: color: teal; font-style: italic; 3d1f1ce3-638f-4a30-b093-ab617baf91a8 @ http://localhost:4200/chunk-R7L45CMG.js:59
[ 3841359ms] [LOG] %cear [OneSignal] Listeners registrados. color: cyan; font-style: italic; @ http://localhost:4200/chunk-R7L45CMG.js:59
[ 3841360ms] [LOG] %cuser [OneSignal] Usuario logueado con ExternalUserId: 63f5fe75-4fbb-4328-a2dd-b7224778752e color: darkslateblue; font-style: italic; @ http://localhost:4200/chunk-R7L45CMG.js:59
[ 3841360ms] [LOG] %csub [OneSignal] Permiso: color: dodgerblue; font-style: italic; false | Suscrito: false @ http://localhost:4200/chunk-R7L45CMG.js:59
[ 3841361ms] [LOG] %cwarn [OneSignal] Usuario no completamente suscrito. color: orange; font-style: italic; @ http://localhost:4200/chunk-R7L45CMG.js:59
[ 3841638ms] [ERROR] Failed to load resource: the server responded with a status of 404 (Not Found) @ http://localhost:7070/api/files/download?filePath=public%2fAdministration%2faccounts%2f019fa465-1920-7772-a948-76a01e8ab76c.png:0
[ 3841741ms] [LOG] %c [API SUCCESS]: GET NoLoading: notifications/unread-count color: gray; font-style: italic; 2 @ http://localhost:4200/chunk-R7L45CMG.js:59
[ 3841796ms] [LOG] %c [API SUCCESS]: GET LIST: admin/general-catalogs/work-position-schedule color: teal; font-style: italic; [Object, Object, Object, Object, Object, Object, Object, Object, Object, Object, Object, Object, Object, Object, Object, Object, Object, Object, Object, Object, Object, Object, Object, Object, Object, Object, Object, Object, Object, Object, Object, Object, Object, Object, Object, Object, Object, Object, Object, Object, Object, Object, Object, Object, Object, Object, Object, Object, Object, Object, Object, Object, Object, Object, Object, Object, Object, Object, Object, Object, Object, Object, Object, Object, Object, Object, Object, Object, Object, Object, Object, Object, Object, Object, Object, Object, Object, Object, Object, Object, Object, Object, Object, Object, Object, Object, Object, Object, Object, Object, Object, Object, Object, Object, Object, Object, Object, Object, Object, Object] @ http://localhost:4200/chunk-R7L45CMG.js:59
[ 3842427ms] [LOG] %c [API SUCCESS]: GET LIST: menu-items/019c6bee-028a-70e4-98ea-557b645a3ae0 color: teal; font-style: italic; [Object, Object, Object, Object, Object, Object, Object, Object, Object, Object, Object, Object, Object, Object, Object, Object, Object, Object, Object, Object, Object, Object, Object, Object] @ http://localhost:4200/chunk-R7L45CMG.js:59
[ 3842428ms] [LOG] %c [MenuTrace] fetchMenuItemsFromApi.success color: #9C27B0; font-style: italic; {at: 2026-09-14T01:23:40.420Z, customerId: 019c6bee-028a-70e4-98ea-557b645a3ae0, customerReady: true, applicationUserId: 63f5fe75-4fbb-4328-a2dd-b7224778752e, lastCustomerId: 019c6bee-028a-70e4-98ea-557b645a3ae0} @ http://localhost:4200/chunk-R7L45CMG.js:59
[ 3842428ms] [LOG] %c [MenuTrace] triggerMenuLoad.response color: #9C27B0; font-style: italic; {at: 2026-09-14T01:23:40.421Z, customerId: 019c6bee-028a-70e4-98ea-557b645a3ae0, customerReady: true, applicationUserId: 63f5fe75-4fbb-4328-a2dd-b7224778752e, lastCustomerId: 019c6bee-028a-70e4-98ea-557b645a3ae0} @ http://localhost:4200/chunk-R7L45CMG.js:59
